account_id,account_holder_name,bank_name,account_type,opened_at,home_district,device_fingerprint
ACC-001179,Michael Viswanathan,ICICI Bank,Savings,2026-05-14 19:03:11,New Delhi,39a930852d4d
ACC-000866,Alka Gole,Axis Bank,Savings,2025-06-25 07:11:59,Pune,a18cc42dd55c
ACC-000102,Priya Nagarajan,Punjab National Bank,Savings,2024-08-04 04:19:40,Jaipur,9e02906faf3d
ACC-000440,Chatresh Dugar,Kotak Mahindra Bank,Savings,2023-09-18 22:38:12,Pune,43cf8e6d58ca
ACC-000059,Zayan Sarkar,Kotak Mahindra Bank,Savings,2025-04-22 06:03:17,Ahmedabad,030ffc91f322
ACC-001121,Ishwar Bhakta,Punjab National Bank,Savings,2024-12-11 08:53:03,Pune,61e0acb79452
ACC-000324,Frado Sandal,ICICI Bank,Current,2026-01-27 23:04:16,Chennai,736656ace883
ACC-000975,Jeremiah Sampath,Kotak Mahindra Bank,Savings,2023-11-13 15:22:16,Pune,b05ac21e5575
ACC-000412,Anirudh Ganesan,Punjab National Bank,Savings,2024-09-01 09:10:42,Ahmedabad,d0081bb60a16
ACC-000856,Dalaja Butala,Kotak Mahindra Bank,Current,2024-10-09 07:02:50,Ahmedabad,6a412afb1271
ACC-000821,Manbir Deo,Bank of Baroda,Savings,2024-03-04 13:00:52,Hyderabad,1d978a06df76
ACC-000045,Veda Dash,Axis Bank,Savings,2025-11-21 23:25:49,Noida,1ec3e5b7726e
ACC-000050,Hamsini Seth,Kotak Mahindra Bank,Savings,2024-12-29 17:15:20,Chennai,fa9b1ddeb900
ACC-000850,Ansh De,State Bank of India,Savings,2024-06-22 22:17:47,New Delhi,91fe06ea5358
ACC-000241,Ansh Lal,Axis Bank,Savings,2024-11-25 21:46:18,Lucknow,9cda2e7eb5ec
ACC-000171,Vamakshi Bora,Bank of Baroda,Savings,2024-05-22 13:28:03,Ahmedabad,324dd1566e5f
ACC-000524,Zarna Tiwari,State Bank of India,Savings,2024-01-24 19:31:59,Lucknow,1444e8701716
ACC-000766,Jatin Nadkarni,Bank of Baroda,Savings,2024-05-18 04:34:50,Lucknow,250302ead225
ACC-000839,Ranveer Loyal,Punjab National Bank,Savings,2024-09-26 10:49:19,Jaipur,bb78945819f0
ACC-000424,Eiravati Ramaswamy,HDFC Bank,Savings,2025-11-07 23:49:17,Noida,007f3bd9702e
ACC-000381,Christopher Dara,Kotak Mahindra Bank,Savings,2025-05-02 00:53:06,Hyderabad,87363914a32c
ACC-000610,Zaitra Subramaniam,Kotak Mahindra Bank,Savings,2024-12-12 10:46:13,New Delhi,4c9c59419930
ACC-000677,Amaira Kamdar,ICICI Bank,Savings,2024-07-04 08:40:57,Mumbai,f187cc9e27cf
ACC-000345,Wriddhish Toor,ICICI Bank,Savings,2024-05-22 13:20:44,Noida,8053d7fce25c
ACC-000110,Warinder Sawhney,Kotak Mahindra Bank,Savings,2026-03-04 08:01:08,Chennai,976ac7410d42
ACC-000278,Ekavir Sule,Axis Bank,Savings,2024-04-27 13:06:47,Bengaluru Urban,c02943ee775b
ACC-000678,Ekani Kaur,Bank of Baroda,Savings,2026-02-10 20:59:50,Lucknow,5a8ccbd3b31c
ACC-000571,Aarav Ramesh,Punjab National Bank,Savings,2025-06-21 12:11:10,Pune,53617a8938e2
ACC-000359,Ishwar Suri,Axis Bank,Savings,2024-09-22 06:18:23,New Delhi,03796487c418
ACC-000599,Wazir Dasgupta,ICICI Bank,Savings,2025-11-19 05:41:25,Chennai,e153901b1387
ACC-000391,Sathvik Pandya,Kotak Mahindra Bank,Savings,2024-05-31 05:06:58,Bengaluru Urban,75430fbe7659
ACC-000894,Triveni Soman,ICICI Bank,Savings,2026-01-27 06:23:09,Hyderabad,71e30dd04771
ACC-000693,Meghana Wason,Bank of Baroda,Savings,2025-12-09 05:54:18,Jaipur,20568e058677
ACC-000728,Ekansh Biswas,Axis Bank,Savings,2024-01-27 18:28:17,Pune,34be7f15e7e8
ACC-000363,Theodore Morar,Kotak Mahindra Bank,Savings,2026-01-28 21:41:13,Mumbai,bd460cfc187d
ACC-000597,Ishwar Date,ICICI Bank,Savings,2024-10-17 03:44:48,Jaipur,bfd0b0fa922f
ACC-000428,Ishanvi Thakkar,Kotak Mahindra Bank,Savings,2024-02-08 00:06:04,Chennai,693e0929c3e5
ACC-000071,Yash Seshadri,Axis Bank,Savings,2023-10-04 11:12:05,Chennai,23ee6c59f806
ACC-000322,Frederick Misra,Kotak Mahindra Bank,Savings,2023-12-30 14:10:51,Hyderabad,7ba7dd2473f4
ACC-000653,Praneel Barad,Punjab National Bank,Savings,2024-10-01 01:59:03,Chennai,083c05d9bfee
ACC-001066,Faraj Sinha,Axis Bank,Current,2026-02-12 10:44:40,Jaipur,8c4bcf0e262f
ACC-000108,Gautam Char,HDFC Bank,Savings,2026-07-16 22:13:48,Hyderabad,b051a2acd3dc
ACC-001109,Jalsa Sura,Bank of Baroda,Savings,2024-10-02 23:48:19,Ahmedabad,0e260a774547
ACC-000356,Zayyan Nagarajan,Kotak Mahindra Bank,Savings,2025-09-12 21:21:47,Chennai,3349c07d7a78
ACC-000951,Ranveer Kari,Axis Bank,Current,2024-09-09 22:09:53,Hyderabad,d62573d50d20
ACC-000343,Tanmayi Rai,HDFC Bank,Savings,2024-05-18 11:55:27,Bengaluru Urban,c8ff50e7e974
ACC-000355,Nidra Modi,ICICI Bank,Savings,2024-12-29 21:23:45,Jaipur,2eaed8993901
ACC-000024,Onkar Nanda,Punjab National Bank,Savings,2026-02-05 12:29:33,Noida,950a363c88b6
ACC-000044,Patrick Contractor,ICICI Bank,Savings,2024-11-17 15:54:04,New Delhi,7c862c1ee270
ACC-000244,Yachana Bains,ICICI Bank,Savings,2023-09-11 01:44:35,Pune,b8b3126874d2
ACC-000738,Manya Bansal,Bank of Baroda,Savings,2026-04-02 06:52:49,Ahmedabad,1a366394606f
ACC-001136,Jonathan Saini,State Bank of India,Savings,2025-09-11 09:30:41,Lucknow,49f5d1a53e77
ACC-000368,Darika Kamdar,Bank of Baroda,Savings,2023-12-29 13:43:17,Mumbai,f6513a8917af
ACC-000164,Jagrati Contractor,ICICI Bank,Savings,2024-05-07 13:07:06,Chennai,23ee6c59f806
ACC-001116,Yochana Handa,Kotak Mahindra Bank,Savings,2024-12-18 10:14:49,Pune,6b0403cf5a3e
ACC-000333,Watika Sarraf,Kotak Mahindra Bank,Savings,2025-06-07 04:43:38,Pune,8892fa456439
ACC-000989,Chandran Yadav,ICICI Bank,Savings,2025-04-18 02:57:45,Hyderabad,a4f1e4577354
ACC-001173,Hritik Sanghvi,HDFC Bank,Savings,2024-02-27 06:49:32,Jaipur,86ea748d3978
ACC-001002,Chatresh Sharma,Punjab National Bank,Savings,2026-04-19 14:09:08,Noida,66e7d805f867
ACC-000378,Anay Padmanabhan,Bank of Baroda,Savings,2025-06-13 16:19:11,Mumbai,2bc93f0f02ea
ACC-000310,Pavani Kade,Kotak Mahindra Bank,Current,2024-03-12 03:23:52,Hyderabad,48255e1891d8
ACC-000156,Bina Gera,Kotak Mahindra Bank,Savings,2023-10-25 23:14:32,Lucknow,c823337a99bb
ACC-000211,Idika Guha,HDFC Bank,Savings,2026-06-29 01:02:28,Chennai,cdc56c4e40ac
ACC-000087,Yash Kamdar,Punjab National Bank,Savings,2024-01-30 07:09:26,Hyderabad,324dd1566e5f
ACC-000169,Ranbir Ramanathan,Axis Bank,Savings,2024-07-16 14:28:25,Ahmedabad,f79d71696c65
ACC-000995,Yadavi Kibe,ICICI Bank,Savings,2026-06-10 12:05:18,Jaipur,0f65d97ab03c
ACC-000052,Keya Babu,State Bank of India,Savings,2025-01-13 03:36:03,Jaipur,030ffc91f322
ACC-000439,Ridhi Choudhry,ICICI Bank,Current,2024-07-16 08:44:28,New Delhi,19b4ea8442f7
ACC-000550,Chakrika Ranganathan,Axis Bank,Savings,2025-08-28 04:41:04,Jaipur,92ba8fc5e859
ACC-000491,Ranveer Menon,Punjab National Bank,Savings,2024-07-06 22:01:21,Mumbai,393c205e57d0
ACC-000426,Manan Krishnan,ICICI Bank,Savings,2024-10-26 15:28:22,New Delhi,217a250a9fbf
ACC-000136,Unnati Walia,Bank of Baroda,Savings,2023-11-01 10:14:20,Bengaluru Urban,19c4aabe4f31
ACC-001192,Wyatt Sant,State Bank of India,Savings,2024-06-26 05:56:40,Pune,99cf4834ee8e
ACC-000055,Charita Vohra,Bank of Baroda,Savings,2023-09-21 06:21:51,Lucknow,976ac7410d42
ACC-000079,Sudiksha Karpe,State Bank of India,Savings,2026-01-15 03:02:42,New Delhi,fb6698a49157
ACC-000431,Orinder Chandra,Bank of Baroda,Savings,2025-09-06 14:21:28,Jaipur,c9b871e27981
ACC-000185,Ladli Prabhakar,HDFC Bank,Savings,2024-06-12 07:13:38,Ahmedabad,5150fa519223
ACC-000057,Adya Swamy,Kotak Mahindra Bank,Savings,2025-03-13 23:15:48,Mumbai,1346a7478a1d
ACC-000943,Mahika Jain,Bank of Baroda,Savings,2025-07-01 03:33:12,Mumbai,3e2a15076b4c
ACC-000851,Abhimanyu Bassi,Punjab National Bank,Savings,2026-03-06 10:20:32,Noida,9cb8f4145048
ACC-001164,Urmi Sarma,Bank of Baroda,Savings,2024-02-04 18:25:46,Noida,63f3f31fcc9d
ACC-000219,Balhaar Gaba,Punjab National Bank,Savings,2024-07-23 17:28:34,Hyderabad,5020f1553add
ACC-000845,Chasmum Bali,Kotak Mahindra Bank,Current,2026-07-08 01:51:19,Jaipur,f1a22bae4825
ACC-000114,Tristan Arya,Bank of Baroda,Savings,2026-03-13 08:39:20,Pune,cdc56c4e40ac
ACC-000549,Anthony De,Kotak Mahindra Bank,Savings,2025-03-07 08:37:52,Pune,71348af12d49
ACC-001019,Eesha Mani,ICICI Bank,Savings,2024-11-18 17:39:46,Bengaluru Urban,933bded4752c
ACC-001073,Sai Mannan,State Bank of India,Savings,2024-09-25 22:38:06,New Delhi,232ae1353a80
ACC-000175,Nicholas Chaudhry,Kotak Mahindra Bank,Savings,2026-02-01 12:30:37,Jaipur,1346a7478a1d
ACC-001023,Leena Behl,Axis Bank,Savings,2026-07-13 00:37:04,Mumbai,a8f727c792d3
ACC-000616,Falak Shroff,Bank of Baroda,Savings,2025-01-04 03:36:21,Lucknow,01a1cd0385c6
ACC-000514,Orinder Kala,HDFC Bank,Savings,2025-04-04 18:43:27,Pune,b41bfdcb358a
ACC-000462,Nisha Kapoor,HDFC Bank,Savings,2023-09-04 10:14:03,Mumbai,4ca714916b17
ACC-000287,Isaac Sethi,State Bank of India,Savings,2025-02-22 22:37:04,Pune,c64678f5d3be
ACC-000382,Bhavya Shere,State Bank of India,Savings,2025-01-18 16:53:43,Bengaluru Urban,4ee61bb68a5e
ACC-001008,Yashodhara Bhatnagar,Axis Bank,Savings,2025-01-17 05:58:37,Chennai,703dc392ba79
ACC-000671,Akshay Chopra,Axis Bank,Savings,2024-08-01 17:27:57,Jaipur,800437ec35e2
ACC-000535,Zansi Ramanathan,HDFC Bank,Savings,2024-01-26 20:54:55,Pune,e360fd1ffec0
ACC-000910,David Bhat,State Bank of India,Savings,2024-08-17 04:38:00,Lucknow,9857df454e8b
ACC-000293,Abdul Ratta,Punjab National Bank,Savings,2023-12-16 10:23:15,New Delhi,c164b6758e17
ACC-000124,Yatin Rajan,ICICI Bank,Savings,2025-12-01 07:56:01,Bengaluru Urban,9e02906faf3d
ACC-000583,Amaira Bose,ICICI Bank,Savings,2026-01-22 15:45:19,Noida,338da6ce24d3
ACC-000141,Urvashi Acharya,HDFC Bank,Savings,2024-04-09 02:53:00,Chennai,8ba8b1419ec4
ACC-000736,Laban Thaker,Bank of Baroda,Savings,2024-08-23 11:09:43,New Delhi,d034a0da8e68
ACC-000082,Pratyush Chaudhuri,Bank of Baroda,Savings,2025-11-03 07:20:24,Noida,74f8e0d69e53
ACC-000882,Avni Raj,HDFC Bank,Savings,2024-07-07 03:22:18,Noida,9648b8494646
ACC-000740,Neelima Mohanty,Kotak Mahindra Bank,Savings,2023-12-20 11:12:28,New Delhi,1bf5c50dc226
ACC-001102,Urvashi Seshadri,ICICI Bank,Savings,2023-10-29 16:49:51,Hyderabad,4e7ab73a6c5e
ACC-000909,Laban Bhavsar,HDFC Bank,Savings,2023-08-31 16:57:40,Ahmedabad,b64ac311e573
ACC-001167,Dhriti Suresh,ICICI Bank,Current,2025-08-11 05:44:30,Bengaluru Urban,4d8e7022818a
ACC-000937,Amrita Nori,ICICI Bank,Savings,2025-03-25 21:19:00,Mumbai,913a2f338c16
ACC-000372,Mason Ravi,Axis Bank,Savings,2024-05-26 00:40:35,Lucknow,460804a7da0a
ACC-000890,Alka Dasgupta,ICICI Bank,Current,2024-09-14 14:56:06,Bengaluru Urban,1652056f6b4c
ACC-000157,Jeremiah Manne,ICICI Bank,Savings,2023-11-10 07:12:39,Hyderabad,8de03c814e88
ACC-000992,Advay Sarma,Kotak Mahindra Bank,Savings,2026-05-31 20:13:37,Pune,98ba1850a2c5
ACC-000622,Yasti Wable,State Bank of India,Savings,2025-02-19 13:52:15,Jaipur,a414c15a6f51
ACC-001038,Balhaar Dhaliwal,ICICI Bank,Savings,2023-10-03 13:18:04,New Delhi,f0def848c09c
ACC-000245,Lohit Radhakrishnan,Punjab National Bank,Current,2025-02-13 16:24:46,Mumbai,6df132cdd2b8
ACC-000159,Dakshesh Sahota,ICICI Bank,Savings,2025-04-09 20:55:17,Chennai,1346a7478a1d
ACC-000746,Aryan Magar,Punjab National Bank,Savings,2024-01-24 07:52:28,Chennai,49fa21a1f0f3
ACC-000193,Megha Sen,Axis Bank,Savings,2024-02-04 21:06:24,Mumbai,030ffc91f322
ACC-000534,Leena Zacharia,HDFC Bank,Savings,2024-02-12 20:55:46,Chennai,85cf18e61041
ACC-000904,Hemang Karnik,HDFC Bank,Savings,2024-09-06 19:58:20,Noida,110c67be8ab9
ACC-001004,Omya Mallick,Bank of Baroda,Savings,2025-09-04 19:41:40,Bengaluru Urban,938c1ab797c0
ACC-001070,Jackson Dyal,State Bank of India,Savings,2025-11-20 11:08:53,Bengaluru Urban,34677469d46f
ACC-000414,Varenya Jhaveri,Kotak Mahindra Bank,Savings,2023-10-19 00:36:51,Noida,c090cef71a19
ACC-001187,Ekansh Gulati,State Bank of India,Savings,2025-06-16 22:13:40,Lucknow,d76ef916cd10
ACC-000328,Dayita Comar,ICICI Bank,Savings,2025-11-30 06:02:16,Bengaluru Urban,8b8557cc079e
ACC-000129,Sanya Samra,Bank of Baroda,Savings,2025-07-08 18:32:14,Pune,030ffc91f322
ACC-000695,Rishi Hora,Axis Bank,Savings,2025-03-20 19:04:47,Hyderabad,770d855b286f
ACC-000631,Upasna Doctor,Punjab National Bank,Savings,2023-09-30 00:59:48,Ahmedabad,1c12ee54dcfa
ACC-000275,Aarush Ray,State Bank of India,Savings,2026-03-13 16:33:56,Chennai,db66576213ff
ACC-001148,Yuvraj Sura,Axis Bank,Savings,2026-06-29 08:45:23,Jaipur,9d80771d6d20
ACC-000309,Sanya Sengupta,Punjab National Bank,Savings,2024-09-08 03:11:32,Lucknow,2a9e712c055a
ACC-000234,Ishwar Mall,ICICI Bank,Savings,2023-12-12 22:40:15,Hyderabad,6970155bc428
ACC-001048,Ekta Chawla,ICICI Bank,Savings,2025-08-07 10:46:05,Ahmedabad,76e0caadf892
ACC-000623,Ansh Raju,Kotak Mahindra Bank,Savings,2024-05-30 16:11:34,Mumbai,6ab1580a60a3
ACC-000644,Nitara Mohan,Bank of Baroda,Savings,2024-03-19 03:59:17,Lucknow,36d6c5e7da17
ACC-000479,Mohini Raju,ICICI Bank,Savings,2024-12-21 12:44:53,Bengaluru Urban,9bd6abd05f61
ACC-000472,Neha Sengupta,State Bank of India,Savings,2026-07-03 12:53:18,Ahmedabad,efa2924bb8ef
ACC-000926,Nicholas Halder,Axis Bank,Savings,2024-12-07 16:53:04,Bengaluru Urban,5718a9c7ca85
ACC-001098,Wyatt Palan,Kotak Mahindra Bank,Current,2025-02-05 11:52:14,Chennai,0b33ee5323d2
ACC-000627,Lakshit Acharya,ICICI Bank,Savings,2025-12-25 13:38:35,Hyderabad,92a49d745fcb
ACC-000395,Daksha Pingle,ICICI Bank,Current,2023-09-11 19:46:13,Noida,77855769afae
ACC-000637,Irya Chatterjee,ICICI Bank,Savings,2023-12-04 06:54:37,Noida,2510c3a44b75
ACC-000768,Jack Savant,State Bank of India,Current,2025-02-25 08:29:03,Lucknow,ff2b26d9a195
ACC-000533,Manya Morar,Axis Bank,Savings,2025-03-10 17:08:55,Jaipur,2502ce0a8127
ACC-000718,Megha Sha,State Bank of India,Current,2025-01-02 18:07:41,Bengaluru Urban,908242ed7be1
ACC-000667,Christopher Murty,HDFC Bank,Current,2026-05-06 16:50:17,Hyderabad,004bd79792ec
ACC-000598,Zansi Tank,Axis Bank,Savings,2026-06-23 19:54:54,Hyderabad,eae4ec786b1a
ACC-000482,Nidra Memon,State Bank of India,Savings,2023-09-08 08:01:43,Ahmedabad,07fb4f204cc5
ACC-001103,Ladli Kade,Punjab National Bank,Savings,2024-06-24 03:14:35,Ahmedabad,f60fb1853568
ACC-000315,Prisha Bala,Axis Bank,Savings,2024-06-26 15:02:40,Jaipur,f492811cff5a
ACC-000729,Nitara Kapur,Punjab National Bank,Savings,2024-04-28 10:40:58,Hyderabad,632befd72501
ACC-000210,Nachiket Grewal,ICICI Bank,Current,2025-12-18 23:12:30,New Delhi,c823337a99bb
ACC-000934,Jackson Mann,Bank of Baroda,Savings,2025-06-13 03:05:45,New Delhi,b81d4e567899
ACC-000434,Robert Sabharwal,HDFC Bank,Savings,2026-03-19 20:59:14,Jaipur,3fd1f8547307
ACC-000329,Pooja Bahri,ICICI Bank,Savings,2025-07-28 17:59:50,Chennai,a6674109beef
ACC-000261,Dipta Acharya,Bank of Baroda,Savings,2023-08-31 05:41:44,Noida,618ef0ae7025
ACC-001117,Chaman Mukhopadhyay,Kotak Mahindra Bank,Savings,2024-01-31 22:47:48,New Delhi,767fa021cf94
ACC-000307,Chameli Sridhar,Bank of Baroda,Savings,2025-07-09 12:31:15,Ahmedabad,0b2de5cbd7e0
ACC-001067,Yadavi Sachdeva,Kotak Mahindra Bank,Savings,2024-05-28 18:46:32,Hyderabad,7c15b1fad879
ACC-000928,Manya Dave,ICICI Bank,Savings,2024-07-19 21:33:39,Chennai,edc6246f1845
ACC-001025,Devika Palla,HDFC Bank,Current,2023-09-07 03:59:00,Lucknow,771e90b464a7
ACC-000271,Dipta Tara,Axis Bank,Current,2025-02-23 15:53:48,Hyderabad,20ca8935edf3
ACC-000291,Faris Sachdeva,ICICI Bank,Savings,2024-05-21 02:06:59,Mumbai,0f98d157eb2f
ACC-000813,Damini Dugar,Bank of Baroda,Savings,2024-04-27 20:53:43,Ahmedabad,69cf077c53ec
ACC-000097,Vidhi Trivedi,Axis Bank,Current,2025-02-17 22:18:58,Chennai,23ee6c59f806
ACC-000888,Aayush Sridhar,Axis Bank,Current,2025-11-26 15:35:43,Ahmedabad,d85ca73b551a
ACC-000819,Kavya Chana,Punjab National Bank,Savings,2025-04-13 23:50:08,Hyderabad,5bf17b5ac8d6
ACC-000032,Anirudh Baral,State Bank of India,Current,2023-10-04 09:08:49,Bengaluru Urban,5150fa519223
ACC-000763,Pranit Anand,Punjab National Bank,Savings,2025-02-05 13:11:27,Bengaluru Urban,79e78300a056
ACC-000954,Vyanjana Kale,Kotak Mahindra Bank,Savings,2025-05-09 23:06:52,Pune,6b372009ab10
ACC-000320,Hemani Kapadia,HDFC Bank,Savings,2025-07-30 06:45:25,Mumbai,99753576d911
ACC-000299,Ekani Badami,Bank of Baroda,Savings,2025-08-08 06:09:36,Mumbai,f4f0d3d10b5e
ACC-000200,Sathvik Kakar,Axis Bank,Savings,2024-06-15 03:37:22,Ahmedabad,030ffc91f322
ACC-000561,Ira Balasubramanian,ICICI Bank,Savings,2025-12-29 03:09:31,Ahmedabad,99dd0c7f58dc
ACC-000179,Chameli Hora,Bank of Baroda,Savings,2023-09-29 02:16:47,Bengaluru Urban,81044b8a60e3
ACC-001132,Urvi Patil,State Bank of India,Savings,2025-05-08 18:45:39,Noida,132cf9bd3fd7
ACC-000089,Laban Som,State Bank of India,Current,2025-07-16 10:51:29,Bengaluru Urban,fb6698a49157
ACC-000788,Leela Dhar,ICICI Bank,Savings,2024-08-16 23:16:31,Noida,449255154582
ACC-000725,Vivaan Mahajan,Axis Bank,Savings,2025-11-17 06:48:10,Lucknow,28efcde85ee8
ACC-000827,Veer Swamy,Axis Bank,Current,2023-12-06 18:53:53,Pune,ddf6fe008691
ACC-000209,Aadi Pandya,Axis Bank,Savings,2024-07-06 05:09:48,Hyderabad,a4137a41b727
ACC-001040,Rachita Naik,Axis Bank,Savings,2024-04-11 12:49:39,New Delhi,9dd2936c6972
ACC-000297,Isaac Rattan,Axis Bank,Savings,2023-09-25 03:00:49,Chennai,9b877ef9ed85
ACC-000998,Dev Venkatesh,Punjab National Bank,Current,2026-01-04 21:50:15,Lucknow,416dd55d7b1c
ACC-000498,Aahana Maharaj,ICICI Bank,Savings,2026-07-24 07:10:16,Hyderabad,5870dbe5bec9
ACC-000835,Sachi Agate,Axis Bank,Current,2024-12-23 14:24:27,Hyderabad,52ce0df31177
ACC-000430,Samar Bhalla,State Bank of India,Savings,2025-02-04 12:25:06,Ahmedabad,2748389d3b4b
ACC-000507,Balvan Sachdev,State Bank of India,Savings,2024-03-25 04:12:57,Lucknow,11cb280350a1
ACC-000831,Anamika Chowdhury,Kotak Mahindra Bank,Savings,2024-06-12 02:39:55,New Delhi,64e4c4b9c8d8
ACC-000694,Lopa Dugar,Axis Bank,Savings,2024-11-02 20:29:19,Pune,53a3fed85b49
ACC-000011,Gaurika Mutti,Punjab National Bank,Savings,2026-07-25 08:55:32,Ahmedabad,030ffc91f322
ACC-000848,Falguni Swamy,Bank of Baroda,Savings,2025-06-29 14:25:13,Chennai,536e551f02d8
ACC-000463,Chakradev Sibal,Punjab National Bank,Current,2026-06-29 20:23:49,Jaipur,0bf274bd6716
ACC-000199,Rachana Goda,Bank of Baroda,Savings,2025-02-27 17:38:05,New Delhi,9e02906faf3d
ACC-000060,Jeevika Chawla,Punjab National Bank,Savings,2023-10-04 01:28:12,Noida,19c4aabe4f31
ACC-000907,Niharika Sahota,Kotak Mahindra Bank,Savings,2024-02-12 16:24:51,Mumbai,afbac1a0339d
ACC-000997,Henry Sami,ICICI Bank,Savings,2024-08-20 20:35:26,Ahmedabad,843137faaecf
ACC-000276,Wyatt Dube,ICICI Bank,Savings,2024-04-20 14:14:14,Chennai,3d91c29d7ad2
ACC-000809,Gavin Ravel,ICICI Bank,Savings,2026-03-18 10:20:34,Pune,0bbf34365e94
ACC-000908,Anirudh Bawa,State Bank of India,Savings,2025-02-27 03:30:37,Mumbai,16e5d92d300e
ACC-000658,Mitali Narayan,Bank of Baroda,Savings,2026-01-02 08:36:39,Noida,54a15a04c476
ACC-000957,Lakshit Gade,HDFC Bank,Savings,2023-09-17 19:56:12,Pune,bae739bbc9f4
ACC-000886,Ekbal Rastogi,ICICI Bank,Savings,2024-03-26 12:16:35,Hyderabad,b8c65453bd60
ACC-000221,Bina Ganguly,Bank of Baroda,Savings,2024-08-19 15:24:15,Chennai,67117e1f6412
ACC-000789,Janani Memon,Kotak Mahindra Bank,Savings,2026-07-27 07:44:02,Mumbai,e39d408da1af
ACC-000712,Lekha Pandey,Bank of Baroda,Savings,2026-01-23 04:07:26,Noida,b51cf5d71628
ACC-000714,Falan Kapur,Axis Bank,Savings,2026-07-14 06:15:06,Ahmedabad,8f01d15b10dc
ACC-001113,Teerth Narasimhan,Kotak Mahindra Bank,Savings,2025-10-17 13:03:42,Bengaluru Urban,17e9d36a7c27
ACC-001191,Mohammed Mishra,Punjab National Bank,Savings,2025-09-16 01:42:14,Chennai,25533eb3846f
ACC-000790,Lopa Ghosh,Kotak Mahindra Bank,Savings,2026-06-07 22:10:08,Lucknow,82d3f866db02
ACC-000416,Yachana Thaman,Kotak Mahindra Bank,Savings,2025-01-18 21:26:37,Ahmedabad,12b45d4655bd
ACC-000899,Ojas Kari,Axis Bank,Savings,2025-09-21 02:11:06,Noida,acfa3a43a252
ACC-000935,Priya Kaul,ICICI Bank,Savings,2025-07-17 02:48:24,Lucknow,34fef197140a
ACC-000266,Udarsh Dutt,Kotak Mahindra Bank,Savings,2025-03-13 17:19:23,New Delhi,b6d1dffc225a
ACC-000632,Abeer Goswami,State Bank of India,Savings,2025-10-02 20:08:09,New Delhi,b6eca8f63ce3
ACC-000248,Yashodhara Nazareth,Axis Bank,Savings,2024-08-24 01:47:34,Pune,76e4a1019d0f
ACC-000683,Naksh Khatri,HDFC Bank,Savings,2025-06-21 15:35:22,Chennai,2bb7ebb8ef31
ACC-000559,Sudiksha Balan,Kotak Mahindra Bank,Savings,2026-05-31 13:31:44,Mumbai,a02af229540e
ACC-001137,Eta Natt,HDFC Bank,Savings,2023-10-16 00:25:47,Mumbai,174435442c4a
ACC-000968,Zinal Dasgupta,ICICI Bank,Savings,2025-10-08 17:29:29,Chennai,0dc6dd2b7fb8
ACC-001005,Vedant Mital,ICICI Bank,Savings,2025-09-30 03:26:02,Pune,6b64ff388abe
ACC-000985,Gaurav Dixit,HDFC Bank,Savings,2024-07-07 19:33:09,Lucknow,7c23b3cd5f36
ACC-000295,Kala Prabhakar,Kotak Mahindra Bank,Savings,2024-10-24 14:56:28,Hyderabad,94d3ea2535d4
ACC-000520,Wriddhish Mane,State Bank of India,Current,2025-09-07 01:19:58,Bengaluru Urban,ce8939c6ff87
ACC-000771,Abha Jhaveri,HDFC Bank,Current,2024-09-21 04:28:41,Lucknow,f130207ee494
ACC-000084,Girish Narula,ICICI Bank,Savings,2024-10-17 23:25:54,Noida,030ffc91f322
ACC-000232,Kala Bedi,ICICI Bank,Savings,2024-11-29 14:31:26,Bengaluru Urban,82d36b598c1e
ACC-000621,Wishi Bath,Axis Bank,Savings,2024-04-14 16:34:50,New Delhi,3127c8cb4475
ACC-000334,Chanakya Rama,ICICI Bank,Savings,2025-12-10 21:59:43,Ahmedabad,c4abc999e0c3
ACC-000130,Samesh Memon,Bank of Baroda,Current,2026-01-01 12:26:25,Chennai,5150fa519223
ACC-001012,Kavya Barman,Axis Bank,Savings,2025-10-17 08:33:03,Jaipur,3562985c5155
ACC-000645,Tristan Gokhale,ICICI Bank,Savings,2025-11-13 12:25:54,Mumbai,85734d261fab
ACC-000974,Christopher Ganguly,ICICI Bank,Savings,2025-02-08 04:09:14,Ahmedabad,a0db892fe43f
ACC-000383,Krish Tandon,ICICI Bank,Savings,2025-01-10 12:07:54,Mumbai,a392c83f95ac
ACC-000868,Dakshesh Sane,HDFC Bank,Current,2025-07-21 00:40:57,Pune,cff2a4e9dbc7
ACC-000543,Ekani Ramanathan,Kotak Mahindra Bank,Current,2025-04-06 21:10:51,Ahmedabad,7845708b8b0d
ACC-001194,Upkaar Nigam,State Bank of India,Savings,2024-07-22 23:15:10,Chennai,e3f9fa96dadb
ACC-000875,Gunbir Patil,HDFC Bank,Current,2023-11-26 09:54:34,Hyderabad,9b50c184308a
ACC-000332,Onkar Yohannan,Kotak Mahindra Bank,Savings,2024-08-22 23:57:14,Jaipur,f9fe02d82725
ACC-000410,Laksh Soman,ICICI Bank,Savings,2024-11-30 23:29:02,New Delhi,c870553a8d55
ACC-000077,Falguni Salvi,Bank of Baroda,Savings,2024-10-16 11:02:36,Hyderabad,8ba8b1419ec4
ACC-000869,Ekanta Sani,HDFC Bank,Savings,2025-01-09 18:20:22,Chennai,50605eec4c9f
ACC-000139,Anusha Sura,ICICI Bank,Savings,2026-03-17 03:08:09,New Delhi,b051a2acd3dc
ACC-000544,Finn Bath,Axis Bank,Savings,2023-11-26 18:28:10,Pune,0431bd1f2900
ACC-000674,Xavier Divan,Axis Bank,Savings,2025-03-30 12:24:55,Ahmedabad,6c5bd73eaa4d
ACC-000921,Gunbir Mani,Axis Bank,Savings,2025-12-22 01:58:37,Chennai,1d357d77fae1
ACC-000064,Sai Oommen,Kotak Mahindra Bank,Savings,2025-07-26 17:12:26,Jaipur,2816d07f2649
ACC-000142,Dakshesh Ranganathan,Bank of Baroda,Savings,2025-05-08 16:24:10,Pune,1346a7478a1d
ACC-000717,Libni Palan,ICICI Bank,Savings,2025-02-09 03:53:46,Jaipur,32c5d32a6fae
ACC-000377,Chandresh Sabharwal,ICICI Bank,Savings,2025-11-24 10:25:44,Mumbai,556936c31d41
ACC-000364,Urvi Thaman,Bank of Baroda,Savings,2023-10-23 13:44:36,Hyderabad,2931ef7829df
ACC-000140,Bhanumati Mander,Kotak Mahindra Bank,Savings,2024-11-29 12:25:01,Bengaluru Urban,1ec3e5b7726e
ACC-000885,Niharika Dhawan,Bank of Baroda,Savings,2025-03-31 08:47:04,Mumbai,0363f7b45959
ACC-001042,Hritik Swaminathan,Punjab National Bank,Savings,2025-08-09 15:58:25,Lucknow,83c477fceed5
ACC-000225,Ishanvi Cheema,State Bank of India,Savings,2026-04-10 22:43:52,Jaipur,57208bcf2073
ACC-000515,Hritik Walia,ICICI Bank,Current,2025-05-21 03:52:31,Mumbai,5fa16ab51f6e
ACC-000267,Nidhi Jani,Bank of Baroda,Savings,2024-10-11 20:23:16,Chennai,f1ddd693349e
ACC-001170,Isaac Pal,HDFC Bank,Savings,2025-03-03 11:08:13,Lucknow,c8a0c50fc3a1
ACC-000487,Harinakshi Dasgupta,Axis Bank,Savings,2024-02-07 09:03:36,New Delhi,678717bf592c
ACC-000353,Kiaan Savant,ICICI Bank,Savings,2024-03-29 18:32:54,Chennai,a0315088db12
ACC-001006,Chakrika Badami,ICICI Bank,Savings,2024-10-27 19:53:07,New Delhi,9417fb921c1c
ACC-000618,Abha Shroff,Axis Bank,Savings,2024-03-15 04:10:15,Mumbai,356b088f0732
ACC-000668,Damyanti Munshi,Bank of Baroda,Savings,2026-04-03 20:51:50,Pune,4d0e3c6bc7c2
ACC-000775,Aarini Agarwal,Axis Bank,Savings,2024-10-23 16:02:28,Noida,40e8924563a9
ACC-000554,Hemang Narula,Axis Bank,Savings,2023-11-16 20:01:26,Chennai,107daa021c5b
ACC-000576,Barkha Bava,Bank of Baroda,Savings,2023-09-26 20:38:07,Jaipur,d92813ca3b0d
ACC-000915,Nakul Jha,Bank of Baroda,Current,2024-01-25 11:01:55,Mumbai,b908b355aa0c
ACC-000466,Widisha Lal,Axis Bank,Savings,2024-09-05 19:21:44,Pune,f2ffb2389c93
ACC-000591,Yachana Walla,Kotak Mahindra Bank,Savings,2025-10-09 19:01:00,Lucknow,333cf4e6e67d
ACC-000765,Urmi Narain,HDFC Bank,Savings,2023-10-23 03:13:54,Mumbai,9330224a6d94
ACC-000635,Ayaan Walia,Kotak Mahindra Bank,Savings,2025-05-02 09:39:18,Ahmedabad,8d982fb9fc8f
ACC-000838,Patrick Gera,HDFC Bank,Savings,2025-08-01 00:53:52,Lucknow,5e96e5ea9234
ACC-000290,Abdul Natt,Axis Bank,Current,2025-11-28 08:19:47,Noida,e80a16f6186e
ACC-000040,Gayathri Sathe,State Bank of India,Savings,2025-06-17 04:42:26,Chennai,48a5b9fb58c4
ACC-000031,Neha Agate,Punjab National Bank,Savings,2025-02-10 03:27:14,Jaipur,23ee6c59f806
ACC-000243,Rachita Dhaliwal,Punjab National Bank,Savings,2026-07-17 10:28:42,Mumbai,18754ab48b74
ACC-000429,Gautami Om,Axis Bank,Current,2023-09-25 13:40:36,Mumbai,0572cf7e4850
ACC-000137,Jairaj Sethi,Kotak Mahindra Bank,Savings,2026-04-07 05:02:19,Ahmedabad,3af6f57fd814
ACC-001101,Keya Shan,ICICI Bank,Savings,2025-03-18 14:08:23,Jaipur,bf75e00f92a4
ACC-000865,Upadhriti Basak,Punjab National Bank,Current,2026-06-28 20:16:26,Hyderabad,cd539bf6c636
ACC-000004,Chaman Boase,HDFC Bank,Savings,2024-07-09 21:04:02,Pune,030ffc91f322
ACC-000833,Viraj Tata,HDFC Bank,Current,2025-03-25 07:51:02,New Delhi,8ead93076da5
ACC-000603,Anirudh Bajaj,Axis Bank,Savings,2023-11-27 23:23:22,Noida,c196bc9c6895
ACC-001034,Ladli Kant,State Bank of India,Savings,2025-12-31 03:12:57,Lucknow,6f44273d262e
ACC-000655,Karan Baria,Kotak Mahindra Bank,Savings,2025-11-01 07:19:33,Pune,1f407bba9eaf
ACC-000844,Lavanya Viswanathan,Punjab National Bank,Savings,2024-05-26 21:55:10,Noida,bf1c422e4675
ACC-000784,Yug Chandran,HDFC Bank,Current,2024-06-02 16:29:01,Hyderabad,648f11507ead
ACC-001074,Wriddhish Tandon,Bank of Baroda,Savings,2024-08-10 14:47:25,Pune,71a2cd143503
ACC-000443,Bina Butala,ICICI Bank,Savings,2024-01-18 10:45:12,Noida,19ed86c6dcea
ACC-001178,Netra Swamy,Punjab National Bank,Savings,2024-09-06 02:53:44,Hyderabad,e520f35706bf
ACC-000436,Yashawini Kapadia,State Bank of India,Savings,2024-04-29 22:52:43,Noida,ca341dfe4876
ACC-001169,Pooja Vohra,State Bank of India,Savings,2026-03-08 21:51:04,Mumbai,d0d292c232f5
ACC-000101,Anirudh Buch,Kotak Mahindra Bank,Savings,2023-09-25 20:00:16,New Delhi,19c4aabe4f31
ACC-000773,Tanay Taneja,State Bank of India,Savings,2023-12-16 08:44:11,Jaipur,51f0087e5175
ACC-000495,Daniel Banerjee,Bank of Baroda,Savings,2025-09-08 01:25:38,Ahmedabad,70936f3ae6ba
ACC-001028,Lucky Shukla,Kotak Mahindra Bank,Savings,2025-01-22 23:54:59,New Delhi,f3342446db3e
ACC-000807,Harish Guha,State Bank of India,Current,2025-01-23 05:05:36,Mumbai,d22524d61a4c
ACC-001142,Jhalak Swaminathan,ICICI Bank,Savings,2025-12-06 14:26:53,Jaipur,70eb23ac7102
ACC-000846,Reva Nigam,Axis Bank,Savings,2024-06-29 18:25:16,Lucknow,25b1feb12403
ACC-000987,Harrison Devan,ICICI Bank,Savings,2026-07-29 21:33:42,Mumbai,18fb0ceb694f
ACC-000228,Dalbir Walia,State Bank of India,Savings,2024-10-05 15:20:55,Bengaluru Urban,2ab18617fdfc
ACC-001193,Rajeshri Kar,ICICI Bank,Savings,2024-04-12 01:49:44,New Delhi,af5cd6671f89
ACC-000672,Gabriel Arora,HDFC Bank,Savings,2023-10-28 20:08:07,Chennai,5acf4ae4078b
ACC-000859,Eta Chander,Bank of Baroda,Savings,2025-06-03 16:34:13,Mumbai,3b2cbe05934a
ACC-000925,Alka Gala,Bank of Baroda,Savings,2026-01-04 02:58:22,Bengaluru Urban,d60a4010080b
ACC-000067,Raghav Kadakia,HDFC Bank,Savings,2026-05-22 16:25:17,Jaipur,9e02906faf3d
ACC-000068,Ijaya Ramachandran,Axis Bank,Current,2025-06-21 22:44:06,Noida,3af6f57fd814
ACC-000817,Mitesh Cheema,Kotak Mahindra Bank,Savings,2026-02-13 16:13:50,Lucknow,379fd088d851
ACC-000212,Chavvi Sawhney,State Bank of India,Savings,2026-01-26 03:53:13,Mumbai,a0b012e709a0
ACC-000013,Charan Shroff,Kotak Mahindra Bank,Savings,2024-07-12 08:34:21,Noida,950a363c88b6
ACC-000494,Veer Kade,Kotak Mahindra Bank,Savings,2025-04-25 13:33:10,Hyderabad,b65373ec9b2a
ACC-001165,Adya Swaminathan,Punjab National Bank,Savings,2025-11-18 13:50:48,Chennai,c9e50bd43b2a
ACC-000300,Lucky Dhawan,Axis Bank,Savings,2026-01-07 10:47:38,New Delhi,b24cbb43b861
ACC-000411,Netra Rajagopalan,Kotak Mahindra Bank,Savings,2023-12-12 04:53:10,Pune,27d0829accd6
ACC-000757,Anay Saran,Bank of Baroda,Current,2025-08-06 19:03:58,Chennai,00dd47d9bb21
ACC-001075,Dhriti Dutta,State Bank of India,Savings,2024-10-07 23:10:36,Lucknow,68f7fa7558c9
ACC-000696,Forum Khalsa,ICICI Bank,Savings,2024-08-22 07:44:11,Noida,3a1aa5988f4c
ACC-001151,Kai Walla,Kotak Mahindra Bank,Current,2023-09-29 01:03:03,Hyderabad,a9738159fd49
ACC-000724,Ekapad Parsa,HDFC Bank,Savings,2025-04-23 05:21:43,Jaipur,06aa943cf23a
ACC-001016,Anthony Jani,ICICI Bank,Savings,2025-09-26 03:15:45,New Delhi,a67fcd3f458a
ACC-000528,Isaac Natarajan,Axis Bank,Savings,2024-02-29 08:37:35,Jaipur,4054723fbfe3
ACC-000600,Anya Raghavan,Bank of Baroda,Savings,2024-10-17 02:28:02,Pune,bbe70efb1e56
ACC-001120,Om Ramesh,State Bank of India,Savings,2024-09-29 13:10:38,Noida,cb43d764c408
ACC-000567,Anay Pandit,State Bank of India,Current,2025-08-13 00:13:37,Chennai,0305d44f6f15
ACC-000731,Oliver Patel,Kotak Mahindra Bank,Current,2025-03-25 07:41:19,Noida,38beef4d6397
ACC-000274,Chandani Ray,State Bank of India,Savings,2025-01-30 09:41:06,Jaipur,16761957e4e4
ACC-000967,Ati Chacko,ICICI Bank,Savings,2026-07-11 11:52:23,Jaipur,f347cbe5c749
ACC-000238,Bachittar Narula,HDFC Bank,Savings,2026-01-19 14:43:45,Mumbai,a136ffb09258
ACC-000406,Advik Joshi,Kotak Mahindra Bank,Savings,2025-05-22 14:15:15,Noida,d286cc3f13ca
ACC-000003,Chavvi Balan,Axis Bank,Current,2026-02-23 05:21:48,Lucknow,950a363c88b6
ACC-000007,Geetika Bhattacharyya,Kotak Mahindra Bank,Savings,2025-02-17 19:44:42,Lucknow,324dd1566e5f
ACC-000312,Bhanumati Krishnamurthy,HDFC Bank,Savings,2025-04-19 03:41:29,Lucknow,23a8f4c56f7c
ACC-001091,Vaishnavi Narayanan,State Bank of India,Savings,2025-04-22 09:14:53,Bengaluru Urban,2d2f62ee2a98
ACC-000452,Arin Magar,HDFC Bank,Savings,2024-09-20 22:23:02,New Delhi,d6e7a227622e
ACC-000722,Yoshita Narasimhan,ICICI Bank,Savings,2025-04-24 06:01:37,Jaipur,aab40c2528a3
ACC-000216,Balendra Sekhon,Axis Bank,Savings,2025-10-16 10:02:56,New Delhi,b051a2acd3dc
ACC-001086,Aarush Suresh,ICICI Bank,Savings,2024-12-03 01:28:15,Jaipur,d64646e99834
ACC-000028,Kashish Anne,Kotak Mahindra Bank,Savings,2026-06-22 13:22:37,Hyderabad,b051a2acd3dc
ACC-001158,Ridhi Barman,HDFC Bank,Savings,2024-06-04 19:25:19,Mumbai,02e465efd0c2
ACC-000362,Qabil Srinivas,HDFC Bank,Savings,2024-02-25 23:46:13,Jaipur,537c98c85fbe
ACC-000823,Chasmum Mannan,Punjab National Bank,Savings,2025-12-22 23:26:13,Hyderabad,240ed29d237a
ACC-000781,Daksh Bora,State Bank of India,Savings,2024-09-06 19:43:56,Hyderabad,b723d615a693
ACC-000629,Jack Setty,State Bank of India,Current,2025-08-03 05:09:28,New Delhi,981f6f51a740
ACC-000454,Kalpit Sabharwal,Kotak Mahindra Bank,Savings,2025-04-16 10:28:28,Chennai,50a44b1d6753
ACC-000739,Kiaan Kothari,HDFC Bank,Savings,2026-07-14 16:53:57,Lucknow,36f88ec3e18d
ACC-000536,Aarav Gokhale,HDFC Bank,Savings,2025-12-20 10:17:30,Mumbai,4a1dcfb7f2df
ACC-001050,Ekbal Mishra,Kotak Mahindra Bank,Savings,2025-07-17 16:23:10,Ahmedabad,aff0132aa317
ACC-000399,Ekanta Bahri,State Bank of India,Current,2023-12-22 17:24:42,Pune,4af6afe294b0
ACC-000257,Ojas Dada,ICICI Bank,Savings,2025-03-11 20:33:03,Bengaluru Urban,d920c80fa824
ACC-000292,Gagan Rai,Bank of Baroda,Current,2025-10-08 22:49:11,Ahmedabad,d63a6813a489
ACC-000026,Lohit Minhas,Axis Bank,Savings,2024-10-02 17:10:06,Bengaluru Urban,8de03c814e88
ACC-000337,Chakradhar Shah,Bank of Baroda,Savings,2023-10-02 16:40:00,Hyderabad,c23324175d97
ACC-000585,Manya Dasgupta,Bank of Baroda,Savings,2025-05-09 17:02:32,Jaipur,897dd50de11c
ACC-000048,Abdul Buch,HDFC Bank,Savings,2024-03-27 14:51:17,Jaipur,5150fa519223
ACC-000319,Sathvik Lad,Kotak Mahindra Bank,Current,2025-09-11 07:35:59,Pune,e491a4d5900e
ACC-000107,Avi Sengupta,Kotak Mahindra Bank,Savings,2023-12-09 05:29:43,Mumbai,a4137a41b727
ACC-000799,Lopa Singhal,Kotak Mahindra Bank,Current,2026-01-01 08:58:20,Lucknow,34de3fad62d5
ACC-000056,Dakshesh Merchant,State Bank of India,Current,2024-12-28 12:04:08,New Delhi,a0b012e709a0
ACC-000523,Radhika Tandon,Bank of Baroda,Savings,2024-09-13 23:07:55,Pune,e08834f69a6d
ACC-000214,Isaiah Sura,Kotak Mahindra Bank,Savings,2024-05-27 10:21:05,Ahmedabad,8ba8b1419ec4
ACC-000121,Pooja Murty,ICICI Bank,Savings,2024-06-27 16:00:31,Bengaluru Urban,81d04e28c663
ACC-000918,Bahadurjit Wagle,HDFC Bank,Savings,2024-04-27 02:26:37,Mumbai,357257e35c73
ACC-001068,Yoshita Ratti,Axis Bank,Savings,2024-02-14 18:50:10,Noida,0e32efbc7361
ACC-001118,Kashish Tara,State Bank of India,Savings,2026-02-02 03:50:02,Mumbai,6a6d3bc1808b
ACC-000073,Devansh Baria,Axis Bank,Savings,2025-01-24 07:20:18,New Delhi,8ba8b1419ec4
ACC-000948,Varsha Chokshi,HDFC Bank,Savings,2026-05-05 18:00:16,Bengaluru Urban,aa02bd8f01c6
ACC-000747,Garima Morar,Bank of Baroda,Savings,2024-12-16 03:47:45,Ahmedabad,d87286df69b1
ACC-000716,Aarush Kannan,Axis Bank,Savings,2025-01-12 01:02:34,Chennai,2f4a7bbbe5ce
ACC-000558,Faris Sha,ICICI Bank,Savings,2024-05-07 20:54:53,Hyderabad,fe2a7d1742a8
ACC-001082,Wyatt Barad,Bank of Baroda,Savings,2024-09-22 11:47:46,Bengaluru Urban,537aac9d0506
ACC-001046,Ansh Chandra,Axis Bank,Savings,2024-01-31 07:37:18,Chennai,65d483a2b335
ACC-000553,Bhanumati Chawla,Axis Bank,Savings,2026-07-28 08:31:15,Lucknow,450c85b2cf85
ACC-000562,Mason Pillai,Axis Bank,Savings,2025-11-13 08:54:19,Chennai,14694ad3046c
ACC-000425,Amrita Pai,ICICI Bank,Savings,2023-11-25 18:10:09,Bengaluru Urban,4c659af4a2c9
ACC-001014,Ekantika Pandey,State Bank of India,Savings,2025-09-30 07:01:33,Ahmedabad,8bdc51bc454b
ACC-000326,Benjamin Behl,Bank of Baroda,Current,2025-01-09 12:22:26,Bengaluru Urban,f53d009c558a
ACC-000924,Bishakha Sridhar,Bank of Baroda,Savings,2024-08-29 06:59:28,Noida,3fd7c3efde22
ACC-000317,Jairaj Magar,Axis Bank,Savings,2025-05-04 05:38:47,Mumbai,0e569b43d0d0
ACC-000804,Eta Gaba,Axis Bank,Savings,2024-04-18 19:13:24,Noida,eb6d362a5bc3
ACC-001163,Agastya Barad,Axis Bank,Savings,2025-09-05 17:44:34,Chennai,15aaf1a4c49f
ACC-000529,Girindra Radhakrishnan,Kotak Mahindra Bank,Savings,2025-09-04 22:57:57,Noida,74e4355a016a
ACC-000837,Lila Borde,HDFC Bank,Savings,2025-12-21 07:22:01,Lucknow,653cc01c8fd6
ACC-000715,Wyatt Wason,Bank of Baroda,Savings,2025-04-14 18:28:36,Ahmedabad,c28a27d5fc74
ACC-000901,Udant Gera,Kotak Mahindra Bank,Savings,2025-11-12 06:50:23,New Delhi,17c926914019
ACC-000061,Gabriel Rajagopal,HDFC Bank,Savings,2023-12-29 19:09:44,Mumbai,48a5b9fb58c4
ACC-000723,Chasmum Sarma,Punjab National Bank,Savings,2026-05-02 02:05:39,Mumbai,1062216cda57
ACC-000093,Widisha Sibal,Bank of Baroda,Savings,2025-06-04 18:58:01,Lucknow,a0b012e709a0
ACC-000858,Victor Bir,Punjab National Bank,Savings,2025-04-19 08:56:12,Bengaluru Urban,6e535e0a1336
ACC-000619,Lavanya Konda,Kotak Mahindra Bank,Savings,2025-01-09 06:55:26,Hyderabad,8b5ffce306a7
ACC-000352,Bimala Bora,HDFC Bank,Savings,2026-03-30 04:21:54,Noida,1b8c4748fe95
ACC-000933,Madhavi Nagi,ICICI Bank,Savings,2024-01-25 11:02:37,Chennai,30799bfd475b
ACC-000281,Indira Edwin,Axis Bank,Current,2025-02-16 10:26:47,Bengaluru Urban,7c3a0001714d
ACC-000421,Tanish Raval,State Bank of India,Current,2023-10-09 08:17:46,Ahmedabad,a71d8510af4c
ACC-001115,Ekaraj Dewan,Punjab National Bank,Savings,2025-07-28 11:11:48,Pune,3b97a8fb3593
ACC-000360,Naksh Ray,State Bank of India,Savings,2024-05-16 13:42:58,Mumbai,e932cb929cba
ACC-000423,Darsh Wable,Kotak Mahindra Bank,Savings,2025-11-07 00:37:21,Lucknow,4f12f8ea10dc
ACC-000679,Daksh Sawhney,Kotak Mahindra Bank,Savings,2026-03-31 23:40:39,Pune,f830e0f56913
ACC-000527,Kamala D’Alia,Axis Bank,Current,2025-05-04 13:46:34,Chennai,a22b25de7ddd
ACC-000478,Ishita Mangat,HDFC Bank,Savings,2023-09-10 01:39:49,Lucknow,d90afc61e621
ACC-001095,Azaan Raja,Bank of Baroda,Savings,2026-06-16 23:40:17,Lucknow,aab9836e5b7b
ACC-000183,Sai Ranganathan,HDFC Bank,Current,2025-01-03 23:51:55,Jaipur,3af6f57fd814
ACC-001092,Turvi Gole,Bank of Baroda,Savings,2024-12-06 10:17:24,Noida,f35281bbbfcd
ACC-000433,Veer Wali,Kotak Mahindra Bank,Savings,2025-03-16 22:34:32,Hyderabad,c0cfbd408e4f
ACC-000111,Advaith Gulati,Axis Bank,Savings,2026-04-09 09:08:36,Hyderabad,a0b012e709a0
ACC-000371,Harita Sem,Kotak Mahindra Bank,Savings,2024-01-08 11:48:00,Bengaluru Urban,7a3858d75eae
ACC-000240,Leela Bhavsar,Axis Bank,Current,2025-02-11 20:38:36,Ahmedabad,c9468b0fae30
ACC-000709,Bhavani Deo,Kotak Mahindra Bank,Savings,2024-02-14 07:03:53,Hyderabad,00162c1bd3c7
ACC-000630,Tara Bhandari,Bank of Baroda,Current,2024-07-14 01:02:26,Lucknow,5453fb3ba28e
ACC-000594,Nimrat Bhatt,Bank of Baroda,Savings,2024-01-06 01:24:34,Hyderabad,2de14ed9a328
ACC-000486,Hamsini Kalla,Kotak Mahindra Bank,Savings,2026-07-11 03:57:09,Pune,55e6fa2048e0
ACC-000701,Jairaj Aurora,Punjab National Bank,Savings,2025-08-04 01:25:47,Mumbai,2e0cddc2cae6
ACC-000262,Omkaar Bhargava,Axis Bank,Savings,2024-01-24 17:12:33,Ahmedabad,10b910dfc013
ACC-000480,Sneha Rajagopalan,Punjab National Bank,Savings,2025-04-27 13:43:28,Bengaluru Urban,e4e3bfa864e9
ACC-000650,Charan Gopal,ICICI Bank,Savings,2024-01-05 10:03:37,Ahmedabad,923ea623193e
ACC-000340,Harsh Sani,Bank of Baroda,Savings,2025-10-09 05:19:09,Hyderabad,48176d513efc
ACC-000669,Arin Ratta,State Bank of India,Savings,2024-06-18 13:08:40,Bengaluru Urban,87db165fa865
ACC-000552,Januja Padmanabhan,HDFC Bank,Savings,2026-01-28 14:48:34,Jaipur,8176a9043441
ACC-000459,Sai Divan,Punjab National Bank,Savings,2024-06-30 03:34:30,Mumbai,f34c7b9bba99
ACC-000184,Geetika Reddy,Punjab National Bank,Savings,2025-06-18 08:04:58,Jaipur,2816d07f2649
ACC-000138,Tanveer Bansal,HDFC Bank,Current,2025-10-11 23:57:58,Jaipur,fa9b1ddeb900
ACC-001161,Joshua Mahal,Punjab National Bank,Savings,2025-05-29 09:06:02,Chennai,cde971615048
ACC-000707,Patrick Naidu,State Bank of India,Current,2024-12-30 19:09:56,Jaipur,191b734a3210
ACC-000582,Vivaan Bhagat,Axis Bank,Current,2026-01-11 02:49:16,Hyderabad,f4371d40d178
ACC-000081,Ikbal Savant,ICICI Bank,Savings,2025-05-10 08:11:32,Ahmedabad,f79d71696c65
ACC-000769,Indira Kumer,Bank of Baroda,Savings,2025-01-06 04:51:38,Noida,879d3641e91b
ACC-000870,Priya Swamy,Punjab National Bank,Savings,2026-03-13 19:41:21,Chennai,14503764e4da
ACC-000762,Yoshita Gill,Bank of Baroda,Savings,2024-08-25 18:15:34,Pune,b289deee32cd
ACC-000030,Nicholas Garg,HDFC Bank,Savings,2025-10-13 05:52:11,Mumbai,9e02906faf3d
ACC-000542,Ekalinga Chandran,Punjab National Bank,Current,2024-01-20 02:10:45,Noida,7099d63aed58
ACC-000166,Ati Ganesan,Punjab National Bank,Savings,2026-06-26 12:14:45,Noida,81d04e28c663
ACC-000249,Faris Varghese,Bank of Baroda,Savings,2026-06-17 17:34:14,Mumbai,0d21dc684128
ACC-000308,Madhav Pau,State Bank of India,Savings,2025-05-23 00:36:04,New Delhi,1372f1e2ee3f
ACC-000448,Abhimanyu Dayal,Bank of Baroda,Current,2024-02-03 14:51:15,Pune,ecd9714e6e34
ACC-000347,Ayushman Sem,Axis Bank,Savings,2026-03-21 14:50:59,Noida,c7dbd694bca4
ACC-000335,Priya Bhagat,HDFC Bank,Current,2025-08-10 12:38:48,Hyderabad,5934d065043a
ACC-000286,Ishaan Kale,State Bank of India,Savings,2024-04-02 08:16:59,Lucknow,5fc61498b918
ACC-000950,Chanchal Borah,Axis Bank,Savings,2024-10-30 09:02:57,New Delhi,d15893c1b83a
ACC-000098,Yashasvi Chadha,Bank of Baroda,Savings,2024-09-22 08:59:31,Mumbai,f79d71696c65
ACC-000468,Lohit Banerjee,Bank of Baroda,Savings,2025-07-22 17:15:45,Hyderabad,07c620624c53
ACC-001037,Atharv Parmer,Kotak Mahindra Bank,Savings,2024-09-02 06:02:05,Ahmedabad,ded74fa56040
ACC-000913,Arin Chatterjee,Kotak Mahindra Bank,Current,2025-09-02 16:19:07,Mumbai,b9670c8a2914
ACC-000756,Yauvani Chowdhury,State Bank of India,Savings,2026-04-20 14:31:46,Jaipur,87832716d3ba
ACC-000945,Zashil Chatterjee,Axis Bank,Savings,2025-10-18 00:12:45,Hyderabad,03de4fac6d6f
ACC-000614,Janya Bansal,Axis Bank,Savings,2025-08-28 06:56:34,Noida,5feb0418aa48
ACC-000802,Azaan Aggarwal,Kotak Mahindra Bank,Current,2024-02-17 03:45:55,Pune,71f0844109db
ACC-000758,Aadhya Narayan,HDFC Bank,Savings,2024-12-19 00:40:11,Bengaluru Urban,af50d6606be5
ACC-000689,Chaman Ganesh,Bank of Baroda,Savings,2024-04-12 10:26:23,Ahmedabad,933fdf13618f
ACC-000066,Karan Agarwal,Axis Bank,Savings,2024-10-11 23:07:18,Ahmedabad,cdc56c4e40ac
ACC-000794,Nirja Nayak,HDFC Bank,Savings,2024-07-06 08:12:23,New Delhi,44e28f26f0d3
ACC-000744,Qadim Sem,Bank of Baroda,Savings,2024-01-16 18:56:53,Chennai,602f27f55190
ACC-000568,Vansha Talwar,HDFC Bank,Savings,2024-03-10 22:29:19,Chennai,8c951133f6a2
ACC-001084,Mohini Nazareth,State Bank of India,Savings,2025-03-11 16:38:16,Hyderabad,6ed18c65d03e
ACC-001099,Ranveer Ray,Bank of Baroda,Savings,2023-12-03 03:14:30,Lucknow,1188664ae01e
ACC-000303,Raksha Sekhon,Punjab National Bank,Savings,2026-06-14 03:15:18,Mumbai,2a4dac9fb3d1
ACC-000255,Hamsini Palla,Kotak Mahindra Bank,Current,2026-05-17 11:07:49,Noida,6e2c70356789
ACC-000959,Pavani Nagy,Axis Bank,Savings,2026-04-06 23:01:02,Ahmedabad,0c4225ae5e2a
ACC-001024,Rohan Karpe,HDFC Bank,Savings,2025-08-25 01:27:10,Chennai,ab6667f6f40a
ACC-000313,Avi Pillai,ICICI Bank,Savings,2024-06-09 23:55:39,Mumbai,c6e679da90bf
ACC-000530,Nihal Banerjee,Axis Bank,Savings,2024-10-12 07:53:16,Noida,2c2eb0a1db6b
ACC-000222,Urmi Bora,ICICI Bank,Savings,2024-09-03 13:15:45,Pune,2299ec699f57
ACC-000389,Reva Dubey,Bank of Baroda,Current,2026-04-07 12:03:09,Lucknow,f63cecca5988
ACC-000236,Bahadurjit Dutt,Punjab National Bank,Savings,2026-01-03 12:30:54,Bengaluru Urban,0a9c859845bc
ACC-000810,Mohini Purohit,Punjab National Bank,Current,2024-12-26 05:06:41,Bengaluru Urban,f76571619c28
ACC-000483,Gautam Dewan,HDFC Bank,Savings,2024-10-14 09:07:48,Lucknow,174a31a00016
ACC-000713,Ria Sandal,Axis Bank,Savings,2024-01-07 13:22:39,Noida,adc1c84f5b86
ACC-000306,Ishanvi Bhat,HDFC Bank,Savings,2025-12-29 06:08:51,Hyderabad,0b5f591a6298
ACC-001111,Ishani Kumer,HDFC Bank,Savings,2025-06-21 12:52:25,Ahmedabad,dd8633018540
ACC-001090,Bimala Wadhwa,Kotak Mahindra Bank,Savings,2026-06-03 06:15:53,Pune,0ef82a32ddd6
ACC-000772,Yatan Mani,ICICI Bank,Current,2024-04-28 14:13:13,New Delhi,41c6e58d027e
ACC-000917,Vidhi Sunder,HDFC Bank,Current,2026-07-12 10:54:17,Mumbai,436ceaa70877
ACC-001139,Harsh Buch,Axis Bank,Current,2025-02-25 09:57:16,New Delhi,f7a2730d9bd0
ACC-000250,Tejas Nagar,Kotak Mahindra Bank,Current,2025-10-13 18:30:54,Mumbai,9fd80b316eb7
ACC-000760,Shivansh Lala,Axis Bank,Savings,2024-08-23 20:38:22,Chennai,78698e58576c
ACC-000595,Agastya Sanghvi,HDFC Bank,Savings,2024-06-05 08:41:36,Ahmedabad,b6330acdaf6a
ACC-000072,Aditya Suri,Kotak Mahindra Bank,Savings,2026-05-20 09:45:37,Mumbai,48a5b9fb58c4
ACC-000095,Charita Manda,ICICI Bank,Savings,2026-06-01 13:49:39,New Delhi,f79d71696c65
ACC-000546,Jalsa Sawhney,Bank of Baroda,Current,2024-05-11 22:58:30,New Delhi,c645b940d7ee
ACC-000034,Upkaar Rau,Kotak Mahindra Bank,Savings,2025-09-01 23:50:58,Mumbai,7c862c1ee270
ACC-000862,Sathvik Bhagat,ICICI Bank,Savings,2025-01-12 19:39:50,Pune,c54bd21e2435
ACC-000579,Dominic Thaman,Axis Bank,Current,2026-07-07 21:57:12,Noida,618a88a7a0d5
ACC-000449,Aadi Sarma,ICICI Bank,Savings,2026-01-28 20:53:33,Hyderabad,90f0f8f5ac5b
ACC-000446,Lila Kamdar,Kotak Mahindra Bank,Savings,2024-11-14 17:57:03,Ahmedabad,e368db6e92bc
ACC-000260,Falan Dada,Axis Bank,Savings,2026-04-27 08:57:58,New Delhi,b0e4c0e5af01
ACC-000205,Adya Natarajan,Axis Bank,Current,2025-09-13 16:07:01,Lucknow,8ba8b1419ec4
ACC-000573,Thomas Doctor,State Bank of India,Savings,2024-05-31 14:41:49,Ahmedabad,0d82e45152c9
ACC-000824,Hredhaan Acharya,Axis Bank,Current,2024-01-29 17:34:31,Pune,7a67097c72c4
ACC-000586,Qasim Pingle,Punjab National Bank,Current,2025-10-22 07:01:50,Bengaluru Urban,5a3c656e1de0
ACC-000366,Guneet Singh,Kotak Mahindra Bank,Savings,2025-09-21 09:41:40,Chennai,ff1a805a64bb
ACC-000812,Saanvi Pradhan,Punjab National Bank,Savings,2025-07-29 03:55:15,Jaipur,9fa490a22dc2
ACC-000078,Ekaja Kala,Bank of Baroda,Current,2025-02-04 20:29:47,New Delhi,976ac7410d42
ACC-000085,Devika Sant,Axis Bank,Savings,2024-12-19 12:17:04,Ahmedabad,fa9b1ddeb900
ACC-000539,Tamanna Bandi,HDFC Bank,Savings,2026-02-26 03:25:56,Noida,68819621ce2d
ACC-000083,Harish Shanker,Bank of Baroda,Savings,2025-12-05 16:04:57,Jaipur,3af6f57fd814
ACC-000458,Ishaan Chowdhury,Kotak Mahindra Bank,Savings,2024-05-13 14:06:20,Noida,ce0b52cd49fb
ACC-001138,Banjeet Narang,State Bank of India,Savings,2026-02-04 11:41:03,Mumbai,24ee3fcfe6b5
ACC-000615,Warinder Saini,ICICI Bank,Savings,2025-01-04 11:10:36,Mumbai,32d4d6a9d893
ACC-001186,Abhiram Murty,HDFC Bank,Savings,2025-12-11 22:38:51,Pune,ee5a102a2cab
ACC-001076,Imaran Savant,Bank of Baroda,Savings,2024-12-08 15:57:34,New Delhi,5dbfc3c2b345
ACC-000737,Sudiksha Brar,Kotak Mahindra Bank,Savings,2026-07-07 20:46:24,Mumbai,6c00e777bdb5
ACC-000437,Turvi Rege,Punjab National Bank,Savings,2025-10-26 00:03:15,Noida,450db0eebe18
ACC-000555,Laban Chowdhury,Axis Bank,Savings,2024-05-04 00:22:15,Noida,be63f228b2c1
ACC-001080,Faraj Malhotra,ICICI Bank,Savings,2026-01-19 22:55:18,Hyderabad,8a97fb1fcc97
ACC-001062,Nandini Varkey,HDFC Bank,Savings,2025-10-02 02:10:51,Noida,4f4d67d3c740
ACC-000351,Rehaan Mukherjee,Kotak Mahindra Bank,Savings,2025-05-08 23:29:57,Noida,807fcb6df968
ACC-000197,Eesha Kakar,HDFC Bank,Savings,2026-02-18 03:01:24,Pune,976ac7410d42
ACC-000465,Panini Tank,Kotak Mahindra Bank,Savings,2025-04-14 15:18:42,Noida,e0700b6e71eb
ACC-000589,Hemangini Das,Axis Bank,Savings,2025-05-30 15:18:13,New Delhi,665ad7838a7c
ACC-000006,Aadhya Salvi,HDFC Bank,Savings,2026-07-10 19:41:24,Mumbai,74f8e0d69e53
ACC-000311,Nathaniel Oza,ICICI Bank,Savings,2025-03-16 14:37:15,Lucknow,db2dc0fdc668
ACC-000662,Hamsini Bora,Punjab National Bank,Savings,2025-09-05 07:06:25,Mumbai,66860893d20e
ACC-000405,Rehaan Modi,Kotak Mahindra Bank,Savings,2023-12-10 21:51:13,Mumbai,1c2cd0936276
ACC-001196,Nihal Manda,Bank of Baroda,Savings,2026-01-01 16:34:23,Chennai,1d90c7504c07
ACC-001044,Avni Varkey,Bank of Baroda,Savings,2024-12-07 22:26:26,Ahmedabad,485d5a36f66f
ACC-001058,Joshua Kala,Kotak Mahindra Bank,Savings,2026-02-09 01:58:29,Lucknow,d62ab47fa344
ACC-000105,Upadhriti Menon,HDFC Bank,Current,2023-12-23 01:15:52,Mumbai,5150fa519223
ACC-000537,Damini Sura,Bank of Baroda,Savings,2025-12-26 11:58:45,Jaipur,d754b662fb05
ACC-000606,Kamya Bahl,Kotak Mahindra Bank,Savings,2024-10-07 04:42:55,Chennai,32f827578814
ACC-000063,Krisha Sem,HDFC Bank,Savings,2025-04-05 17:12:02,New Delhi,9e02906faf3d
ACC-000282,Hiral Babu,Kotak Mahindra Bank,Current,2025-08-25 12:09:29,Chennai,f33f9358a675
ACC-001056,Ekantika Shetty,Axis Bank,Savings,2024-04-17 23:07:27,Lucknow,ae3f68ed944d
ACC-000239,Abhimanyu Doctor,HDFC Bank,Savings,2026-03-20 01:13:23,Hyderabad,222764157579
ACC-000224,Bhavini Kadakia,Kotak Mahindra Bank,Savings,2026-06-23 14:43:09,Pune,0a8d744d1e3c
ACC-000146,Dev Shetty,Axis Bank,Savings,2026-04-05 08:55:07,Mumbai,f79d71696c65
ACC-001119,Adya Sarin,Punjab National Bank,Savings,2025-10-06 03:10:02,Chennai,6d31f4eac0d5
ACC-000374,Warinder Murthy,Bank of Baroda,Current,2025-04-23 01:35:02,Lucknow,60405d7a6863
ACC-000119,Tejas Kakar,Bank of Baroda,Savings,2026-07-10 03:54:34,New Delhi,81d04e28c663
ACC-000803,Zarna Kunda,ICICI Bank,Savings,2025-03-21 14:30:59,Bengaluru Urban,aa544a40b88f
ACC-000251,Ekaraj Ravel,Kotak Mahindra Bank,Savings,2023-12-26 10:22:33,Noida,8ba5a108b94b
ACC-001157,Kamala Sama,Kotak Mahindra Bank,Savings,2025-05-29 16:49:17,Hyderabad,8e10f90ef00b
ACC-000010,Tejas Hans,Bank of Baroda,Savings,2025-11-07 20:03:29,New Delhi,7c862c1ee270
ACC-000450,Oliver Sarma,ICICI Bank,Savings,2025-04-04 09:22:04,Noida,c93f024310df
ACC-000874,Ojasvi Banerjee,Axis Bank,Savings,2026-06-01 23:38:12,Bengaluru Urban,6fd3c06a208f
ACC-000390,Xavier Ravel,Punjab National Bank,Savings,2025-03-12 07:18:56,Jaipur,f5d60bb55d55
ACC-000966,Pallavi Kapur,ICICI Bank,Current,2024-01-07 21:41:49,Mumbai,6a21555b5fc2
ACC-000461,Ranveer Khurana,Punjab National Bank,Savings,2023-10-08 22:43:19,Chennai,9a3192861933
ACC-001147,Harrison Chandran,Kotak Mahindra Bank,Savings,2025-05-16 23:44:54,Mumbai,f216358d4f6d
ACC-000145,Lavanya Khalsa,ICICI Bank,Savings,2026-01-13 19:28:39,Mumbai,19c4aabe4f31
ACC-000502,Logan Kibe,Kotak Mahindra Bank,Savings,2026-05-14 19:26:22,Noida,12aceeb2259e
ACC-001108,Janaki Sachdev,Kotak Mahindra Bank,Savings,2024-07-30 14:50:04,Hyderabad,83fdb03232dc
ACC-000540,Lakshmi Varughese,ICICI Bank,Savings,2026-04-04 15:44:26,Hyderabad,fe24eee9a0ed
ACC-000178,Pratyush Pandit,Bank of Baroda,Savings,2025-02-11 05:41:41,Ahmedabad,030ffc91f322
ACC-001159,Advika Dave,State Bank of India,Savings,2026-03-09 21:51:50,Jaipur,5d372dc37631
ACC-001051,Yoshita Kari,HDFC Bank,Savings,2025-10-24 06:24:52,Noida,d80e2b94b4bf
ACC-000584,Jyoti Sarraf,State Bank of India,Savings,2023-12-22 20:59:43,Chennai,2cb0a18504e2
ACC-001195,Owen Palla,Kotak Mahindra Bank,Savings,2025-07-24 12:32:33,Chennai,adf7dd3dfeb6
ACC-000008,Balvan Chaudry,Axis Bank,Savings,2024-03-28 06:02:41,Chennai,9e02906faf3d
ACC-000574,Chaitaly Buch,Punjab National Bank,Savings,2025-07-15 22:50:45,Chennai,27c47b3793e9
ACC-000843,Maya Kanda,Axis Bank,Savings,2026-02-26 14:35:10,Mumbai,4ac051b844b5
ACC-000358,Upkaar Kade,Bank of Baroda,Savings,2026-04-02 16:48:11,Chennai,62187cc6606b
ACC-000330,Jagat Biswas,Bank of Baroda,Savings,2025-12-03 04:11:08,New Delhi,86f7fdbaeff6
ACC-000705,Jack Bail,Kotak Mahindra Bank,Savings,2024-01-13 00:51:40,Hyderabad,a4ae72906ca9
ACC-000830,Ishwar Balay,Axis Bank,Savings,2024-06-10 06:36:15,Chennai,b021f735d2f8
ACC-000259,Eta Kara,Bank of Baroda,Savings,2026-05-15 09:21:57,Bengaluru Urban,6a7abe9d1968
ACC-000891,Champak Tella,Axis Bank,Savings,2025-08-13 20:05:34,Pune,4c1ebd1a3e3e
ACC-000834,Bhanumati Swamy,Axis Bank,Savings,2025-10-07 06:13:42,Hyderabad,7caf4d26e2bf
ACC-001188,Lila Kala,Axis Bank,Savings,2025-09-16 08:15:09,Chennai,9a824857bf7b
ACC-000905,Sachi Bumb,State Bank of India,Current,2025-10-20 07:52:59,Mumbai,80fcda501ce1
ACC-000526,Arin Pradhan,State Bank of India,Current,2025-01-16 16:00:19,Hyderabad,2146b5404681
ACC-000814,Yagnesh Bora,ICICI Bank,Savings,2023-11-10 01:04:07,Mumbai,b2a77e8a81e9
ACC-000732,Netra Rastogi,ICICI Bank,Savings,2025-07-08 07:47:08,Pune,43069f7846a6
ACC-001032,Daniel Kumar,Axis Bank,Savings,2023-12-26 06:00:54,Noida,6304ba956fa6
ACC-001141,Alexander Mallick,ICICI Bank,Savings,2025-10-25 20:01:30,Lucknow,9f76432ccb55
ACC-000441,Chaaya Sharaf,Punjab National Bank,Savings,2025-09-03 19:38:10,Lucknow,0820dfe42f94
ACC-000532,Chakradhar Rattan,ICICI Bank,Current,2026-04-22 14:15:57,Mumbai,59f29599a067
ACC-000960,Kevin Setty,HDFC Bank,Savings,2026-04-29 01:35:18,New Delhi,9f9ad6e55f3a
ACC-000229,Bahadurjit Kadakia,State Bank of India,Current,2026-02-28 22:01:10,Hyderabad,df3bdbeac12f
ACC-001041,Girindra Chawla,Punjab National Bank,Savings,2024-06-09 15:59:42,Lucknow,5fa057db5fa4
ACC-000213,Praneel Vyas,Bank of Baroda,Savings,2025-12-11 07:21:44,New Delhi,5150fa519223
ACC-000080,Naksh Mody,Bank of Baroda,Current,2024-09-07 02:17:10,Noida,74f8e0d69e53
ACC-000149,Manan Kumer,Bank of Baroda,Current,2025-01-31 11:12:56,Pune,5150fa519223
ACC-000592,Falan Kalita,ICICI Bank,Savings,2025-01-24 01:54:48,New Delhi,f41c2be104f9
ACC-000708,Chaaya Oza,Bank of Baroda,Current,2023-09-24 23:40:59,New Delhi,a9c486d305cf
ACC-000590,Dhruv Iyengar,Axis Bank,Savings,2024-10-27 13:31:35,Lucknow,3b717161350c
ACC-000134,Adweta Sangha,Axis Bank,Savings,2024-03-25 01:08:21,Bengaluru Urban,19c4aabe4f31
ACC-000782,Mugdha Gaba,HDFC Bank,Savings,2025-04-11 02:30:05,Lucknow,d6accd52d73d
ACC-000409,Meera Saha,Punjab National Bank,Savings,2026-01-23 08:52:09,Pune,1c5966486fad
ACC-000970,Samarth Ratti,Axis Bank,Savings,2024-07-27 04:19:30,Noida,e4b81ea8546f
ACC-000508,Sarthak Bains,HDFC Bank,Savings,2025-11-25 21:10:33,Pune,f06cf793ab53
ACC-000877,Ekalinga Kapoor,Punjab National Bank,Savings,2025-01-21 13:43:49,Ahmedabad,a32e70e1003b
ACC-000505,Qushi Sawhney,Axis Bank,Savings,2025-04-15 00:27:42,Noida,6d1c166e1eb2
ACC-000719,Hemani Kar,Bank of Baroda,Savings,2024-08-04 16:24:06,Pune,5d3c81d9f6c0
ACC-000348,Manya Nagar,HDFC Bank,Savings,2025-02-14 16:12:58,Pune,229846842cba
ACC-000387,Chaman Jayaraman,Axis Bank,Savings,2026-05-25 05:49:53,Bengaluru Urban,d6054a7cc4af
ACC-000001,Tanvi Buch,Bank of Baroda,Savings,2024-10-27 22:19:38,Bengaluru Urban,7c862c1ee270
ACC-000361,Nitesh Pathak,ICICI Bank,Savings,2025-05-01 08:52:42,Lucknow,90e9620bd63b
ACC-001134,Isaiah Gandhi,Kotak Mahindra Bank,Savings,2026-04-16 04:38:15,Mumbai,dd411d13004b
ACC-000476,Ekta Deshmukh,Kotak Mahindra Bank,Savings,2025-08-07 12:41:52,Ahmedabad,7a785c654c68
ACC-000778,Aayush Dalal,Kotak Mahindra Bank,Savings,2026-04-08 05:59:22,Noida,101b075175dc
ACC-000754,Jeremiah Gopal,Kotak Mahindra Bank,Savings,2026-04-30 06:01:13,Bengaluru Urban,5e64950c19ea
ACC-000173,Aarav Rana,Bank of Baroda,Current,2025-08-19 18:31:12,Pune,a0b012e709a0
ACC-000451,Gayathri Raja,ICICI Bank,Savings,2024-06-20 22:30:42,Bengaluru Urban,43d0ca8ba504
ACC-000126,Meera Rama,Axis Bank,Savings,2026-07-03 01:18:45,Noida,8de03c814e88
ACC-000931,Upasna Kala,HDFC Bank,Savings,2024-05-18 17:53:38,Lucknow,33d5a6c07da9
ACC-000531,Aarush Baral,HDFC Bank,Savings,2024-06-18 13:12:13,Chennai,78b15d6d80d3
ACC-000091,Radhika Basak,Axis Bank,Savings,2024-08-24 09:50:18,Bengaluru Urban,9e02906faf3d
ACC-001162,Hardik Dada,HDFC Bank,Savings,2024-02-22 17:37:04,Jaipur,3a33eec1c9c1
ACC-000182,Advika Natarajan,Axis Bank,Savings,2024-03-14 08:15:31,Pune,74f8e0d69e53
ACC-001027,Sarthak Bansal,ICICI Bank,Savings,2023-10-28 20:46:50,Ahmedabad,47515a34ecc3
ACC-001000,Hitesh Prabhu,Punjab National Bank,Savings,2026-03-21 10:15:37,Noida,78d833032171
ACC-000252,Anjali Singh,ICICI Bank,Savings,2026-04-06 22:18:42,Chennai,aad42888d9b9
ACC-000070,Vasatika Kaur,Axis Bank,Savings,2025-08-25 12:25:25,Lucknow,19c4aabe4f31
ACC-000132,Bhavna Savant,Bank of Baroda,Savings,2024-09-03 02:58:47,Pune,8ba8b1419ec4
ACC-000301,Champak Lala,Axis Bank,Savings,2025-03-10 08:39:36,Bengaluru Urban,2c0b9b986b71
ACC-001133,Dalbir Agate,HDFC Bank,Savings,2024-02-18 12:04:28,Noida,fa87337b1e97
ACC-000327,Sudiksha Kapadia,Axis Bank,Savings,2024-06-17 19:42:57,Bengaluru Urban,5cadfb1f1054
ACC-001020,Suhani Cherian,Bank of Baroda,Savings,2025-11-18 18:18:50,Jaipur,8d1edd2b57b5
ACC-000500,Ayush Goswami,Axis Bank,Current,2026-05-04 22:36:44,Mumbai,14af62408e00
ACC-000666,Jeet Trivedi,State Bank of India,Savings,2026-01-03 17:16:19,Lucknow,942550fc5348
ACC-000919,Ayaan Karpe,State Bank of India,Savings,2024-04-14 03:48:17,Lucknow,0dd65cbcce18
ACC-000496,Raghav Chada,Axis Bank,Savings,2024-01-03 08:57:56,Mumbai,673bcc5e52dd
ACC-000339,Janani Mangat,Kotak Mahindra Bank,Savings,2025-03-20 21:24:40,Noida,7bdc9dea24ea
ACC-000964,Aradhana Murthy,Axis Bank,Current,2025-03-17 20:02:20,Pune,d67aaba1c976
ACC-000165,Gunbir Boase,Kotak Mahindra Bank,Savings,2025-04-29 00:48:23,Noida,1ec3e5b7726e
ACC-000029,Girindra Issac,HDFC Bank,Savings,2026-06-05 02:31:13,Pune,23ee6c59f806
ACC-000517,Vasatika Shan,HDFC Bank,Savings,2025-05-26 11:58:56,Ahmedabad,450bcd81dd10
ACC-000194,Girish Gulati,Punjab National Bank,Savings,2024-08-03 15:38:52,Lucknow,030ffc91f322
ACC-001104,Oeshi Sheth,Bank of Baroda,Savings,2024-08-13 00:36:37,Pune,56fc744380e8
ACC-000170,Samaksh Deol,Axis Bank,Savings,2025-02-07 19:08:43,Bengaluru Urban,19c4aabe4f31
ACC-001059,Naveen Khalsa,Punjab National Bank,Savings,2025-01-19 12:33:34,Ahmedabad,952596b62fcc
ACC-000174,David Mukherjee,ICICI Bank,Savings,2025-07-12 03:54:14,Chennai,c823337a99bb
ACC-000519,Ranbir Iyengar,State Bank of India,Savings,2025-08-23 11:58:47,Ahmedabad,cccbd1b1b4ad
ACC-000969,Dayita Jaggi,Axis Bank,Savings,2026-06-21 17:10:19,New Delhi,da8a0bf152a6
ACC-000702,Lucky Chopra,Punjab National Bank,Savings,2024-03-11 14:59:43,New Delhi,772f00cf65d0
ACC-000492,Ganga Reddy,HDFC Bank,Savings,2024-04-12 03:19:46,Jaipur,2757da456976
ACC-000074,Darika Kapadia,Kotak Mahindra Bank,Savings,2026-01-08 11:20:22,Chennai,fa9b1ddeb900
ACC-000981,Rachana Rastogi,Kotak Mahindra Bank,Savings,2024-04-18 08:52:06,Ahmedabad,289eeb8bb5b4
ACC-000588,Aachal Chad,Axis Bank,Savings,2025-01-19 08:09:02,Lucknow,304957678fcd
ACC-000235,Warinder Chanda,ICICI Bank,Savings,2026-07-18 18:05:40,Bengaluru Urban,d01e38a56597
ACC-000215,Saanvi Mistry,Punjab National Bank,Savings,2025-11-11 01:13:41,Hyderabad,324dd1566e5f
ACC-000947,Sanya Nanda,ICICI Bank,Savings,2025-03-26 19:52:57,Lucknow,9e2c8f777105
ACC-000133,Ucchal Sarma,State Bank of India,Savings,2025-01-21 11:50:51,Mumbai,a4137a41b727
ACC-001156,Sara Mallick,State Bank of India,Savings,2025-09-30 23:39:05,Chennai,08e749e2648e
ACC-000733,Faraj Minhas,Punjab National Bank,Savings,2025-01-20 20:48:20,Mumbai,5fb642ded39f
ACC-000941,Ekalinga Ganesan,State Bank of India,Current,2026-05-27 00:00:48,Mumbai,40e49f7e87e2
ACC-000186,Chameli Kohli,State Bank of India,Current,2025-04-08 09:03:29,Noida,5150fa519223
ACC-000042,Kabir Nagar,HDFC Bank,Savings,2026-04-06 15:44:42,Bengaluru Urban,81044b8a60e3
ACC-000109,Meghana Chokshi,Bank of Baroda,Savings,2024-11-23 00:36:10,Noida,74f8e0d69e53
ACC-000849,Shravya Patla,Axis Bank,Savings,2026-07-05 07:51:28,Hyderabad,b640f9172b54
ACC-000569,Tanvi Chandran,HDFC Bank,Savings,2024-01-17 23:45:29,Lucknow,8ecdeae6b437
ACC-000651,Shivani Lad,Kotak Mahindra Bank,Savings,2025-08-27 18:43:40,Pune,756b6d1560cb
ACC-001001,Zilmil Puri,Bank of Baroda,Savings,2024-01-31 19:45:02,Lucknow,e78011536a94
ACC-001166,Anmol Rai,Axis Bank,Savings,2025-02-27 01:16:22,Hyderabad,6daa0961c281
ACC-000484,Inaya Mann,ICICI Bank,Savings,2024-03-02 04:34:44,Noida,501cec8eeeee
ACC-000469,Ekapad Ratta,Punjab National Bank,Savings,2025-11-16 18:01:50,New Delhi,f594ea51599f
ACC-000025,Tanvi Goyal,ICICI Bank,Savings,2026-03-17 02:53:33,Hyderabad,b051a2acd3dc
ACC-000661,Neel Babu,State Bank of India,Savings,2023-10-13 23:48:33,Noida,2408c3ad6a9d
ACC-000680,Quincy Kumar,State Bank of India,Current,2026-02-08 08:13:21,Chennai,d9b3b2d3e55a
ACC-000753,Veda Shan,Axis Bank,Savings,2023-09-12 19:40:20,Noida,20322abb8867
ACC-000994,Ryan Narayanan,Axis Bank,Savings,2024-05-15 09:57:57,Bengaluru Urban,1c3abfa748f3
ACC-000367,Baghyawati Keer,HDFC Bank,Savings,2023-08-30 13:54:09,Ahmedabad,ff5313247bdd
ACC-000840,Oviya Gola,ICICI Bank,Current,2023-10-09 05:41:20,Chennai,1bcea29bcdb5
ACC-001053,Qarin Ramesh,Axis Bank,Savings,2025-07-31 12:20:47,Jaipur,95be36994329
ACC-000384,Amruta Sama,HDFC Bank,Savings,2025-02-13 04:51:52,Hyderabad,768623e9c7e2
ACC-000455,Nakul Rout,State Bank of India,Current,2024-09-06 07:36:20,Chennai,654778790f29
ACC-000265,Anay Dar,Punjab National Bank,Savings,2026-03-12 15:31:23,Jaipur,e796687631e3
ACC-000761,Sathvik Dara,State Bank of India,Savings,2025-09-14 18:32:33,New Delhi,87c3274e1bb4
ACC-000980,Hemang Ranganathan,Bank of Baroda,Current,2024-01-19 09:00:59,Hyderabad,61cdc2440c54
ACC-000445,Vyanjana Dubey,Bank of Baroda,Savings,2024-07-28 08:36:40,Mumbai,176e81d2648a
ACC-000396,Yochana Goda,ICICI Bank,Current,2024-07-18 17:46:59,Lucknow,17425f3a9ea9
ACC-000742,Shravya Bail,Kotak Mahindra Bank,Savings,2025-09-04 03:15:25,Jaipur,27f7cafb7d58
ACC-000177,Nilima Wable,Axis Bank,Savings,2025-04-22 21:21:01,Lucknow,8de03c814e88
ACC-000019,Brijesh Memon,State Bank of India,Savings,2024-03-20 04:58:30,New Delhi,3af6f57fd814
ACC-000949,Ria Ben,Bank of Baroda,Savings,2024-04-11 06:10:45,Hyderabad,5e6fba496931
ACC-000815,Alexander Lad,Bank of Baroda,Savings,2024-05-25 04:51:54,New Delhi,e8a938899cc2
ACC-000596,Aarnav Parekh,State Bank of India,Savings,2024-01-11 22:32:55,Chennai,de3d0317ab55
ACC-000062,Girindra Subramanian,Punjab National Bank,Savings,2026-04-27 23:39:35,Hyderabad,f79d71696c65
ACC-000273,Meera Chakraborty,Bank of Baroda,Savings,2024-05-07 03:18:28,New Delhi,224aa5dd985b
ACC-001126,Qabil Prashad,Punjab National Bank,Savings,2023-12-02 02:51:31,New Delhi,e9e0ccd198f4
ACC-000279,Isaac Mall,HDFC Bank,Savings,2025-04-10 15:03:14,Pune,e4bcc2f7e440
ACC-000842,Vrishti Muni,ICICI Bank,Savings,2024-05-25 14:21:47,Lucknow,0cc7702b4f70
ACC-000369,Chandran Hora,ICICI Bank,Savings,2025-06-19 22:46:55,Noida,a5340a28e4ce
ACC-000887,Rachita Reddy,State Bank of India,Savings,2026-07-24 11:17:00,Jaipur,1852048637e8
ACC-001015,Parth Keer,Punjab National Bank,Savings,2025-03-06 13:55:01,Pune,776515f295fd
ACC-000860,Xalak Bir,State Bank of India,Savings,2023-09-12 05:02:12,Bengaluru Urban,ff63fa99c580
ACC-000721,Aarnav Mistry,State Bank of India,Savings,2025-12-31 11:04:29,New Delhi,b1fedb62ad32
ACC-000826,Ojas Balasubramanian,HDFC Bank,Savings,2024-11-13 07:15:32,Pune,8eb6b49f0d14
ACC-000548,Sanaya Saini,HDFC Bank,Savings,2025-01-26 01:36:26,Bengaluru Urban,bfbf641c10c5
ACC-000880,Krish Saxena,Bank of Baroda,Savings,2024-03-12 07:07:56,Ahmedabad,71c64e3b8e2d
ACC-000900,Balendra Bhattacharyya,Bank of Baroda,Savings,2025-01-08 22:55:27,Ahmedabad,5ab9228230c4
ACC-000457,Harshil Chandran,State Bank of India,Current,2025-02-27 11:17:11,Ahmedabad,65886c2b043a
ACC-000394,Sathvik Sethi,ICICI Bank,Savings,2026-05-15 19:09:57,Chennai,d83633a4b2c6
ACC-000676,Advaith Sidhu,ICICI Bank,Savings,2025-07-28 22:43:40,Lucknow,ee7785c3ea19
ACC-000912,Lohit Palla,State Bank of India,Savings,2025-04-21 23:07:54,Ahmedabad,8ade00aed915
ACC-000965,Finn Atwal,Axis Bank,Current,2024-07-29 21:11:42,Bengaluru Urban,2ac43b821b87
ACC-000376,Balhaar Deshpande,HDFC Bank,Savings,2024-01-28 01:56:03,Jaipur,99d90a17b5bc
ACC-000413,Frederick Nayar,Punjab National Bank,Current,2024-11-30 19:45:50,Jaipur,7408c48980e4
ACC-000075,Parth Shanker,State Bank of India,Savings,2024-08-05 10:34:12,Hyderabad,48a5b9fb58c4
ACC-001122,Yashasvi Kade,Bank of Baroda,Savings,2025-03-16 19:31:28,Ahmedabad,35fe45e5bd79
ACC-000863,Chameli Mishra,HDFC Bank,Savings,2025-09-29 21:14:49,Mumbai,5357bb4b6031
ACC-000501,Shivansh Minhas,ICICI Bank,Savings,2024-02-20 05:51:19,Noida,3ec313c66536
ACC-000942,Wahab Agrawal,ICICI Bank,Savings,2024-11-13 04:23:51,Ahmedabad,37573a84657e
ACC-000617,Manya Bhatti,Punjab National Bank,Savings,2024-02-28 17:51:27,Jaipur,a12470a84413
ACC-000115,Raksha Dave,Axis Bank,Savings,2024-05-27 02:18:58,Hyderabad,3af6f57fd814
ACC-000418,Kabir Mody,Kotak Mahindra Bank,Savings,2025-07-13 12:50:34,Hyderabad,6a281bd01cc6
ACC-000602,Kalpit Murty,ICICI Bank,Current,2024-05-04 17:53:37,Bengaluru Urban,35e48fbcf3f6
ACC-000605,Reva Basu,Punjab National Bank,Savings,2025-04-10 06:28:02,Hyderabad,7ff9c612c760
ACC-000090,Dhriti Mandal,Bank of Baroda,Savings,2024-02-17 01:47:35,Mumbai,23ee6c59f806
ACC-001149,Balendra Hayre,ICICI Bank,Current,2024-03-01 11:31:51,Hyderabad,aed64ffd6398
ACC-000499,Gopal Vala,State Bank of India,Savings,2024-09-27 08:11:51,New Delhi,36b934270ceb
ACC-000876,Owen Chopra,Axis Bank,Savings,2025-02-23 14:53:05,Bengaluru Urban,930e046578d8
ACC-000927,Darpan Brahmbhatt,State Bank of India,Savings,2024-02-01 02:37:15,Lucknow,4e4521f86f13
ACC-000999,Advika Natt,Kotak Mahindra Bank,Savings,2024-02-01 12:52:46,Lucknow,ddabb8ca2fad
ACC-000012,Noah Chaudhary,Punjab National Bank,Savings,2025-11-10 05:47:49,Pune,fb6698a49157
ACC-000397,Eesha Chacko,ICICI Bank,Savings,2024-10-29 22:05:12,Chennai,4ba229c4b954
ACC-000755,Radha Lata,Punjab National Bank,Savings,2024-08-05 06:53:11,Lucknow,98367d3ebcc9
ACC-000556,Eta Natt,Bank of Baroda,Savings,2025-07-10 23:26:44,Ahmedabad,3df35359513a
ACC-000043,Harsh Dua,Bank of Baroda,Savings,2024-12-05 21:00:38,Lucknow,a4137a41b727
ACC-000168,Madhavi Bajwa,Bank of Baroda,Savings,2026-03-28 05:32:06,Hyderabad,8ba8b1419ec4
ACC-000417,Zayyan Tank,HDFC Bank,Savings,2024-07-04 20:08:36,Ahmedabad,13488e61b552
ACC-000577,Alka Munshi,HDFC Bank,Savings,2023-11-28 16:21:07,Pune,46f04131989b
ACC-000268,Umang Goyal,Axis Bank,Savings,2023-09-11 13:59:13,Chennai,c34649a1c307
ACC-000808,Kalpit Sachdeva,Kotak Mahindra Bank,Savings,2025-10-04 05:53:34,Chennai,5b40d03fbb2b
ACC-000427,Zarna Acharya,ICICI Bank,Savings,2025-03-19 14:02:43,Lucknow,6de68faef8e9
ACC-000691,Frado Aurora,State Bank of India,Savings,2023-11-17 09:53:41,Mumbai,283b0ab087d6
ACC-000545,Sai Kulkarni,Punjab National Bank,Savings,2024-03-21 09:15:36,Bengaluru Urban,4d6d5b6d7dd7
ACC-001123,Ronith Dhar,Axis Bank,Savings,2024-06-18 11:24:22,Ahmedabad,2777189a4df3
ACC-000675,Suhani Dutt,Kotak Mahindra Bank,Savings,2024-08-09 07:25:58,New Delhi,162904cbf411
ACC-000690,Gayathri Kapoor,Axis Bank,Current,2024-12-14 18:34:18,Pune,5c2ddcdb481b
ACC-001055,Bhanumati Goswami,HDFC Bank,Savings,2026-06-07 01:10:44,Bengaluru Urban,1e49941b86dd
ACC-001177,Omaja Dewan,Bank of Baroda,Current,2025-10-29 00:04:45,Jaipur,b07b9e5456ce
ACC-001033,Oscar Vala,HDFC Bank,Savings,2026-04-20 12:02:46,Chennai,4bf251b7c9e2
ACC-001035,Kevin Palan,Axis Bank,Savings,2025-08-15 04:42:08,Lucknow,1629aab3db9b
ACC-000258,Tamanna Vyas,Punjab National Bank,Savings,2024-12-31 06:33:56,Pune,759a3f4abd28
ACC-000336,Hemal Kannan,HDFC Bank,Savings,2026-03-05 18:35:39,Ahmedabad,856715003291
ACC-000016,Pratyush Mall,HDFC Bank,Savings,2024-01-17 17:35:07,Noida,b051a2acd3dc
ACC-000902,Omisha Nadig,Axis Bank,Savings,2023-11-16 07:00:45,Pune,dd05e822e64f
ACC-000325,Omisha Vig,State Bank of India,Savings,2024-01-31 20:00:46,Jaipur,501319459958
ACC-000608,Ojasvi Contractor,Punjab National Bank,Current,2025-04-23 13:31:26,Lucknow,5935127ad8f5
ACC-001054,Michael Balan,Bank of Baroda,Savings,2026-02-15 05:59:07,New Delhi,cb523c65a215
ACC-000791,Lucky Srinivas,State Bank of India,Savings,2024-10-23 13:12:20,Hyderabad,6147b6c58f73
ACC-000223,Nitesh Sheth,Axis Bank,Savings,2024-04-25 01:25:28,New Delhi,6a23e46cf9dd
ACC-000180,Frederick Ganesan,Kotak Mahindra Bank,Current,2024-05-14 05:50:13,Chennai,48a5b9fb58c4
ACC-000100,Girish Char,HDFC Bank,Savings,2024-01-05 07:07:46,Mumbai,8ba8b1419ec4
ACC-000522,Nakul Minhas,State Bank of India,Savings,2025-08-27 09:47:33,Jaipur,c49b652b3cf4
ACC-000023,Rajeshri Goel,Punjab National Bank,Savings,2023-10-04 22:37:07,New Delhi,a4137a41b727
ACC-000357,Jack Ahluwalia,ICICI Bank,Savings,2024-04-14 20:14:56,Hyderabad,9ac813210178
ACC-000734,Jagvi Varughese,Axis Bank,Savings,2024-12-23 09:56:32,Pune,24e9a8e354a1
ACC-001094,Nidhi Wason,HDFC Bank,Savings,2024-04-19 05:51:28,Bengaluru Urban,1adbd1bb9310
ACC-001112,Gaurika Baral,Bank of Baroda,Savings,2025-03-24 13:22:27,Chennai,e361873b6265
ACC-000612,Lakshmi Dugar,Kotak Mahindra Bank,Savings,2025-05-17 11:19:32,Noida,8c59c9d87b54
ACC-001010,Janya Gola,State Bank of India,Current,2025-10-18 22:24:19,Hyderabad,c235f7be17ad
ACC-000341,Lakshit Hari,Bank of Baroda,Savings,2024-04-23 06:03:57,Noida,4b7d23459114
ACC-000432,Lakshit Kothari,Axis Bank,Current,2024-06-04 02:09:38,Bengaluru Urban,d4ec70d1ae65
ACC-000962,Aarnav Patel,ICICI Bank,Savings,2024-03-18 19:29:53,Hyderabad,43ad59de72b1
ACC-000218,Turvi Kanda,ICICI Bank,Savings,2023-10-11 07:37:35,Mumbai,a8cbd8ad7dfb
ACC-000204,Ekalinga Dass,Kotak Mahindra Bank,Savings,2024-01-21 21:17:54,Jaipur,2816d07f2649
ACC-000906,Udarsh Dani,Kotak Mahindra Bank,Savings,2024-10-29 10:50:36,Ahmedabad,b8eb8b732e3c
ACC-000923,Ranveer Gupta,Bank of Baroda,Current,2024-07-18 05:22:25,Jaipur,98feadeb6c33
ACC-000094,Xavier Srinivasan,Bank of Baroda,Savings,2024-10-18 20:41:47,Lucknow,8de03c814e88
ACC-000911,Ryan Ramakrishnan,Kotak Mahindra Bank,Savings,2025-09-17 02:14:12,Mumbai,02a9808c7e90
ACC-000069,Tanvi Chaudhuri,HDFC Bank,Savings,2024-10-05 17:28:49,Hyderabad,23ee6c59f806
ACC-000895,Krisha Hora,Bank of Baroda,Savings,2024-04-02 00:14:02,Chennai,79c825c9e840
ACC-000285,Vidhi Rajan,Axis Bank,Savings,2023-12-15 10:42:51,Mumbai,d15db6261001
ACC-000697,Oeshi Mallick,ICICI Bank,Savings,2024-05-19 09:27:59,Chennai,b5fbe2b6b94f
ACC-000086,Anamika Kade,Bank of Baroda,Current,2023-09-08 22:29:23,Pune,c823337a99bb
ACC-000435,Daksh Mani,Punjab National Bank,Savings,2024-03-23 08:04:21,Mumbai,44134f8e1805
ACC-000797,Bhavna Nadig,Axis Bank,Savings,2024-05-05 11:33:28,Hyderabad,8cfaa6020ec7
ACC-000154,Hamsini Pandya,Axis Bank,Savings,2025-08-24 19:16:00,Pune,8de03c814e88
ACC-000076,Oeshi Shan,State Bank of India,Current,2024-01-29 22:14:17,Hyderabad,c823337a99bb
ACC-001043,Meera Cheema,Punjab National Bank,Savings,2025-06-12 21:00:32,Ahmedabad,c904288dcf39
ACC-000581,George Nagarajan,ICICI Bank,Savings,2024-12-27 21:07:46,Chennai,68264f7e566d
ACC-000447,Jeremiah Kulkarni,Kotak Mahindra Bank,Savings,2024-08-05 02:37:36,Hyderabad,7487ce9c021c
ACC-000704,Gopal Kurian,HDFC Bank,Current,2023-11-05 19:01:52,Pune,525fcbdf3a5b
ACC-000189,Ronith Rama,HDFC Bank,Savings,2025-09-10 04:28:14,Pune,fb6698a49157
ACC-000272,Praneel Korpal,HDFC Bank,Savings,2025-11-11 14:29:49,Pune,f771963e87a7
ACC-000237,Maya Choudhury,Punjab National Bank,Savings,2025-08-31 01:47:12,Lucknow,a8820b35b69d
ACC-000488,William Patil,State Bank of India,Savings,2023-10-10 02:55:28,Lucknow,8e6744e7b130
ACC-001160,Laban Munshi,Kotak Mahindra Bank,Savings,2026-06-15 04:14:19,Bengaluru Urban,64afe8482130
ACC-000560,Chameli Zachariah,Bank of Baroda,Current,2025-02-23 15:44:31,Chennai,61f3d6a50b83
ACC-000118,Anamika Ramakrishnan,Kotak Mahindra Bank,Savings,2025-06-21 10:17:26,Hyderabad,2816d07f2649
ACC-000638,Hemang Upadhyay,Kotak Mahindra Bank,Savings,2025-03-22 06:25:45,Lucknow,b202898afd61
ACC-001128,Idika Ray,HDFC Bank,Savings,2026-04-17 09:41:31,Hyderabad,f708855d454d
ACC-000751,Ayush Grover,Axis Bank,Savings,2026-01-22 15:12:46,Mumbai,15e2d22daaf4
ACC-000513,Waida Dube,Axis Bank,Savings,2024-09-29 01:38:11,Chennai,1b96a81bb865
ACC-000634,Yagnesh Kohli,Kotak Mahindra Bank,Current,2023-09-26 06:56:31,Ahmedabad,6b6cea632408
ACC-000786,Gayathri Barad,HDFC Bank,Current,2024-02-18 06:21:48,Noida,df5c1be5e818
ACC-001007,Chanchal Tiwari,State Bank of India,Savings,2024-03-27 12:27:53,Pune,c8b011417c1a
ACC-000853,Zayyan Korpal,Bank of Baroda,Savings,2025-09-04 12:32:27,Lucknow,097ae632e977
ACC-000127,Ekavir Ratta,Bank of Baroda,Savings,2024-11-12 14:54:52,Jaipur,cdc56c4e40ac
ACC-000117,Gaurang Trivedi,Axis Bank,Savings,2024-07-03 07:19:07,Pune,324dd1566e5f
ACC-000474,Lipika Sarma,Punjab National Bank,Savings,2025-10-17 06:33:36,Ahmedabad,c9a370d48302
ACC-000741,Wishi Rau,State Bank of India,Savings,2025-06-18 08:40:00,Hyderabad,31624a71d877
ACC-000993,Jalsa Kanda,ICICI Bank,Savings,2024-11-14 02:49:26,Bengaluru Urban,8ceae38c7f9d
ACC-000058,Lohit Walla,HDFC Bank,Savings,2025-10-05 18:04:57,Bengaluru Urban,976ac7410d42
ACC-000604,Yashoda Nori,State Bank of India,Savings,2026-05-03 18:36:05,New Delhi,14cddb58b855
ACC-000787,Vasudha Gola,Bank of Baroda,Savings,2025-03-04 08:27:41,New Delhi,d11cbe89ef4a
ACC-000971,Dipta Kale,Bank of Baroda,Savings,2026-05-18 10:31:02,Noida,f2e08bfcd84f
ACC-000657,Onveer Dewan,HDFC Bank,Savings,2023-11-29 08:25:53,Jaipur,560053d5ecac
ACC-000903,Abhiram Puri,ICICI Bank,Savings,2026-05-19 13:40:42,Chennai,cbb5aa3d3d34
ACC-000922,Anay Rai,HDFC Bank,Savings,2025-09-07 16:01:37,Lucknow,ec504279d080
ACC-000106,Ishita Yogi,Punjab National Bank,Savings,2024-04-27 17:00:51,Pune,030ffc91f322
ACC-000636,Charan Devan,HDFC Bank,Savings,2025-06-02 06:25:50,Bengaluru Urban,25e03219528f
ACC-000370,Ati Shere,Punjab National Bank,Current,2023-12-29 21:59:33,Chennai,e31e54734eb5
ACC-000269,Vanya Tata,State Bank of India,Savings,2025-02-12 12:28:43,Ahmedabad,0426f4acb063
ACC-000656,Nitara Pathak,Axis Bank,Savings,2024-05-19 22:08:46,Mumbai,5b75c4f2c92d
ACC-000047,Megha Bhargava,State Bank of India,Savings,2024-04-30 04:08:03,Chennai,9e02906faf3d
ACC-000350,Vaishnavi Misra,ICICI Bank,Savings,2025-05-06 22:11:41,Bengaluru Urban,c85b61cd7232
ACC-000774,Kai Chacko,HDFC Bank,Savings,2024-08-12 17:29:31,Noida,03a5ab43afad
ACC-000196,Rachana Kara,HDFC Bank,Savings,2024-10-10 02:23:49,Mumbai,976ac7410d42
ACC-000103,Baljiwan Rama,ICICI Bank,Current,2025-03-05 14:20:22,Jaipur,950a363c88b6
ACC-000005,Champak Singh,Kotak Mahindra Bank,Savings,2026-05-29 18:12:47,Hyderabad,fb6698a49157
ACC-000620,Farhan Arora,Punjab National Bank,Savings,2025-11-15 21:33:02,Jaipur,992830c6f25f
ACC-000991,Lakshit Kapur,State Bank of India,Savings,2025-08-25 20:11:51,Lucknow,60e04eef5ff0
ACC-000053,Jackson Naidu,Axis Bank,Savings,2024-07-15 18:05:39,Mumbai,81044b8a60e3
ACC-000264,Elijah Khosla,Bank of Baroda,Savings,2024-11-03 03:38:24,Mumbai,2dd665dd0654
ACC-001093,Anay Nadkarni,Bank of Baroda,Savings,2024-08-11 02:27:11,Hyderabad,48137654c48d
ACC-000444,Ucchal Bora,Punjab National Bank,Savings,2025-11-21 17:38:22,Noida,3c9b00828ce2
ACC-000972,Bhanumati Dugar,Bank of Baroda,Savings,2023-10-09 14:44:54,Jaipur,c64b493025df
ACC-000783,Ekavir Ramachandran,State Bank of India,Savings,2024-12-31 20:49:47,Mumbai,a691c734d412
ACC-000847,Gabriel Narayanan,ICICI Bank,Savings,2026-06-24 21:29:00,Pune,4654d41ae29f
ACC-000692,Balendra Thakkar,Bank of Baroda,Savings,2026-05-04 13:12:24,Noida,a50af81df099
ACC-000305,Sara Nazareth,State Bank of India,Savings,2023-12-10 21:42:31,Lucknow,84dc4413056b
ACC-000342,Janani Dutt,Punjab National Bank,Savings,2025-06-06 01:59:34,Pune,f0cd59e098ed
ACC-000867,Riya Kothari,ICICI Bank,Savings,2024-05-31 09:33:01,Chennai,59ac303e156e
ACC-000314,Shivani Batta,State Bank of India,Savings,2026-01-15 04:58:17,Hyderabad,7165d889439f
ACC-000150,Hredhaan Dey,State Bank of India,Savings,2025-06-07 12:56:50,Ahmedabad,1346a7478a1d
ACC-000125,Imaran Kothari,ICICI Bank,Savings,2026-06-02 03:48:07,Noida,7c862c1ee270
ACC-001063,Jeremiah Mani,State Bank of India,Savings,2026-03-31 17:52:23,Pune,5180adb8f2b6
ACC-000575,Ekapad Kunda,HDFC Bank,Savings,2026-02-21 20:10:07,Mumbai,234fb5bf8e00
ACC-000698,Alexander Yadav,Axis Bank,Savings,2025-11-08 17:48:11,Chennai,08788103e338
ACC-000665,Amruta Bhatt,HDFC Bank,Savings,2025-09-26 16:15:40,Noida,94190e6dee43
ACC-000051,Rishi Sidhu,State Bank of India,Savings,2025-11-02 00:04:16,Hyderabad,81d04e28c663
ACC-000727,Diya Dey,Punjab National Bank,Savings,2023-11-13 06:05:59,Pune,5b75d274e309
ACC-000800,Krishna Sandhu,Bank of Baroda,Savings,2024-02-06 09:48:34,Jaipur,1c8972bf20cb
ACC-000354,Ishanvi Madan,Axis Bank,Savings,2023-12-28 02:51:19,Pune,8e8d6fb92e9a
ACC-001153,Nihal Palla,HDFC Bank,Savings,2023-09-15 09:24:23,Mumbai,cf4a56b0051a
ACC-000143,Rishi Balasubramanian,State Bank of India,Savings,2026-02-21 19:41:54,Lucknow,3af6f57fd814
ACC-000471,Qushi Mann,State Bank of India,Savings,2024-12-31 21:22:26,New Delhi,f04485e32e23
ACC-000654,Ikshita Chowdhury,Bank of Baroda,Savings,2026-07-24 15:53:44,Noida,019875213937
ACC-000400,Chaitaly Raman,Axis Bank,Savings,2026-01-04 09:14:34,Chennai,6d65a1b0285f
ACC-001154,Bhavini Chad,Axis Bank,Savings,2025-09-02 16:36:12,Ahmedabad,c06d141b18c9
ACC-000938,Janya Bobal,State Bank of India,Savings,2025-11-26 15:09:56,Ahmedabad,bef6ad45f482
ACC-000321,Vasatika Kanda,State Bank of India,Savings,2023-10-10 04:43:46,New Delhi,b2f1ede1e7a4
ACC-000020,Qasim Kalita,HDFC Bank,Savings,2025-12-13 22:06:52,Hyderabad,cdc56c4e40ac
ACC-000685,Omisha Sheth,ICICI Bank,Savings,2024-01-06 16:06:45,Bengaluru Urban,e7eee16a8898
ACC-000036,Qadim Roy,HDFC Bank,Current,2023-10-19 11:47:07,Chennai,976ac7410d42
ACC-000825,Jeremiah Wadhwa,Axis Bank,Savings,2024-12-24 04:08:20,Ahmedabad,5caa6ded2eb7
ACC-000506,Faraj Ratti,Bank of Baroda,Savings,2026-06-29 08:30:10,Ahmedabad,a185b7b43dcc
ACC-000828,Brijesh Dayal,ICICI Bank,Savings,2025-07-07 05:42:56,New Delhi,e1d8a2409858
ACC-001071,Abhimanyu Shetty,Kotak Mahindra Bank,Savings,2024-08-08 05:47:14,Bengaluru Urban,7116bef2c5bf
ACC-000408,Aarush Dave,Axis Bank,Savings,2026-02-08 12:15:29,Noida,89f15c8c71a7
ACC-000818,Tripti Borah,Kotak Mahindra Bank,Savings,2026-07-08 12:15:24,Jaipur,188043729bf6
ACC-000538,Vrishti Dhar,State Bank of India,Savings,2024-01-31 22:00:01,Noida,47d2ccd8c103
ACC-000759,Kritika Chadha,Punjab National Bank,Savings,2025-03-16 15:36:26,Noida,6b0cc30e7197
ACC-001069,Jacob Aggarwal,Kotak Mahindra Bank,Current,2026-05-10 01:19:43,Lucknow,d122e2c5f408
ACC-000893,Chakrika Bedi,ICICI Bank,Savings,2023-11-01 11:59:05,New Delhi,77adfefc789e
ACC-000039,Watika Din,HDFC Bank,Savings,2025-11-16 17:32:12,Lucknow,324dd1566e5f
ACC-000176,Ethan Minhas,Punjab National Bank,Savings,2024-04-25 07:54:05,New Delhi,fa9b1ddeb900
ACC-000246,Vasatika Sachdeva,Axis Bank,Savings,2024-02-25 18:53:13,Mumbai,68397eaf9c89
ACC-000811,Isaac Grewal,State Bank of India,Savings,2025-06-09 17:38:59,New Delhi,e9166ce03b04
ACC-001085,Ekansh Krishna,Kotak Mahindra Bank,Current,2026-06-29 12:11:39,Chennai,37c858679489
ACC-001078,Amol Pillay,ICICI Bank,Savings,2025-07-04 09:29:10,Bengaluru Urban,ad725c7f3d37
ACC-000785,Frederick Madan,State Bank of India,Savings,2023-12-15 16:03:48,Ahmedabad,89da76cd041c
ACC-001185,Watika Kalla,Axis Bank,Savings,2024-03-17 03:49:38,Lucknow,f9974415a145
ACC-000490,Yashasvi Prabhakar,Axis Bank,Savings,2024-12-06 22:21:12,New Delhi,4af12eac4057
ACC-000155,Warhi Dhillon,HDFC Bank,Savings,2024-08-14 10:07:39,New Delhi,81044b8a60e3
ACC-000639,Raagini Wali,Punjab National Bank,Savings,2024-11-29 09:52:13,Chennai,7f0e0b13ce22
ACC-000663,Gunbir Walla,ICICI Bank,Current,2026-04-06 05:31:55,Hyderabad,0b2782be40f2
ACC-000854,Janaki Saxena,HDFC Bank,Savings,2024-08-02 18:49:32,Hyderabad,817644e6f54e
ACC-000288,Omaja Hayer,Kotak Mahindra Bank,Savings,2026-03-24 06:11:53,New Delhi,73df48aebc40
ACC-000626,Lipika Bhandari,Axis Bank,Savings,2026-04-29 16:06:22,Bengaluru Urban,48ad2fbd6a06
ACC-001200,Harini Divan,Axis Bank,Savings,2025-10-31 18:04:34,Mumbai,ba9182fde904
ACC-000686,Faras Bhandari,Axis Bank,Savings,2026-04-30 05:58:24,Hyderabad,3be464a78639
ACC-000873,Omkaar Anand,State Bank of India,Savings,2023-12-18 12:23:11,Pune,b77207ffaf56
ACC-000570,Chandran Pant,Kotak Mahindra Bank,Savings,2024-09-09 11:02:31,Ahmedabad,5d825b5ed099
ACC-001144,Orinder Bhatnagar,State Bank of India,Savings,2026-01-19 00:47:45,Bengaluru Urban,7b9d043ee1dc
ACC-000735,Pranav Gour,Punjab National Bank,Current,2024-02-12 11:06:07,Hyderabad,e3472b1560dd
ACC-000793,Raksha Bhalla,Axis Bank,Savings,2024-02-20 04:55:10,Mumbai,6fcd02312809
ACC-000018,Dayamai Halder,HDFC Bank,Savings,2025-10-13 14:38:19,Ahmedabad,950a363c88b6
ACC-000128,Eshana Dasgupta,State Bank of India,Current,2024-10-04 12:52:30,Hyderabad,9e02906faf3d
ACC-000323,Banjeet Sandhu,Kotak Mahindra Bank,Savings,2024-08-22 07:26:55,New Delhi,d2c5d79c37c8
ACC-000256,Garima Khare,Bank of Baroda,Savings,2025-01-30 22:00:12,Pune,12f67a3cec04
ACC-000944,Thomas Sule,Punjab National Bank,Savings,2026-05-20 01:25:38,Ahmedabad,2db317cc9e16
ACC-001180,Chakrika Sibal,State Bank of India,Savings,2025-09-16 09:39:53,Ahmedabad,1c77fd29ddb6
ACC-000191,Vansha Sinha,Axis Bank,Savings,2026-07-24 01:52:49,Lucknow,8ba8b1419ec4
ACC-000116,Veda Viswanathan,Kotak Mahindra Bank,Savings,2025-08-15 10:17:31,Mumbai,23ee6c59f806
ACC-001174,Bhavini Master,Kotak Mahindra Bank,Savings,2024-03-30 21:14:46,Hyderabad,8e827c29bfd1
ACC-000889,Banjeet Bora,Kotak Mahindra Bank,Savings,2026-06-05 15:02:12,Chennai,ecfecbd6952d
ACC-000607,Sanya Narain,State Bank of India,Savings,2024-10-11 22:20:31,Jaipur,1ee58e7606b0
ACC-000181,Kavya Kapoor,Axis Bank,Savings,2024-11-04 09:35:43,Noida,f79d71696c65
ACC-000302,Jeet Butala,Punjab National Bank,Savings,2026-05-29 06:22:06,Jaipur,737e961a48e1
ACC-000497,Faraj Agrawal,Kotak Mahindra Bank,Savings,2025-06-11 18:11:09,Hyderabad,28ebe586db09
ACC-000349,Yachana Banerjee,HDFC Bank,Savings,2024-06-05 17:06:49,New Delhi,163223692eea
ACC-001036,Madhavi Mutti,Kotak Mahindra Bank,Savings,2026-04-01 10:13:23,Pune,cb4d59380b1b
ACC-000983,Liam Mangal,HDFC Bank,Current,2026-01-22 23:39:08,Jaipur,aa03d30e8d7b
ACC-000745,Hemang Sha,Punjab National Bank,Savings,2025-09-19 03:13:20,Chennai,18560ca4b743
ACC-001152,Kalpit Sibal,ICICI Bank,Savings,2025-09-21 07:39:46,Mumbai,5461b478ee5f
ACC-000518,Pratyush Bail,Kotak Mahindra Bank,Savings,2026-02-18 16:16:05,Ahmedabad,c4ddc0c748cf
ACC-000373,Krishna Parikh,HDFC Bank,Savings,2026-06-06 07:26:09,Pune,086d54549c45
ACC-000046,Aayush Jhaveri,State Bank of India,Savings,2025-06-27 16:21:03,New Delhi,324dd1566e5f
ACC-000477,Shivani Pai,Bank of Baroda,Current,2026-04-09 01:30:28,Pune,bc233e63bbed
ACC-000158,Ekansh Raja,State Bank of India,Savings,2025-08-10 20:23:49,Jaipur,a0b012e709a0
ACC-001047,Kala Reddy,State Bank of India,Current,2025-02-09 11:37:32,Jaipur,86be181b096b
ACC-000172,Madhav Bobal,HDFC Bank,Savings,2023-10-22 23:44:21,Ahmedabad,19c4aabe4f31
ACC-000017,Upadhriti Dhar,Axis Bank,Savings,2024-11-19 18:56:13,New Delhi,48a5b9fb58c4
ACC-000512,Zarna Narasimhan,ICICI Bank,Savings,2025-08-04 08:16:34,Pune,c881388137c0
ACC-000049,Robert Patla,Axis Bank,Savings,2025-09-11 05:11:20,Jaipur,fb6698a49157
ACC-000192,Forum Gole,Bank of Baroda,Savings,2024-10-05 11:16:38,Ahmedabad,324dd1566e5f
ACC-000547,Daniel Sidhu,Bank of Baroda,Savings,2025-10-23 02:13:00,Lucknow,47cb09d6117c
ACC-000516,Vrishti Shan,Kotak Mahindra Bank,Savings,2025-01-31 21:40:04,Hyderabad,9a0cb27963b6
ACC-000978,Ladli Mander,Axis Bank,Savings,2024-04-26 07:45:00,Ahmedabad,d7e88df1bae8
ACC-000939,Vincent Sood,Bank of Baroda,Savings,2023-12-28 00:38:57,New Delhi,43618bff91a9
ACC-000829,Pooja Malhotra,Kotak Mahindra Bank,Savings,2024-11-21 01:39:44,Bengaluru Urban,14186eba924b
ACC-000984,Brijesh Bal,HDFC Bank,Savings,2024-04-05 00:24:22,Jaipur,e0e421e3aae7
ACC-000481,Jyoti Garde,Kotak Mahindra Bank,Savings,2025-01-12 11:30:04,Ahmedabad,980b91dd4a84
ACC-001129,Praneel Pillay,HDFC Bank,Savings,2026-05-15 02:06:54,Lucknow,e24385b7759e
ACC-000284,Januja Bahri,Axis Bank,Current,2025-12-23 03:34:08,Pune,508431b9eb6e
ACC-001030,Lavanya Sani,Bank of Baroda,Savings,2024-04-12 07:02:38,Pune,633ea68558aa
ACC-000798,Anusha Batta,Punjab National Bank,Savings,2024-08-29 01:39:17,Chennai,538e11c4cc0b
ACC-000940,Ekta Boase,State Bank of India,Savings,2025-01-10 05:27:07,Hyderabad,a47ccdb3442f
ACC-000226,Indira Nair,ICICI Bank,Savings,2023-10-17 17:36:08,Jaipur,78d169b3a3a9
ACC-000027,Avni Banerjee,Axis Bank,Savings,2025-09-27 15:44:35,Ahmedabad,7c862c1ee270
ACC-000283,Lopa Kibe,Bank of Baroda,Savings,2024-05-26 11:41:11,Lucknow,f5bf04a5013c
ACC-001150,Harinakshi Panchal,State Bank of India,Savings,2024-09-04 04:51:09,Hyderabad,59c4c5b7f25a
ACC-000438,Vincent Vig,State Bank of India,Savings,2024-08-08 12:40:08,Mumbai,69e07ec92535
ACC-001168,Michael Narayanan,ICICI Bank,Savings,2024-11-04 18:01:44,New Delhi,27b1dbf7ec1d
ACC-000365,Saumya Vohra,Axis Bank,Savings,2025-07-03 07:52:40,Bengaluru Urban,9d660fa9326d
ACC-000230,Chandani Suresh,ICICI Bank,Savings,2024-02-23 05:40:27,Jaipur,c04577b05565
ACC-000038,Neel Palla,HDFC Bank,Current,2024-05-19 05:35:04,Ahmedabad,b051a2acd3dc
ACC-000670,Wishi Setty,Kotak Mahindra Bank,Savings,2024-03-26 11:40:40,Hyderabad,e958676a0884
ACC-000750,Ishita Sodhi,Axis Bank,Savings,2026-01-22 08:48:25,Mumbai,a9f38e6dab59
ACC-001181,Aditya Chakraborty,Bank of Baroda,Savings,2025-04-17 02:56:56,New Delhi,4da96409ba4b
ACC-000375,Jagvi Chopra,HDFC Bank,Savings,2025-08-10 16:17:41,Hyderabad,fea1bbb13e50
ACC-000470,Radhika Subramanian,State Bank of India,Savings,2025-07-21 19:55:03,Noida,b4b442f9143e
ACC-000883,Advaith Kapur,Bank of Baroda,Savings,2024-10-21 04:25:31,Pune,2af0205913d5
ACC-001182,Amara Datta,Axis Bank,Savings,2025-08-02 23:31:37,New Delhi,953228bb1cb9
ACC-000688,Brijesh Borde,State Bank of India,Savings,2025-04-28 22:33:18,Chennai,7a1d456a9f2d
ACC-000033,Lucky Nazareth,Axis Bank,Savings,2024-02-26 05:43:55,Ahmedabad,a0b012e709a0
ACC-001011,Unnati Walla,ICICI Bank,Savings,2024-03-18 01:51:42,Jaipur,d5de5e15fe10
ACC-001176,Harsh Bumb,State Bank of India,Savings,2025-07-15 16:41:51,Pune,244cff42fbba
ACC-000195,Lavanya Gill,Bank of Baroda,Savings,2024-06-04 23:35:29,Hyderabad,3af6f57fd814
ACC-001106,Ekta Padmanabhan,Axis Bank,Savings,2023-11-03 22:28:44,New Delhi,3ca45ec39a59
ACC-001114,Turvi Kibe,ICICI Bank,Savings,2025-09-02 07:00:42,Pune,d3e21f48bc51
ACC-001064,Chaitanya Patil,Kotak Mahindra Bank,Savings,2023-11-26 08:44:51,Hyderabad,43b177525db0
ACC-000504,Jairaj Kapoor,Bank of Baroda,Savings,2024-06-10 20:11:03,New Delhi,6e5206eef413
ACC-000916,Vihaan Dugar,Punjab National Bank,Savings,2025-10-18 17:40:59,Pune,f230176ea9a5
ACC-000977,Devika Rout,State Bank of India,Savings,2025-05-15 08:17:44,Ahmedabad,03db61f4634a
ACC-001183,Samaksh Chadha,Punjab National Bank,Savings,2026-04-19 05:56:52,Mumbai,2c3c648cb4ab
ACC-001088,Oni Mahajan,HDFC Bank,Savings,2026-05-21 14:58:25,New Delhi,6c9a27364a75
ACC-000801,Gaurika Panchal,State Bank of India,Current,2026-03-31 21:12:41,Ahmedabad,d73a724ca07d
ACC-000580,Thomas Hans,State Bank of India,Current,2024-08-28 09:44:08,New Delhi,a6432ba584f1
ACC-000161,Irya Balakrishnan,Kotak Mahindra Bank,Savings,2024-10-09 21:44:47,Pune,23ee6c59f806
ACC-000681,Sai Saha,Bank of Baroda,Savings,2023-11-12 06:59:13,Ahmedabad,c6ba964eb26e
ACC-001198,Triveni Lanka,ICICI Bank,Current,2026-05-09 05:08:36,Hyderabad,ba4cbede2705
ACC-000163,Geetika Keer,Bank of Baroda,Savings,2026-07-23 08:23:24,Noida,81d04e28c663
ACC-000822,Ekaraj Zachariah,Bank of Baroda,Savings,2025-11-29 16:02:17,Hyderabad,71a0d0ba9fc3
ACC-000706,Joshua Pradhan,Bank of Baroda,Savings,2025-05-15 01:52:18,Mumbai,fc427633489e
ACC-001009,Indali Padmanabhan,HDFC Bank,Savings,2024-06-25 17:55:24,Ahmedabad,6ff023041740
ACC-000878,Robert Johal,Axis Bank,Savings,2025-12-05 20:31:47,Pune,dce800e825e8
ACC-000896,Faris Thakkar,State Bank of India,Savings,2024-05-31 14:37:15,Jaipur,cebb6959abc5
ACC-000914,Pooja Thaman,HDFC Bank,Savings,2024-03-22 22:47:32,Hyderabad,083c800f4c24
ACC-001199,Netra Gill,Kotak Mahindra Bank,Savings,2025-06-11 05:32:07,Hyderabad,6ffa4b64399c
ACC-000153,Pallavi Bajwa,Kotak Mahindra Bank,Savings,2024-07-21 20:58:44,Noida,a4137a41b727
ACC-000979,Pratyush Palla,Bank of Baroda,Savings,2024-04-04 12:29:59,Ahmedabad,86f53b4f9c09
ACC-001003,Robert Jhaveri,HDFC Bank,Savings,2025-09-25 14:05:58,New Delhi,6e0e270ba1cb
ACC-000510,Falan Modi,Kotak Mahindra Bank,Savings,2024-09-24 08:12:17,Jaipur,2afa174d601d
ACC-000112,Gagan Bajaj,ICICI Bank,Savings,2025-01-27 15:46:34,Ahmedabad,74f8e0d69e53
ACC-000227,Maanav Saha,Bank of Baroda,Current,2026-04-27 11:09:35,New Delhi,62f8d3f55b7c
ACC-000986,Jagat Radhakrishnan,Axis Bank,Savings,2024-11-04 15:32:28,Bengaluru Urban,5d28f0b0e996
ACC-000852,Elijah Karnik,Bank of Baroda,Savings,2025-01-06 15:56:18,Pune,daae7a8b3822
ACC-000104,Raghav Badami,Axis Bank,Savings,2025-11-30 17:08:37,Bengaluru Urban,5150fa519223
ACC-000422,Nitesh Agarwal,Bank of Baroda,Savings,2026-05-21 05:52:07,Hyderabad,d172a00cb8f0
ACC-000420,Pushti Dara,Kotak Mahindra Bank,Savings,2025-12-28 16:03:02,New Delhi,2958d8c28650
ACC-000625,Inaya Sharaf,ICICI Bank,Savings,2023-09-08 08:09:50,Jaipur,32aa5e301807
ACC-000587,Ijaya Rastogi,Kotak Mahindra Bank,Savings,2025-09-19 03:11:01,Pune,174c129f30f4
ACC-001061,Anay Borra,Punjab National Bank,Current,2025-10-17 12:22:07,Noida,cd6733e70e99
ACC-000920,Janani Bajwa,HDFC Bank,Savings,2024-11-02 17:59:48,Mumbai,2687c8edca7f
ACC-000673,Rayaan Sathe,Punjab National Bank,Savings,2026-02-11 08:09:46,Jaipur,0df6acc72c71
ACC-000120,Charvi Dass,Punjab National Bank,Savings,2024-02-03 06:43:59,Lucknow,976ac7410d42
ACC-000054,Liam Suri,Axis Bank,Savings,2023-10-29 09:54:24,Hyderabad,fb6698a49157
ACC-000152,Ekta Barman,Kotak Mahindra Bank,Savings,2025-09-01 10:44:30,Lucknow,fa9b1ddeb900
ACC-000404,Indali Manne,ICICI Bank,Savings,2023-09-04 04:34:49,Chennai,93d5ca4985b0
ACC-001189,Netra Krish,ICICI Bank,Savings,2024-12-22 03:53:20,Hyderabad,86f4a8db32be
ACC-000208,Anay Sandhu,HDFC Bank,Savings,2024-12-07 10:05:41,Noida,fb6698a49157
ACC-001135,Ria Golla,Kotak Mahindra Bank,Savings,2025-05-17 19:36:11,Bengaluru Urban,4bed29302070
ACC-000659,Omaja Sengupta,HDFC Bank,Savings,2026-05-30 02:25:01,Chennai,8b2cb10c4044
ACC-001097,Anusha Shenoy,Bank of Baroda,Savings,2024-08-31 07:27:34,Jaipur,f7f2828c530c
ACC-000233,Aditya Mohan,Punjab National Bank,Savings,2024-02-03 07:35:38,Noida,6e2271d78b85
ACC-000009,Qarin Dube,HDFC Bank,Savings,2024-04-14 03:45:04,Bengaluru Urban,b051a2acd3dc
ACC-000160,Hritik Tandon,Kotak Mahindra Bank,Savings,2026-05-22 06:42:23,Pune,a4137a41b727
ACC-000037,Ayush Sibal,Kotak Mahindra Bank,Savings,2024-09-15 11:06:27,Noida,5150fa519223
ACC-000453,Tara Baral,Axis Bank,Savings,2025-12-31 09:26:03,Hyderabad,ce74920de009
ACC-000652,Odika Kari,ICICI Bank,Savings,2026-07-12 12:16:47,Lucknow,87b312f00599
ACC-000254,Banjeet Chada,ICICI Bank,Savings,2025-09-20 16:30:18,Lucknow,284960764f50
ACC-000304,Suhani Chand,Punjab National Bank,Savings,2026-06-18 02:05:53,New Delhi,eb07b7338729
ACC-000897,Sai Bhatt,State Bank of India,Savings,2024-04-05 21:09:04,Bengaluru Urban,138329445178
ACC-001049,Daksh Kibe,Punjab National Bank,Savings,2025-04-05 08:10:17,Lucknow,1426e1a65097
ACC-000881,Ayush Choudhry,State Bank of India,Current,2025-01-06 23:35:16,Mumbai,40d47127a1d7
ACC-000572,Shivansh Korpal,Punjab National Bank,Current,2025-11-26 04:35:43,Chennai,6ca598f76ce4
ACC-000624,Kala Garde,Punjab National Bank,Savings,2025-11-06 14:57:18,Lucknow,21a317c62946
ACC-001145,Manan Dutt,Axis Bank,Savings,2024-06-16 13:34:49,Bengaluru Urban,b73a5a10f459
ACC-001031,Laksh Chada,Punjab National Bank,Savings,2023-09-08 16:15:41,Lucknow,7102b19e9bf8
ACC-001146,Ira Pandey,ICICI Bank,Savings,2026-01-23 01:13:46,New Delhi,136b9609534b
ACC-000263,Jalsa Bal,State Bank of India,Savings,2025-07-26 08:32:35,Bengaluru Urban,c87d123284a8
ACC-000611,Arjun Mittal,Axis Bank,Savings,2026-03-23 17:18:54,Mumbai,491e521076f1
ACC-000298,Idika Comar,Kotak Mahindra Bank,Savings,2026-04-14 04:29:01,Hyderabad,f15da880de00
ACC-000990,Eiravati Goda,Axis Bank,Savings,2024-03-25 20:21:55,Noida,83ca73198d33
ACC-000415,Varenya Das,HDFC Bank,Current,2026-05-07 22:49:18,Hyderabad,cdcacb7756c4
ACC-000151,Krish Sule,State Bank of India,Current,2026-03-17 07:36:14,Lucknow,fb6698a49157
ACC-000946,Chanchal Sehgal,ICICI Bank,Savings,2023-11-25 12:51:11,Hyderabad,ee497e7bf5e2
ACC-000473,Brinda Mani,Axis Bank,Savings,2024-08-09 08:40:53,Lucknow,f299dce8b020
ACC-000953,Hritik Krishnamurthy,Axis Bank,Current,2023-12-07 05:55:30,Pune,447c8b6a8f68
ACC-000988,Michael Saraf,Axis Bank,Savings,2024-11-07 11:30:07,Jaipur,bdc7898b97a4
ACC-000779,Dominic Mistry,Kotak Mahindra Bank,Current,2024-12-01 23:25:27,Hyderabad,580fd3822809
ACC-000641,Girindra Shan,Kotak Mahindra Bank,Savings,2025-01-10 12:51:16,Pune,7eee0904371a
ACC-001190,Rachana Deshmukh,State Bank of India,Current,2024-03-20 11:12:08,Pune,29d355097d71
ACC-001143,Gagan D’Alia,Axis Bank,Savings,2024-06-19 21:54:51,Jaipur,02bcb9385282
ACC-000551,Nihal Chauhan,Axis Bank,Savings,2023-10-03 07:47:30,Ahmedabad,77f7bcf54bd4
ACC-000640,Advika Amble,Bank of Baroda,Savings,2026-01-04 05:39:17,New Delhi,b09f24f251a6
ACC-000936,Shivani Sampath,Punjab National Bank,Savings,2023-12-11 17:21:23,Noida,f33ea5235f74
ACC-000929,Charles Lad,Punjab National Bank,Current,2025-12-05 18:09:49,Mumbai,dae2b5c25212
ACC-000489,Damini Dhar,Axis Bank,Savings,2026-03-29 09:34:26,Hyderabad,51cb05fff058
ACC-000820,Pallavi Chandra,Punjab National Bank,Savings,2025-04-16 06:57:22,Noida,57b23d92c952
ACC-000711,Maanas Kanda,State Bank of India,Savings,2024-10-11 22:16:57,Pune,7f3997eefa0f
ACC-001081,Hemani Sampath,Kotak Mahindra Bank,Current,2025-05-22 18:12:19,Mumbai,081447853285
ACC-000148,Pushti Thaman,Bank of Baroda,Savings,2025-11-27 08:42:01,Ahmedabad,f79d71696c65
ACC-000147,Mohammed Chokshi,Axis Bank,Savings,2026-04-20 06:17:14,Mumbai,c823337a99bb
ACC-001175,Viraj Borra,Kotak Mahindra Bank,Savings,2024-01-07 20:30:15,Mumbai,85595e6edd69
ACC-000963,Charvi Prabhu,Punjab National Bank,Savings,2025-05-12 13:27:33,New Delhi,e9ead5d26630
ACC-000346,Krishna Gara,Bank of Baroda,Savings,2025-11-13 22:16:47,Noida,d10dbe8ebe76
ACC-000403,Tanmayi Sathe,State Bank of India,Current,2024-05-12 01:42:51,Hyderabad,95362b2bd27f
ACC-000932,Yashasvi Rajagopal,HDFC Bank,Savings,2023-12-14 14:05:53,Jaipur,5e706927ea04
ACC-000955,Janya Gokhale,Axis Bank,Savings,2026-03-20 18:05:10,New Delhi,03327e29e2a5
ACC-001125,Simon Munshi,Bank of Baroda,Savings,2025-10-15 12:11:34,Lucknow,1863f43b3836
ACC-000660,Owen Talwar,ICICI Bank,Savings,2026-07-13 14:26:07,New Delhi,0f3d35758932
ACC-000464,Nidra Loyal,Bank of Baroda,Current,2026-01-31 18:00:33,Mumbai,88ba6c8e6c7b
ACC-000187,Victor Shenoy,Kotak Mahindra Bank,Savings,2025-06-02 18:51:42,Ahmedabad,1346a7478a1d
ACC-000609,Ranveer Raval,Kotak Mahindra Bank,Savings,2026-03-29 08:47:09,Hyderabad,09509489e108
ACC-000144,Hredhaan Rai,Punjab National Bank,Savings,2024-02-07 21:06:47,Bengaluru Urban,fb6698a49157
ACC-000752,Suhani Mannan,ICICI Bank,Savings,2026-05-08 11:27:48,Jaipur,8e7e915b5561
ACC-000982,Udyati Wable,Punjab National Bank,Savings,2026-02-15 19:10:16,Lucknow,2b2fb7d04b3f
ACC-000198,Manya Dash,Kotak Mahindra Bank,Savings,2024-02-25 13:51:07,Noida,cdc56c4e40ac
ACC-000884,Timothy Solanki,State Bank of India,Current,2024-12-13 23:25:07,Lucknow,a64559052609
ACC-000280,Bhavya Choudhury,Punjab National Bank,Savings,2024-11-01 21:29:32,New Delhi,c1e393ccc0f2
ACC-000294,Christopher Thakur,HDFC Bank,Current,2024-09-13 11:12:22,Hyderabad,c708fc541c98
ACC-001089,Ridhi Murty,State Bank of India,Savings,2024-08-19 16:38:47,New Delhi,8d8cd6e8438c
ACC-000401,Vincent Mutti,Axis Bank,Savings,2025-10-16 11:10:41,Pune,96b4ac7848ab
ACC-000123,Harish Tella,Punjab National Bank,Savings,2025-05-26 22:46:40,Mumbai,a0b012e709a0
ACC-000203,Leena Iyer,HDFC Bank,Savings,2026-07-28 21:21:06,Ahmedabad,74f8e0d69e53
ACC-000836,Gunbir Peri,ICICI Bank,Savings,2024-10-20 13:53:58,New Delhi,3cb8d2b1c28b
ACC-000247,Saumya Srivastava,ICICI Bank,Current,2024-12-26 17:00:57,Noida,49ea251e5a17
ACC-001140,Aahana Mitra,State Bank of India,Savings,2026-03-31 04:08:03,Noida,0dc12fc19005
ACC-000385,Nachiket Garg,State Bank of India,Savings,2024-02-09 02:42:51,Mumbai,fd016753131c
ACC-000855,Qadim Hans,HDFC Bank,Current,2024-04-18 23:19:18,Pune,7ebc8baf7f58
ACC-000220,Watika Char,Punjab National Bank,Savings,2025-09-21 03:15:00,Hyderabad,99d027db2213
ACC-000642,Avni Keer,Kotak Mahindra Bank,Savings,2024-05-26 00:14:47,Mumbai,7e181d82da71
ACC-000002,Pratyush Varma,Bank of Baroda,Savings,2024-09-16 11:32:56,Pune,f79d71696c65
ACC-000113,Harita Nigam,State Bank of India,Current,2026-06-13 04:08:36,Lucknow,c823337a99bb
ACC-000699,Aadhya Shenoy,Bank of Baroda,Savings,2025-02-27 03:07:00,Bengaluru Urban,05142783745a
ACC-000952,Jack Madan,Axis Bank,Savings,2026-01-02 13:53:02,New Delhi,24ce43ff616b
ACC-001079,Falan Andra,ICICI Bank,Savings,2026-04-21 05:20:03,Mumbai,c89cb1b2e0d1
ACC-000442,Libni Kunda,Punjab National Bank,Savings,2025-02-25 04:56:16,Lucknow,266b96b249a2
ACC-000664,Kalpit Behl,Kotak Mahindra Bank,Savings,2025-11-27 13:13:25,Chennai,182949a1bc69
ACC-001197,Mason Maharaj,State Bank of India,Savings,2023-10-28 13:50:45,Pune,162387582e70
ACC-000318,Manya Om,Kotak Mahindra Bank,Savings,2024-03-27 23:54:04,Ahmedabad,01e71ac6e145
ACC-000649,Ethan Barman,Kotak Mahindra Bank,Savings,2024-08-09 03:23:41,Ahmedabad,12f848542b1e
ACC-000710,Veer Raju,HDFC Bank,Savings,2024-02-13 07:11:10,Pune,dcd41849f66c
ACC-000973,Radha Saran,State Bank of India,Savings,2026-02-10 07:05:05,Chennai,bfa38d1a629c
ACC-000628,Raagini Natt,Kotak Mahindra Bank,Savings,2025-05-11 16:58:59,Chennai,b38ea39393fa
ACC-000633,Caleb Grewal,Kotak Mahindra Bank,Savings,2026-03-08 01:30:40,Hyderabad,4a21f9215003
ACC-001172,Ira Rout,Kotak Mahindra Bank,Savings,2024-06-07 00:35:34,Noida,00ed78c90bef
ACC-001107,Ekaja Mani,ICICI Bank,Savings,2025-03-19 02:54:50,Ahmedabad,185369b551c5
ACC-000796,Yochana Aurora,HDFC Bank,Savings,2025-03-13 20:01:17,Ahmedabad,1e9ee261c49f
ACC-000646,Parth Amble,Bank of Baroda,Savings,2024-03-24 21:55:20,New Delhi,0b7d2c6dee21
ACC-001013,Ikbal Kota,HDFC Bank,Savings,2025-04-27 22:31:48,Bengaluru Urban,d66f6448a2ab
ACC-000557,Samesh Din,ICICI Bank,Current,2024-08-01 09:18:28,Pune,7f3cb13a198f
ACC-000682,Meghana Srinivasan,State Bank of India,Savings,2025-07-05 12:06:10,Jaipur,17139f891b36
ACC-000578,Jacob Bali,Punjab National Bank,Current,2026-03-07 17:13:26,Jaipur,84a1f00f7246
ACC-000525,Ayushman Trivedi,State Bank of India,Savings,2025-02-01 16:11:25,Mumbai,5ba1b46e2ec3
ACC-001060,Oliver Nadig,Axis Bank,Savings,2025-02-12 14:53:30,Lucknow,6d9642bebf93
ACC-000541,Ria Tandon,Bank of Baroda,Savings,2024-04-11 07:06:26,Chennai,bbc84daa54c2
ACC-000749,Ayush Naidu,ICICI Bank,Current,2024-10-22 17:50:14,New Delhi,786035c3e91b
ACC-001110,Chakradev Singh,Axis Bank,Savings,2025-05-21 00:46:13,Noida,8c597742c082
ACC-000485,Amruta Dalal,HDFC Bank,Current,2024-01-11 03:10:41,Lucknow,205fb418b31c
ACC-000096,Henry Dey,Bank of Baroda,Savings,2024-05-06 18:53:16,Jaipur,2816d07f2649
ACC-001021,Ganga Datta,Kotak Mahindra Bank,Savings,2026-07-05 15:08:28,Chennai,16231b7a45ba
ACC-000564,Dalaja Apte,Kotak Mahindra Bank,Savings,2023-10-16 00:26:33,Chennai,8e3b63f8981e
ACC-000743,Nidra Dave,State Bank of India,Savings,2026-04-29 00:28:41,Mumbai,14d8130bc8a3
ACC-000864,Aadi Thakur,ICICI Bank,Savings,2025-11-30 03:46:46,Ahmedabad,8841e50b9d67
ACC-000892,Oscar Krishna,State Bank of India,Savings,2024-12-05 08:11:14,Noida,4e6c35992779
ACC-001039,Abhimanyu Lata,State Bank of India,Savings,2026-05-14 10:02:49,Noida,e29a951b8fac
ACC-000207,Ekta Oommen,Axis Bank,Savings,2024-12-29 03:42:27,New Delhi,7c862c1ee270
ACC-000393,Henry Suresh,ICICI Bank,Savings,2025-08-17 12:04:59,Pune,f2410b341d1c
ACC-000795,Barkha Sankaran,HDFC Bank,Savings,2026-04-27 15:11:38,Mumbai,193f20fed307
ACC-000871,Udant Manda,Punjab National Bank,Savings,2026-01-29 11:25:03,Noida,d80c003a1194
ACC-000398,Barkha Das,Punjab National Bank,Savings,2025-09-29 19:30:16,Hyderabad,a3f2ea497f9d
ACC-000767,Bina Ganguly,Punjab National Bank,Savings,2024-03-15 13:43:45,Bengaluru Urban,0a72a86209cb
ACC-001100,Akshay Nayak,Bank of Baroda,Savings,2025-09-23 16:17:59,Bengaluru Urban,8337d9cca03c
ACC-001029,Caleb Wadhwa,Punjab National Bank,Savings,2024-09-11 10:34:51,New Delhi,61ba6460e5c9
ACC-000643,Aryan Zachariah,ICICI Bank,Savings,2026-01-02 18:52:31,Chennai,e623f7ad4b9c
ACC-000613,Harrison Karnik,ICICI Bank,Savings,2025-01-18 15:52:03,Ahmedabad,fff3eb8fa802
ACC-000961,Aarav Dutt,HDFC Bank,Savings,2025-09-25 21:22:58,Chennai,7845b5c67b18
ACC-000726,Brinda Toor,ICICI Bank,Savings,2025-09-20 18:16:44,Pune,db148ea5f439
ACC-000684,Barkha Parikh,Kotak Mahindra Bank,Current,2025-01-22 21:11:02,Hyderabad,e4c04c0d119c
ACC-000099,Ryan Parekh,HDFC Bank,Savings,2025-01-31 22:24:24,Lucknow,8de03c814e88
ACC-000805,Osha Choudhry,Punjab National Bank,Savings,2024-04-13 08:59:10,Pune,3af9ef7485c2
ACC-000407,Jyoti Shanker,Punjab National Bank,Savings,2023-12-25 05:17:56,Chennai,033f2ed74722
ACC-000503,Bhanumati Bedi,HDFC Bank,Current,2024-08-22 17:23:11,Mumbai,f6d60989fb4d
ACC-001072,Arya Shroff,Kotak Mahindra Bank,Savings,2024-09-27 17:10:24,Noida,5efc1abfaa2d
ACC-001057,Ekavir Pandey,HDFC Bank,Savings,2026-04-19 22:51:16,Noida,91d16f95573e
ACC-000930,Dalaja Doshi,Bank of Baroda,Savings,2023-09-22 16:32:54,Lucknow,048a03d6f4f4
ACC-000780,Jyoti Dara,ICICI Bank,Savings,2026-01-07 11:57:27,New Delhi,f16eebaa32f1
ACC-000201,David Trivedi,Bank of Baroda,Savings,2024-10-14 19:12:51,Jaipur,324dd1566e5f
ACC-000135,Omya Setty,State Bank of India,Current,2025-02-06 18:30:27,Noida,81d04e28c663
ACC-001052,Laksh Panchal,Axis Bank,Savings,2025-11-13 00:42:16,Noida,90620240d295
ACC-000041,Ansh Pandya,Punjab National Bank,Savings,2025-05-11 18:06:29,Hyderabad,a4137a41b727
ACC-001018,Robert Chandran,Bank of Baroda,Savings,2026-04-13 16:52:28,Pune,d918887fc67d
ACC-000231,Ati Kala,Bank of Baroda,Savings,2026-04-27 07:40:34,New Delhi,3767c0e230b1
ACC-000379,Jatin Vora,HDFC Bank,Savings,2025-08-08 12:13:10,Bengaluru Urban,9bc469b82fb9
ACC-000289,Lekha Yadav,Punjab National Bank,Savings,2024-06-12 09:32:00,Lucknow,f36ed4c2062d
ACC-000419,Harrison Warrior,ICICI Bank,Savings,2025-07-16 01:45:24,New Delhi,990cd2842fda
ACC-000392,Ekta Dora,ICICI Bank,Savings,2024-08-24 22:45:09,Jaipur,6dfaeca41a54
ACC-000593,Siya Mall,State Bank of India,Savings,2025-03-02 19:20:13,Jaipur,1f23d7f3ba54
ACC-001087,Yuvraj Mittal,Axis Bank,Savings,2025-02-07 18:38:16,Pune,91e54c7310dc
ACC-000648,Logan Bir,Kotak Mahindra Bank,Savings,2025-09-12 12:23:59,Noida,c98cb0adeee4
ACC-000521,Vivaan Saraf,Bank of Baroda,Current,2025-01-16 07:37:09,New Delhi,8c29b042a896
ACC-000065,Chaitanya Bail,HDFC Bank,Savings,2024-11-06 13:38:10,Hyderabad,8de03c814e88
ACC-000015,Umang Muni,ICICI Bank,Savings,2024-09-10 04:27:54,Noida,48a5b9fb58c4
ACC-001065,Jason Khare,Bank of Baroda,Savings,2023-11-01 12:05:18,Ahmedabad,73a3df72619e
ACC-000493,Ridhi Trivedi,Bank of Baroda,Savings,2026-04-10 18:54:51,Pune,b0b4d0c6944d
ACC-000380,Onkar Karnik,HDFC Bank,Savings,2024-12-18 07:01:50,Jaipur,e9ed3a782923
ACC-000188,Falguni Krishna,Axis Bank,Savings,2024-02-08 19:59:38,Bengaluru Urban,950a363c88b6
ACC-000764,Frado Rai,HDFC Bank,Savings,2025-05-23 13:55:03,Pune,57db661bcc57
ACC-000217,Aarav Raman,Kotak Mahindra Bank,Savings,2024-02-11 19:18:51,New Delhi,227fea722c3b
ACC-000792,Anay Kara,HDFC Bank,Savings,2024-06-04 08:04:46,Bengaluru Urban,5ed974fc2ecd
ACC-001077,Ishani Gopal,Bank of Baroda,Current,2025-03-10 11:37:12,Mumbai,99d8fe9f282c
ACC-000879,Shaurya Sarraf,Axis Bank,Current,2024-07-24 14:08:18,Hyderabad,128b676b304a
ACC-000338,Advika Mammen,Bank of Baroda,Savings,2024-12-10 01:55:36,Lucknow,7e6179df0c47
ACC-000720,Lakshmi Chaudhary,State Bank of India,Current,2023-10-19 14:41:50,Chennai,dd639db824b7
ACC-000296,Chaitaly Bora,HDFC Bank,Current,2025-02-15 17:47:20,Pune,ffa49484e5c3
ACC-001017,Triveni Dewan,Punjab National Bank,Savings,2024-04-13 15:48:45,New Delhi,b6d3a43f4a6d
ACC-000456,Bhavika Singhal,ICICI Bank,Savings,2024-01-14 07:54:13,New Delhi,79dad48553f7
ACC-000816,Maya Kadakia,State Bank of India,Savings,2025-02-11 23:42:05,New Delhi,1674302253c6
ACC-000270,Ishita Rau,ICICI Bank,Savings,2026-04-03 23:53:27,Pune,50897d0c82e3
ACC-000996,Anmol Malhotra,Axis Bank,Savings,2026-02-06 08:26:15,Noida,1aad4828de89
ACC-000202,Finn Dayal,HDFC Bank,Current,2026-07-25 15:16:49,Pune,2816d07f2649
ACC-000162,Ishanvi Walla,Punjab National Bank,Savings,2025-09-22 00:41:35,New Delhi,a0b012e709a0
ACC-000730,Triveni Amble,State Bank of India,Savings,2023-12-15 12:00:04,Chennai,aa83ab9c5877
ACC-000402,Gaurika Dugar,State Bank of India,Savings,2024-09-06 08:54:25,Noida,dd2daae87b7a
ACC-000703,Bakhshi Chaudhary,Bank of Baroda,Savings,2025-01-26 02:29:17,Lucknow,6cf563593189
ACC-001130,Anjali Kanda,Bank of Baroda,Savings,2024-08-23 08:55:23,Chennai,3b72b9e881cc
ACC-000566,Vihaan Ratti,ICICI Bank,Savings,2026-05-15 21:21:59,Chennai,6e931d41a50a
ACC-001022,Hritik Tank,State Bank of India,Savings,2026-03-07 04:08:45,Pune,dd23e0d356e2
ACC-001026,Vasatika Chanda,State Bank of India,Savings,2025-02-06 02:21:07,Ahmedabad,65e714c8a366
ACC-001105,Geetika Seshadri,ICICI Bank,Savings,2026-03-09 08:41:30,Ahmedabad,b69c30fb3c4b
ACC-000206,Chanchal Shukla,Axis Bank,Savings,2025-08-03 12:45:43,Lucknow,fb6698a49157
ACC-000035,Amruta Mistry,State Bank of India,Savings,2024-07-15 11:15:44,Ahmedabad,23ee6c59f806
ACC-000776,Rishi Parikh,HDFC Bank,Current,2024-08-25 21:54:56,Noida,045a56575971
ACC-000509,Bina Patel,Punjab National Bank,Savings,2025-07-02 21:07:06,Hyderabad,da62de8d0ed6
ACC-001184,Patrick Halder,State Bank of India,Savings,2025-01-26 16:45:02,Ahmedabad,01c928935999
ACC-000092,Ekani Barad,Axis Bank,Savings,2024-01-23 04:41:57,Mumbai,a0b012e709a0
ACC-000898,Shivansh Goswami,ICICI Bank,Savings,2026-04-04 22:13:31,Hyderabad,01d313d0ba54
ACC-000565,Baljiwan Bora,Bank of Baroda,Savings,2023-11-09 18:03:34,Ahmedabad,5646c00c8a96
ACC-000777,Champak Joshi,Axis Bank,Savings,2026-05-14 13:25:50,New Delhi,bee72c2546f7
ACC-000242,Viraj Reddy,Kotak Mahindra Bank,Current,2025-08-30 12:06:07,Chennai,35e61cc6bebe
ACC-000014,Odika Chacko,Axis Bank,Savings,2025-04-19 01:56:01,New Delhi,9e02906faf3d
ACC-000316,Naksh Bhakta,Axis Bank,Current,2024-09-20 01:22:28,Pune,4f498d6e4480
ACC-000601,Udarsh Solanki,State Bank of India,Current,2025-03-14 16:21:46,Ahmedabad,24ba510b622f
ACC-000388,Edhitha Ramaswamy,Punjab National Bank,Savings,2026-01-16 02:43:42,Mumbai,d672b3b30bb6
ACC-000167,Baghyawati Wason,Axis Bank,Savings,2025-07-17 04:11:45,Mumbai,74f8e0d69e53
ACC-000841,Frederick Issac,Kotak Mahindra Bank,Savings,2025-11-09 06:34:08,New Delhi,3c22b2a4ada6
ACC-000021,Manbir Basak,Kotak Mahindra Bank,Current,2026-03-06 08:41:22,Jaipur,b051a2acd3dc
ACC-000647,Harini Minhas,ICICI Bank,Savings,2025-12-05 09:00:48,Pune,0fd47fa92cf8
ACC-001155,Shaurya Sundaram,HDFC Bank,Savings,2024-07-12 11:11:10,Hyderabad,98efa46c3919
ACC-000832,Harinakshi Badal,HDFC Bank,Savings,2025-03-24 23:36:07,Ahmedabad,eb1c6f5de9b7
ACC-000563,Kevin Sankaran,HDFC Bank,Savings,2024-02-08 08:39:26,Hyderabad,edcef0336ddb
ACC-001171,Kashvi Kannan,State Bank of India,Savings,2023-11-05 19:59:03,Pune,e400c90f4b35
ACC-000687,Raksha Buch,Punjab National Bank,Savings,2025-03-05 19:57:16,Pune,df82ec290bcf
ACC-000958,Yuvraj Ghose,HDFC Bank,Savings,2024-10-04 10:18:25,New Delhi,b2c21918eabc
ACC-000190,Janani Natarajan,ICICI Bank,Savings,2024-08-30 11:56:26,Lucknow,81d04e28c663
ACC-000976,Chanakya Dugar,ICICI Bank,Savings,2025-07-10 08:50:31,Hyderabad,b7855a9e850f
ACC-000700,Jhalak Shanker,Punjab National Bank,Savings,2026-06-04 21:06:45,Ahmedabad,02eed5323fc0
ACC-000511,Omisha Tara,Kotak Mahindra Bank,Savings,2025-11-15 20:57:41,Noida,54e19dc1e0a8
ACC-001083,Jairaj Varughese,Axis Bank,Savings,2025-11-17 07:37:07,Mumbai,5a171d7710f7
ACC-000475,Wriddhish Sha,Punjab National Bank,Savings,2025-01-12 09:45:11,Lucknow,ce37cd47c2dc
ACC-000857,Wakeeta Oza,Punjab National Bank,Current,2023-11-07 04:12:51,Jaipur,de5a1791fa95
ACC-000748,Bhavika Shan,HDFC Bank,Savings,2023-11-04 10:54:34,Lucknow,be3635d2ba4c
ACC-000253,Veer Subramaniam,Kotak Mahindra Bank,Savings,2023-10-10 22:43:20,Bengaluru Urban,df6076f7a52a
ACC-000022,Gautami Ranganathan,Bank of Baroda,Savings,2025-01-09 03:28:26,Noida,8de03c814e88
ACC-000460,Dev Balakrishnan,Bank of Baroda,Savings,2024-09-13 17:55:09,Mumbai,58ccdb26cb96
ACC-000277,Ekavir Dara,ICICI Bank,Savings,2025-10-05 07:13:04,Ahmedabad,cf036c2a777f
ACC-000956,Aarush Patil,Kotak Mahindra Bank,Savings,2025-07-05 05:49:52,Pune,15252a311e8a
ACC-000386,Tejas Kannan,Punjab National Bank,Savings,2025-12-08 01:14:43,Jaipur,642bfe67571d
ACC-000806,Isaac Chand,Bank of Baroda,Savings,2025-10-01 19:50:55,Hyderabad,3d557c2493be
ACC-000344,Varenya Sagar,HDFC Bank,Current,2025-03-05 21:57:37,Jaipur,05044a3afba7
ACC-000770,Arya Sidhu,State Bank of India,Current,2023-12-15 00:47:17,Ahmedabad,3af050cba1b5
ACC-000131,Yuvraj Lal,State Bank of India,Savings,2025-09-23 09:37:16,Bengaluru Urban,9e02906faf3d
ACC-000872,Hemani Sur,Bank of Baroda,Savings,2025-11-17 03:00:26,Lucknow,1a36af3782bf
ACC-001124,Amrita Choudhry,Punjab National Bank,Current,2025-11-23 13:46:48,Chennai,55b319095c25
ACC-000088,Hemal Bhavsar,ICICI Bank,Savings,2025-02-06 11:42:37,Pune,030ffc91f322
ACC-000331,Finn Lall,Kotak Mahindra Bank,Savings,2025-09-02 22:06:29,Pune,670dcb6f6092
ACC-000467,Dalbir Kant,Bank of Baroda,Savings,2025-03-19 15:46:11,Pune,2bdeb2fb3d99
ACC-000122,Ishani Saran,Axis Bank,Savings,2025-01-17 12:50:17,Lucknow,324dd1566e5f
ACC-001045,Harinakshi Kalla,Punjab National Bank,Current,2024-10-13 10:49:54,Pune,3f3354f4a41f
ACC-001096,Andrew Rai,HDFC Bank,Savings,2024-04-16 01:14:04,Bengaluru Urban,8c6a9b79129e
ACC-001131,Guneet Rajagopalan,Kotak Mahindra Bank,Savings,2025-04-12 04:04:46,Pune,1798e7f0a5a2
ACC-000861,Tanvi Chhabra,ICICI Bank,Current,2024-03-26 21:29:59,Ahmedabad,a371e92ec080
ACC-001127,Neelima Roy,Bank of Baroda,Savings,2025-03-29 18:54:46,Mumbai,8a704c906c0f
