complaint_id,filed_at,fraud_category,fraud_subcategory,amount_lost,victim_district,victim_state,payment_mode,reported_delay_hours,victim_account_id,suspect_account_id,true_cashout_atm_id,true_cashout_window_start,true_cashout_window_end
CMP-000001,2026-06-27 16:51:53,Financial Fraud,E-Wallet Related Fraud,2973.13,Bengaluru Urban,Karnataka,UPI,3.8,ACC-000599,ACC-000072,ATM-00059,2026-06-27 21:48:53,2026-06-27 22:48:53
CMP-000002,2026-08-11 21:52:51,Financial Fraud,UPI Related Frauds,5339.67,Bengaluru Urban,Karnataka,,27.87,ACC-001005,ACC-000148,ATM-00145,2026-08-11 04:39:39,2026-08-11 05:39:39
CMP-000003,2026-06-03 21:25:57,Financial Fraud,UPI Related Frauds,2414.53,Pune,Maharashtra,UPI,3.38,ACC-000225,ACC-000207,ATM-00046,2026-06-04 03:09:09,2026-06-04 04:09:09
CMP-000004,2026-07-25 11:47:44,Financial Fraud,UPI Related Frauds,12348.52,Noida,Uttar Pradesh,UPI,11.26,ACC-000310,ACC-000143,ATM-00174,2026-07-25 15:16:08,2026-07-25 16:16:08
CMP-000008,2026-07-07 21:17:41,Financial Fraud,Investment Scam,10484.01,Bengaluru Urban,Karnataka,UPI,2.28,ACC-001052,ACC-000079,ATM-00027,2026-07-07 23:22:53,2026-07-08 00:22:53
CMP-000009,2026-08-18 08:44:42,Financial Fraud,Digital Arrest / Impersonation,17758.2,Noida,Uttar Pradesh,UPI,6.53,ACC-000887,ACC-000154,ATM-00067,2026-08-18 04:16:54,2026-08-18 05:16:54
CMP-000010,2026-07-07 18:02:56,Financial Fraud,Debit/Credit Card Fraud,1982.23,Bengaluru Urban,Karnataka,UPI,0.82,ACC-000697,ACC-000048,ATM-00001,2026-07-08 02:24:44,2026-07-08 03:24:44
CMP-000012,2026-06-05 10:46:42,Financial Fraud,Internet Banking Related Fraud,7097.72,Ahmedabad,Gujarat,Net Banking,0.81,ACC-000748,ACC-000994,ATM-00050,2026-06-05 13:09:06,2026-06-05 14:09:06
CMP-000013,2026-08-23 01:02:05,Financial Fraud,Investment Scam,48644.91,Jaipur,Rajasthan,UPI,5.12,ACC-000423,ACC-000064,ATM-00064,2026-08-23 08:40:53,2026-08-23 09:40:53
CMP-000014,2026-08-01 17:15:07,Financial Fraud,UPI Related Frauds,1057.97,Mumbai,Maharashtra,Net Banking,7.03,ACC-001006,ACC-000918,ATM-00021,2026-08-01 18:23:19,2026-08-01 19:23:19
CMP-000017,2026-06-24 18:27:02,Financial Fraud,E-Wallet Related Fraud,8793.98,Noida,Uttar Pradesh,UPI,4.41,ACC-000686,ACC-000211,ATM-00244,2026-06-25 02:41:26,2026-06-25 03:41:26
CMP-000018,2026-08-02 03:18:27,Financial Fraud,Debit/Credit Card Fraud,1706.65,Jaipur,Rajasthan,Net Banking,12.03,ACC-001113,ACC-000005,ATM-00183,2026-08-02 01:19:39,2026-08-02 02:19:39
CMP-000019,2026-08-14 14:18:01,Financial Fraud,UPI Related Frauds,993.51,Pune,Maharashtra,Net Banking,5.76,ACC-000376,ACC-001064,ATM-00038,2026-08-14 23:50:25,2026-08-15 00:50:25
CMP-000020,2026-07-01 15:03:31,Financial Fraud,UPI Related Frauds,510.96,Bengaluru Urban,Karnataka,UPI,0.91,ACC-000630,ACC-000201,ATM-00140,2026-07-01 20:26:55,2026-07-01 21:26:55
CMP-000021,2026-07-26 01:37:31,Financial Fraud,UPI Related Frauds,3558.79,Chennai,Tamil Nadu,Wallet,10.87,ACC-000453,ACC-001186,ATM-00057,2026-07-25 16:04:19,2026-07-25 17:04:19
CMP-000023,2026-06-14 13:21:44,Financial Fraud,E-Wallet Related Fraud,1570.45,Bangalore,Karnataka,UPI,0.76,ACC-000697,ACC-000039,ATM-00327,2026-06-15 00:25:08,2026-06-15 01:25:08
CMP-000024,2026-07-27 18:11:02,Financial Fraud,Internet Banking Related Fraud,3229.74,Mumbai,Maharashtra,UPI,2.58,ACC-001121,ACC-001018,ATM-00012,2026-07-28 02:49:14,2026-07-28 03:49:14
CMP-000025,2026-06-14 10:20:10,Financial Fraud,Internet Banking Related Fraud,19093.86,Pune,Maharashtra,Card,6.77,ACC-000304,ACC-000063,ATM-00110,2026-06-14 15:40:58,2026-06-14 16:40:58
CMP-000026,2026-06-11 15:30:03,Financial Fraud,UPI Related Frauds,609.88,Bengaluru Urban,Karnataka,UPI,6.61,ACC-000445,ACC-000002,ATM-00066,2026-06-11 14:07:27,2026-06-11 15:07:27
CMP-000028,2026-07-22 08:55:32,Financial Fraud,Debit/Credit Card Fraud,9060.47,Jaipur,Rajasthan,UPI,15.44,ACC-000579,ACC-000169,ATM-00003,2026-07-21 23:11:08,2026-07-22 00:11:08
CMP-000029,2026-08-06 01:10:30,Financial Fraud,Internet Banking Related Fraud,16836.09,Chennai,Tamil Nadu,Net Banking,1.64,ACC-000948,ACC-000144,ATM-00064,2026-08-06 13:15:06,2026-08-06 14:15:06
CMP-000031,2026-06-16 08:32:03,Financial Fraud,UPI Related Frauds,7172.36,Mumbai,Maharashtra,Card,2.52,ACC-000788,ACC-000465,ATM-00396,2026-06-16 16:04:51,2026-06-16 17:04:51
CMP-000034,2026-08-02 00:51:36,Financial Fraud,Online Job Fraud,7564.89,Mumbai,Maharashtra,Card,22.82,ACC-000756,ACC-000063,ATM-00034,2026-08-01 10:42:24,2026-08-01 11:42:24
CMP-000035,2026-06-16 16:26:11,Financial Fraud,UPI Related Frauds,2793.89,Pune,Maharashtra,Card,14.94,ACC-000533,ACC-000190,ATM-00393,2026-06-16 12:04:47,2026-06-16 13:04:47
CMP-000036,2026-06-01 01:19:57,Financial Fraud,Investment Scam,157964.69,Noida,Uttar Pradesh,Card,2.07,ACC-000868,ACC-000033,ATM-00335,2026-06-01 03:09:45,2026-06-01 04:09:45
CMP-000037,2026-07-06 05:48:23,Financial Fraud,Debit/Credit Card Fraud,7054.32,Bengaluru Urban,Karnataka,Wallet,28.38,ACC-000725,ACC-000156,ATM-00129,2026-07-05 07:38:35,2026-07-05 08:38:35
CMP-000039,2026-08-11 01:28:05,Financial Fraud,Internet Banking Related Fraud,483.12,Bengaluru Urban,Karnataka,Card,12.02,ACC-000993,ACC-000029,ATM-00011,2026-08-11 01:18:53,2026-08-11 02:18:53
CMP-000040,2026-08-14 08:31:24,Financial Fraud,UPI Related Frauds,3223.88,New Delhi,Delhi,UPI,3.13,ACC-000374,ACC-000021,ATM-00041,2026-08-14 18:41:36,2026-08-14 19:41:36
CMP-000042,2026-06-21 13:31:32,Financial Fraud,Online Job Fraud,2987.81,Pune,Maharashtra,,6.88,ACC-000429,ACC-000084,ATM-00017,2026-06-21 20:04:44,2026-06-21 21:04:44
CMP-000044,2026-07-13 12:50:49,Other Cyber Crime,Online Matrimonial/Romance Scam,5489.85,Ahmedabad,Gujarat,Wallet,2.45,ACC-000223,ACC-000026,ATM-00203,2026-07-13 17:21:49,2026-07-13 18:21:49
CMP-000045,2026-06-07 05:11:28,Financial Fraud,Debit/Credit Card Fraud,12276.01,,Maharashtra,UPI,6.65,ACC-001026,ACC-000024,ATM-00044,2026-06-07 05:38:28,2026-06-07 06:38:28
CMP-000046,2026-06-22 09:08:37,Financial Fraud,Internet Banking Related Fraud,3905.89,Mumbai,Maharashtra,UPI,8.3,ACC-000341,ACC-000030,ATM-00002,2026-06-22 10:27:37,2026-06-22 11:27:37
CMP-000047,2026-06-07 13:03:14,Financial Fraud,Investment Scam,111994.03,Bengaluru Urban,Karnataka,Wallet,14.33,ACC-000880,ACC-000801,ATM-00009,2026-06-07 06:51:26,2026-06-07 07:51:26
CMP-000048,2026-06-24 02:35:27,Financial Fraud,Online Job Fraud,1935.56,Bengaluru Urban,Karnataka,UPI,3.02,ACC-000862,ACC-000027,ATM-00035,2026-06-24 10:51:15,2026-06-24 11:51:15
CMP-000049,2026-08-10 05:32:01,Financial Fraud,Debit/Credit Card Fraud,3320.57,Noida,Uttar Pradesh,Wallet,0.77,ACC-000581,ACC-000199,ATM-00275,2026-08-10 11:22:49,2026-08-10 12:22:49
CMP-000051,2026-08-03 23:32:27,Financial Fraud,Debit/Credit Card Fraud,4939.96,Bengaluru Urban,Karnataka,UPI,3.38,ACC-000428,ACC-000822,ATM-00387,2026-08-04 08:07:39,2026-08-04 09:07:39
CMP-000052,2026-08-10 18:52:11,Financial Fraud,Debit/Credit Card Fraud,1193.48,Lucknow,Uttar Pradesh,UPI,2.71,ACC-000504,ACC-000214,ATM-00030,2026-08-10 21:56:35,2026-08-10 22:56:35
CMP-000053,2026-06-06 21:14:15,Financial Fraud,E-Wallet Related Fraud,1519.03,Ahmedabad,Gujarat,UPI,1.71,ACC-000656,ACC-001185,ATM-00176,2026-06-07 03:12:39,2026-06-07 04:12:39
CMP-000054,2026-06-25 03:24:40,Financial Fraud,UPI Related Frauds,2578.19,Hyderabad,Telangana,UPI,7.28,ACC-001127,ACC-000157,ATM-00007,2026-06-25 11:05:52,2026-06-25 12:05:52
CMP-000055,2026-06-18 19:33:29,Financial Fraud,Internet Banking Related Fraud,43747.33,Bengaluru Urban,Karnataka,UPI,5.53,ACC-000735,ACC-000065,ATM-00043,2026-06-18 19:20:41,2026-06-18 20:20:41
CMP-000056,2026-07-14 00:34:10,Financial Fraud,UPI Related Frauds,3758.58,Chennai,Tamil Nadu,Net Banking,4.1,ACC-001020,ACC-000806,ATM-00039,2026-07-14 05:15:10,2026-07-14 06:15:10
CMP-000060,2026-06-01 05:01:20,Other Cyber Crime,Cyber Bullying/Stalking,0.0,Bengaluru Urban,Karnataka,,4.3,,,,,
CMP-000061,2026-08-16 03:01:00,Other Cyber Crime,Online Matrimonial/Romance Scam,3693.96,Mumbai,Maharashtra,Net Banking,17.66,ACC-001128,ACC-001134,ATM-00224,2026-08-15 20:11:24,2026-08-15 21:11:24
CMP-000062,2026-08-10 22:12:02,Financial Fraud,UPI Related Frauds,5864.89,Ahmedabad,Gujarat,Wallet,11.58,ACC-001189,ACC-000018,ATM-00004,2026-08-10 13:30:14,2026-08-10 14:30:14
CMP-000063,2026-06-16 00:42:09,Financial Fraud,Internet Banking Related Fraud,2672.08,delhi,Delhi,UPI,24.13,ACC-000778,ACC-000026,ATM-00042,2026-06-15 05:34:21,2026-06-15 06:34:21
CMP-000064,2026-08-11 10:23:30,Financial Fraud,UPI Related Frauds,844.15,Bangalore,Karnataka,Card,9.06,ACC-000789,ACC-000942,ATM-00052,2026-08-11 16:41:54,2026-08-11 17:41:54
CMP-000065,2026-07-27 17:13:56,Financial Fraud,Investment Scam,1702472.75,Bengaluru Urban,Karnataka,Card,1.37,ACC-000340,ACC-000739,ATM-00187,2026-07-28 00:34:44,2026-07-28 01:34:44
CMP-000066,2026-06-06 12:32:20,Other Cyber Crime,Cyber Bullying/Stalking,0.0,Noida,Uttar Pradesh,,2.27,,,,,
CMP-000068,2026-08-23 16:11:03,Financial Fraud,UPI Related Frauds,1894.81,Bengaluru Urban,Karnataka,UPI,0.7,ACC-000693,ACC-001072,ATM-00200,2026-08-23 17:49:03,2026-08-23 18:49:03
CMP-000070,2026-08-03 19:47:25,Financial Fraud,UPI Related Frauds,4565.27,Bengaluru Urban,Karnataka,Card,1.49,ACC-001109,ACC-000194,ATM-00028,2026-08-04 00:51:01,2026-08-04 01:51:01
CMP-000071,2026-06-20 19:57:30,Financial Fraud,Internet Banking Related Fraud,31254.99,Chennai,Tamil Nadu,Net Banking,1.75,ACC-000325,ACC-000209,ATM-00034,2026-06-21 11:06:30,2026-06-21 12:06:30
CMP-000074,2026-07-25 15:52:12,Financial Fraud,UPI Related Frauds,9666.57,Noida,Uttar Pradesh,Wallet,0.65,ACC-000413,ACC-000077,ATM-00300,2026-07-25 20:55:12,2026-07-25 21:55:12
CMP-000075,2026-06-26 17:57:42,Financial Fraud,UPI Related Frauds,3519.84,Mumbai,Maharashtra,UPI,6.12,ACC-000708,ACC-000145,ATM-00303,2026-06-26 19:01:30,2026-06-26 20:01:30
CMP-000076,2026-06-24 17:13:26,Financial Fraud,UPI Related Frauds,6024.81,Bengaluru Urban,Karnataka,UPI,1.02,ACC-000638,ACC-000578,ATM-00024,2026-06-24 21:17:14,2026-06-24 22:17:14
CMP-000077,2026-08-08 07:22:00,Financial Fraud,UPI Related Frauds,908.31,Hyderabad,Telangana,UPI,8.38,ACC-001048,ACC-000140,ATM-00054,2026-08-08 07:16:12,2026-08-08 08:16:12
CMP-000079,2026-08-04 09:48:27,Financial Fraud,Digital Arrest / Impersonation,90738.58,Mumbai,Maharashtra,UPI,1.98,ACC-000266,ACC-000162,ATM-00066,2026-08-05 01:40:39,2026-08-05 02:40:39
CMP-000081,2026-07-29 17:21:20,Financial Fraud,Internet Banking Related Fraud,3247.53,mumbai,Maharashtra,UPI,42.05,ACC-000859,ACC-000073,ATM-00056,2026-07-28 14:32:20,2026-07-28 15:32:20
CMP-000082,2026-08-22 19:25:51,Financial Fraud,UPI Related Frauds,4566.26,Ahmedabad,Gujarat,UPI,1.07,ACC-000672,ACC-000096,ATM-00017,2026-08-23 05:40:39,2026-08-23 06:40:39
CMP-000083,2026-08-22 03:33:52,Financial Fraud,Debit/Credit Card Fraud,9476.34,Chennai,Tamil Nadu,UPI,1.39,ACC-001081,ACC-000763,ATM-00289,2026-08-22 13:35:28,2026-08-22 14:35:28
CMP-000085,2026-06-26 10:24:00,Financial Fraud,Investment Scam,33965.92,Ahmedabad,Gujarat,,14.24,ACC-000436,ACC-000014,ATM-00190,2026-06-26 06:07:36,2026-06-26 07:07:36
CMP-000086,2026-07-25 11:00:27,Financial Fraud,Debit/Credit Card Fraud,7426.28,Ahmedabad,Gujarat,UPI,12.02,ACC-000249,ACC-000004,ATM-00071,2026-07-25 13:34:15,2026-07-25 14:34:15
CMP-000087,2026-08-27 18:18:22,Financial Fraud,UPI Related Frauds,16434.1,Chennai,Tamil Nadu,UPI,3.34,ACC-000854,ACC-000129,ATM-00019,2026-08-27 20:58:58,2026-08-27 21:58:58
CMP-000088,2026-07-24 15:28:36,Financial Fraud,UPI Related Frauds,1512.68,Pune,Maharashtra,UPI,1.54,ACC-000667,ACC-000175,ATM-00021,2026-07-24 20:08:12,2026-07-24 21:08:12
CMP-000089,2026-08-27 06:46:43,Financial Fraud,UPI Related Frauds,1430.49,Mumbai City,Maharashtra,Wallet,4.09,ACC-000540,ACC-000191,ATM-00027,2026-08-27 13:58:19,2026-08-27 14:58:19
CMP-000090,2026-07-05 17:45:21,Other Cyber Crime,Online Matrimonial/Romance Scam,19443.48,Bengaluru Urban,Karnataka,UPI,6.25,ACC-000309,ACC-000106,ATM-00052,2026-07-05 18:20:21,2026-07-05 19:20:21
CMP-000092,2026-08-12 18:24:33,Financial Fraud,Online Job Fraud,13469.47,Jaipur,Rajasthan,UPI,3.26,ACC-001011,ACC-000212,ATM-00228,2026-08-13 03:02:57,2026-08-13 04:02:57
CMP-000093,2026-08-17 15:52:18,Other Cyber Crime,Cyber Bullying/Stalking,0.0,Hyderabad,Telangana,,117.24,,,,,
CMP-000094,2026-06-03 09:45:23,Financial Fraud,Digital Arrest / Impersonation,126855.11,Chennai,Tamil Nadu,UPI,1.6,ACC-000823,ACC-000676,ATM-00287,2026-06-03 12:58:23,2026-06-03 13:58:23
CMP-000095,2026-07-10 23:21:40,Other Cyber Crime,Cyber Bullying/Stalking,0.0,delhi,Delhi,,1.24,,,,,
CMP-000096,2026-08-18 17:10:58,Financial Fraud,Digital Arrest / Impersonation,106827.1,Hyderabad,Telangana,UPI,3.43,ACC-000231,ACC-000209,ATM-00056,2026-08-18 20:28:10,2026-08-18 21:28:10
CMP-000097,2026-07-08 03:23:12,Financial Fraud,UPI Related Frauds,5668.05,Ahmedabad,Gujarat,Wallet,7.91,ACC-000829,ACC-000170,ATM-00248,2026-07-08 01:51:36,2026-07-08 02:51:36
CMP-000098,2026-08-19 06:47:04,Financial Fraud,Online Job Fraud,3409.95,Mumbai,Maharashtra,Wallet,1.62,ACC-000684,ACC-000003,ATM-00072,2026-08-19 18:25:52,2026-08-19 19:25:52
CMP-000102,2026-07-23 01:28:23,Financial Fraud,Debit/Credit Card Fraud,7225.11,Jaipur,Rajasthan,UPI,1.55,ACC-001116,ACC-000092,ATM-00159,2026-07-23 04:41:23,2026-07-23 05:41:23
CMP-000103,2026-06-26 08:40:31,Financial Fraud,UPI Related Frauds,3423.27,Chennai,Tamil Nadu,UPI,4.81,ACC-000992,ACC-000042,ATM-00239,2026-06-26 05:13:55,2026-06-26 06:13:55
CMP-000104,2026-06-11 12:35:46,Other Cyber Crime,Hacking/Damage to Computer,0.0,Mumbai,Maharashtra,,1.14,,,,,
CMP-000105,2026-08-16 08:30:37,Financial Fraud,Internet Banking Related Fraud,9488.04,Pune,Maharashtra,UPI,8.78,ACC-000742,ACC-000101,ATM-00051,2026-08-16 14:08:49,2026-08-16 15:08:49
CMP-000106,2026-07-08 09:34:13,Financial Fraud,E-Wallet Related Fraud,4752.57,Lucknow,Uttar Pradesh,Wallet,15.87,ACC-000225,ACC-000004,ATM-00067,2026-07-07 20:49:01,2026-07-07 21:49:01
CMP-000107,2026-07-13 08:05:15,Financial Fraud,UPI Related Frauds,862.73,Bangalore,Karnataka,UPI,1.45,ACC-000820,ACC-000121,ATM-00031,2026-07-13 23:01:15,2026-07-14 00:01:15
CMP-000108,2026-08-09 20:23:36,Other Cyber Crime,Cyber Bullying/Stalking,0.0,Noida,Uttar Pradesh,,8.31,,,,,
CMP-000109,2026-06-20 03:07:30,Other Cyber Crime,Hacking/Damage to Computer,0.0,,Delhi,,8.3,,,,,
CMP-000111,2026-06-13 02:23:52,Financial Fraud,E-Wallet Related Fraud,3154.9,Ahmedabad,Gujarat,Net Banking,17.51,ACC-000422,ACC-000037,ATM-00199,2026-06-12 19:27:16,2026-06-12 20:27:16
CMP-000113,2026-06-19 15:01:11,Financial Fraud,Investment Scam,65522.57,Noida,Uttar Pradesh,UPI,11.14,ACC-000501,ACC-000149,ATM-00319,2026-06-19 10:58:47,2026-06-19 11:58:47
CMP-000114,2026-08-27 15:41:21,Other Cyber Crime,Hacking/Damage to Computer,0.0,Ahmedabad,Gujarat,,1.77,,,,,
CMP-000115,2026-07-10 10:13:25,Financial Fraud,UPI Related Frauds,2408.75,Noida,Uttar Pradesh,Card,2.5,ACC-001006,ACC-000506,ATM-00044,2026-07-10 17:52:25,2026-07-10 18:52:25
CMP-000116,2026-07-12 17:42:43,Financial Fraud,UPI Related Frauds,3208.91,Mumbai,Maharashtra,Net Banking,72.07,ACC-000467,ACC-000019,ATM-00043,2026-07-10 05:15:31,2026-07-10 06:15:31
CMP-000117,2026-07-13 21:26:09,Financial Fraud,E-Wallet Related Fraud,448.63,Pune,Maharashtra,UPI,10.21,ACC-001190,ACC-000127,ATM-00064,2026-07-13 23:52:33,2026-07-14 00:52:33
CMP-000119,2026-06-28 13:16:12,Financial Fraud,Investment Scam,406620.57,Ahmedabad,Gujarat,Card,4.84,ACC-000733,ACC-000671,ATM-00318,2026-06-28 12:37:48,2026-06-28 13:37:48
CMP-000120,2026-08-19 11:03:53,Financial Fraud,E-Wallet Related Fraud,843.71,Pune,Maharashtra,Wallet,1.9,ACC-000561,ACC-000010,ATM-00010,2026-08-19 15:13:53,2026-08-19 16:13:53
CMP-000121,2026-08-18 07:25:39,Financial Fraud,UPI Related Frauds,5495.24,Bombay,Maharashtra,UPI,1.87,ACC-000632,ACC-000118,ATM-00040,2026-08-18 11:01:27,2026-08-18 12:01:27
CMP-000122,2026-07-17 03:08:52,Financial Fraud,UPI Related Frauds,3622.11,Mumbai,Maharashtra,,4.73,ACC-000318,ACC-000196,ATM-00280,2026-07-17 05:51:04,2026-07-17 06:51:04
CMP-000123,2026-08-26 00:50:55,Financial Fraud,Investment Scam,42315.96,Lucknow,Uttar Pradesh,Card,58.72,ACC-000519,ACC-000188,ATM-00058,2026-08-24 03:38:43,2026-08-24 04:38:43
CMP-000125,2026-08-26 16:02:53,Financial Fraud,UPI Related Frauds,3525.61,Ahmedabad,Gujarat,Net Banking,2.03,ACC-000284,ACC-000025,ATM-00015,2026-08-27 02:19:05,2026-08-27 03:19:05
CMP-000126,2026-07-12 06:39:44,Financial Fraud,Investment Scam,298989.38,bengaluru urban,Karnataka,UPI,1.73,ACC-000774,ACC-000134,ATM-00017,2026-07-12 10:54:56,2026-07-12 11:54:56
CMP-000127,2026-07-16 02:28:46,Financial Fraud,Digital Arrest / Impersonation,52172.78,Ahmedabad,Gujarat,UPI,8.22,ACC-000843,ACC-000157,ATM-00278,2026-07-15 20:30:34,2026-07-15 21:30:34
CMP-000128,2026-07-15 07:37:59,Financial Fraud,UPI Related Frauds,6497.54,,Telangana,,1.06,ACC-000914,ACC-000111,ATM-00009,2026-07-15 10:24:23,2026-07-15 11:24:23
CMP-000130,2026-07-30 11:35:00,Other Cyber Crime,Hacking/Damage to Computer,0.0,Chennai,Tamil Nadu,,2.05,,,,,
CMP-000131,2026-07-12 10:22:40,Financial Fraud,Digital Arrest / Impersonation,498094.5,Chennai,Tamil Nadu,Net Banking,7.29,ACC-000359,ACC-000098,ATM-00312,2026-07-12 12:57:16,2026-07-12 13:57:16
CMP-000132,2026-08-12 04:50:33,Financial Fraud,Internet Banking Related Fraud,1880.17,Chennai,Tamil Nadu,Wallet,13.48,ACC-000555,ACC-000151,ATM-00038,2026-08-11 15:06:45,2026-08-11 16:06:45
CMP-000134,2026-07-31 20:25:46,Financial Fraud,Investment Scam,13695.45,Lucknow,Uttar Pradesh,UPI,2.51,ACC-001120,ACC-000205,ATM-00003,2026-07-31 19:16:10,2026-07-31 20:16:10
CMP-000135,2026-06-23 18:24:34,Financial Fraud,Debit/Credit Card Fraud,17446.79,,Gujarat,UPI,1.92,ACC-000572,ACC-000136,ATM-00331,2026-06-24 05:48:22,2026-06-24 06:48:22
CMP-000136,2026-06-14 10:26:05,Financial Fraud,UPI Related Frauds,4444.57,Noida,Uttar Pradesh,UPI,11.35,ACC-000900,ACC-000440,ATM-00065,2026-06-14 04:32:05,2026-06-14 05:32:05
CMP-000137,2026-06-21 18:32:46,Financial Fraud,Debit/Credit Card Fraud,1945.1,,Karnataka,UPI,4.17,ACC-001172,ACC-000442,ATM-00054,2026-06-22 04:58:34,2026-06-22 05:58:34
CMP-000138,2026-07-11 08:49:27,Financial Fraud,Debit/Credit Card Fraud,192.24,Noida,Uttar Pradesh,UPI,1.31,ACC-000841,ACC-000104,ATM-00194,2026-07-11 10:55:51,2026-07-11 11:55:51
CMP-000139,2026-08-14 17:45:14,Financial Fraud,Digital Arrest / Impersonation,44219.37,Poona,Maharashtra,Card,1.0,ACC-001117,ACC-000163,ATM-00041,2026-08-15 03:44:14,2026-08-15 04:44:14
CMP-000140,2026-08-14 07:57:52,Financial Fraud,Investment Scam,824172.14,Hyderabad,Telangana,Card,0.81,ACC-000283,ACC-000842,ATM-00259,2026-08-14 12:26:16,2026-08-14 13:26:16
CMP-000141,2026-06-29 23:49:04,Financial Fraud,Debit/Credit Card Fraud,3165.15,Chennai,Tamil Nadu,Net Banking,5.24,ACC-000619,ACC-000847,ATM-00034,2026-06-29 23:16:40,2026-06-30 00:16:40
CMP-000142,2026-07-11 16:23:25,Financial Fraud,Online Job Fraud,13321.65,,Rajasthan,Card,0.8,ACC-000894,ACC-000066,ATM-00346,2026-07-12 01:28:25,2026-07-12 02:28:25
CMP-000143,2026-08-27 04:03:07,Financial Fraud,Investment Scam,447804.88,New Delhi,Delhi,UPI,4.54,ACC-001147,ACC-000085,ATM-00062,2026-08-27 05:10:43,2026-08-27 06:10:43
CMP-000144,2026-06-03 19:37:57,Financial Fraud,UPI Related Frauds,1232.31,Lucknow,Uttar Pradesh,UPI,7.8,ACC-000706,ACC-000108,ATM-00232,2026-06-03 19:24:57,2026-06-03 20:24:57
CMP-000145,2026-08-10 07:27:53,Financial Fraud,E-Wallet Related Fraud,2343.14,New Delhi,Delhi,UPI,2.18,ACC-000291,ACC-000724,ATM-00030,2026-08-10 11:57:05,2026-08-10 12:57:05
CMP-000147,2026-08-04 08:54:05,Other Cyber Crime,Cyber Bullying/Stalking,0.0,Noida,Uttar Pradesh,,5.14,,,,,
CMP-000148,2026-06-14 04:12:09,Financial Fraud,UPI Related Frauds,5409.53,Ahmedabad,Gujarat,Wallet,30.06,ACC-000520,ACC-000251,ATM-00059,2026-06-13 06:04:33,2026-06-13 07:04:33
CMP-000150,2026-07-07 19:25:41,Financial Fraud,UPI Related Frauds,514.46,,Delhi,UPI,3.74,ACC-000373,ACC-000004,ATM-00229,2026-07-07 17:57:17,2026-07-07 18:57:17
CMP-000151,2026-08-21 01:29:00,Other Cyber Crime,Hacking/Damage to Computer,0.0,,Maharashtra,,9.08,,,,,
CMP-000152,2026-07-23 08:56:14,Financial Fraud,UPI Related Frauds,3838.71,,Karnataka,UPI,2.12,ACC-000954,ACC-000061,ATM-00042,2026-07-23 19:38:02,2026-07-23 20:38:02
CMP-000154,2026-08-13 05:29:26,Financial Fraud,Investment Scam,52005.19,Ahmedabad,Gujarat,UPI,2.21,ACC-001054,ACC-000815,ATM-00011,2026-08-13 14:39:50,2026-08-13 15:39:50
CMP-000155,2026-07-31 07:49:01,Financial Fraud,UPI Related Frauds,6403.77,Hyderabad,Telangana,UPI,6.88,ACC-001095,ACC-000002,ATM-00018,2026-07-31 10:15:13,2026-07-31 11:15:13
CMP-000156,2026-07-25 18:08:39,Financial Fraud,UPI Related Frauds,1597.8,Ahmedabad,Gujarat,Wallet,13.19,ACC-001171,ACC-000201,ATM-00030,2026-07-25 12:48:15,2026-07-25 13:48:15
CMP-000157,2026-07-06 19:35:17,Financial Fraud,Debit/Credit Card Fraud,6682.85,Mumbai City,Maharashtra,UPI,11.89,ACC-000620,ACC-000139,ATM-00026,2026-07-06 19:44:53,2026-07-06 20:44:53
CMP-000158,2026-06-12 02:52:51,Financial Fraud,E-Wallet Related Fraud,3306.69,New Delhi,Delhi,Net Banking,1.66,ACC-000304,ACC-000164,ATM-00059,2026-06-12 10:06:15,2026-06-12 11:06:15
CMP-000159,2026-07-27 04:25:59,Financial Fraud,UPI Related Frauds,1800.53,Mumbai,Maharashtra,UPI,10.99,ACC-000998,ACC-000630,ATM-00063,2026-07-26 21:36:35,2026-07-26 22:36:35
CMP-000160,2026-07-07 10:31:42,Financial Fraud,UPI Related Frauds,5163.31,Ahmedabad,Gujarat,UPI,4.37,ACC-000387,ACC-000055,ATM-00169,2026-07-07 15:06:30,2026-07-07 16:06:30
CMP-000161,2026-08-07 01:14:53,Financial Fraud,Investment Scam,114981.39,Bengaluru Urban,Karnataka,Net Banking,20.76,ACC-000803,ACC-000167,ATM-00053,2026-08-06 08:31:17,2026-08-06 09:31:17
CMP-000162,2026-06-30 06:44:18,Financial Fraud,UPI Related Frauds,1750.38,Ahmedabad,Gujarat,Wallet,8.64,ACC-001128,ACC-000058,ATM-00046,2026-06-30 09:18:54,2026-06-30 10:18:54
CMP-000163,2026-07-25 22:43:06,Financial Fraud,E-Wallet Related Fraud,1699.77,Bengaluru Urban,Karnataka,,3.45,ACC-000279,ACC-000038,ATM-00021,2026-07-26 05:37:06,2026-07-26 06:37:06
CMP-000164,2026-07-06 23:29:33,Financial Fraud,UPI Related Frauds,8013.63,pune,Maharashtra,UPI,12.07,ACC-001135,ACC-000686,ATM-00269,2026-07-06 15:29:21,2026-07-06 16:29:21
CMP-000166,2026-08-01 17:01:14,Financial Fraud,UPI Related Frauds,3037.84,Jaipur,Rajasthan,Wallet,10.16,ACC-000888,ACC-000692,ATM-00274,2026-08-01 18:51:38,2026-08-01 19:51:38
CMP-000167,2026-06-18 02:25:43,Financial Fraud,Debit/Credit Card Fraud,3603.76,Bengaluru Urban,Karnataka,Net Banking,6.61,ACC-000632,ACC-000211,ATM-00267,2026-06-18 01:04:07,2026-06-18 02:04:07
CMP-000170,2026-06-27 01:24:24,Financial Fraud,Debit/Credit Card Fraud,8912.03,New Delhi,Delhi,,1.68,ACC-000655,ACC-000136,ATM-00014,2026-06-27 04:31:36,2026-06-27 05:31:36
CMP-000171,2026-06-28 01:56:59,Financial Fraud,UPI Related Frauds,19597.33,Chennai,Tamil Nadu,Wallet,1.34,ACC-000250,ACC-000167,ATM-00040,2026-06-28 04:02:35,2026-06-28 05:02:35
CMP-000173,2026-07-02 13:20:16,Financial Fraud,UPI Related Frauds,6078.4,Lucknow,Uttar Pradesh,UPI,9.48,ACC-000837,ACC-000933,ATM-00009,2026-07-02 04:57:28,2026-07-02 05:57:28
CMP-000174,2026-07-04 01:02:49,Financial Fraud,UPI Related Frauds,5247.52,New Delhi,Delhi,UPI,4.42,ACC-001121,ACC-000748,ATM-00105,2026-07-04 02:28:37,2026-07-04 03:28:37
CMP-000175,2026-07-24 23:05:13,Financial Fraud,Internet Banking Related Fraud,2704.7,Chennai,Tamil Nadu,UPI,4.91,ACC-000966,ACC-000194,ATM-00009,2026-07-25 05:41:37,2026-07-25 06:41:37
CMP-000177,2026-06-24 07:59:43,Financial Fraud,Debit/Credit Card Fraud,13031.43,Noida,Uttar Pradesh,Net Banking,3.76,ACC-000955,ACC-000201,ATM-00009,2026-06-24 16:10:07,2026-06-24 17:10:07
CMP-000178,2026-08-16 23:40:03,Financial Fraud,E-Wallet Related Fraud,1032.36,Lucknow,Uttar Pradesh,UPI,3.05,ACC-000595,ACC-000980,ATM-00023,2026-08-17 11:21:03,2026-08-17 12:21:03
CMP-000179,2026-06-24 14:56:31,Financial Fraud,UPI Related Frauds,4322.71,Pune,Maharashtra,UPI,2.28,ACC-000322,ACC-000140,ATM-00057,2026-06-24 18:18:43,2026-06-24 19:18:43
CMP-000181,2026-07-05 03:46:40,Other Cyber Crime,Online Matrimonial/Romance Scam,17491.38,Noida,Uttar Pradesh,Net Banking,2.44,ACC-000413,ACC-001065,ATM-00028,2026-07-05 11:37:16,2026-07-05 12:37:16
CMP-000183,2026-08-14 00:01:49,Financial Fraud,UPI Related Frauds,809.75,New Delhi,Delhi,Net Banking,0.83,ACC-000651,ACC-000092,ATM-00001,2026-08-14 05:34:01,2026-08-14 06:34:01
CMP-000184,2026-06-27 20:17:26,Financial Fraud,UPI Related Frauds,1561.5,,Delhi,Net Banking,3.47,ACC-001147,ACC-000053,ATM-00052,2026-06-28 00:11:14,2026-06-28 01:11:14
CMP-000185,2026-06-28 11:26:05,Other Cyber Crime,Online Matrimonial/Romance Scam,18807.26,Lucknow,Uttar Pradesh,Wallet,26.32,ACC-000362,ACC-000212,ATM-00208,2026-06-27 23:59:53,2026-06-28 00:59:53
CMP-000186,2026-07-06 00:54:49,Financial Fraud,Digital Arrest / Impersonation,167575.88,Mumbai,Maharashtra,UPI,3.7,ACC-000886,ACC-000048,ATM-00107,2026-07-06 08:15:49,2026-07-06 09:15:49
CMP-000187,2026-06-27 15:11:30,Financial Fraud,UPI Related Frauds,2930.37,Noida,Uttar Pradesh,UPI,1.35,ACC-000681,ACC-000053,ATM-00054,2026-06-27 19:26:30,2026-06-27 20:26:30
CMP-000188,2026-06-13 06:15:09,Financial Fraud,UPI Related Frauds,2931.7,Mumbai,Maharashtra,Card,3.17,ACC-000464,ACC-000024,ATM-00059,2026-06-13 17:28:57,2026-06-13 18:28:57
CMP-000189,2026-06-02 04:34:49,Financial Fraud,Investment Scam,150171.63,Bengaluru Urban,Karnataka,Card,1.66,ACC-001049,ACC-000054,ATM-00060,2026-06-02 13:31:13,2026-06-02 14:31:13
CMP-000190,2026-06-18 21:35:54,Financial Fraud,Debit/Credit Card Fraud,8261.38,Lucknow,Uttar Pradesh,Wallet,28.2,ACC-000541,ACC-000121,ATM-00237,2026-06-17 22:12:54,2026-06-17 23:12:54
CMP-000192,2026-08-01 02:42:53,Financial Fraud,Debit/Credit Card Fraud,9800.06,Bengaluru Urban,Karnataka,Net Banking,2.77,ACC-000290,ACC-000166,ATM-00012,2026-08-01 06:32:41,2026-08-01 07:32:41
CMP-000193,2026-06-30 11:59:17,Financial Fraud,UPI Related Frauds,3647.08,Hyderabad,Telangana,UPI,4.55,ACC-001147,ACC-000137,ATM-00317,2026-06-30 10:52:17,2026-06-30 11:52:17
CMP-000194,2026-07-11 09:45:20,Financial Fraud,UPI Related Frauds,3254.87,Noida,Uttar Pradesh,Card,1.77,ACC-000553,ACC-000117,ATM-00070,2026-07-11 21:14:08,2026-07-11 22:14:08
CMP-000195,2026-07-21 17:40:56,Financial Fraud,Investment Scam,101911.82,Mumbai,Maharashtra,UPI,8.15,ACC-000439,ACC-000197,ATM-00010,2026-07-21 15:11:56,2026-07-21 16:11:56
CMP-000196,2026-07-28 03:21:46,Other Cyber Crime,Cyber Bullying/Stalking,0.0,Mumbai,Maharashtra,,25.57,,,,,
CMP-000197,2026-07-31 07:05:54,Other Cyber Crime,Online Matrimonial/Romance Scam,38376.4,Mumbai,Maharashtra,UPI,59.37,ACC-001109,ACC-000099,ATM-00032,2026-07-28 21:56:42,2026-07-28 22:56:42
CMP-000198,2026-08-14 01:18:22,Other Cyber Crime,Hacking/Damage to Computer,0.0,Bengaluru Urban,Karnataka,,1.78,,,,,
CMP-000199,2026-08-04 02:54:32,Financial Fraud,UPI Related Frauds,6536.05,Mumbai,Maharashtra,UPI,5.58,ACC-000443,ACC-000082,ATM-00295,2026-08-04 02:34:44,2026-08-04 03:34:44
CMP-000200,2026-06-16 04:44:50,Financial Fraud,UPI Related Frauds,21393.08,Noida,Uttar Pradesh,UPI,1.7,ACC-000854,ACC-000166,ATM-00058,2026-06-16 07:56:50,2026-06-16 08:56:50
CMP-000201,2026-06-29 06:41:00,Financial Fraud,Debit/Credit Card Fraud,2122.35,Noida,Uttar Pradesh,UPI,2.18,ACC-000607,ACC-000182,ATM-00047,2026-06-29 11:08:12,2026-06-29 12:08:12
CMP-000204,2026-06-20 04:57:07,Financial Fraud,Internet Banking Related Fraud,9337.15,Hyderabad,Telangana,UPI,42.58,ACC-000227,ACC-000200,ATM-00043,2026-06-18 20:19:19,2026-06-18 21:19:19
CMP-000205,2026-08-28 04:45:07,Financial Fraud,Internet Banking Related Fraud,17161.5,Ahmedabad,Gujarat,UPI,2.24,ACC-000321,ACC-000045,ATM-00003,2026-08-28 13:02:43,2026-08-28 14:02:43
CMP-000208,2026-07-10 01:54:46,Financial Fraud,Debit/Credit Card Fraud,15985.54,Mumbai,Maharashtra,Wallet,2.55,ACC-000417,ACC-000171,ATM-00301,2026-07-10 10:06:46,2026-07-10 11:06:46
CMP-000211,2026-08-21 03:55:29,Financial Fraud,UPI Related Frauds,709.82,Jaipur,Rajasthan,Wallet,2.18,ACC-001075,ACC-000081,ATM-00056,2026-08-21 07:19:41,2026-08-21 08:19:41
CMP-000212,2026-08-14 06:01:15,Financial Fraud,Internet Banking Related Fraud,6669.12,Bengaluru Urban,Karnataka,Net Banking,4.74,ACC-000645,ACC-000041,ATM-00105,2026-08-14 07:35:51,2026-08-14 08:35:51
CMP-000213,2026-08-13 10:14:02,Financial Fraud,UPI Related Frauds,1988.11,Bengaluru Urban,Karnataka,UPI,9.46,ACC-000228,ACC-001015,ATM-00038,2026-08-13 03:58:26,2026-08-13 04:58:26
CMP-000214,2026-06-28 00:09:06,Financial Fraud,Internet Banking Related Fraud,2281.02,Lucknow,Uttar Pradesh,UPI,3.78,ACC-000848,ACC-000134,ATM-00061,2026-06-28 09:15:18,2026-06-28 10:15:18
CMP-000215,2026-07-18 17:48:14,Financial Fraud,Internet Banking Related Fraud,7482.3,,Gujarat,Wallet,8.31,ACC-000266,ACC-000194,ATM-00048,2026-07-19 01:04:38,2026-07-19 02:04:38
CMP-000216,2026-07-02 04:07:11,Financial Fraud,Debit/Credit Card Fraud,10012.75,Pune,Maharashtra,Net Banking,1.16,ACC-000367,ACC-000177,ATM-00042,2026-07-02 11:22:35,2026-07-02 12:22:35
CMP-000217,2026-08-07 08:22:36,Financial Fraud,Online Job Fraud,915.34,Poona,Maharashtra,Card,20.76,ACC-000221,ACC-000412,ATM-00008,2026-08-06 20:21:00,2026-08-06 21:21:00
CMP-000218,2026-08-13 20:05:34,Financial Fraud,E-Wallet Related Fraud,2606.73,Poona,Maharashtra,,1.83,ACC-000286,ACC-000097,ATM-00013,2026-08-14 08:44:46,2026-08-14 09:44:46
CMP-000219,2026-07-02 09:16:57,Financial Fraud,Debit/Credit Card Fraud,23182.48,Pune,Maharashtra,UPI,5.15,ACC-001183,ACC-000790,ATM-00326,2026-07-02 05:35:57,2026-07-02 06:35:57
CMP-000220,2026-08-20 02:13:10,Financial Fraud,Investment Scam,457296.08,Hyderabad,Telangana,,4.86,ACC-000754,ACC-000911,ATM-00014,2026-08-20 00:54:34,2026-08-20 01:54:34
CMP-000221,2026-07-11 02:56:11,Financial Fraud,E-Wallet Related Fraud,10389.99,Noida,Uttar Pradesh,UPI,36.83,ACC-000632,ACC-000095,ATM-00004,2026-07-10 02:45:23,2026-07-10 03:45:23
CMP-000222,2026-07-19 09:34:23,Financial Fraud,Internet Banking Related Fraud,5172.11,Noida,Uttar Pradesh,Card,14.38,ACC-000242,ACC-000038,ATM-00026,2026-07-19 03:14:35,2026-07-19 04:14:35
CMP-000224,2026-07-18 01:27:37,Financial Fraud,UPI Related Frauds,1250.84,Chennai,Tamil Nadu,UPI,10.21,ACC-001159,ACC-000928,ATM-00015,2026-07-17 17:40:01,2026-07-17 18:40:01
CMP-000225,2026-06-24 05:36:12,Other Cyber Crime,Online Matrimonial/Romance Scam,42798.87,Noida,Uttar Pradesh,,0.54,ACC-001052,ACC-000004,ATM-00011,2026-06-24 06:58:48,2026-06-24 07:58:48
CMP-000226,2026-07-10 14:41:13,Financial Fraud,UPI Related Frauds,1027.69,Bengaluru Urban,Karnataka,UPI,0.39,ACC-001051,ACC-000125,ATM-00040,2026-07-10 19:41:49,2026-07-10 20:41:49
CMP-000227,2026-07-15 19:15:05,Other Cyber Crime,Online Matrimonial/Romance Scam,9933.34,Chennai,Tamil Nadu,Wallet,10.6,ACC-001185,ACC-000123,ATM-00077,2026-07-15 18:37:05,2026-07-15 19:37:05
CMP-000228,2026-08-09 13:48:24,Financial Fraud,E-Wallet Related Fraud,6646.77,Bengaluru Urban,Karnataka,UPI,4.9,ACC-000760,ACC-000057,ATM-00009,2026-08-09 15:49:24,2026-08-09 16:49:24
CMP-000229,2026-07-17 20:18:19,Financial Fraud,Investment Scam,820115.29,Pune,Maharashtra,Wallet,0.86,ACC-000780,ACC-001197,ATM-00063,2026-07-17 23:11:43,2026-07-18 00:11:43
CMP-000230,2026-07-08 05:49:12,Financial Fraud,UPI Related Frauds,643.52,Noida,Uttar Pradesh,UPI,4.19,ACC-000992,ACC-000758,ATM-00025,2026-07-08 11:19:48,2026-07-08 12:19:48
CMP-000231,2026-06-14 06:05:14,Financial Fraud,Internet Banking Related Fraud,9740.67,New Delhi,Delhi,Wallet,4.31,ACC-000804,ACC-000007,ATM-00046,2026-06-14 09:25:38,2026-06-14 10:25:38
CMP-000232,2026-07-11 06:53:09,Financial Fraud,UPI Related Frauds,463.73,New Delhi,Delhi,UPI,4.03,ACC-000716,ACC-000015,ATM-00115,2026-07-11 17:21:21,2026-07-11 18:21:21
CMP-000233,2026-06-01 05:58:38,Financial Fraud,Investment Scam,18109.46,Mumbai,Maharashtra,,10.01,ACC-000750,ACC-000344,ATM-00047,2026-05-31 23:59:02,2026-06-01 00:59:02
CMP-000234,2026-08-04 01:46:24,Financial Fraud,UPI Related Frauds,4146.16,Noida,Uttar Pradesh,Card,1.45,ACC-000218,ACC-000003,ATM-00062,2026-08-04 09:41:24,2026-08-04 10:41:24
CMP-000236,2026-07-02 05:47:44,Financial Fraud,Investment Scam,90991.12,Pune,Maharashtra,Wallet,14.1,ACC-000737,ACC-000238,ATM-00225,2026-07-01 20:48:44,2026-07-01 21:48:44
CMP-000237,2026-07-08 04:23:12,Other Cyber Crime,Online Matrimonial/Romance Scam,4517.44,Mumbai,Maharashtra,UPI,8.21,ACC-000876,ACC-000202,ATM-00024,2026-07-08 05:54:36,2026-07-08 06:54:36
CMP-000239,2026-08-04 10:30:25,Other Cyber Crime,Cyber Bullying/Stalking,0.0,Poona,Maharashtra,,3.94,,,,,
CMP-000241,2026-07-28 07:13:12,Financial Fraud,UPI Related Frauds,1014.26,Lucknow,Uttar Pradesh,UPI,47.35,ACC-001111,ACC-000771,ATM-00398,2026-07-26 13:02:12,2026-07-26 14:02:12
CMP-000242,2026-06-10 16:20:42,Financial Fraud,UPI Related Frauds,3077.08,Hyderabad,Telangana,Card,1.94,ACC-000967,ACC-000014,ATM-00067,2026-06-10 22:23:18,2026-06-10 23:23:18
CMP-000243,2026-07-10 19:19:09,Financial Fraud,Debit/Credit Card Fraud,6087.42,Delhi,Delhi,Wallet,3.92,ACC-000932,ACC-001052,ATM-00065,2026-07-10 15:59:57,2026-07-10 16:59:57
CMP-000244,2026-08-15 21:05:09,Other Cyber Crime,Hacking/Damage to Computer,0.0,Bengaluru Urban,Karnataka,,3.44,,,,,
CMP-000246,2026-07-02 21:36:47,Financial Fraud,Debit/Credit Card Fraud,10482.97,Bengaluru Urban,Karnataka,Wallet,2.37,ACC-000727,ACC-000153,ATM-00046,2026-07-03 01:07:35,2026-07-03 02:07:35
CMP-000247,2026-07-01 17:52:26,Financial Fraud,Online Job Fraud,2168.44,Pune,Maharashtra,Card,3.22,ACC-000303,ACC-000106,ATM-00287,2026-07-01 23:04:14,2026-07-02 00:04:14
CMP-000248,2026-07-23 12:39:31,Financial Fraud,Online Job Fraud,458.64,Lucknow,Uttar Pradesh,,0.73,ACC-000710,ACC-001059,ATM-00181,2026-07-24 01:07:43,2026-07-24 02:07:43
CMP-000249,2026-06-28 21:38:29,Financial Fraud,UPI Related Frauds,10200.45,Ahmedabad,Gujarat,Wallet,32.26,ACC-000338,ACC-000053,ATM-00056,2026-06-27 20:19:53,2026-06-27 21:19:53
CMP-000250,2026-06-10 13:23:20,Financial Fraud,Investment Scam,71414.28,Lucknow,Uttar Pradesh,Net Banking,8.95,ACC-001089,ACC-001174,ATM-00162,2026-06-10 05:32:20,2026-06-10 06:32:20
CMP-000251,2026-06-17 03:39:28,Financial Fraud,Investment Scam,147949.34,Bangalore,Karnataka,Net Banking,180.31,ACC-000894,ACC-000049,ATM-00043,2026-06-10 01:58:52,2026-06-10 02:58:52
CMP-000252,2026-08-17 07:08:55,Other Cyber Crime,Cyber Bullying/Stalking,0.0,Bangalore,Karnataka,,17.18,,,,,
CMP-000253,2026-07-12 19:34:22,Financial Fraud,UPI Related Frauds,2656.79,Pune,Maharashtra,UPI,1.42,ACC-000425,ACC-000188,ATM-00008,2026-07-13 01:44:10,2026-07-13 02:44:10
CMP-000254,2026-08-16 22:42:15,Financial Fraud,Internet Banking Related Fraud,1330.82,Noida,Uttar Pradesh,UPI,5.72,ACC-000921,ACC-000063,ATM-00063,2026-08-16 18:19:03,2026-08-16 19:19:03
CMP-000256,2026-06-14 21:29:18,Financial Fraud,UPI Related Frauds,1665.84,Chennai,Tamil Nadu,UPI,1.22,ACC-000899,ACC-000014,ATM-00062,2026-06-15 04:34:06,2026-06-15 05:34:06
CMP-000257,2026-08-04 17:51:05,Financial Fraud,E-Wallet Related Fraud,7705.68,Lucknow,Uttar Pradesh,UPI,12.91,ACC-000387,ACC-000652,ATM-00264,2026-08-04 10:15:29,2026-08-04 11:15:29
CMP-000258,2026-08-05 18:56:52,Financial Fraud,Digital Arrest / Impersonation,59304.05,Chennai,Tamil Nadu,Card,26.47,ACC-001173,ACC-000016,ATM-00031,2026-08-04 18:57:40,2026-08-04 19:57:40
CMP-000259,2026-07-28 01:08:28,Financial Fraud,UPI Related Frauds,3195.92,Jaipur,Rajasthan,UPI,1.59,ACC-000666,ACC-000119,ATM-00061,2026-07-28 05:26:04,2026-07-28 06:26:04
CMP-000261,2026-07-08 08:24:00,Financial Fraud,Digital Arrest / Impersonation,114312.6,Mumbai,Maharashtra,Wallet,1.29,ACC-000534,ACC-000202,ATM-00381,2026-07-08 18:49:36,2026-07-08 19:49:36
CMP-000262,2026-07-05 20:26:07,Financial Fraud,UPI Related Frauds,2511.65,Pune,Maharashtra,Card,1.57,ACC-000872,ACC-000171,ATM-00089,2026-07-06 05:49:55,2026-07-06 06:49:55
CMP-000264,2026-08-06 14:01:43,Financial Fraud,UPI Related Frauds,16621.88,Noida,Uttar Pradesh,Net Banking,0.84,ACC-000546,ACC-001031,ATM-00055,2026-08-06 16:04:19,2026-08-06 17:04:19
CMP-000265,2026-08-12 08:22:37,Other Cyber Crime,Online Matrimonial/Romance Scam,24816.55,Chennai,Tamil Nadu,Card,2.05,ACC-000479,ACC-000195,ATM-00028,2026-08-12 16:40:37,2026-08-12 17:40:37
CMP-000266,2026-08-17 13:28:44,Other Cyber Crime,Cyber Bullying/Stalking,0.0,Bombay,Maharashtra,,2.5,,,,,
CMP-000267,2026-06-22 06:19:03,Financial Fraud,UPI Related Frauds,1749.08,Hyderabad,Telangana,Card,1.59,ACC-000458,ACC-000081,ATM-00013,2026-06-22 14:12:39,2026-06-22 15:12:39
CMP-000268,2026-08-09 23:53:05,Financial Fraud,E-Wallet Related Fraud,2077.29,Ahmedabad,Gujarat,Net Banking,1.65,ACC-000556,ACC-000116,ATM-00012,2026-08-10 01:11:05,2026-08-10 02:11:05
CMP-000269,2026-06-10 10:24:30,Financial Fraud,Investment Scam,140307.8,Bengaluru,Karnataka,Wallet,4.22,ACC-000740,ACC-000707,ATM-00005,2026-06-10 17:05:18,2026-06-10 18:05:18
CMP-000270,2026-07-13 19:11:32,Financial Fraud,E-Wallet Related Fraud,1650.51,Mumbai,Maharashtra,UPI,1.51,ACC-000334,ACC-000711,ATM-00067,2026-07-13 20:54:56,2026-07-13 21:54:56
CMP-000271,2026-08-28 07:35:11,Financial Fraud,Debit/Credit Card Fraud,2760.67,Bengaluru Urban,Karnataka,UPI,11.09,ACC-000381,ACC-000517,ATM-00066,2026-08-28 01:56:47,2026-08-28 02:56:47
CMP-000272,2026-06-13 19:57:16,Financial Fraud,Investment Scam,189319.69,Mumbai,Maharashtra,Net Banking,1.39,ACC-001083,ACC-000037,ATM-00022,2026-06-14 04:27:52,2026-06-14 05:27:52
CMP-000273,2026-07-19 17:15:59,Financial Fraud,Online Job Fraud,3981.44,Pune,Maharashtra,Wallet,11.04,ACC-000576,ACC-000090,ATM-00306,2026-07-19 11:17:35,2026-07-19 12:17:35
CMP-000274,2026-08-20 01:39:59,Financial Fraud,Digital Arrest / Impersonation,8076.5,Mumbai,Maharashtra,Wallet,8.6,ACC-000540,ACC-000108,ATM-00215,2026-08-20 06:42:59,2026-08-20 07:42:59
CMP-000275,2026-08-24 12:10:18,Other Cyber Crime,Hacking/Damage to Computer,0.0,Mumbai,Maharashtra,,2.02,,,,,
CMP-000276,2026-06-08 07:27:36,Financial Fraud,UPI Related Frauds,4981.76,Bengaluru Urban,Karnataka,UPI,1.79,ACC-000268,ACC-000095,ATM-00046,2026-06-08 20:46:12,2026-06-08 21:46:12
CMP-000277,2026-08-10 07:32:50,Other Cyber Crime,Hacking/Damage to Computer,0.0,Hyderabad,Telangana,,0.51,,,,,
CMP-000278,2026-08-22 02:43:38,Financial Fraud,E-Wallet Related Fraud,543.47,Pune,Maharashtra,Net Banking,4.75,ACC-000382,ACC-000146,ATM-00327,2026-08-22 05:50:38,2026-08-22 06:50:38
CMP-000279,2026-06-02 08:25:58,Financial Fraud,Debit/Credit Card Fraud,6372.34,New Delhi,Delhi,UPI,1.51,ACC-000856,ACC-000029,ATM-00066,2026-06-02 21:20:22,2026-06-02 22:20:22
CMP-000280,2026-08-12 17:19:24,Financial Fraud,UPI Related Frauds,5296.14,Pune,Maharashtra,Net Banking,0.61,ACC-001083,ACC-001139,ATM-00016,2026-08-12 20:32:48,2026-08-12 21:32:48
CMP-000281,2026-07-07 01:35:46,Financial Fraud,Internet Banking Related Fraud,6210.03,Hyderabad,Telangana,UPI,1.05,ACC-000541,ACC-000107,ATM-00089,2026-07-07 06:20:46,2026-07-07 07:20:46
CMP-000282,2026-08-25 20:24:59,Financial Fraud,UPI Related Frauds,1657.97,bengaluru urban,Karnataka,Wallet,4.74,ACC-001160,ACC-000057,ATM-00037,2026-08-26 00:10:35,2026-08-26 01:10:35
CMP-000283,2026-08-02 21:08:21,Financial Fraud,UPI Related Frauds,1374.2,Noida,Uttar Pradesh,UPI,2.83,ACC-000735,ACC-000045,ATM-00041,2026-08-03 01:11:33,2026-08-03 02:11:33
CMP-000285,2026-06-04 14:42:37,Financial Fraud,UPI Related Frauds,6324.1,Bengaluru Urban,Karnataka,UPI,1.16,ACC-000838,ACC-000079,ATM-00038,2026-06-04 22:48:01,2026-06-04 23:48:01
CMP-000287,2026-08-12 03:38:31,Financial Fraud,Debit/Credit Card Fraud,415.03,Pune,Maharashtra,Net Banking,1.72,ACC-001025,ACC-000013,ATM-00010,2026-08-12 15:08:19,2026-08-12 16:08:19
CMP-000288,2026-08-10 13:05:55,Financial Fraud,Internet Banking Related Fraud,11814.37,Noida,Uttar Pradesh,UPI,3.51,ACC-000914,ACC-000104,ATM-00053,2026-08-10 23:08:19,2026-08-11 00:08:19
CMP-000289,2026-07-18 12:15:40,Financial Fraud,Debit/Credit Card Fraud,7123.44,Bengaluru Urban,Karnataka,,2.17,ACC-000902,ACC-000355,ATM-00044,2026-07-18 11:54:28,2026-07-18 12:54:28
CMP-000290,2026-08-07 00:28:13,Other Cyber Crime,Cyber Bullying/Stalking,0.0,Mumbai,Maharashtra,,4.97,,,,,
CMP-000293,2026-06-27 18:51:01,Financial Fraud,E-Wallet Related Fraud,1437.27,Bengaluru Urban,Karnataka,UPI,2.5,ACC-000253,ACC-000058,ATM-00063,2026-06-27 19:02:01,2026-06-27 20:02:01
CMP-000294,2026-07-15 03:34:05,Financial Fraud,UPI Related Frauds,2019.69,Hyderabad,Telangana,UPI,7.19,ACC-000838,ACC-000118,ATM-00183,2026-07-14 22:19:41,2026-07-14 23:19:41
CMP-000296,2026-08-16 09:47:30,Financial Fraud,UPI Related Frauds,19300.01,Jaipur,Rajasthan,Card,12.75,ACC-000698,ACC-000038,ATM-00063,2026-08-16 03:18:30,2026-08-16 04:18:30
CMP-000297,2026-06-21 02:42:41,Financial Fraud,UPI Related Frauds,2222.92,New Delhi,Delhi,Card,18.94,ACC-000609,ACC-000058,ATM-00235,2026-06-20 19:31:17,2026-06-20 20:31:17
CMP-000298,2026-08-15 04:24:34,Financial Fraud,Digital Arrest / Impersonation,36691.84,Mumbai,Maharashtra,UPI,0.39,ACC-001035,ACC-000035,ATM-00062,2026-08-15 13:37:10,2026-08-15 14:37:10
CMP-000299,2026-08-23 08:13:52,Other Cyber Crime,Cyber Bullying/Stalking,0.0,Bengaluru Urban,Karnataka,,1.34,,,,,
CMP-000302,2026-07-28 04:07:36,Financial Fraud,Debit/Credit Card Fraud,6815.31,New Delhi,Delhi,UPI,3.45,ACC-000873,ACC-000304,ATM-00041,2026-07-28 00:43:36,2026-07-28 01:43:36
CMP-000303,2026-08-12 00:19:42,Financial Fraud,UPI Related Frauds,6288.42,Bengaluru,Karnataka,UPI,0.32,ACC-001189,ACC-000002,ATM-00056,2026-08-12 07:30:30,2026-08-12 08:30:30
CMP-000304,2026-07-14 12:33:25,Financial Fraud,UPI Related Frauds,3685.1,Bengaluru Urban,Karnataka,Net Banking,11.3,ACC-000475,ACC-000750,ATM-00127,2026-07-14 11:25:25,2026-07-14 12:25:25
CMP-000305,2026-07-19 22:01:45,Financial Fraud,Internet Banking Related Fraud,1512.34,Bengaluru Urban,Karnataka,UPI,17.68,ACC-000814,ACC-000471,ATM-00032,2026-07-19 16:35:57,2026-07-19 17:35:57
CMP-000306,2026-08-28 05:32:41,Financial Fraud,E-Wallet Related Fraud,2619.65,New delhi,Delhi,Wallet,2.72,ACC-001022,ACC-000168,ATM-00286,2026-08-28 10:27:29,2026-08-28 11:27:29
CMP-000307,2026-06-04 00:35:10,Financial Fraud,Internet Banking Related Fraud,12491.23,Lucknow,Uttar Pradesh,UPI,68.36,ACC-000439,ACC-000216,ATM-00026,2026-06-01 09:21:34,2026-06-01 10:21:34
CMP-000308,2026-08-06 14:43:22,Financial Fraud,Debit/Credit Card Fraud,5895.04,Pune,Maharashtra,UPI,6.04,ACC-000276,ACC-000125,ATM-00181,2026-08-06 14:01:58,2026-08-06 15:01:58
CMP-000309,2026-08-27 07:26:36,Financial Fraud,Investment Scam,54329.95,Lucknow,Uttar Pradesh,UPI,1.62,ACC-000252,ACC-000005,ATM-00370,2026-08-27 08:04:24,2026-08-27 09:04:24
CMP-000310,2026-06-27 16:50:01,Financial Fraud,E-Wallet Related Fraud,3882.63,Bangalore,Karnataka,Card,1.6,ACC-001141,ACC-000054,ATM-00292,2026-06-28 04:14:01,2026-06-28 05:14:01
CMP-000311,2026-07-07 23:34:17,Financial Fraud,Internet Banking Related Fraud,7126.43,Ahmedabad,Gujarat,,2.53,ACC-000694,ACC-000128,ATM-00020,2026-07-08 04:00:29,2026-07-08 05:00:29
CMP-000314,2026-06-21 21:02:24,Financial Fraud,Investment Scam,69505.6,New Delhi,Delhi,UPI,1.38,ACC-000492,ACC-000036,ATM-00328,2026-06-22 03:05:36,2026-06-22 04:05:36
CMP-000315,2026-08-20 08:01:35,Financial Fraud,Online Job Fraud,2440.93,Pune,Maharashtra,Card,7.05,ACC-000447,ACC-000015,ATM-00015,2026-08-20 14:00:35,2026-08-20 15:00:35
CMP-000316,2026-07-12 10:25:55,Financial Fraud,Debit/Credit Card Fraud,10477.53,Bengaluru Urban,Karnataka,UPI,1.48,ACC-000406,ACC-000387,ATM-00009,2026-07-12 11:01:07,2026-07-12 12:01:07
CMP-000317,2026-08-06 16:24:32,Financial Fraud,UPI Related Frauds,6520.1,,Rajasthan,Wallet,22.8,ACC-000721,ACC-000763,ATM-00067,2026-08-05 20:43:32,2026-08-05 21:43:32
CMP-000320,2026-07-03 00:07:50,Financial Fraud,Internet Banking Related Fraud,1120.22,Noida,Uttar Pradesh,Net Banking,26.98,ACC-000874,ACC-000073,ATM-00032,2026-07-01 23:14:02,2026-07-02 00:14:02
CMP-000321,2026-08-12 20:17:20,Financial Fraud,Debit/Credit Card Fraud,9455.63,Chennai,Tamil Nadu,UPI,4.19,ACC-000575,ACC-000333,ATM-00047,2026-08-12 22:05:56,2026-08-12 23:05:56
CMP-000322,2026-06-28 22:13:30,Other Cyber Crime,Cyber Bullying/Stalking,0.0,Bengaluru,Karnataka,,6.27,,,,,
CMP-000323,2026-07-27 02:38:51,Financial Fraud,E-Wallet Related Fraud,812.09,Pune,Maharashtra,Card,84.34,ACC-000796,ACC-000248,ATM-00017,2026-07-23 20:01:27,2026-07-23 21:01:27
CMP-000324,2026-08-22 06:17:36,Financial Fraud,UPI Related Frauds,3348.6,Lucknow,Uttar Pradesh,UPI,5.11,ACC-001147,ACC-000091,ATM-00056,2026-08-22 04:36:00,2026-08-22 05:36:00
CMP-000325,2026-08-14 00:59:59,Financial Fraud,Digital Arrest / Impersonation,143045.77,,Maharashtra,UPI,7.98,ACC-000837,ACC-000952,ATM-00358,2026-08-14 05:49:11,2026-08-14 06:49:11
CMP-000326,2026-07-25 11:08:41,Financial Fraud,UPI Related Frauds,3646.4,Lucknow,Uttar Pradesh,Wallet,1.74,ACC-001138,ACC-000977,ATM-00006,2026-07-25 13:58:17,2026-07-25 14:58:17
CMP-000327,2026-08-02 09:35:51,Financial Fraud,Digital Arrest / Impersonation,105425.73,Noida,Uttar Pradesh,Card,42.88,ACC-000725,ACC-000011,ATM-00141,2026-07-31 19:01:03,2026-07-31 20:01:03
CMP-000328,2026-08-07 07:54:17,Financial Fraud,E-Wallet Related Fraud,5862.53,Ahmedabad,Gujarat,UPI,30.32,ACC-000230,ACC-000103,ATM-00003,2026-08-06 06:58:05,2026-08-06 07:58:05
CMP-000329,2026-06-30 23:59:11,Financial Fraud,UPI Related Frauds,1881.65,Ahmedabad,Gujarat,Wallet,1.37,ACC-000686,ACC-000204,ATM-00057,2026-07-01 04:32:59,2026-07-01 05:32:59
CMP-000330,2026-06-14 21:48:00,Financial Fraud,Debit/Credit Card Fraud,4333.86,Mumbai,Maharashtra,,4.79,ACC-000288,ACC-000052,ATM-00020,2026-06-15 05:05:36,2026-06-15 06:05:36
CMP-000331,2026-08-01 11:23:51,Financial Fraud,Debit/Credit Card Fraud,14679.27,Bengaluru Urban,Karnataka,Wallet,0.59,ACC-000228,ACC-000912,ATM-00050,2026-08-02 05:29:27,2026-08-02 06:29:27
CMP-000332,2026-07-07 12:35:47,Financial Fraud,UPI Related Frauds,11808.74,Noida,Uttar Pradesh,UPI,3.71,ACC-000502,ACC-000968,ATM-00009,2026-07-07 21:11:11,2026-07-07 22:11:11
CMP-000337,2026-08-13 07:08:42,Financial Fraud,Debit/Credit Card Fraud,3512.96,Mumbai,Maharashtra,Card,33.21,ACC-000604,ACC-000790,ATM-00065,2026-08-12 09:51:06,2026-08-12 10:51:06
CMP-000338,2026-08-05 20:21:44,Financial Fraud,UPI Related Frauds,2359.88,Bengaluru Urban,Karnataka,Net Banking,0.74,ACC-000960,ACC-000119,ATM-00033,2026-08-06 07:18:20,2026-08-06 08:18:20
CMP-000339,2026-06-05 09:49:48,Financial Fraud,Debit/Credit Card Fraud,3843.95,Ahmedabad,Gujarat,UPI,3.23,ACC-000793,ACC-000134,ATM-00044,2026-06-05 20:27:00,2026-06-05 21:27:00
CMP-000341,2026-06-25 19:24:12,Financial Fraud,UPI Related Frauds,2421.54,Bengaluru Urban,Karnataka,UPI,10.33,ACC-000406,ACC-000128,ATM-00050,2026-06-25 23:06:24,2026-06-26 00:06:24
CMP-000342,2026-07-12 19:29:56,Financial Fraud,UPI Related Frauds,15741.57,Lucknow,Uttar Pradesh,UPI,17.32,ACC-000663,ACC-000119,ATM-00035,2026-07-12 14:17:44,2026-07-12 15:17:44
CMP-000344,2026-07-09 13:14:34,Financial Fraud,E-Wallet Related Fraud,15657.23,Pune,Maharashtra,Wallet,4.81,ACC-000241,ACC-000158,ATM-00115,2026-07-09 14:37:58,2026-07-09 15:37:58
CMP-000345,2026-06-08 13:25:58,Financial Fraud,UPI Related Frauds,3018.56,Bengaluru Urban,Karnataka,Wallet,4.35,ACC-000539,ACC-000052,ATM-00007,2026-06-08 16:30:58,2026-06-08 17:30:58
CMP-000346,2026-08-08 21:15:08,Financial Fraud,Internet Banking Related Fraud,8087.58,Noida,Uttar Pradesh,Card,3.77,ACC-000501,ACC-000031,ATM-00024,2026-08-09 07:06:56,2026-08-09 08:06:56
CMP-000347,2026-07-02 12:45:52,Financial Fraud,UPI Related Frauds,1778.82,Pune,Maharashtra,UPI,2.33,ACC-000507,ACC-000008,ATM-00031,2026-07-02 23:23:04,2026-07-03 00:23:04
CMP-000349,2026-08-21 23:47:28,Other Cyber Crime,Cyber Bullying/Stalking,0.0,Bengaluru Urban,Karnataka,,2.33,,,,,
CMP-000350,2026-07-09 21:06:56,Financial Fraud,UPI Related Frauds,1569.38,Lucknow,Uttar Pradesh,Card,5.09,ACC-000600,ACC-000215,ATM-00021,2026-07-10 03:31:32,2026-07-10 04:31:32
CMP-000351,2026-07-03 23:07:23,Financial Fraud,Debit/Credit Card Fraud,3808.62,Mumbai,Maharashtra,UPI,27.24,ACC-000221,ACC-000024,ATM-00011,2026-07-03 07:26:59,2026-07-03 08:26:59
CMP-000352,2026-08-01 11:31:13,Financial Fraud,Investment Scam,3145.53,Bengaluru Urban,Karnataka,UPI,16.61,ACC-001026,ACC-000300,ATM-00041,2026-08-01 06:34:37,2026-08-01 07:34:37
CMP-000353,2026-07-04 22:06:12,Financial Fraud,Internet Banking Related Fraud,23065.31,Chennai,Tamil Nadu,UPI,0.37,ACC-001077,ACC-000222,ATM-00306,2026-07-05 08:06:00,2026-07-05 09:06:00
CMP-000356,2026-06-08 07:35:09,Financial Fraud,UPI Related Frauds,1480.25,New Delhi,Delhi,,1.18,ACC-000611,ACC-000115,ATM-00036,2026-06-08 09:26:21,2026-06-08 10:26:21
CMP-000358,2026-08-25 15:19:16,Financial Fraud,Internet Banking Related Fraud,23660.33,Ahmedabad,Gujarat,Card,10.65,ACC-001150,ACC-000152,ATM-00040,2026-08-25 12:26:16,2026-08-25 13:26:16
CMP-000359,2026-08-23 21:50:28,Financial Fraud,E-Wallet Related Fraud,809.78,Noida,Uttar Pradesh,Wallet,2.39,ACC-000287,ACC-001169,ATM-00036,2026-08-24 12:38:04,2026-08-24 13:38:04
CMP-000360,2026-07-16 12:39:55,Financial Fraud,UPI Related Frauds,4630.58,Lucknow,Uttar Pradesh,UPI,1.03,ACC-000520,ACC-000153,ATM-00026,2026-07-16 18:59:07,2026-07-16 19:59:07
CMP-000361,2026-06-06 10:53:25,Financial Fraud,UPI Related Frauds,5662.94,Mumbai,Maharashtra,,3.36,ACC-000650,ACC-000158,ATM-00183,2026-06-06 22:04:49,2026-06-06 23:04:49
CMP-000362,2026-06-04 15:37:52,Financial Fraud,UPI Related Frauds,2127.41,Lucknow,Uttar Pradesh,UPI,10.52,ACC-000855,ACC-000010,ATM-00007,2026-06-04 19:41:40,2026-06-04 20:41:40
CMP-000363,2026-08-23 21:50:54,Financial Fraud,Digital Arrest / Impersonation,102039.57,Bengaluru Urban,Karnataka,Wallet,2.91,ACC-001117,ACC-000015,ATM-00243,2026-08-24 01:34:18,2026-08-24 02:34:18
CMP-000364,2026-07-08 07:54:32,Financial Fraud,UPI Related Frauds,8462.47,Noida,Uttar Pradesh,Card,1.22,ACC-001001,ACC-000064,ATM-00010,2026-07-08 16:25:20,2026-07-08 17:25:20
CMP-000365,2026-08-26 23:32:39,Financial Fraud,Internet Banking Related Fraud,12282.56,delhi,Delhi,UPI,9.13,ACC-001089,ACC-000112,ATM-00049,2026-08-26 20:34:51,2026-08-26 21:34:51
CMP-000366,2026-06-19 06:37:47,Other Cyber Crime,Cyber Bullying/Stalking,0.0,,Uttar Pradesh,,3.09,,,,,
CMP-000367,2026-06-15 15:31:54,Financial Fraud,UPI Related Frauds,3997.88,Lucknow,Uttar Pradesh,Wallet,1.0,ACC-000234,ACC-001037,ATM-00014,2026-06-15 23:30:54,2026-06-16 00:30:54
CMP-000368,2026-08-21 07:13:48,Financial Fraud,Debit/Credit Card Fraud,12382.35,Hyderabad,Telangana,UPI,3.59,ACC-001176,ACC-000092,ATM-00068,2026-08-21 09:11:24,2026-08-21 10:11:24
CMP-000374,2026-08-22 16:17:35,Financial Fraud,Debit/Credit Card Fraud,6069.41,Mumbai,Maharashtra,Net Banking,3.99,ACC-001130,ACC-000711,ATM-00059,2026-08-22 17:41:11,2026-08-22 18:41:11
CMP-000376,2026-07-04 23:08:29,Financial Fraud,UPI Related Frauds,4269.37,Ahmedabad,Gujarat,UPI,4.28,ACC-000580,ACC-000135,ATM-00052,2026-07-04 22:34:41,2026-07-04 23:34:41
CMP-000377,2026-06-13 12:28:44,Financial Fraud,E-Wallet Related Fraud,4830.19,Ahmedabad,Gujarat,Card,5.14,ACC-000524,ACC-000202,ATM-00048,2026-06-13 22:20:20,2026-06-13 23:20:20
CMP-000379,2026-06-13 09:46:51,Financial Fraud,E-Wallet Related Fraud,1493.85,Pune,Maharashtra,Net Banking,4.19,ACC-000993,ACC-000100,ATM-00057,2026-06-13 08:20:27,2026-06-13 09:20:27
CMP-000380,2026-08-06 13:07:53,Financial Fraud,Digital Arrest / Impersonation,86626.59,New Delhi,Delhi,Wallet,0.58,ACC-001114,ACC-000015,ATM-00004,2026-08-06 14:07:05,2026-08-06 15:07:05
CMP-000382,2026-06-21 19:06:18,Financial Fraud,Debit/Credit Card Fraud,5830.54,Mumbai,Maharashtra,UPI,3.59,ACC-000805,ACC-000177,ATM-00304,2026-06-21 16:48:54,2026-06-21 17:48:54
CMP-000383,2026-06-14 08:33:01,Financial Fraud,Investment Scam,101109.98,Mumbai,Maharashtra,,6.8,ACC-000515,ACC-000215,ATM-00005,2026-06-14 12:43:01,2026-06-14 13:43:01
CMP-000384,2026-07-20 07:00:09,Financial Fraud,UPI Related Frauds,1833.93,New Delhi,Delhi,Net Banking,1.76,ACC-000473,ACC-000116,ATM-00040,2026-07-20 16:41:33,2026-07-20 17:41:33
CMP-000385,2026-06-04 15:57:28,Financial Fraud,Digital Arrest / Impersonation,75736.41,Chennai,Tamil Nadu,Net Banking,1.39,ACC-000262,ACC-001028,ATM-00172,2026-06-05 07:27:04,2026-06-05 08:27:04
CMP-000386,2026-07-28 23:41:06,Financial Fraud,Online Job Fraud,5257.59,Noida,Uttar Pradesh,UPI,0.58,ACC-000771,ACC-000548,ATM-00022,2026-07-29 06:40:18,2026-07-29 07:40:18
CMP-000387,2026-08-14 20:47:17,Financial Fraud,UPI Related Frauds,7526.91,Hyderabad,Telangana,Card,7.9,ACC-000810,ACC-000167,ATM-00045,2026-08-14 22:46:17,2026-08-14 23:46:17
CMP-000389,2026-06-24 01:29:07,Financial Fraud,Debit/Credit Card Fraud,13130.47,Ahmedabad,Gujarat,Wallet,33.07,ACC-000401,ACC-001117,ATM-00064,2026-06-23 00:42:55,2026-06-23 01:42:55
CMP-000390,2026-08-16 02:23:13,Financial Fraud,E-Wallet Related Fraud,4498.49,New Delhi,Delhi,UPI,0.49,ACC-000537,ACC-000023,ATM-00011,2026-08-16 06:06:49,2026-08-16 07:06:49
CMP-000391,2026-08-18 12:13:48,Financial Fraud,Internet Banking Related Fraud,1845.35,Mumbai,Maharashtra,Net Banking,2.12,ACC-000281,ACC-000545,ATM-00020,2026-08-18 17:00:36,2026-08-18 18:00:36
CMP-000392,2026-08-05 20:34:10,Other Cyber Crime,Cyber Bullying/Stalking,0.0,Mumbai City,Maharashtra,,4.62,,,,,
CMP-000393,2026-07-15 19:47:32,Other Cyber Crime,Hacking/Damage to Computer,0.0,Jaipur,Rajasthan,,8.34,,,,,
CMP-000394,2026-07-19 19:51:27,Financial Fraud,Investment Scam,38427.67,New Delhi,Delhi,Card,5.61,ACC-000279,ACC-000018,ATM-00050,2026-07-19 20:24:51,2026-07-19 21:24:51
CMP-000395,2026-08-17 19:04:09,Other Cyber Crime,Hacking/Damage to Computer,0.0,Hyderabad,Telangana,,1.81,,,,,
CMP-000396,2026-06-06 01:35:15,Financial Fraud,E-Wallet Related Fraud,1225.11,Chennai,Tamil Nadu,Card,0.83,ACC-000628,ACC-000004,ATM-00238,2026-06-06 06:55:27,2026-06-06 07:55:27
CMP-000397,2026-06-10 23:03:05,Financial Fraud,Online Job Fraud,1586.19,Noida,Uttar Pradesh,Net Banking,0.89,ACC-000385,ACC-000986,ATM-00005,2026-06-11 09:54:41,2026-06-11 10:54:41
CMP-000398,2026-06-09 03:26:35,Financial Fraud,Internet Banking Related Fraud,2500.2,Bengaluru Urban,Karnataka,Net Banking,15.87,ACC-000290,ACC-000138,ATM-00015,2026-06-08 18:18:23,2026-06-08 19:18:23
CMP-000399,2026-06-15 07:20:50,Financial Fraud,UPI Related Frauds,1268.44,Chennai,Tamil Nadu,Net Banking,105.52,ACC-001012,ACC-000146,ATM-00112,2026-06-11 06:28:38,2026-06-11 07:28:38
CMP-000400,2026-08-19 07:03:23,Financial Fraud,UPI Related Frauds,4647.04,,Tamil Nadu,Card,5.59,ACC-000622,ACC-000010,ATM-00229,2026-08-19 07:49:59,2026-08-19 08:49:59
CMP-000402,2026-06-08 22:09:16,Financial Fraud,Debit/Credit Card Fraud,2763.8,pune,Maharashtra,UPI,5.19,ACC-001088,ACC-000363,ATM-00135,2026-06-09 00:29:52,2026-06-09 01:29:52
CMP-000403,2026-08-21 11:25:20,Financial Fraud,UPI Related Frauds,29854.06,Chennai,Tamil Nadu,Net Banking,3.99,ACC-000225,ACC-000168,ATM-00060,2026-08-21 14:40:56,2026-08-21 15:40:56
CMP-000404,2026-06-04 17:15:10,Financial Fraud,UPI Related Frauds,8386.23,Bengaluru Urban,Karnataka,UPI,1.93,ACC-000537,ACC-000191,ATM-00021,2026-06-04 17:32:22,2026-06-04 18:32:22
CMP-000405,2026-06-14 11:24:37,Financial Fraud,Digital Arrest / Impersonation,57412.3,Ahmedabad,Gujarat,Net Banking,37.52,ACC-001148,ACC-000075,ATM-00024,2026-06-13 03:56:25,2026-06-13 04:56:25
CMP-000406,2026-08-27 22:48:03,Financial Fraud,Debit/Credit Card Fraud,2625.52,Noida,Uttar Pradesh,UPI,39.45,ACC-000593,ACC-000055,ATM-00051,2026-08-26 09:42:03,2026-08-26 10:42:03
CMP-000407,2026-07-24 06:48:23,Financial Fraud,UPI Related Frauds,5636.26,Hyderabad,Telangana,Wallet,2.28,ACC-000320,ACC-000766,ATM-00008,2026-07-24 08:49:35,2026-07-24 09:49:35
CMP-000409,2026-07-11 18:15:51,Financial Fraud,UPI Related Frauds,5216.75,bengaluru urban,Karnataka,Card,0.68,ACC-000862,ACC-000071,ATM-00139,2026-07-11 23:11:03,2026-07-12 00:11:03
CMP-000411,2026-07-21 00:54:44,Financial Fraud,Internet Banking Related Fraud,6158.36,,Karnataka,Card,9.44,ACC-001101,ACC-000015,ATM-00047,2026-07-21 01:06:20,2026-07-21 02:06:20
CMP-000412,2026-06-01 03:38:42,Financial Fraud,Investment Scam,124369.38,mumbai,Maharashtra,Card,0.9,ACC-000331,ACC-000438,ATM-00015,2026-06-01 12:03:42,2026-06-01 13:03:42
CMP-000413,2026-08-04 12:05:50,Financial Fraud,UPI Related Frauds,4197.22,pune,Maharashtra,Net Banking,9.33,ACC-000853,ACC-000200,ATM-00019,2026-08-04 08:30:02,2026-08-04 09:30:02
CMP-000414,2026-07-22 01:48:26,Financial Fraud,Internet Banking Related Fraud,11611.95,Pune,Maharashtra,Card,16.39,ACC-000956,ACC-000125,ATM-00013,2026-07-21 16:09:02,2026-07-21 17:09:02
CMP-000415,2026-06-02 23:22:56,Financial Fraud,Investment Scam,291880.22,Lucknow,Uttar Pradesh,UPI,7.78,ACC-001033,ACC-000035,ATM-00004,2026-06-03 09:03:08,2026-06-03 10:03:08
CMP-000416,2026-07-07 05:51:27,Financial Fraud,Debit/Credit Card Fraud,4581.74,Ahmedabad,Gujarat,UPI,0.61,ACC-000592,ACC-000045,ATM-00040,2026-07-07 10:26:51,2026-07-07 11:26:51
CMP-000417,2026-07-04 11:26:52,Financial Fraud,UPI Related Frauds,4388.12,New Delhi,Delhi,UPI,5.75,ACC-000395,ACC-000128,ATM-00004,2026-07-04 13:32:52,2026-07-04 14:32:52
CMP-000418,2026-07-27 11:55:58,Financial Fraud,E-Wallet Related Fraud,2483.1,Bengaluru Urban,Karnataka,Net Banking,0.97,ACC-000674,ACC-000454,ATM-00003,2026-07-27 20:53:46,2026-07-27 21:53:46
CMP-000419,2026-07-24 00:18:15,Financial Fraud,UPI Related Frauds,1126.7,Bengaluru Urban,Karnataka,UPI,15.86,ACC-000645,ACC-000416,ATM-00055,2026-07-23 10:58:39,2026-07-23 11:58:39
CMP-000420,2026-08-06 11:25:33,Financial Fraud,E-Wallet Related Fraud,1935.95,Hyderabad,Telangana,Card,10.15,ACC-000700,ACC-000945,ATM-00323,2026-08-06 04:42:33,2026-08-06 05:42:33
CMP-000421,2026-08-18 18:55:35,Financial Fraud,Investment Scam,102417.6,Ahmedabad,Gujarat,UPI,4.64,ACC-001028,ACC-000102,ATM-00040,2026-08-18 21:01:11,2026-08-18 22:01:11
CMP-000422,2026-06-04 14:10:42,Financial Fraud,Investment Scam,334291.6,Jaipur,Rajasthan,UPI,2.41,ACC-000755,ACC-000021,ATM-00001,2026-06-05 03:07:06,2026-06-05 04:07:06
CMP-000424,2026-08-19 04:02:01,Financial Fraud,UPI Related Frauds,2016.17,Pune,Maharashtra,Card,3.09,ACC-000228,ACC-000020,ATM-00007,2026-08-19 06:08:37,2026-08-19 07:08:37
CMP-000426,2026-08-03 15:57:53,Financial Fraud,Online Job Fraud,11273.17,,Karnataka,,1.53,ACC-001072,ACC-000039,ATM-00029,2026-08-03 18:19:05,2026-08-03 19:19:05
CMP-000427,2026-08-26 08:39:13,Financial Fraud,UPI Related Frauds,2519.5,Pune,Maharashtra,UPI,2.64,ACC-000725,ACC-000837,ATM-00065,2026-08-26 13:44:49,2026-08-26 14:44:49
CMP-000428,2026-07-03 22:00:45,Financial Fraud,Debit/Credit Card Fraud,20889.0,Jaipur,Rajasthan,Wallet,5.67,ACC-000705,ACC-000697,ATM-00064,2026-07-03 23:28:33,2026-07-04 00:28:33
CMP-000429,2026-08-17 09:49:20,Financial Fraud,Debit/Credit Card Fraud,13792.01,Lucknow,Uttar Pradesh,Card,0.75,ACC-000426,ACC-000093,ATM-00191,2026-08-17 09:03:20,2026-08-17 10:03:20
CMP-000432,2026-06-30 18:11:13,Financial Fraud,UPI Related Frauds,1871.4,Ahmedabad,Gujarat,,24.32,ACC-000723,ACC-000769,ATM-00265,2026-06-29 18:50:01,2026-06-29 19:50:01
CMP-000433,2026-07-14 02:22:53,Financial Fraud,Investment Scam,1960220.57,Bengaluru Urban,Karnataka,UPI,2.9,ACC-000965,ACC-000129,ATM-00016,2026-07-14 06:10:53,2026-07-14 07:10:53
CMP-000436,2026-07-06 06:34:34,Financial Fraud,UPI Related Frauds,2042.3,Ahmedabad,Gujarat,Card,3.2,ACC-000317,ACC-001051,ATM-00037,2026-07-06 06:52:34,2026-07-06 07:52:34
CMP-000438,2026-06-04 09:05:14,Financial Fraud,E-Wallet Related Fraud,894.88,,Delhi,UPI,1.78,ACC-000811,ACC-000140,ATM-00015,2026-06-04 08:29:26,2026-06-04 09:29:26
CMP-000439,2026-07-06 03:52:19,Financial Fraud,UPI Related Frauds,2889.34,Ahmedabad,Gujarat,,5.94,ACC-000489,ACC-000054,ATM-00108,2026-07-06 06:05:55,2026-07-06 07:05:55
CMP-000442,2026-08-03 01:35:10,Financial Fraud,Internet Banking Related Fraud,6314.07,Pune,Maharashtra,UPI,10.07,ACC-000498,ACC-000183,ATM-00015,2026-08-02 19:39:58,2026-08-02 20:39:58
CMP-000443,2026-06-19 01:31:24,Other Cyber Crime,Hacking/Damage to Computer,0.0,Bengaluru Urban,Karnataka,,1.17,,,,,
CMP-000444,2026-07-25 12:47:32,Financial Fraud,Debit/Credit Card Fraud,7204.13,Pune,Maharashtra,UPI,5.47,ACC-000883,ACC-000193,ATM-00020,2026-07-25 17:23:20,2026-07-25 18:23:20
CMP-000445,2026-06-21 19:59:07,Financial Fraud,Investment Scam,187247.52,Ahmedabad,Gujarat,Wallet,6.34,ACC-000539,ACC-000138,ATM-00035,2026-06-21 20:38:43,2026-06-21 21:38:43
CMP-000446,2026-07-18 16:34:45,Financial Fraud,UPI Related Frauds,27167.32,Chennai,Tamil Nadu,,2.08,ACC-000440,ACC-000072,ATM-00084,2026-07-19 05:35:57,2026-07-19 06:35:57
CMP-000447,2026-06-17 18:19:06,Financial Fraud,UPI Related Frauds,1848.45,Bengaluru Urban,Karnataka,Wallet,2.12,ACC-000892,ACC-000082,ATM-00282,2026-06-17 20:45:54,2026-06-17 21:45:54
CMP-000448,2026-08-06 05:00:37,Financial Fraud,Debit/Credit Card Fraud,2820.09,Bengaluru Urban,Karnataka,Wallet,2.09,ACC-000564,ACC-000087,ATM-00024,2026-08-06 08:08:13,2026-08-06 09:08:13
CMP-000449,2026-08-08 21:20:57,Other Cyber Crime,Online Matrimonial/Romance Scam,49410.5,Ahmedabad,Gujarat,UPI,24.65,ACC-000827,ACC-000100,ATM-00056,2026-08-07 22:19:57,2026-08-07 23:19:57
CMP-000451,2026-06-17 21:39:41,Financial Fraud,Investment Scam,182196.35,Ahmedabad,Gujarat,,2.31,ACC-000534,ACC-000050,ATM-00340,2026-06-18 09:58:05,2026-06-18 10:58:05
CMP-000452,2026-06-20 12:19:05,Financial Fraud,Internet Banking Related Fraud,12493.1,Bengaluru Rural,Karnataka,Net Banking,5.72,ACC-001173,ACC-000181,ATM-00027,2026-06-20 16:59:53,2026-06-20 17:59:53
CMP-000453,2026-07-06 00:56:59,Financial Fraud,UPI Related Frauds,761.91,Lucknow,Uttar Pradesh,Card,28.7,ACC-000370,ACC-000178,ATM-00021,2026-07-05 04:35:59,2026-07-05 05:35:59
CMP-000454,2026-07-24 13:25:49,Financial Fraud,Debit/Credit Card Fraud,29610.3,Hyderabad,Telangana,UPI,2.15,ACC-001036,ACC-000077,ATM-00241,2026-07-24 17:48:49,2026-07-24 18:48:49
CMP-000456,2026-08-14 16:16:59,Financial Fraud,Investment Scam,152480.78,Lucknow,Uttar Pradesh,UPI,9.88,ACC-000460,ACC-000058,ATM-00025,2026-08-14 09:50:11,2026-08-14 10:50:11
CMP-000458,2026-07-04 10:46:39,Financial Fraud,Debit/Credit Card Fraud,2212.11,Ahmedabad,Gujarat,UPI,0.86,ACC-000381,ACC-000178,ATM-00109,2026-07-04 17:15:03,2026-07-04 18:15:03
CMP-000462,2026-08-08 20:51:49,Financial Fraud,UPI Related Frauds,2937.22,Pune,Maharashtra,,18.65,ACC-000598,ACC-000982,ATM-00076,2026-08-08 08:33:49,2026-08-08 09:33:49
CMP-000463,2026-06-28 13:52:49,Other Cyber Crime,Hacking/Damage to Computer,0.0,Lucknow,Uttar Pradesh,,92.97,,,,,
CMP-000464,2026-08-01 15:47:24,Financial Fraud,Digital Arrest / Impersonation,31664.69,Mumbai,Maharashtra,Wallet,2.49,ACC-001172,ACC-000193,ATM-00007,2026-08-01 17:28:00,2026-08-01 18:28:00
CMP-000465,2026-07-30 15:43:17,Financial Fraud,UPI Related Frauds,7629.25,Noida,Uttar Pradesh,Card,10.16,ACC-000241,ACC-000194,ATM-00048,2026-07-30 06:28:41,2026-07-30 07:28:41
CMP-000466,2026-07-27 09:00:15,Financial Fraud,Internet Banking Related Fraud,42053.9,Bengaluru Urban,Karnataka,UPI,9.03,ACC-000810,ACC-000035,ATM-00029,2026-07-27 05:35:27,2026-07-27 06:35:27
CMP-000467,2026-07-29 18:04:33,Financial Fraud,E-Wallet Related Fraud,1499.02,delhi,Delhi,UPI,9.1,ACC-000715,ACC-000085,ATM-00017,2026-07-29 14:20:33,2026-07-29 15:20:33
CMP-000468,2026-08-23 20:45:21,Other Cyber Crime,Cyber Bullying/Stalking,0.0,Bengaluru Urban,Karnataka,,16.95,,,,,
CMP-000469,2026-08-02 06:41:43,Financial Fraud,UPI Related Frauds,6238.12,Bengaluru Urban,Karnataka,Net Banking,8.24,ACC-000235,ACC-000194,ATM-00371,2026-08-02 03:24:19,2026-08-02 04:24:19
CMP-000470,2026-07-26 13:10:34,Financial Fraud,UPI Related Frauds,7785.41,Bombay,Maharashtra,UPI,18.23,ACC-000936,ACC-000213,ATM-00052,2026-07-25 23:36:46,2026-07-26 00:36:46
CMP-000472,2026-06-24 18:36:24,Financial Fraud,E-Wallet Related Fraud,1748.14,,Maharashtra,Net Banking,5.34,ACC-001118,ACC-000008,ATM-00032,2026-06-24 19:43:00,2026-06-24 20:43:00
CMP-000474,2026-07-16 02:13:43,Financial Fraud,UPI Related Frauds,4153.91,Pune,Maharashtra,UPI,2.8,ACC-001154,ACC-000012,ATM-00257,2026-07-16 10:39:43,2026-07-16 11:39:43
CMP-000475,2026-08-09 17:54:24,Financial Fraud,E-Wallet Related Fraud,2044.68,Bombay,Maharashtra,UPI,20.78,ACC-000520,ACC-000064,ATM-00022,2026-08-09 05:49:36,2026-08-09 06:49:36
CMP-000476,2026-07-09 17:04:37,Other Cyber Crime,Online Matrimonial/Romance Scam,16485.05,pune,Maharashtra,UPI,4.74,ACC-000562,ACC-000170,ATM-00019,2026-07-09 19:28:13,2026-07-09 20:28:13
CMP-000478,2026-06-14 16:16:07,Financial Fraud,UPI Related Frauds,5329.09,Lucknow,Uttar Pradesh,UPI,60.09,ACC-001071,ACC-000661,ATM-00042,2026-06-12 13:37:43,2026-06-12 14:37:43
CMP-000479,2026-07-30 17:56:00,Financial Fraud,UPI Related Frauds,2259.73,Pune,Maharashtra,UPI,5.83,ACC-000693,ACC-000911,ATM-00087,2026-07-30 21:20:12,2026-07-30 22:20:12
CMP-000480,2026-08-18 23:32:26,Other Cyber Crime,Hacking/Damage to Computer,0.0,Chennai,Tamil Nadu,,6.05,,,,,
CMP-000481,2026-07-01 08:40:42,Financial Fraud,UPI Related Frauds,12328.98,Noida,Uttar Pradesh,UPI,4.0,ACC-000785,ACC-000042,ATM-00043,2026-07-01 12:34:42,2026-07-01 13:34:42
CMP-000482,2026-07-16 07:45:29,Financial Fraud,UPI Related Frauds,3831.91,Jaipur,Rajasthan,Card,9.29,ACC-001140,ACC-000140,ATM-00032,2026-07-16 09:11:05,2026-07-16 10:11:05
CMP-000483,2026-07-09 04:19:14,Financial Fraud,UPI Related Frauds,3526.1,Bengaluru Urban,Karnataka,Card,2.62,ACC-001199,ACC-000008,ATM-00046,2026-07-09 06:34:02,2026-07-09 07:34:02
CMP-000484,2026-07-05 06:18:18,Other Cyber Crime,Hacking/Damage to Computer,0.0,Mumbai,Maharashtra,,5.66,,,,,
CMP-000485,2026-07-29 00:19:10,Financial Fraud,UPI Related Frauds,7834.31,Mumbai,Maharashtra,Wallet,1.31,ACC-000926,ACC-000166,ATM-00011,2026-07-29 08:09:34,2026-07-29 09:09:34
CMP-000486,2026-07-23 02:34:48,Financial Fraud,E-Wallet Related Fraud,2222.47,Lucknow,Uttar Pradesh,UPI,1.93,ACC-000222,ACC-000194,ATM-00297,2026-07-23 01:55:00,2026-07-23 02:55:00
CMP-000488,2026-07-09 21:25:22,Financial Fraud,Investment Scam,47734.11,Pune,Maharashtra,UPI,7.05,ACC-000708,ACC-000509,ATM-00286,2026-07-09 19:37:22,2026-07-09 20:37:22
CMP-000489,2026-06-29 00:29:26,Financial Fraud,Internet Banking Related Fraud,31746.06,Pune,Maharashtra,UPI,4.14,ACC-000566,ACC-000193,ATM-00340,2026-06-29 03:32:02,2026-06-29 04:32:02
CMP-000490,2026-06-28 03:47:47,Financial Fraud,Internet Banking Related Fraud,3807.78,New Delhi,Delhi,Net Banking,42.84,ACC-000887,ACC-000198,ATM-00036,2026-06-26 16:56:23,2026-06-26 17:56:23
CMP-000491,2026-06-13 11:48:26,Financial Fraud,E-Wallet Related Fraud,627.4,Noida,Uttar Pradesh,Wallet,0.32,ACC-000944,ACC-000007,ATM-00058,2026-06-13 17:19:14,2026-06-13 18:19:14
CMP-000492,2026-07-03 22:07:33,Financial Fraud,Debit/Credit Card Fraud,7631.31,New Delhi,Delhi,Card,2.45,ACC-001061,ACC-000032,ATM-00037,2026-07-04 04:21:33,2026-07-04 05:21:33
CMP-000493,2026-07-29 11:50:25,Financial Fraud,Debit/Credit Card Fraud,1770.06,Bengaluru Urban,Karnataka,Card,10.49,ACC-000327,ACC-000051,ATM-00034,2026-07-29 09:32:01,2026-07-29 10:32:01
CMP-000495,2026-06-15 11:03:24,Financial Fraud,Digital Arrest / Impersonation,12882.62,Lucknow,Uttar Pradesh,Card,12.77,ACC-001002,ACC-000879,ATM-00016,2026-06-15 04:12:12,2026-06-15 05:12:12
CMP-000496,2026-07-30 12:33:08,Financial Fraud,Internet Banking Related Fraud,12710.72,Poona,Maharashtra,UPI,3.98,ACC-001101,ACC-000137,ATM-00048,2026-07-30 12:16:20,2026-07-30 13:16:20
CMP-000497,2026-08-21 19:24:17,Financial Fraud,Debit/Credit Card Fraud,31152.1,Noida,Uttar Pradesh,UPI,1.24,ACC-000867,ACC-000052,ATM-00027,2026-08-22 08:08:53,2026-08-22 09:08:53
CMP-000499,2026-06-02 14:46:00,Financial Fraud,Internet Banking Related Fraud,6338.6,Lucknow,Uttar Pradesh,UPI,6.0,ACC-001081,ACC-000203,ATM-00153,2026-06-02 16:38:00,2026-06-02 17:38:00
CMP-000500,2026-07-27 16:07:28,Financial Fraud,E-Wallet Related Fraud,1647.49,,Rajasthan,,6.84,ACC-000805,ACC-000197,ATM-00023,2026-07-27 18:51:04,2026-07-27 19:51:04
CMP-000501,2026-08-01 02:16:59,Financial Fraud,Online Job Fraud,1180.41,Chennai,Tamil Nadu,UPI,25.34,ACC-000532,ACC-000084,ATM-00037,2026-07-31 05:00:35,2026-07-31 06:00:35
CMP-000502,2026-08-16 00:17:54,Financial Fraud,Debit/Credit Card Fraud,4527.15,Jaipur,Rajasthan,Wallet,17.13,ACC-000830,ACC-000275,ATM-00011,2026-08-15 10:50:06,2026-08-15 11:50:06
CMP-000503,2026-06-05 23:39:58,Financial Fraud,Internet Banking Related Fraud,9346.2,Mumbai,Maharashtra,Card,7.75,ACC-000458,ACC-000111,ATM-00049,2026-06-05 18:11:58,2026-06-05 19:11:58
CMP-000504,2026-07-31 04:05:20,Financial Fraud,UPI Related Frauds,4978.04,Ahmedabad,Gujarat,Net Banking,7.67,ACC-001022,ACC-000209,ATM-00067,2026-07-31 04:48:08,2026-07-31 05:48:08
CMP-000505,2026-06-24 12:21:32,Financial Fraud,Debit/Credit Card Fraud,9346.18,Hyderabad,Telangana,UPI,22.09,ACC-001011,ACC-000352,ATM-00032,2026-06-23 21:51:08,2026-06-23 22:51:08
CMP-000507,2026-07-11 02:16:00,Financial Fraud,Debit/Credit Card Fraud,9986.64,pune,Maharashtra,Net Banking,4.02,ACC-000773,ACC-000133,ATM-00381,2026-07-11 10:34:48,2026-07-11 11:34:48
CMP-000508,2026-07-16 18:55:13,Financial Fraud,Debit/Credit Card Fraud,20746.18,New Delhi,Delhi,Wallet,1.99,ACC-000702,ACC-000121,ATM-00034,2026-07-17 04:05:49,2026-07-17 05:05:49
CMP-000509,2026-06-14 09:45:19,Financial Fraud,Investment Scam,1026045.41,Bengaluru Urban,Karnataka,Card,4.27,ACC-001061,ACC-000174,ATM-00398,2026-06-14 11:44:07,2026-06-14 12:44:07
CMP-000510,2026-07-17 10:41:06,Financial Fraud,Internet Banking Related Fraud,1586.4,Jaipur,Rajasthan,Card,5.23,ACC-000617,ACC-000128,ATM-00093,2026-07-17 09:11:18,2026-07-17 10:11:18
CMP-000511,2026-08-28 13:24:12,Financial Fraud,UPI Related Frauds,1614.94,Mumbai,Maharashtra,,12.29,ACC-001057,ACC-000015,ATM-00355,2026-08-28 08:16:48,2026-08-28 09:16:48
CMP-000512,2026-08-24 05:46:52,Financial Fraud,Internet Banking Related Fraud,3454.3,Ahmedabad,Gujarat,Net Banking,2.62,ACC-001108,ACC-000182,ATM-00189,2026-08-24 08:39:40,2026-08-24 09:39:40
CMP-000513,2026-07-30 05:34:53,Financial Fraud,E-Wallet Related Fraud,440.7,Ahmedabad,Gujarat,,2.6,ACC-001115,ACC-000125,ATM-00084,2026-07-30 13:36:53,2026-07-30 14:36:53
CMP-000514,2026-06-29 23:33:12,Other Cyber Crime,Hacking/Damage to Computer,0.0,Mumbai,Maharashtra,,0.24,,,,,
CMP-000517,2026-08-17 05:25:43,Financial Fraud,UPI Related Frauds,1248.53,,Tamil Nadu,Net Banking,4.23,ACC-000332,ACC-000138,ATM-00038,2026-08-17 02:35:55,2026-08-17 03:35:55
CMP-000518,2026-07-23 17:43:35,Financial Fraud,UPI Related Frauds,2971.31,Noida,Uttar Pradesh,UPI,1.12,ACC-001003,ACC-000179,ATM-00015,2026-07-23 20:22:23,2026-07-23 21:22:23
CMP-000519,2026-08-15 01:22:13,Other Cyber Crime,Online Matrimonial/Romance Scam,69824.35,Hyderabad,Telangana,Net Banking,12.84,ACC-001155,ACC-000027,ATM-00117,2026-08-14 20:14:49,2026-08-14 21:14:49
CMP-000521,2026-08-12 13:25:29,Other Cyber Crime,Cyber Bullying/Stalking,0.0,Ahmedabad,Gujarat,,5.75,,,,,
CMP-000522,2026-07-23 06:58:39,Financial Fraud,Debit/Credit Card Fraud,637.95,Mumbai,Maharashtra,,3.33,ACC-001052,ACC-000050,ATM-00025,2026-07-23 13:52:51,2026-07-23 14:52:51
CMP-000523,2026-06-11 14:30:58,Financial Fraud,Internet Banking Related Fraud,3354.36,Mumbai,Maharashtra,Card,1.35,ACC-001148,ACC-000167,ATM-00014,2026-06-11 18:45:58,2026-06-11 19:45:58
CMP-000524,2026-08-05 00:49:34,Financial Fraud,Internet Banking Related Fraud,5008.54,Mumbai,Maharashtra,Wallet,38.75,ACC-001087,ACC-000120,ATM-00040,2026-08-03 19:32:34,2026-08-03 20:32:34
CMP-000525,2026-06-10 17:28:41,Financial Fraud,UPI Related Frauds,5306.88,Mumbai,Maharashtra,UPI,2.26,ACC-000628,ACC-000031,ATM-00012,2026-06-10 20:01:05,2026-06-10 21:01:05
CMP-000526,2026-08-14 20:00:54,Financial Fraud,Investment Scam,207805.46,Bengaluru,Karnataka,UPI,24.03,ACC-000238,ACC-000003,ATM-00352,2026-08-14 00:22:06,2026-08-14 01:22:06
CMP-000527,2026-06-16 08:01:45,Other Cyber Crime,Hacking/Damage to Computer,0.0,Jaipur,Rajasthan,,13.59,,,,,
CMP-000528,2026-08-25 06:49:10,Financial Fraud,Debit/Credit Card Fraud,5216.75,Chennai,Tamil Nadu,Card,2.06,ACC-000982,ACC-000103,ATM-00033,2026-08-25 09:31:34,2026-08-25 10:31:34
CMP-000530,2026-06-09 16:27:30,Financial Fraud,E-Wallet Related Fraud,4089.4,Chennai,Tamil Nadu,,9.6,ACC-000670,ACC-000050,ATM-00063,2026-06-09 13:23:30,2026-06-09 14:23:30
CMP-000531,2026-08-22 13:25:11,Financial Fraud,UPI Related Frauds,7666.36,New Delhi,Delhi,,2.36,ACC-000454,ACC-000923,ATM-00041,2026-08-22 11:49:35,2026-08-22 12:49:35
CMP-000532,2026-08-25 15:46:47,Other Cyber Crime,Cyber Bullying/Stalking,0.0,Mumbai,Maharashtra,,21.78,,,,,
CMP-000533,2026-06-04 12:40:40,Financial Fraud,Digital Arrest / Impersonation,75896.02,Chennai,Tamil Nadu,Wallet,54.07,ACC-000317,ACC-000132,ATM-00060,2026-06-02 14:16:28,2026-06-02 15:16:28
CMP-000534,2026-08-12 17:18:14,Financial Fraud,Debit/Credit Card Fraud,2467.13,Lucknow,Uttar Pradesh,Wallet,35.99,ACC-000550,ACC-000118,ATM-00342,2026-08-11 13:03:50,2026-08-11 14:03:50
CMP-000535,2026-06-01 21:35:38,Other Cyber Crime,Cyber Bullying/Stalking,0.0,Chennai,Tamil Nadu,,5.68,,,,,
CMP-000536,2026-07-03 12:42:16,Financial Fraud,UPI Related Frauds,1658.59,Noida,Uttar Pradesh,UPI,2.51,ACC-000811,ACC-001186,ATM-00356,2026-07-03 21:51:40,2026-07-03 22:51:40
CMP-000537,2026-07-18 22:53:57,Other Cyber Crime,Online Matrimonial/Romance Scam,9392.04,,Uttar Pradesh,Wallet,7.46,ACC-000649,ACC-000529,ATM-00028,2026-07-18 19:00:21,2026-07-18 20:00:21
CMP-000538,2026-06-27 11:45:23,Financial Fraud,UPI Related Frauds,4772.15,Lucknow,Uttar Pradesh,UPI,2.25,ACC-000918,ACC-000002,ATM-00057,2026-06-27 19:22:23,2026-06-27 20:22:23
CMP-000539,2026-07-15 13:20:53,Financial Fraud,UPI Related Frauds,2916.33,Bengaluru Urban,Karnataka,Card,58.6,ACC-001076,ACC-000338,ATM-00107,2026-07-13 08:16:53,2026-07-13 09:16:53
CMP-000541,2026-06-18 00:55:58,Financial Fraud,Internet Banking Related Fraud,6891.22,New Delhi,Delhi,Card,5.18,ACC-000492,ACC-000035,ATM-00059,2026-06-18 06:36:10,2026-06-18 07:36:10
CMP-000542,2026-07-12 12:37:14,Financial Fraud,E-Wallet Related Fraud,3264.34,Pune,Maharashtra,Card,1.31,ACC-000531,ACC-000034,ATM-00023,2026-07-13 05:01:38,2026-07-13 06:01:38
CMP-000543,2026-06-18 22:34:17,Financial Fraud,UPI Related Frauds,2364.59,Ahmedabad,Gujarat,Wallet,0.61,ACC-000864,ACC-000108,ATM-00307,2026-06-19 04:18:41,2026-06-19 05:18:41
CMP-000544,2026-06-01 15:54:55,Financial Fraud,Debit/Credit Card Fraud,7326.28,Chennai,Tamil Nadu,UPI,9.74,ACC-000521,ACC-000092,ATM-00312,2026-06-01 14:00:31,2026-06-01 15:00:31
CMP-000545,2026-07-03 00:04:57,Financial Fraud,UPI Related Frauds,1929.72,New Delhi,Delhi,UPI,29.63,ACC-001143,ACC-000144,ATM-00009,2026-07-02 00:42:09,2026-07-02 01:42:09
CMP-000546,2026-08-03 11:11:33,Financial Fraud,Investment Scam,20060.43,Bengaluru Urban,Karnataka,UPI,0.77,ACC-001068,ACC-000054,ATM-00024,2026-08-03 17:26:21,2026-08-03 18:26:21
CMP-000548,2026-08-26 21:46:37,Financial Fraud,Debit/Credit Card Fraud,26474.25,Lucknow,Uttar Pradesh,Wallet,2.58,ACC-000440,ACC-000742,ATM-00038,2026-08-27 01:20:49,2026-08-27 02:20:49
CMP-000549,2026-08-02 00:18:18,Financial Fraud,Investment Scam,401227.98,Ahmedabad,Gujarat,Wallet,4.28,ACC-001192,ACC-001144,ATM-00148,2026-08-02 05:06:30,2026-08-02 06:06:30
CMP-000550,2026-06-22 06:36:23,Financial Fraud,UPI Related Frauds,2552.01,Noida,Uttar Pradesh,Wallet,12.94,ACC-000290,ACC-000017,ATM-00029,2026-06-22 04:26:59,2026-06-22 05:26:59
CMP-000551,2026-07-29 19:28:26,Financial Fraud,Debit/Credit Card Fraud,9436.33,Lucknow,Uttar Pradesh,UPI,0.68,ACC-000717,ACC-000667,ATM-00009,2026-07-30 05:23:38,2026-07-30 06:23:38
CMP-000552,2026-08-13 12:45:16,Financial Fraud,Investment Scam,673001.24,Chennai,Tamil Nadu,Card,23.48,ACC-000445,ACC-000912,ATM-00057,2026-08-12 16:45:28,2026-08-12 17:45:28
CMP-000553,2026-06-25 00:38:10,Financial Fraud,E-Wallet Related Fraud,1211.42,Mumbai,Maharashtra,Net Banking,7.21,ACC-000835,ACC-000006,ATM-00034,2026-06-24 20:23:34,2026-06-24 21:23:34
CMP-000554,2026-07-22 00:31:09,Financial Fraud,Internet Banking Related Fraud,10872.92,New Delhi,Delhi,UPI,6.13,ACC-000958,ACC-000036,ATM-00057,2026-07-22 05:58:21,2026-07-22 06:58:21
CMP-000555,2026-07-25 18:36:30,Financial Fraud,Investment Scam,48271.82,Bengaluru Urban,Karnataka,,2.0,ACC-001007,ACC-000113,ATM-00039,2026-07-25 20:26:30,2026-07-25 21:26:30
CMP-000556,2026-06-20 15:03:33,Financial Fraud,Digital Arrest / Impersonation,58065.97,Chennai,Tamil Nadu,Card,18.31,ACC-000312,ACC-001111,ATM-00231,2026-06-20 05:46:57,2026-06-20 06:46:57
CMP-000559,2026-07-15 00:34:25,Financial Fraud,Internet Banking Related Fraud,20926.38,Hyderabad,Telangana,UPI,0.56,ACC-000403,ACC-000155,ATM-00047,2026-07-15 14:39:49,2026-07-15 15:39:49
CMP-000560,2026-07-25 06:05:30,Financial Fraud,Debit/Credit Card Fraud,3420.56,Noida,Uttar Pradesh,Card,1.17,ACC-000815,ACC-001097,ATM-00002,2026-07-25 15:09:18,2026-07-25 16:09:18
CMP-000561,2026-07-09 10:37:38,Financial Fraud,Digital Arrest / Impersonation,12662.27,,Delhi,UPI,18.05,ACC-000925,ACC-000160,ATM-00009,2026-07-08 22:58:38,2026-07-08 23:58:38
CMP-000562,2026-06-08 02:10:16,Financial Fraud,UPI Related Frauds,1956.81,Mumbai,Maharashtra,UPI,6.79,ACC-000592,ACC-000154,ATM-00109,2026-06-08 12:17:52,2026-06-08 13:17:52
CMP-000565,2026-08-02 06:51:41,Financial Fraud,UPI Related Frauds,7307.38,Bengaluru Urban,Karnataka,,2.48,ACC-000645,ACC-000766,ATM-00104,2026-08-02 08:33:53,2026-08-02 09:33:53
CMP-000566,2026-08-26 12:57:28,Financial Fraud,E-Wallet Related Fraud,575.21,Pune,Maharashtra,UPI,2.68,ACC-000371,ACC-000031,ATM-00026,2026-08-26 15:59:40,2026-08-26 16:59:40
CMP-000567,2026-07-07 11:19:03,Financial Fraud,Online Job Fraud,14054.3,Chennai,Tamil Nadu,UPI,12.43,ACC-001082,ACC-000944,ATM-00026,2026-07-07 03:38:15,2026-07-07 04:38:15
CMP-000568,2026-06-13 21:53:19,Other Cyber Crime,Hacking/Damage to Computer,0.0,Chennai,Tamil Nadu,,2.95,,,,,
CMP-000569,2026-06-18 07:52:25,Financial Fraud,E-Wallet Related Fraud,1511.1,Poona,Maharashtra,Wallet,3.05,ACC-000317,ACC-000024,ATM-00260,2026-06-18 13:28:25,2026-06-18 14:28:25
CMP-000570,2026-06-22 14:54:20,Financial Fraud,Debit/Credit Card Fraud,39212.39,Bengaluru Urban,Karnataka,Net Banking,7.09,ACC-000888,ACC-000074,ATM-00067,2026-06-22 14:46:56,2026-06-22 15:46:56
CMP-000571,2026-07-15 22:52:38,Financial Fraud,Investment Scam,172655.6,Jaipur,Rajasthan,Net Banking,15.43,ACC-001049,ACC-000166,ATM-00055,2026-07-15 13:24:50,2026-07-15 14:24:50
CMP-000572,2026-08-19 22:34:07,Financial Fraud,Internet Banking Related Fraud,8423.57,Noida,Uttar Pradesh,UPI,3.28,ACC-000251,ACC-000634,ATM-00048,2026-08-20 05:52:19,2026-08-20 06:52:19
CMP-000573,2026-06-19 07:11:28,Financial Fraud,Debit/Credit Card Fraud,4038.59,Bengaluru Urban,Karnataka,Wallet,4.11,ACC-000596,ACC-000075,ATM-00034,2026-06-19 05:46:52,2026-06-19 06:46:52
CMP-000574,2026-08-18 14:13:15,Financial Fraud,Investment Scam,94052.75,,Karnataka,Net Banking,10.73,ACC-000488,ACC-000086,ATM-00107,2026-08-18 13:15:27,2026-08-18 14:15:27
CMP-000575,2026-08-26 07:36:59,Financial Fraud,E-Wallet Related Fraud,2082.98,Chennai,Tamil Nadu,UPI,10.8,ACC-000918,ACC-000056,ATM-00013,2026-08-26 07:51:59,2026-08-26 08:51:59
CMP-000576,2026-06-04 06:14:18,Financial Fraud,UPI Related Frauds,2772.09,Bengaluru Rural,Karnataka,UPI,4.93,ACC-001076,ACC-000043,ATM-00051,2026-06-04 07:10:30,2026-06-04 08:10:30
CMP-000578,2026-06-22 02:16:26,Financial Fraud,Debit/Credit Card Fraud,6949.94,Bombay,Maharashtra,Net Banking,14.84,ACC-000921,ACC-000025,ATM-00002,2026-06-21 16:57:02,2026-06-21 17:57:02
CMP-000579,2026-06-29 02:01:57,Financial Fraud,Investment Scam,2286.71,Bengaluru Urban,Karnataka,UPI,54.93,ACC-000912,ACC-000496,ATM-00053,2026-06-27 00:42:09,2026-06-27 01:42:09
CMP-000580,2026-07-27 01:36:49,Other Cyber Crime,Cyber Bullying/Stalking,0.0,Noida,Uttar Pradesh,,3.79,,,,,
CMP-000581,2026-07-02 03:12:13,Financial Fraud,Internet Banking Related Fraud,20094.13,Ahmedabad,Gujarat,UPI,1.29,ACC-000679,ACC-000535,ATM-00005,2026-07-02 07:07:49,2026-07-02 08:07:49
CMP-000582,2026-07-21 14:36:10,Financial Fraud,Online Job Fraud,6320.14,Jaipur,Rajasthan,UPI,1.27,ACC-001162,ACC-001191,ATM-00005,2026-07-21 21:32:58,2026-07-21 22:32:58
CMP-000583,2026-07-28 10:41:03,Financial Fraud,UPI Related Frauds,1700.38,Bengaluru,Karnataka,Wallet,44.56,ACC-000866,ACC-000057,ATM-00063,2026-07-26 18:23:27,2026-07-26 19:23:27
CMP-000584,2026-07-12 11:26:58,Other Cyber Crime,Cyber Bullying/Stalking,0.0,Noida,Uttar Pradesh,,3.57,,,,,
CMP-000585,2026-07-04 10:32:40,Financial Fraud,Internet Banking Related Fraud,8245.58,Bengaluru Urban,Karnataka,Wallet,12.73,ACC-000568,ACC-000126,ATM-00010,2026-07-04 03:20:52,2026-07-04 04:20:52
CMP-000586,2026-07-01 22:42:18,Financial Fraud,E-Wallet Related Fraud,2970.68,New Delhi,Delhi,Net Banking,5.37,ACC-000901,ACC-000118,ATM-00047,2026-07-01 23:35:06,2026-07-02 00:35:06
CMP-000592,2026-06-09 23:27:24,Other Cyber Crime,Cyber Bullying/Stalking,0.0,Hyderabad,Telangana,,31.82,,,,,
CMP-000594,2026-08-24 19:40:59,Financial Fraud,E-Wallet Related Fraud,1092.89,Noida,Uttar Pradesh,UPI,4.15,ACC-000442,ACC-000138,ATM-00052,2026-08-24 21:17:59,2026-08-24 22:17:59
CMP-000595,2026-08-05 04:35:35,Financial Fraud,Digital Arrest / Impersonation,88833.13,Noida,Uttar Pradesh,Card,6.59,ACC-000378,ACC-000807,ATM-00248,2026-08-05 01:35:11,2026-08-05 02:35:11
CMP-000596,2026-07-03 07:51:47,Financial Fraud,Debit/Credit Card Fraud,7494.47,Hyderabad,Telangana,UPI,31.08,ACC-000345,ACC-000062,ATM-00056,2026-07-02 08:46:59,2026-07-02 09:46:59
CMP-000597,2026-06-19 10:47:14,Other Cyber Crime,Cyber Bullying/Stalking,0.0,,Maharashtra,,7.72,,,,,
CMP-000602,2026-07-16 05:52:05,Financial Fraud,Debit/Credit Card Fraud,19452.03,Chennai,Tamil Nadu,UPI,3.74,ACC-000601,ACC-000164,ATM-00010,2026-07-16 11:48:41,2026-07-16 12:48:41
CMP-000606,2026-06-29 15:50:52,Financial Fraud,Internet Banking Related Fraud,2844.2,Delhi,Delhi,UPI,1.36,ACC-000471,ACC-000787,ATM-00027,2026-06-29 21:15:16,2026-06-29 22:15:16
CMP-000607,2026-08-20 21:52:33,Financial Fraud,UPI Related Frauds,429.21,Pune,Maharashtra,UPI,2.08,ACC-001101,ACC-000171,ATM-00060,2026-08-21 02:31:45,2026-08-21 03:31:45
CMP-000608,2026-07-03 18:34:54,Financial Fraud,Internet Banking Related Fraud,1766.77,Jaipur,Rajasthan,UPI,32.15,ACC-001052,ACC-000083,ATM-00065,2026-07-03 00:34:54,2026-07-03 01:34:54
CMP-000609,2026-08-02 07:15:23,Financial Fraud,Digital Arrest / Impersonation,201144.84,Jaipur,Rajasthan,Net Banking,1.96,ACC-000766,ACC-000623,ATM-00017,2026-08-02 07:54:47,2026-08-02 08:54:47
CMP-000610,2026-07-05 04:37:47,Financial Fraud,Debit/Credit Card Fraud,46743.75,New Delhi,Delhi,,14.56,ACC-000282,ACC-000200,ATM-00031,2026-07-04 22:53:11,2026-07-04 23:53:11
CMP-000612,2026-06-04 06:48:54,Financial Fraud,E-Wallet Related Fraud,12490.88,Bengaluru Urban,Karnataka,Net Banking,0.85,ACC-000353,ACC-000133,ATM-00013,2026-06-04 10:45:54,2026-06-04 11:45:54
CMP-000613,2026-06-05 17:02:48,Financial Fraud,UPI Related Frauds,678.0,Hyderabad,Telangana,Net Banking,15.29,ACC-000700,ACC-000087,ATM-00041,2026-06-05 18:36:24,2026-06-05 19:36:24
CMP-000615,2026-07-15 06:34:46,Financial Fraud,UPI Related Frauds,4951.86,Mumbai,Maharashtra,UPI,9.15,ACC-001168,ACC-000059,ATM-00067,2026-07-14 21:59:46,2026-07-14 22:59:46
CMP-000616,2026-07-30 20:35:39,Financial Fraud,E-Wallet Related Fraud,3954.99,Ahmedabad,Gujarat,,11.14,ACC-000923,ACC-000013,ATM-00302,2026-07-30 12:39:15,2026-07-30 13:39:15
CMP-000618,2026-06-27 16:11:32,Financial Fraud,UPI Related Frauds,2817.67,Noida,Uttar Pradesh,,1.81,ACC-000513,ACC-000151,ATM-00020,2026-06-28 07:35:56,2026-06-28 08:35:56
CMP-000619,2026-08-07 18:07:46,Financial Fraud,UPI Related Frauds,2315.53,Lucknow,Uttar Pradesh,Net Banking,0.59,ACC-000454,ACC-000098,ATM-00014,2026-08-07 23:46:22,2026-08-08 00:46:22
CMP-000620,2026-06-11 09:21:58,Financial Fraud,Digital Arrest / Impersonation,53209.51,Chennai,Tamil Nadu,Wallet,1.37,ACC-000660,ACC-000122,ATM-00026,2026-06-11 14:50:46,2026-06-11 15:50:46
CMP-000622,2026-07-09 12:50:08,Financial Fraud,Digital Arrest / Impersonation,318189.61,Mumbai,Maharashtra,UPI,13.49,ACC-001042,ACC-000148,ATM-00013,2026-07-09 06:00:44,2026-07-09 07:00:44
CMP-000623,2026-06-24 14:42:55,Other Cyber Crime,Hacking/Damage to Computer,0.0,Lucknow,Uttar Pradesh,,0.68,,,,,
CMP-000624,2026-08-06 09:55:57,Other Cyber Crime,Online Matrimonial/Romance Scam,4498.09,mumbai,Maharashtra,Net Banking,13.86,ACC-000786,ACC-000181,ATM-00051,2026-08-05 21:09:21,2026-08-05 22:09:21
CMP-000625,2026-08-03 02:21:49,Financial Fraud,UPI Related Frauds,1231.22,Jaipur,Rajasthan,Net Banking,3.42,ACC-000345,ACC-000348,ATM-00267,2026-08-03 08:30:37,2026-08-03 09:30:37
CMP-000626,2026-07-24 15:53:15,Financial Fraud,UPI Related Frauds,4890.49,Pune,Maharashtra,Card,1.4,ACC-000738,ACC-000035,ATM-00354,2026-07-24 21:34:15,2026-07-24 22:34:15
CMP-000627,2026-06-09 00:40:21,Financial Fraud,E-Wallet Related Fraud,2173.95,Ahmedabad,Gujarat,Card,0.9,ACC-001150,ACC-000093,ATM-00037,2026-06-09 03:47:21,2026-06-09 04:47:21
CMP-000628,2026-07-25 22:32:29,Financial Fraud,Debit/Credit Card Fraud,2693.6,New Delhi,Delhi,Wallet,6.58,ACC-001053,ACC-000944,ATM-00013,2026-07-26 04:13:41,2026-07-26 05:13:41
CMP-000630,2026-07-26 00:42:10,Other Cyber Crime,Cyber Bullying/Stalking,0.0,Ahmedabad,Gujarat,,4.38,,,,,
CMP-000631,2026-06-08 05:14:36,Financial Fraud,Debit/Credit Card Fraud,8539.78,Bangalore,Karnataka,Net Banking,5.86,ACC-001100,ACC-000200,ATM-00023,2026-06-08 06:25:00,2026-06-08 07:25:00
CMP-000632,2026-08-03 21:30:20,Financial Fraud,UPI Related Frauds,10175.38,Noida,Uttar Pradesh,UPI,5.21,ACC-001039,ACC-000081,ATM-00045,2026-08-04 02:39:44,2026-08-04 03:39:44
CMP-000633,2026-06-21 02:42:48,Other Cyber Crime,Cyber Bullying/Stalking,0.0,Pune,Maharashtra,,2.68,,,,,
CMP-000634,2026-08-09 04:44:16,Financial Fraud,Internet Banking Related Fraud,7497.29,New Delhi,Delhi,Net Banking,8.6,ACC-000562,ACC-000269,ATM-00049,2026-08-09 05:06:16,2026-08-09 06:06:16
CMP-000636,2026-07-08 18:48:02,Financial Fraud,UPI Related Frauds,3091.87,Hyderabad,Telangana,Net Banking,1.93,ACC-000702,ACC-001025,ATM-00030,2026-07-09 00:02:14,2026-07-09 01:02:14
CMP-000637,2026-08-11 19:43:52,Financial Fraud,Internet Banking Related Fraud,3418.99,,Maharashtra,UPI,0.83,ACC-000595,ACC-000185,ATM-00035,2026-08-12 01:05:04,2026-08-12 02:05:04
CMP-000638,2026-07-19 14:55:54,Other Cyber Crime,Online Matrimonial/Romance Scam,91540.28,,Delhi,Net Banking,1.01,ACC-000691,ACC-000452,ATM-00310,2026-07-20 02:59:18,2026-07-20 03:59:18
CMP-000639,2026-06-23 12:56:05,Financial Fraud,UPI Related Frauds,1597.8,Bengaluru Rural,Karnataka,Net Banking,1.89,ACC-001121,ACC-000358,ATM-00013,2026-06-23 22:23:41,2026-06-23 23:23:41
CMP-000640,2026-07-28 19:52:07,Financial Fraud,UPI Related Frauds,6670.38,New Delhi,Delhi,UPI,3.15,ACC-000891,ACC-000184,ATM-00020,2026-07-29 04:32:07,2026-07-29 05:32:07
CMP-000642,2026-07-24 16:40:16,Financial Fraud,Debit/Credit Card Fraud,6496.34,Mumbai,Maharashtra,Wallet,1.64,ACC-000851,ACC-000119,ATM-00049,2026-07-24 19:08:52,2026-07-24 20:08:52
CMP-000643,2026-08-04 03:28:37,Financial Fraud,Debit/Credit Card Fraud,41988.42,Ahmedabad,Gujarat,UPI,1.08,ACC-000447,ACC-000209,ATM-00011,2026-08-04 09:16:49,2026-08-04 10:16:49
CMP-000644,2026-06-24 22:16:10,Financial Fraud,Investment Scam,147674.66,Mumbai,Maharashtra,Net Banking,9.59,ACC-000421,ACC-000438,ATM-00065,2026-06-24 19:53:46,2026-06-24 20:53:46
CMP-000646,2026-07-06 00:29:32,Financial Fraud,UPI Related Frauds,2652.24,Poona,Maharashtra,UPI,4.72,ACC-000797,ACC-000055,ATM-00135,2026-07-06 12:44:20,2026-07-06 13:44:20
CMP-000647,2026-07-05 22:40:06,Financial Fraud,UPI Related Frauds,2611.55,Mumbai,Maharashtra,Net Banking,14.25,ACC-000301,ACC-000060,ATM-00028,2026-07-05 10:19:06,2026-07-05 11:19:06
CMP-000648,2026-07-12 20:15:18,Financial Fraud,UPI Related Frauds,21795.76,Bengaluru Urban,Karnataka,UPI,2.3,ACC-001091,ACC-000164,ATM-00049,2026-07-13 00:55:18,2026-07-13 01:55:18
CMP-000649,2026-06-03 13:11:40,Financial Fraud,Internet Banking Related Fraud,1686.14,Pune,Maharashtra,UPI,4.03,ACC-000808,ACC-000007,ATM-00105,2026-06-03 20:18:52,2026-06-03 21:18:52
CMP-000650,2026-08-16 03:52:28,Financial Fraud,Internet Banking Related Fraud,87527.59,Noida,Uttar Pradesh,UPI,1.71,ACC-000727,ACC-000037,ATM-00057,2026-08-16 14:50:52,2026-08-16 15:50:52
CMP-000652,2026-06-24 13:37:51,Financial Fraud,Investment Scam,48066.24,Noida,Uttar Pradesh,Card,8.87,ACC-000380,ACC-000112,ATM-00338,2026-06-24 08:37:39,2026-06-24 09:37:39
CMP-000653,2026-06-14 11:31:14,Financial Fraud,UPI Related Frauds,12907.41,Pune,Maharashtra,UPI,2.84,ACC-000620,ACC-000204,ATM-00350,2026-06-14 18:11:50,2026-06-14 19:11:50
CMP-000654,2026-06-17 05:37:17,Financial Fraud,UPI Related Frauds,2481.9,Bengaluru Urban,Karnataka,UPI,2.23,ACC-001157,ACC-000151,ATM-00138,2026-06-17 09:19:29,2026-06-17 10:19:29
CMP-000655,2026-06-08 11:14:23,Financial Fraud,Debit/Credit Card Fraud,1781.56,,Uttar Pradesh,UPI,2.06,ACC-000606,ACC-000094,ATM-00224,2026-06-08 20:35:47,2026-06-08 21:35:47
CMP-000657,2026-06-11 09:15:49,Financial Fraud,Internet Banking Related Fraud,6864.26,Mumbai,Maharashtra,UPI,1.78,ACC-001070,ACC-000162,ATM-00291,2026-06-11 20:54:01,2026-06-11 21:54:01
CMP-000658,2026-08-21 17:06:04,Financial Fraud,UPI Related Frauds,3679.04,Pune,Maharashtra,Card,0.69,ACC-000436,ACC-000003,ATM-00059,2026-08-21 18:18:40,2026-08-21 19:18:40
CMP-000659,2026-07-03 11:59:30,Financial Fraud,Digital Arrest / Impersonation,89059.17,Pune,Maharashtra,UPI,12.19,ACC-000728,ACC-000603,ATM-00035,2026-07-03 18:31:06,2026-07-03 19:31:06
CMP-000660,2026-07-28 17:02:09,Financial Fraud,Digital Arrest / Impersonation,5472.64,Ahmedabad,Gujarat,,7.02,ACC-001177,ACC-000116,ATM-00001,2026-07-28 19:35:57,2026-07-28 20:35:57
CMP-000661,2026-06-20 12:01:04,Financial Fraud,UPI Related Frauds,8999.3,Jaipur,Rajasthan,Card,1.05,ACC-000905,ACC-000136,ATM-00009,2026-06-20 23:24:04,2026-06-21 00:24:04
CMP-000662,2026-07-01 23:38:40,Financial Fraud,UPI Related Frauds,13430.92,Pune,Maharashtra,UPI,7.41,ACC-000912,ACC-000204,ATM-00047,2026-07-01 23:53:04,2026-07-02 00:53:04
CMP-000663,2026-07-26 21:53:45,Financial Fraud,Investment Scam,39477.44,Lucknow,Uttar Pradesh,Net Banking,4.19,ACC-000773,ACC-000140,ATM-00022,2026-07-27 07:46:21,2026-07-27 08:46:21
CMP-000664,2026-08-16 07:12:06,Financial Fraud,UPI Related Frauds,4927.04,Mumbai,Maharashtra,UPI,4.91,ACC-000760,ACC-000275,ATM-00046,2026-08-16 12:36:30,2026-08-16 13:36:30
CMP-000667,2026-07-13 13:40:26,Financial Fraud,Debit/Credit Card Fraud,4397.42,Ahmedabad,Gujarat,Net Banking,1.51,ACC-000436,ACC-000664,ATM-00385,2026-07-13 20:13:50,2026-07-13 21:13:50
CMP-000670,2026-07-12 01:57:34,Financial Fraud,UPI Related Frauds,1115.34,Bangalore,Karnataka,Net Banking,3.07,ACC-000463,ACC-000611,ATM-00002,2026-07-12 11:30:22,2026-07-12 12:30:22
CMP-000672,2026-08-24 10:23:36,Financial Fraud,Internet Banking Related Fraud,67462.66,,Tamil Nadu,Net Banking,7.18,ACC-000348,ACC-000096,ATM-00060,2026-08-24 13:39:48,2026-08-24 14:39:48
CMP-000674,2026-08-28 18:42:33,Financial Fraud,Digital Arrest / Impersonation,70280.46,Noida,Uttar Pradesh,UPI,3.73,ACC-001159,ACC-000047,ATM-00048,2026-08-28 18:44:45,2026-08-28 19:44:45
CMP-000675,2026-07-05 11:13:49,Financial Fraud,Investment Scam,247840.65,Ahmedabad,Gujarat,UPI,14.13,ACC-000471,ACC-000021,ATM-00042,2026-07-05 02:50:01,2026-07-05 03:50:01
CMP-000676,2026-08-02 15:01:53,Financial Fraud,E-Wallet Related Fraud,1065.51,Noida,Uttar Pradesh,Net Banking,0.91,ACC-000883,ACC-000174,ATM-00172,2026-08-02 18:03:17,2026-08-02 19:03:17
CMP-000678,2026-07-20 13:57:42,Financial Fraud,UPI Related Frauds,1104.3,Mumbai,Maharashtra,Net Banking,0.34,ACC-001023,ACC-000130,ATM-00027,2026-07-20 20:37:18,2026-07-20 21:37:18
CMP-000679,2026-06-22 11:02:28,Financial Fraud,Internet Banking Related Fraud,9784.73,Ahmedabad,Gujarat,UPI,89.26,ACC-001148,ACC-000952,ATM-00312,2026-06-19 01:14:52,2026-06-19 02:14:52
CMP-000680,2026-07-28 03:30:50,Financial Fraud,Debit/Credit Card Fraud,4885.02,,Delhi,Net Banking,12.26,ACC-000301,ACC-000144,ATM-00232,2026-07-28 03:00:14,2026-07-28 04:00:14
CMP-000681,2026-07-17 20:56:17,Financial Fraud,UPI Related Frauds,3208.78,Jaipur,Rajasthan,UPI,3.98,ACC-000848,ACC-000249,ATM-00018,2026-07-17 19:25:29,2026-07-17 20:25:29
CMP-000682,2026-06-12 06:27:40,Financial Fraud,Debit/Credit Card Fraud,12321.2,,Rajasthan,Net Banking,3.16,ACC-000810,ACC-000203,ATM-00024,2026-06-12 09:50:04,2026-06-12 10:50:04
CMP-000684,2026-07-17 05:32:20,Financial Fraud,UPI Related Frauds,1633.89,Lucknow,Uttar Pradesh,UPI,14.74,ACC-000838,ACC-000128,ATM-00042,2026-07-16 23:15:56,2026-07-17 00:15:56
CMP-000685,2026-06-07 12:31:39,Financial Fraud,Investment Scam,78633.44,Lucknow,Uttar Pradesh,UPI,1.81,ACC-001141,ACC-000145,ATM-00028,2026-06-07 14:02:03,2026-06-07 15:02:03
CMP-000686,2026-08-22 10:43:58,Financial Fraud,Digital Arrest / Impersonation,113983.82,Bengaluru Urban,Karnataka,UPI,1.52,ACC-001020,ACC-000055,ATM-00055,2026-08-22 20:04:46,2026-08-22 21:04:46
CMP-000687,2026-08-11 21:27:56,Financial Fraud,UPI Related Frauds,3057.53,Hyderabad,Telangana,UPI,4.43,ACC-001159,ACC-001081,ATM-00020,2026-08-12 04:13:08,2026-08-12 05:13:08
CMP-000688,2026-07-25 08:32:33,Financial Fraud,UPI Related Frauds,7921.26,Bengaluru Urban,Karnataka,UPI,7.92,ACC-000779,ACC-000151,ATM-00064,2026-07-25 07:44:21,2026-07-25 08:44:21
CMP-000689,2026-08-01 03:26:52,Financial Fraud,Debit/Credit Card Fraud,4793.29,New Delhi,Delhi,UPI,11.96,ACC-000596,ACC-000102,ATM-00040,2026-07-31 23:08:16,2026-08-01 00:08:16
CMP-000691,2026-07-12 16:55:50,Financial Fraud,Online Job Fraud,3675.03,Lucknow,Uttar Pradesh,UPI,0.93,ACC-001147,ACC-000087,ATM-00038,2026-07-12 23:40:02,2026-07-13 00:40:02
CMP-000692,2026-08-13 01:02:43,Financial Fraud,Investment Scam,24719.61,Mumbai,Maharashtra,Net Banking,3.11,ACC-000723,ACC-000124,ATM-00010,2026-08-13 02:18:07,2026-08-13 03:18:07
CMP-000693,2026-08-17 14:58:31,Financial Fraud,Investment Scam,44695.77,Noida,Uttar Pradesh,,3.58,ACC-000473,ACC-000141,ATM-00050,2026-08-17 21:12:43,2026-08-17 22:12:43
CMP-000694,2026-07-15 10:10:11,Financial Fraud,UPI Related Frauds,3136.88,pune,Maharashtra,UPI,8.46,ACC-000426,ACC-000088,ATM-00039,2026-07-15 06:04:35,2026-07-15 07:04:35
CMP-000696,2026-06-12 02:10:48,Financial Fraud,Debit/Credit Card Fraud,5242.08,Pune,Maharashtra,UPI,0.42,ACC-000799,ACC-000015,ATM-00009,2026-06-12 07:45:36,2026-06-12 08:45:36
CMP-000697,2026-08-19 00:08:51,Financial Fraud,Digital Arrest / Impersonation,19395.52,,Uttar Pradesh,Net Banking,3.77,ACC-000593,ACC-000753,ATM-00004,2026-08-19 00:22:39,2026-08-19 01:22:39
CMP-000698,2026-07-28 07:11:31,Financial Fraud,Digital Arrest / Impersonation,14021.77,Chennai,Tamil Nadu,,9.21,ACC-001154,ACC-000089,ATM-00389,2026-07-28 00:31:55,2026-07-28 01:31:55
CMP-000700,2026-07-08 17:11:06,Financial Fraud,Debit/Credit Card Fraud,3970.14,bengaluru urban,Karnataka,UPI,26.81,ACC-000554,ACC-000121,ATM-00009,2026-07-07 20:50:30,2026-07-07 21:50:30
CMP-000701,2026-06-19 00:50:14,Financial Fraud,UPI Related Frauds,3407.73,,Maharashtra,Card,2.99,ACC-000920,ACC-000170,ATM-00104,2026-06-19 06:39:50,2026-06-19 07:39:50
CMP-000703,2026-07-01 13:01:28,Financial Fraud,Debit/Credit Card Fraud,3333.65,Bengaluru Urban,Karnataka,Net Banking,5.5,ACC-000784,ACC-001070,ATM-00026,2026-07-01 12:10:28,2026-07-01 13:10:28
CMP-000706,2026-07-11 08:29:20,Financial Fraud,Debit/Credit Card Fraud,12702.5,Ahmedabad,Gujarat,Net Banking,0.75,ACC-000979,ACC-000965,ATM-00047,2026-07-11 14:11:20,2026-07-11 15:11:20
CMP-000707,2026-07-25 21:28:20,Financial Fraud,Debit/Credit Card Fraud,382.25,Bengaluru Urban,Karnataka,UPI,13.75,ACC-000620,ACC-000029,ATM-00098,2026-07-25 15:28:20,2026-07-25 16:28:20
CMP-000708,2026-06-27 16:27:13,Financial Fraud,Investment Scam,16698.22,Mumbai,Maharashtra,UPI,3.42,ACC-000394,ACC-000056,ATM-00053,2026-06-27 18:50:01,2026-06-27 19:50:01
CMP-000709,2026-07-25 22:03:39,Financial Fraud,UPI Related Frauds,1039.92,New Delhi,Delhi,Net Banking,0.52,ACC-000350,ACC-000096,ATM-00059,2026-07-26 04:57:27,2026-07-26 05:57:27
CMP-000710,2026-06-11 23:48:02,Financial Fraud,Investment Scam,199566.25,Noida,Uttar Pradesh,Card,11.14,ACC-000234,ACC-000698,ATM-00033,2026-06-11 18:13:38,2026-06-11 19:13:38
CMP-000711,2026-07-06 14:50:59,Financial Fraud,UPI Related Frauds,1774.26,Noida,Uttar Pradesh,Card,0.2,ACC-000505,ACC-000920,ATM-00121,2026-07-07 01:39:59,2026-07-07 02:39:59
CMP-000712,2026-07-13 20:27:31,Financial Fraud,Investment Scam,48527.32,New Delhi,Delhi,Card,7.17,ACC-000362,ACC-000097,ATM-00008,2026-07-13 22:18:19,2026-07-13 23:18:19
CMP-000713,2026-08-20 14:12:17,Other Cyber Crime,Online Matrimonial/Romance Scam,2625.95,Bengaluru Urban,Karnataka,Net Banking,5.58,ACC-000318,ACC-000182,ATM-00063,2026-08-20 19:21:29,2026-08-20 20:21:29
CMP-000714,2026-06-04 03:06:08,Financial Fraud,UPI Related Frauds,2940.17,Chennai,Tamil Nadu,UPI,8.98,ACC-000808,ACC-000909,ATM-00050,2026-06-03 22:15:20,2026-06-03 23:15:20
CMP-000715,2026-07-13 15:06:25,Financial Fraud,UPI Related Frauds,3319.68,,Telangana,Wallet,1.39,ACC-000751,ACC-000693,ATM-00028,2026-07-13 19:18:01,2026-07-13 20:18:01
CMP-000716,2026-06-21 09:03:05,Financial Fraud,UPI Related Frauds,8750.92,Hyderabad,Telangana,,3.71,ACC-000899,ACC-000363,ATM-00339,2026-06-21 07:52:29,2026-06-21 08:52:29
CMP-000717,2026-08-09 00:10:36,Financial Fraud,Internet Banking Related Fraud,6455.55,,Maharashtra,Card,1.46,ACC-000865,ACC-000576,ATM-00093,2026-08-09 07:01:00,2026-08-09 08:01:00
CMP-000718,2026-08-16 04:49:53,Financial Fraud,Debit/Credit Card Fraud,3154.92,Noida,Uttar Pradesh,UPI,1.55,ACC-000298,ACC-000196,ATM-00056,2026-08-16 08:58:53,2026-08-16 09:58:53
CMP-000720,2026-08-08 08:33:51,Financial Fraud,Internet Banking Related Fraud,1682.61,Bengaluru Urban,Karnataka,UPI,0.65,ACC-000518,ACC-000201,ATM-00228,2026-08-08 15:06:51,2026-08-08 16:06:51
CMP-000721,2026-07-20 22:40:25,Financial Fraud,Internet Banking Related Fraud,28887.68,Jaipur,Rajasthan,Wallet,3.49,ACC-001130,ACC-000079,ATM-00029,2026-07-21 02:24:01,2026-07-21 03:24:01
CMP-000724,2026-06-13 21:11:31,Financial Fraud,E-Wallet Related Fraud,8611.1,,Gujarat,UPI,10.11,ACC-000952,ACC-000067,ATM-00066,2026-06-13 21:55:55,2026-06-13 22:55:55
CMP-000725,2026-08-13 22:21:43,Financial Fraud,Investment Scam,52350.42,Hyderabad,Telangana,Net Banking,59.67,ACC-000932,ACC-000177,ATM-00022,2026-08-11 11:34:31,2026-08-11 12:34:31
CMP-000726,2026-08-01 09:36:12,Financial Fraud,Debit/Credit Card Fraud,2681.91,Bengaluru Urban,Karnataka,UPI,10.92,ACC-001190,ACC-000210,ATM-00044,2026-08-01 10:24:00,2026-08-01 11:24:00
CMP-000728,2026-08-12 19:09:58,Financial Fraud,Investment Scam,751603.76,Pune,Maharashtra,UPI,4.66,ACC-000237,ACC-000149,ATM-00065,2026-08-13 00:22:22,2026-08-13 01:22:22
CMP-000729,2026-07-18 09:13:33,Other Cyber Crime,Cyber Bullying/Stalking,0.0,Pune,Maharashtra,,1.81,,,,,
CMP-000732,2026-07-22 21:17:57,Financial Fraud,Debit/Credit Card Fraud,3410.72,Bengaluru Urban,Karnataka,UPI,5.59,ACC-000322,ACC-000116,ATM-00062,2026-07-22 23:25:33,2026-07-23 00:25:33
CMP-000733,2026-07-19 00:46:09,Other Cyber Crime,Hacking/Damage to Computer,0.0,Hyderabad,Telangana,,0.89,,,,,
CMP-000734,2026-07-03 19:01:35,Financial Fraud,UPI Related Frauds,1243.33,Hyderabad,Telangana,Card,18.93,ACC-000588,ACC-000040,ATM-00062,2026-07-03 06:11:47,2026-07-03 07:11:47
CMP-000735,2026-08-16 12:52:50,Financial Fraud,UPI Related Frauds,1650.44,Hyderabad,Telangana,UPI,1.28,ACC-001016,ACC-000110,ATM-00211,2026-08-16 14:43:02,2026-08-16 15:43:02
CMP-000736,2026-06-10 16:01:33,Financial Fraud,Investment Scam,198322.26,Bengaluru Urban,Karnataka,Card,18.59,ACC-000483,ACC-000282,ATM-00281,2026-06-10 01:37:09,2026-06-10 02:37:09
CMP-000737,2026-08-23 06:28:23,Financial Fraud,Digital Arrest / Impersonation,141881.0,Bengaluru Urban,Karnataka,UPI,14.81,ACC-001175,ACC-000052,ATM-00018,2026-08-22 21:20:47,2026-08-22 22:20:47
CMP-000738,2026-07-12 12:50:40,Financial Fraud,Debit/Credit Card Fraud,2305.85,Jaipur,Rajasthan,UPI,0.81,ACC-000984,ACC-000188,ATM-00064,2026-07-12 13:16:04,2026-07-12 14:16:04
CMP-000739,2026-08-03 02:36:11,Financial Fraud,Investment Scam,695046.3,Bengaluru Rural,Karnataka,,3.04,ACC-000559,ACC-000189,ATM-00012,2026-08-03 10:36:47,2026-08-03 11:36:47
CMP-000740,2026-06-10 01:29:52,Financial Fraud,Online Job Fraud,2905.18,Chennai,Tamil Nadu,Net Banking,22.06,ACC-000895,ACC-000065,ATM-00021,2026-06-09 09:24:16,2026-06-09 10:24:16
CMP-000741,2026-08-27 18:00:26,Financial Fraud,UPI Related Frauds,4917.75,Pune,Maharashtra,Card,7.75,ACC-000813,ACC-000074,ATM-00023,2026-08-28 04:23:26,2026-08-28 05:23:26
CMP-000742,2026-08-10 11:40:31,Financial Fraud,UPI Related Frauds,20920.86,Noida,Uttar Pradesh,Net Banking,2.07,ACC-000648,ACC-000160,ATM-00280,2026-08-10 14:06:19,2026-08-10 15:06:19
CMP-000743,2026-08-08 07:44:07,Financial Fraud,UPI Related Frauds,6870.94,,Gujarat,UPI,4.8,ACC-000296,ACC-000081,ATM-00239,2026-08-08 07:38:07,2026-08-08 08:38:07
CMP-000744,2026-07-28 15:22:24,Financial Fraud,UPI Related Frauds,3796.11,Bengaluru Urban,Karnataka,UPI,28.05,ACC-001057,ACC-000064,ATM-00043,2026-07-28 00:59:24,2026-07-28 01:59:24
CMP-000745,2026-08-07 12:51:31,Financial Fraud,E-Wallet Related Fraud,2999.7,Bengaluru Urban,Karnataka,UPI,8.55,ACC-000833,ACC-000129,ATM-00024,2026-08-07 10:24:31,2026-08-07 11:24:31
CMP-000746,2026-08-07 09:12:34,Financial Fraud,UPI Related Frauds,7826.39,Hyderabad,Telangana,UPI,2.89,ACC-000984,ACC-000205,ATM-00066,2026-08-07 15:25:10,2026-08-07 16:25:10
CMP-000747,2026-08-10 22:48:07,Financial Fraud,UPI Related Frauds,1400.68,Pune,Maharashtra,Net Banking,1.28,ACC-000422,ACC-000645,ATM-00161,2026-08-10 22:06:19,2026-08-10 23:06:19
CMP-000748,2026-06-30 01:18:55,Financial Fraud,UPI Related Frauds,507.9,pune,Maharashtra,UPI,52.85,ACC-000397,ACC-000010,ATM-00011,2026-06-28 08:28:55,2026-06-28 09:28:55
CMP-000749,2026-06-13 22:15:11,Financial Fraud,Investment Scam,23525.24,New Delhi,Delhi,Card,3.44,ACC-000706,ACC-000156,ATM-00026,2026-06-13 23:47:47,2026-06-14 00:47:47
CMP-000750,2026-07-25 16:33:49,Financial Fraud,E-Wallet Related Fraud,1601.27,Bengaluru Urban,Karnataka,UPI,6.48,ACC-000608,ACC-000010,ATM-00080,2026-07-25 21:53:01,2026-07-25 22:53:01
CMP-000752,2026-07-30 19:33:40,Financial Fraud,Investment Scam,46258.45,Chennai,Tamil Nadu,Net Banking,3.67,ACC-001098,ACC-000025,ATM-00033,2026-07-31 00:53:28,2026-07-31 01:53:28
CMP-000753,2026-06-10 18:06:02,Financial Fraud,Online Job Fraud,4695.32,Bengaluru Urban,Karnataka,UPI,3.33,ACC-000789,ACC-000052,ATM-00030,2026-06-10 19:58:14,2026-06-10 20:58:14
CMP-000754,2026-07-05 03:08:14,Financial Fraud,UPI Related Frauds,12665.17,New Delhi,Delhi,,8.08,ACC-000520,ACC-000679,ATM-00031,2026-07-05 01:27:26,2026-07-05 02:27:26
CMP-000756,2026-08-10 00:28:13,Financial Fraud,UPI Related Frauds,8570.89,Noida,Uttar Pradesh,Card,5.57,ACC-000838,ACC-000801,ATM-00058,2026-08-10 04:59:01,2026-08-10 05:59:01
CMP-000757,2026-08-22 07:43:54,Financial Fraud,Investment Scam,18290.16,Ahmedabad,Gujarat,Net Banking,7.24,ACC-001123,ACC-000213,ATM-00057,2026-08-22 04:48:30,2026-08-22 05:48:30
CMP-000758,2026-07-29 22:14:31,Financial Fraud,Online Job Fraud,2025.92,Mumbai,Maharashtra,Card,2.38,ACC-000745,ACC-000082,ATM-00066,2026-07-30 06:09:43,2026-07-30 07:09:43
CMP-000759,2026-06-06 07:09:19,Financial Fraud,Investment Scam,211561.97,Bombay,Maharashtra,Net Banking,19.81,ACC-000226,ACC-001081,ATM-00011,2026-06-05 15:02:43,2026-06-05 16:02:43
CMP-000760,2026-07-08 11:10:42,Financial Fraud,Investment Scam,101483.66,Mumbai,Maharashtra,UPI,6.49,ACC-001139,ACC-000065,ATM-00005,2026-07-08 09:01:18,2026-07-08 10:01:18
CMP-000762,2026-07-01 17:26:05,Financial Fraud,UPI Related Frauds,30992.94,Pune,Maharashtra,UPI,8.83,ACC-000307,ACC-000058,ATM-00056,2026-07-01 14:39:17,2026-07-01 15:39:17
CMP-000763,2026-07-06 11:28:21,Financial Fraud,Online Job Fraud,746.44,,Uttar Pradesh,Card,11.07,ACC-000654,ACC-000052,ATM-00006,2026-07-06 02:59:09,2026-07-06 03:59:09
CMP-000764,2026-08-14 19:05:07,Financial Fraud,UPI Related Frauds,4200.85,Lucknow,Uttar Pradesh,UPI,21.07,ACC-000778,ACC-000133,ATM-00005,2026-08-14 11:25:55,2026-08-14 12:25:55
CMP-000766,2026-07-20 04:29:17,Financial Fraud,UPI Related Frauds,990.42,delhi,Delhi,UPI,3.49,ACC-000635,ACC-000081,ATM-00149,2026-07-20 11:56:53,2026-07-20 12:56:53
CMP-000767,2026-07-12 03:00:06,Financial Fraud,Investment Scam,32673.62,New Delhi,Delhi,Net Banking,2.23,ACC-001040,ACC-000027,ATM-00162,2026-07-12 09:21:18,2026-07-12 10:21:18
CMP-000768,2026-07-30 19:29:37,Financial Fraud,UPI Related Frauds,5063.03,Noida,Uttar Pradesh,UPI,33.24,ACC-000724,ACC-000101,ATM-00023,2026-07-29 16:01:13,2026-07-29 17:01:13
CMP-000769,2026-06-20 17:29:04,Financial Fraud,UPI Related Frauds,4252.25,Bengaluru Urban,Karnataka,Wallet,1.07,ACC-001161,ACC-001132,ATM-00137,2026-06-21 01:48:52,2026-06-21 02:48:52
CMP-000770,2026-07-27 22:29:51,Financial Fraud,UPI Related Frauds,4447.7,Pune,Maharashtra,Card,18.84,ACC-000551,ACC-000184,ATM-00038,2026-07-27 07:17:27,2026-07-27 08:17:27
CMP-000772,2026-06-24 04:03:55,Financial Fraud,Debit/Credit Card Fraud,4987.49,Jaipur,Rajasthan,UPI,1.75,ACC-001099,ACC-000070,ATM-00119,2026-06-24 14:13:55,2026-06-24 15:13:55
CMP-000774,2026-08-03 21:22:23,Financial Fraud,UPI Related Frauds,4348.47,Ahmedabad,Gujarat,Net Banking,1.54,ACC-000253,ACC-000110,ATM-00149,2026-08-04 03:06:59,2026-08-04 04:06:59
CMP-000775,2026-08-08 02:36:45,Financial Fraud,UPI Related Frauds,2010.8,,Gujarat,UPI,10.66,ACC-000545,ACC-000065,ATM-00025,2026-08-07 16:16:09,2026-08-07 17:16:09
CMP-000777,2026-06-13 07:46:11,Financial Fraud,Investment Scam,58716.32,Bengaluru Urban,Karnataka,Net Banking,5.87,ACC-000541,ACC-000069,ATM-00348,2026-06-13 18:55:59,2026-06-13 19:55:59
CMP-000778,2026-06-12 11:05:31,Financial Fraud,Online Job Fraud,8428.14,New Delhi,Delhi,Net Banking,0.82,ACC-000444,ACC-000169,ATM-00007,2026-06-12 21:20:19,2026-06-12 22:20:19
CMP-000779,2026-06-27 09:45:38,Financial Fraud,UPI Related Frauds,611.11,Hyderabad,Telangana,Card,0.72,ACC-000788,ACC-000929,ATM-00059,2026-06-27 18:11:26,2026-06-27 19:11:26
CMP-000780,2026-07-31 22:15:26,Financial Fraud,UPI Related Frauds,9286.58,Jaipur,Rajasthan,UPI,2.31,ACC-001067,ACC-000127,ATM-00049,2026-08-01 01:05:50,2026-08-01 02:05:50
CMP-000781,2026-07-19 12:10:32,Financial Fraud,Debit/Credit Card Fraud,63462.17,Pune,Maharashtra,Wallet,2.28,ACC-000700,ACC-000182,ATM-00048,2026-07-19 22:32:44,2026-07-19 23:32:44
CMP-000782,2026-08-15 01:59:13,Financial Fraud,UPI Related Frauds,3519.58,Bengaluru Urban,Karnataka,UPI,28.52,ACC-000739,ACC-000718,ATM-00210,2026-08-13 23:53:01,2026-08-14 00:53:01
CMP-000783,2026-06-23 04:13:15,Financial Fraud,Internet Banking Related Fraud,49320.39,New Delhi,Delhi,Net Banking,53.19,ACC-001098,ACC-000193,ATM-00026,2026-06-21 12:48:51,2026-06-21 13:48:51
CMP-000784,2026-06-02 04:37:59,Financial Fraud,UPI Related Frauds,8844.31,Hyderabad,Telangana,UPI,15.32,ACC-001050,ACC-000146,ATM-00060,2026-06-01 19:04:47,2026-06-01 20:04:47
CMP-000786,2026-08-17 23:23:40,Other Cyber Crime,Hacking/Damage to Computer,0.0,Bengaluru Urban,Karnataka,,2.31,,,,,
CMP-000787,2026-07-11 17:12:04,Other Cyber Crime,Cyber Bullying/Stalking,0.0,New Delhi,Delhi,,1.68,,,,,
CMP-000788,2026-08-28 22:05:46,Financial Fraud,UPI Related Frauds,2971.92,Mumbai,Maharashtra,Net Banking,3.65,ACC-001007,ACC-000182,ATM-00035,2026-08-29 07:40:46,2026-08-29 08:40:46
CMP-000789,2026-07-07 04:42:21,Financial Fraud,UPI Related Frauds,1982.46,Bengaluru Urban,Karnataka,UPI,10.34,ACC-000996,ACC-000176,ATM-00022,2026-07-07 04:02:57,2026-07-07 05:02:57
CMP-000790,2026-06-22 16:03:31,Financial Fraud,E-Wallet Related Fraud,4290.87,Bengaluru Urban,Karnataka,Net Banking,4.98,ACC-000533,ACC-000190,ATM-00022,2026-06-22 14:53:43,2026-06-22 15:53:43
CMP-000792,2026-07-01 03:58:41,Financial Fraud,Online Job Fraud,3058.58,New Delhi,Delhi,UPI,1.9,ACC-000913,ACC-000146,ATM-00217,2026-07-01 14:08:41,2026-07-01 15:08:41
CMP-000793,2026-06-20 11:35:51,Financial Fraud,Internet Banking Related Fraud,1026.04,Bengaluru Urban,Karnataka,UPI,4.06,ACC-000399,ACC-000209,ATM-00012,2026-06-20 15:06:15,2026-06-20 16:06:15
CMP-000794,2026-06-24 13:15:42,Financial Fraud,Investment Scam,84265.54,New Delhi,Delhi,Card,27.55,ACC-000251,ACC-000068,ATM-00035,2026-06-23 13:16:42,2026-06-23 14:16:42
CMP-000796,2026-08-17 06:45:10,Financial Fraud,Investment Scam,1099449.7,Noida,Uttar Pradesh,,19.4,ACC-000495,ACC-000167,ATM-00053,2026-08-16 11:20:10,2026-08-16 12:20:10
CMP-000797,2026-06-23 14:55:26,Financial Fraud,UPI Related Frauds,5033.59,Pune,Maharashtra,Card,3.42,ACC-001052,ACC-000109,ATM-00059,2026-06-23 18:57:14,2026-06-23 19:57:14
CMP-000798,2026-06-01 22:21:27,Financial Fraud,E-Wallet Related Fraud,927.46,Ahmedabad,Gujarat,Wallet,2.87,ACC-000788,ACC-000090,ATM-00047,2026-06-01 22:55:15,2026-06-01 23:55:15
CMP-000799,2026-08-22 10:19:38,Financial Fraud,UPI Related Frauds,7941.63,Ahmedabad,Gujarat,Net Banking,43.01,ACC-000910,ACC-000184,ATM-00055,2026-08-20 17:57:02,2026-08-20 18:57:02
CMP-000800,2026-06-24 02:58:14,Financial Fraud,UPI Related Frauds,11955.17,Mumbai,Maharashtra,UPI,2.49,ACC-000231,ACC-000198,ATM-00384,2026-06-24 16:20:50,2026-06-24 17:20:50
CMP-000801,2026-06-14 19:45:15,Other Cyber Crime,Hacking/Damage to Computer,0.0,,Rajasthan,,1.17,,,,,
CMP-000803,2026-07-07 03:58:09,Financial Fraud,Internet Banking Related Fraud,9165.19,Ahmedabad,Gujarat,Card,3.75,ACC-000578,ACC-000093,ATM-00116,2026-07-07 09:03:09,2026-07-07 10:03:09
CMP-000804,2026-07-20 01:43:55,Financial Fraud,Investment Scam,53860.49,Noida,Uttar Pradesh,UPI,0.66,ACC-000477,ACC-001007,ATM-00151,2026-07-20 08:41:19,2026-07-20 09:41:19
CMP-000805,2026-07-26 03:07:05,Financial Fraud,Digital Arrest / Impersonation,110892.9,Bengaluru Urban,Karnataka,UPI,2.36,ACC-000302,ACC-000120,ATM-00058,2026-07-26 07:45:29,2026-07-26 08:45:29
CMP-000806,2026-06-29 07:39:15,Financial Fraud,E-Wallet Related Fraud,783.73,Bengaluru Urban,Karnataka,UPI,0.14,ACC-000718,ACC-000325,ATM-00017,2026-06-29 11:31:51,2026-06-29 12:31:51
CMP-000807,2026-08-08 00:48:32,Financial Fraud,UPI Related Frauds,2908.05,Hyderabad,Telangana,Net Banking,37.59,ACC-000850,ACC-000091,ATM-00039,2026-08-06 17:33:08,2026-08-06 18:33:08
CMP-000808,2026-06-23 16:21:13,Financial Fraud,UPI Related Frauds,13294.87,Lucknow,Uttar Pradesh,UPI,2.59,ACC-000970,ACC-000106,ATM-00238,2026-06-23 19:21:49,2026-06-23 20:21:49
CMP-000809,2026-07-27 18:28:06,Financial Fraud,UPI Related Frauds,1733.69,New Delhi,Delhi,UPI,7.87,ACC-000521,ACC-000903,ATM-00065,2026-07-27 18:08:54,2026-07-27 19:08:54
CMP-000811,2026-06-21 03:49:38,Financial Fraud,Internet Banking Related Fraud,14272.36,Jaipur,Rajasthan,Card,19.54,ACC-001059,ACC-000164,ATM-00033,2026-06-20 18:25:14,2026-06-20 19:25:14
CMP-000812,2026-06-09 18:41:45,Financial Fraud,Debit/Credit Card Fraud,4446.38,Hyderabad,Telangana,UPI,3.51,ACC-000677,ACC-000047,ATM-00025,2026-06-09 19:50:09,2026-06-09 20:50:09
CMP-000814,2026-06-15 09:37:10,Financial Fraud,UPI Related Frauds,2431.27,Hyderabad,Telangana,UPI,6.96,ACC-000464,ACC-000058,ATM-00003,2026-06-15 10:05:34,2026-06-15 11:05:34
CMP-000815,2026-07-20 20:26:51,Financial Fraud,UPI Related Frauds,6783.35,Pune,Maharashtra,UPI,1.71,ACC-000480,ACC-000706,ATM-00054,2026-07-21 03:25:15,2026-07-21 04:25:15
CMP-000816,2026-06-17 21:08:28,Financial Fraud,UPI Related Frauds,11423.41,Hyderabad,Telangana,UPI,3.24,ACC-000224,ACC-000260,ATM-00047,2026-06-17 23:20:04,2026-06-18 00:20:04
CMP-000817,2026-08-12 15:08:56,Financial Fraud,Debit/Credit Card Fraud,4810.87,Lucknow,Uttar Pradesh,,1.83,ACC-000299,ACC-000055,ATM-00219,2026-08-12 23:18:08,2026-08-13 00:18:08
CMP-000818,2026-08-17 01:42:38,Financial Fraud,UPI Related Frauds,336.36,Bengaluru Urban,Karnataka,UPI,12.95,ACC-000401,ACC-000146,ATM-00126,2026-08-17 06:13:38,2026-08-17 07:13:38
CMP-000820,2026-08-01 04:41:59,Financial Fraud,Digital Arrest / Impersonation,64886.11,Pune,Maharashtra,Wallet,8.32,ACC-001200,ACC-000115,ATM-00063,2026-08-01 06:16:47,2026-08-01 07:16:47
CMP-000821,2026-08-18 21:50:16,Financial Fraud,UPI Related Frauds,730.49,Noida,Uttar Pradesh,UPI,2.38,ACC-001189,ACC-000091,ATM-00063,2026-08-19 07:03:28,2026-08-19 08:03:28
CMP-000823,2026-08-20 12:32:23,Financial Fraud,UPI Related Frauds,3882.37,Chennai,Tamil Nadu,Net Banking,0.88,ACC-000258,ACC-000189,ATM-00051,2026-08-20 16:14:35,2026-08-20 17:14:35
CMP-000824,2026-06-05 21:59:39,Financial Fraud,UPI Related Frauds,4535.94,Chennai,Tamil Nadu,UPI,4.29,ACC-000558,ACC-000730,ATM-00043,2026-06-05 22:03:15,2026-06-05 23:03:15
CMP-000825,2026-07-09 08:24:49,Financial Fraud,Internet Banking Related Fraud,1319.32,Hyderabad,Telangana,Card,18.13,ACC-001026,ACC-001117,ATM-00005,2026-07-08 22:11:01,2026-07-08 23:11:01
CMP-000826,2026-07-05 08:44:51,Financial Fraud,Debit/Credit Card Fraud,2357.62,Pune,Maharashtra,UPI,1.7,ACC-000824,ACC-000076,ATM-00062,2026-07-05 14:17:51,2026-07-05 15:17:51
CMP-000827,2026-08-25 18:31:35,Financial Fraud,UPI Related Frauds,3570.68,Mumbai,Maharashtra,UPI,17.79,ACC-000333,ACC-000061,ATM-00002,2026-08-25 07:01:11,2026-08-25 08:01:11
CMP-000828,2026-08-02 20:16:04,Financial Fraud,E-Wallet Related Fraud,886.55,Noida,Uttar Pradesh,UPI,4.83,ACC-000642,ACC-000177,ATM-00016,2026-08-03 08:20:16,2026-08-03 09:20:16
CMP-000829,2026-06-06 22:05:29,Financial Fraud,Debit/Credit Card Fraud,7546.33,Noida,Uttar Pradesh,,10.3,ACC-000362,ACC-000599,ATM-00018,2026-06-06 19:15:29,2026-06-06 20:15:29
CMP-000830,2026-08-02 09:29:20,Financial Fraud,Debit/Credit Card Fraud,5863.15,,Maharashtra,Wallet,2.89,ACC-000895,ACC-000047,ATM-00057,2026-08-02 12:18:56,2026-08-02 13:18:56
CMP-000831,2026-08-17 21:11:13,Financial Fraud,Internet Banking Related Fraud,2899.84,Ahmedabad,Gujarat,,4.97,ACC-001081,ACC-000134,ATM-00053,2026-08-18 01:06:01,2026-08-18 02:06:01
CMP-000832,2026-08-09 06:16:26,Financial Fraud,UPI Related Frauds,1135.78,Pune,Maharashtra,UPI,0.13,ACC-000750,ACC-000256,ATM-00137,2026-08-09 23:13:38,2026-08-10 00:13:38
CMP-000835,2026-08-15 14:07:32,Financial Fraud,UPI Related Frauds,5204.29,Chennai,Tamil Nadu,UPI,52.93,ACC-000457,ACC-000165,ATM-00049,2026-08-14 02:56:44,2026-08-14 03:56:44
CMP-000836,2026-07-05 16:52:44,Financial Fraud,Digital Arrest / Impersonation,61386.94,Lucknow,Uttar Pradesh,Net Banking,1.87,ACC-000797,ACC-000049,ATM-00044,2026-07-05 23:21:32,2026-07-06 00:21:32
CMP-000837,2026-06-10 17:19:47,Other Cyber Crime,Online Matrimonial/Romance Scam,10925.05,Jaipur,Rajasthan,UPI,23.33,ACC-000686,ACC-000010,ATM-00012,2026-06-09 21:27:59,2026-06-09 22:27:59
CMP-000838,2026-08-16 19:42:58,Financial Fraud,UPI Related Frauds,1666.75,Noida,Uttar Pradesh,Wallet,1.72,ACC-000592,ACC-000550,ATM-00035,2026-08-16 22:44:46,2026-08-16 23:44:46
CMP-000839,2026-06-22 07:15:57,Financial Fraud,UPI Related Frauds,1930.49,Jaipur,Rajasthan,Card,1.43,ACC-000833,ACC-000209,ATM-00042,2026-06-22 21:35:09,2026-06-22 22:35:09
CMP-000840,2026-08-21 11:31:46,Other Cyber Crime,Online Matrimonial/Romance Scam,15289.74,Pune,Maharashtra,Wallet,31.49,ACC-000950,ACC-000054,ATM-00133,2026-08-20 07:39:22,2026-08-20 08:39:22
CMP-000842,2026-06-03 17:43:33,Financial Fraud,Investment Scam,67551.49,Chennai,Tamil Nadu,Net Banking,0.69,ACC-000827,ACC-000108,ATM-00044,2026-06-03 22:14:09,2026-06-03 23:14:09
CMP-000844,2026-08-25 14:20:17,Financial Fraud,UPI Related Frauds,2534.03,Jaipur,Rajasthan,Wallet,206.8,ACC-001118,ACC-000181,ATM-00036,2026-08-17 00:30:17,2026-08-17 01:30:17
CMP-000846,2026-07-22 02:42:50,Financial Fraud,UPI Related Frauds,2030.99,Mumbai,Maharashtra,Card,17.78,ACC-000387,ACC-000405,ATM-00341,2026-07-21 13:44:02,2026-07-21 14:44:02
CMP-000848,2026-08-21 23:19:28,Financial Fraud,Investment Scam,326112.47,Chennai,Tamil Nadu,Wallet,2.01,ACC-001151,ACC-000065,ATM-00011,2026-08-22 01:03:52,2026-08-22 02:03:52
CMP-000849,2026-08-08 10:03:41,Financial Fraud,UPI Related Frauds,16090.24,Bengaluru Urban,Karnataka,Wallet,16.38,ACC-000923,ACC-000188,ATM-00064,2026-08-08 07:31:53,2026-08-08 08:31:53
CMP-000850,2026-08-23 13:30:18,Financial Fraud,Investment Scam,55186.94,Hyderabad,Telangana,UPI,20.85,ACC-000307,ACC-000029,ATM-00040,2026-08-23 08:42:18,2026-08-23 09:42:18
CMP-000852,2026-06-14 05:57:19,Financial Fraud,UPI Related Frauds,4611.27,Mumbai,Maharashtra,Wallet,1.62,ACC-000505,ACC-000080,ATM-00027,2026-06-14 13:04:07,2026-06-14 14:04:07
CMP-000853,2026-08-02 01:35:51,Financial Fraud,Investment Scam,42761.15,Lucknow,Uttar Pradesh,Wallet,15.42,ACC-000724,ACC-000009,ATM-00076,2026-08-01 14:36:39,2026-08-01 15:36:39
CMP-000854,2026-07-25 13:30:07,Financial Fraud,E-Wallet Related Fraud,1528.71,Mumbai,Maharashtra,Net Banking,2.76,ACC-000902,ACC-000172,ATM-00277,2026-07-25 16:37:31,2026-07-25 17:37:31
CMP-000855,2026-06-22 16:10:49,Other Cyber Crime,Cyber Bullying/Stalking,0.0,New Delhi,Delhi,,1.42,,,,,
CMP-000858,2026-08-22 14:24:26,Financial Fraud,Investment Scam,619016.2,Noida,Uttar Pradesh,,4.07,ACC-000299,ACC-000012,ATM-00010,2026-08-22 20:23:14,2026-08-22 21:23:14
CMP-000859,2026-07-29 11:40:02,Other Cyber Crime,Hacking/Damage to Computer,0.0,,Karnataka,,7.71,,,,,
CMP-000861,2026-06-14 15:43:22,Financial Fraud,Internet Banking Related Fraud,5501.94,Chennai,Tamil Nadu,UPI,14.63,ACC-000704,ACC-000095,ATM-00013,2026-06-14 02:17:34,2026-06-14 03:17:34
CMP-000862,2026-07-02 00:31:56,Financial Fraud,UPI Related Frauds,8678.88,Pune,Maharashtra,UPI,100.23,ACC-000539,ACC-000026,ATM-00050,2026-06-27 23:38:08,2026-06-28 00:38:08
CMP-000863,2026-08-08 20:00:36,Financial Fraud,Online Job Fraud,6134.41,Bengaluru Urban,Karnataka,,6.63,ACC-000249,ACC-000160,ATM-00038,2026-08-08 17:17:48,2026-08-08 18:17:48
CMP-000864,2026-06-02 02:33:13,Financial Fraud,Investment Scam,127096.2,,Maharashtra,UPI,2.93,ACC-000676,ACC-000079,ATM-00008,2026-06-02 03:24:25,2026-06-02 04:24:25
CMP-000865,2026-06-25 22:03:22,Financial Fraud,UPI Related Frauds,4042.57,Bengaluru Urban,Karnataka,Net Banking,3.14,ACC-000415,ACC-000117,ATM-00065,2026-06-26 05:24:58,2026-06-26 06:24:58
CMP-000866,2026-07-13 13:07:36,Financial Fraud,Investment Scam,122884.39,Bangalore,Karnataka,Net Banking,21.78,ACC-000405,ACC-000196,ATM-00066,2026-07-13 04:46:48,2026-07-13 05:46:48
CMP-000869,2026-08-03 04:52:08,Financial Fraud,Debit/Credit Card Fraud,4367.44,Hyderabad,Telangana,Net Banking,0.35,ACC-000718,ACC-000178,ATM-00061,2026-08-03 10:07:08,2026-08-03 11:07:08
CMP-000870,2026-08-17 14:15:29,Financial Fraud,UPI Related Frauds,1724.96,Lucknow,Uttar Pradesh,Net Banking,21.25,ACC-000441,ACC-000207,ATM-00360,2026-08-16 22:12:29,2026-08-16 23:12:29
CMP-000871,2026-06-11 04:01:37,Financial Fraud,UPI Related Frauds,2920.23,Pune,Maharashtra,UPI,1.35,ACC-000473,ACC-000178,ATM-00024,2026-06-11 14:25:37,2026-06-11 15:25:37
CMP-000872,2026-08-11 01:38:55,Financial Fraud,UPI Related Frauds,1892.59,Pune,Maharashtra,UPI,12.29,ACC-000330,ACC-000288,ATM-00033,2026-08-10 23:51:31,2026-08-11 00:51:31
CMP-000873,2026-07-03 19:28:54,Other Cyber Crime,Hacking/Damage to Computer,0.0,Jaipur,Rajasthan,,8.64,,,,,
CMP-000874,2026-07-17 20:51:29,Financial Fraud,Internet Banking Related Fraud,5224.26,Noida,Uttar Pradesh,Net Banking,2.89,ACC-000584,ACC-000313,ATM-00027,2026-07-18 01:42:05,2026-07-18 02:42:05
CMP-000877,2026-08-10 20:57:45,Financial Fraud,Debit/Credit Card Fraud,16600.01,Noida,Uttar Pradesh,Card,27.82,ACC-001071,ACC-000023,ATM-00015,2026-08-09 22:21:33,2026-08-09 23:21:33
CMP-000878,2026-06-10 07:30:01,Financial Fraud,E-Wallet Related Fraud,4441.06,Mumbai,Maharashtra,UPI,2.67,ACC-001018,ACC-000071,ATM-00003,2026-06-10 16:17:49,2026-06-10 17:17:49
CMP-000880,2026-08-19 23:49:11,Financial Fraud,UPI Related Frauds,1321.69,Bengaluru Rural,Karnataka,Net Banking,6.61,ACC-000331,ACC-000718,ATM-00064,2026-08-20 03:02:35,2026-08-20 04:02:35
CMP-000881,2026-06-03 11:58:06,Financial Fraud,E-Wallet Related Fraud,778.03,Mumbai,Maharashtra,UPI,18.64,ACC-001187,ACC-000032,ATM-00022,2026-06-02 19:46:42,2026-06-02 20:46:42
CMP-000882,2026-07-16 23:29:58,Financial Fraud,E-Wallet Related Fraud,1377.89,Jaipur,Rajasthan,Net Banking,5.71,ACC-000678,ACC-000054,ATM-00014,2026-07-16 21:34:22,2026-07-16 22:34:22
CMP-000885,2026-07-14 06:43:54,Financial Fraud,Online Job Fraud,7975.8,Poona,Maharashtra,UPI,0.89,ACC-000480,ACC-000144,ATM-00295,2026-07-14 21:16:30,2026-07-14 22:16:30
CMP-000887,2026-08-04 19:18:51,Financial Fraud,UPI Related Frauds,1211.61,New Delhi,Delhi,UPI,1.99,ACC-000746,ACC-000265,ATM-00271,2026-08-05 05:25:27,2026-08-05 06:25:27
CMP-000888,2026-07-11 04:39:31,Financial Fraud,E-Wallet Related Fraud,3014.31,Hyderabad,Telangana,Wallet,5.56,ACC-000839,ACC-000168,ATM-00046,2026-07-11 12:14:55,2026-07-11 13:14:55
CMP-000890,2026-08-06 16:59:03,Financial Fraud,Internet Banking Related Fraud,12515.48,Jaipur,Rajasthan,Wallet,16.97,ACC-000408,ACC-000166,ATM-00046,2026-08-06 04:54:51,2026-08-06 05:54:51
CMP-000891,2026-07-17 05:46:17,Financial Fraud,Debit/Credit Card Fraud,7404.32,Chennai,Tamil Nadu,UPI,3.36,ACC-000531,ACC-000591,ATM-00068,2026-07-17 13:59:41,2026-07-17 14:59:41
CMP-000892,2026-06-04 08:55:23,Financial Fraud,Debit/Credit Card Fraud,9629.38,Hyderabad,Telangana,Card,43.81,ACC-000496,ACC-000338,ATM-00068,2026-06-02 23:08:47,2026-06-03 00:08:47
CMP-000893,2026-08-05 18:46:14,Other Cyber Crime,Cyber Bullying/Stalking,0.0,Hyderabad,Telangana,,3.82,,,,,
CMP-000894,2026-08-13 12:22:39,Other Cyber Crime,Online Matrimonial/Romance Scam,4573.43,Bengaluru Urban,Karnataka,UPI,16.92,ACC-000443,ACC-000135,ATM-00053,2026-08-12 22:27:27,2026-08-12 23:27:27
CMP-000895,2026-06-21 13:44:23,Other Cyber Crime,Hacking/Damage to Computer,0.0,Bengaluru Urban,Karnataka,,3.88,,,,,
CMP-000896,2026-07-12 02:32:06,Financial Fraud,Digital Arrest / Impersonation,4415.15,Bangalore,Karnataka,UPI,12.39,ACC-000539,ACC-000135,ATM-00035,2026-07-11 17:09:42,2026-07-11 18:09:42
CMP-000897,2026-08-19 20:42:47,Financial Fraud,Investment Scam,49220.89,Mumbai City,Maharashtra,Card,4.02,ACC-000604,ACC-000047,ATM-00018,2026-08-20 02:15:35,2026-08-20 03:15:35
CMP-000898,2026-08-28 10:19:41,Financial Fraud,Digital Arrest / Impersonation,89176.82,Mumbai,Maharashtra,Net Banking,5.63,ACC-000342,ACC-001058,ATM-00010,2026-08-28 17:55:53,2026-08-28 18:55:53
CMP-000901,2026-07-28 01:09:05,Financial Fraud,UPI Related Frauds,5796.04,Ahmedabad,Gujarat,Card,9.38,ACC-000570,ACC-001198,ATM-00049,2026-07-27 22:18:17,2026-07-27 23:18:17
CMP-000904,2026-06-28 18:38:40,Financial Fraud,Internet Banking Related Fraud,9578.61,Bengaluru Urban,Karnataka,Wallet,40.68,ACC-000490,ACC-000190,ATM-00020,2026-06-27 07:57:52,2026-06-27 08:57:52
CMP-000905,2026-06-26 15:28:58,Financial Fraud,Online Job Fraud,2977.62,Chennai,Tamil Nadu,UPI,2.95,ACC-000922,ACC-000149,ATM-00018,2026-06-26 22:38:58,2026-06-26 23:38:58
CMP-000906,2026-06-04 15:18:04,Financial Fraud,Debit/Credit Card Fraud,4820.25,Noida,Uttar Pradesh,UPI,3.11,ACC-000893,ACC-000028,ATM-00017,2026-06-04 15:04:28,2026-06-04 16:04:28
CMP-000907,2026-08-06 02:24:32,Financial Fraud,Debit/Credit Card Fraud,10937.38,,Uttar Pradesh,Net Banking,0.64,ACC-000440,ACC-000204,ATM-00011,2026-08-06 10:04:08,2026-08-06 11:04:08
CMP-000908,2026-07-03 04:26:13,Financial Fraud,UPI Related Frauds,1154.8,Chennai,Tamil Nadu,Net Banking,1.24,ACC-001151,ACC-000144,ATM-00062,2026-07-03 12:41:49,2026-07-03 13:41:49
CMP-000909,2026-06-27 01:50:48,Financial Fraud,UPI Related Frauds,7011.29,Lucknow,Uttar Pradesh,Wallet,34.91,ACC-000319,ACC-000047,ATM-00037,2026-06-25 20:51:12,2026-06-25 21:51:12
CMP-000910,2026-06-30 10:10:09,Financial Fraud,UPI Related Frauds,2713.5,Hyderabad,Telangana,UPI,3.66,ACC-000464,ACC-000063,ATM-00041,2026-06-30 16:04:33,2026-06-30 17:04:33
CMP-000911,2026-08-06 11:49:15,Financial Fraud,Digital Arrest / Impersonation,65124.92,Hyderabad,Telangana,UPI,18.07,ACC-000338,ACC-000257,ATM-00034,2026-08-06 04:32:03,2026-08-06 05:32:03
CMP-000912,2026-08-12 05:00:06,Financial Fraud,Online Job Fraud,1580.32,Bengaluru Urban,Karnataka,UPI,5.97,ACC-000979,ACC-000111,ATM-00044,2026-08-12 12:12:54,2026-08-12 13:12:54
CMP-000913,2026-07-11 11:09:03,Financial Fraud,Digital Arrest / Impersonation,192959.8,Mumbai,Maharashtra,Card,8.18,ACC-000891,ACC-000073,ATM-00360,2026-07-11 13:24:15,2026-07-11 14:24:15
CMP-000914,2026-08-28 16:27:09,Financial Fraud,UPI Related Frauds,3535.55,Lucknow,Uttar Pradesh,,14.9,ACC-001017,ACC-000096,ATM-00002,2026-08-28 05:54:09,2026-08-28 06:54:09
CMP-000915,2026-08-24 04:41:48,Financial Fraud,Investment Scam,2938.92,New Delhi,Delhi,UPI,10.11,ACC-000650,ACC-001058,ATM-00057,2026-08-24 02:51:12,2026-08-24 03:51:12
CMP-000916,2026-06-07 08:53:55,Financial Fraud,UPI Related Frauds,1654.63,New Delhi,Delhi,,0.5,ACC-000695,ACC-000073,ATM-00044,2026-06-07 18:18:55,2026-06-07 19:18:55
CMP-000917,2026-08-22 15:39:42,Financial Fraud,Internet Banking Related Fraud,11061.24,Bengaluru Urban,Karnataka,Card,23.3,ACC-000661,ACC-000242,ATM-00197,2026-08-21 22:11:42,2026-08-21 23:11:42
CMP-000918,2026-08-24 23:19:06,Financial Fraud,Internet Banking Related Fraud,5782.27,Mumbai,Maharashtra,Net Banking,14.06,ACC-000582,ACC-000160,ATM-00008,2026-08-24 13:46:30,2026-08-24 14:46:30
CMP-000919,2026-07-15 07:36:08,Financial Fraud,Digital Arrest / Impersonation,414460.9,Mumbai,Maharashtra,UPI,21.71,ACC-000594,ACC-000024,ATM-00033,2026-07-14 22:37:32,2026-07-14 23:37:32
CMP-000921,2026-06-13 00:38:40,Financial Fraud,Internet Banking Related Fraud,7154.05,Ahmedabad,Gujarat,Net Banking,0.66,ACC-001139,ACC-000003,ATM-00033,2026-06-13 02:55:04,2026-06-13 03:55:04
CMP-000922,2026-07-14 07:29:46,Financial Fraud,UPI Related Frauds,2388.79,Lucknow,Uttar Pradesh,UPI,1.63,ACC-000701,ACC-000692,ATM-00059,2026-07-14 09:51:58,2026-07-14 10:51:58
CMP-000923,2026-07-04 22:59:58,Financial Fraud,Online Job Fraud,25689.78,Noida,Uttar Pradesh,UPI,3.63,ACC-000303,ACC-000745,ATM-00053,2026-07-04 22:07:10,2026-07-04 23:07:10
CMP-000924,2026-08-20 16:04:04,Financial Fraud,Digital Arrest / Impersonation,69414.13,mumbai,Maharashtra,Net Banking,8.69,ACC-000419,ACC-000011,ATM-00039,2026-08-20 15:25:40,2026-08-20 16:25:40
CMP-000925,2026-06-16 19:36:06,Financial Fraud,UPI Related Frauds,3100.26,Pune,Maharashtra,Wallet,34.26,ACC-000733,ACC-000198,ATM-00058,2026-06-15 16:58:30,2026-06-15 17:58:30
CMP-000927,2026-07-10 18:13:15,Financial Fraud,E-Wallet Related Fraud,1103.26,Mumbai,Maharashtra,Card,0.92,ACC-000857,ACC-000054,ATM-00051,2026-07-11 03:59:03,2026-07-11 04:59:03
CMP-000928,2026-08-06 05:38:26,Financial Fraud,Online Job Fraud,2099.4,Jaipur,Rajasthan,UPI,4.29,ACC-000304,ACC-000222,ATM-00019,2026-08-06 12:28:02,2026-08-06 13:28:02
CMP-000929,2026-07-29 08:45:44,Other Cyber Crime,Cyber Bullying/Stalking,0.0,Ahmedabad,Gujarat,,2.68,,,,,
CMP-000930,2026-07-30 01:32:38,Financial Fraud,Digital Arrest / Impersonation,26084.46,Mumbai,Maharashtra,,0.83,ACC-000950,ACC-000025,ATM-00017,2026-07-30 04:19:50,2026-07-30 05:19:50
CMP-000932,2026-07-15 13:32:34,Financial Fraud,Online Job Fraud,7215.96,Hyderabad,Telangana,UPI,4.95,ACC-001002,ACC-000024,ATM-00029,2026-07-15 17:06:34,2026-07-15 18:06:34
CMP-000933,2026-08-20 00:47:00,Financial Fraud,Debit/Credit Card Fraud,1144.19,Ahmedabad,Gujarat,Card,3.09,ACC-000665,ACC-000140,ATM-00010,2026-08-20 05:18:36,2026-08-20 06:18:36
CMP-000934,2026-08-04 07:24:00,Financial Fraud,Internet Banking Related Fraud,3127.04,,Karnataka,Wallet,6.57,ACC-001096,ACC-000005,ATM-00038,2026-08-04 02:48:48,2026-08-04 03:48:48
CMP-000936,2026-06-07 04:45:04,Financial Fraud,UPI Related Frauds,3306.1,Bengaluru Urban,Karnataka,UPI,3.7,ACC-001048,ACC-000013,ATM-00280,2026-06-07 10:20:04,2026-06-07 11:20:04
CMP-000938,2026-06-30 00:14:01,Financial Fraud,Investment Scam,37139.63,Chennai,Tamil Nadu,,3.06,ACC-000313,ACC-000105,ATM-00061,2026-06-30 09:41:25,2026-06-30 10:41:25
CMP-000940,2026-08-04 03:08:49,Financial Fraud,Digital Arrest / Impersonation,61425.11,Noida,Uttar Pradesh,UPI,43.88,ACC-000462,ACC-000013,ATM-00038,2026-08-02 14:37:01,2026-08-02 15:37:01
CMP-000941,2026-07-19 06:57:45,Financial Fraud,UPI Related Frauds,2822.58,Bengaluru Urban,Karnataka,Wallet,1.92,ACC-000376,ACC-000109,ATM-00032,2026-07-19 16:54:33,2026-07-19 17:54:33
CMP-000942,2026-07-08 16:44:46,Financial Fraud,UPI Related Frauds,763.3,Pune,Maharashtra,Net Banking,0.51,ACC-000841,ACC-001191,ATM-00031,2026-07-09 07:35:10,2026-07-09 08:35:10
CMP-000943,2026-08-19 05:27:07,Financial Fraud,Internet Banking Related Fraud,1360.85,Jaipur,Rajasthan,UPI,6.18,ACC-000904,ACC-000882,ATM-00218,2026-08-19 13:04:19,2026-08-19 14:04:19
CMP-000944,2026-07-22 21:47:24,Financial Fraud,Investment Scam,191251.11,Mumbai,Maharashtra,Card,0.67,ACC-000656,ACC-000117,ATM-00023,2026-07-23 05:03:12,2026-07-23 06:03:12
CMP-000945,2026-07-05 19:21:31,Financial Fraud,Debit/Credit Card Fraud,12028.55,,Tamil Nadu,Card,2.51,ACC-001122,ACC-000035,ATM-00001,2026-07-06 02:26:55,2026-07-06 03:26:55
CMP-000948,2026-06-18 18:34:48,Financial Fraud,Digital Arrest / Impersonation,20549.04,New Delhi,Delhi,Wallet,0.34,ACC-000869,ACC-000423,ATM-00150,2026-06-19 02:15:24,2026-06-19 03:15:24
CMP-000949,2026-06-22 13:53:17,Financial Fraud,Online Job Fraud,1906.0,Ahmedabad,Gujarat,,3.48,ACC-000688,ACC-000066,ATM-00066,2026-06-22 17:11:29,2026-06-22 18:11:29
CMP-000950,2026-08-16 12:23:01,Financial Fraud,Investment Scam,27355.33,Mumbai,Maharashtra,Wallet,3.83,ACC-001052,ACC-001011,ATM-00253,2026-08-16 19:11:13,2026-08-16 20:11:13
CMP-000951,2026-07-16 00:38:26,Financial Fraud,Debit/Credit Card Fraud,5307.37,Noida,Uttar Pradesh,Wallet,3.42,ACC-001161,ACC-000112,ATM-00235,2026-07-16 07:10:14,2026-07-16 08:10:14
CMP-000952,2026-07-27 15:49:38,Financial Fraud,Debit/Credit Card Fraud,2565.73,Hyderabad,Telangana,Card,5.49,ACC-000306,ACC-000052,ATM-00059,2026-07-27 17:15:14,2026-07-27 18:15:14
CMP-000954,2026-06-29 23:13:09,Financial Fraud,Online Job Fraud,12962.8,Pune,Maharashtra,UPI,3.98,ACC-000808,ACC-000123,ATM-00264,2026-06-30 05:50:21,2026-06-30 06:50:21
CMP-000955,2026-06-20 10:43:29,Financial Fraud,Online Job Fraud,3703.24,,Karnataka,,10.48,ACC-000732,ACC-000011,ATM-00012,2026-06-20 06:35:41,2026-06-20 07:35:41
CMP-000956,2026-07-15 10:13:07,Other Cyber Crime,Online Matrimonial/Romance Scam,17266.75,,Tamil Nadu,UPI,14.07,ACC-000552,ACC-000121,ATM-00049,2026-07-15 05:56:55,2026-07-15 06:56:55
CMP-000957,2026-06-08 20:18:15,Financial Fraud,Online Job Fraud,4714.56,Mumbai,Maharashtra,Card,2.15,ACC-000777,ACC-000011,ATM-00015,2026-06-09 04:03:15,2026-06-09 05:03:15
CMP-000960,2026-08-14 03:14:42,Financial Fraud,Investment Scam,75316.02,Lucknow,Uttar Pradesh,Net Banking,3.84,ACC-000733,ACC-000149,ATM-00079,2026-08-14 10:50:18,2026-08-14 11:50:18
CMP-000962,2026-06-04 15:54:22,Other Cyber Crime,Hacking/Damage to Computer,0.0,Pune,Maharashtra,,5.01,,,,,
CMP-000963,2026-06-02 08:48:07,Financial Fraud,Internet Banking Related Fraud,7784.24,Delhi,Delhi,,1.31,ACC-000367,ACC-000527,ATM-00058,2026-06-02 17:40:31,2026-06-02 18:40:31
CMP-000964,2026-06-02 17:44:51,Financial Fraud,Investment Scam,511662.34,Noida,Uttar Pradesh,Net Banking,1.59,ACC-001074,ACC-000048,ATM-00029,2026-06-02 23:41:27,2026-06-03 00:41:27
CMP-000965,2026-08-07 08:01:47,Financial Fraud,E-Wallet Related Fraud,4339.72,Mumbai,Maharashtra,Wallet,7.48,ACC-000838,ACC-000168,ATM-00049,2026-08-07 06:33:59,2026-08-07 07:33:59
CMP-000966,2026-07-19 20:51:32,Financial Fraud,UPI Related Frauds,1666.36,Bengaluru Urban,Karnataka,Card,37.73,ACC-000661,ACC-000203,ATM-00061,2026-07-18 12:57:44,2026-07-18 13:57:44
CMP-000967,2026-06-29 22:51:41,Financial Fraud,UPI Related Frauds,1018.13,Hyderabad,Telangana,Wallet,13.5,ACC-001052,ACC-000978,ATM-00037,2026-06-29 10:29:41,2026-06-29 11:29:41
CMP-000968,2026-07-21 21:16:57,Financial Fraud,Debit/Credit Card Fraud,13367.51,Lucknow,Uttar Pradesh,UPI,2.0,ACC-001108,ACC-000170,ATM-00097,2026-07-22 09:54:57,2026-07-22 10:54:57
CMP-000969,2026-07-04 06:37:31,Financial Fraud,Online Job Fraud,12749.14,Jaipur,Rajasthan,Wallet,3.32,ACC-001092,ACC-000011,ATM-00067,2026-07-04 12:47:19,2026-07-04 13:47:19
CMP-000970,2026-06-17 00:12:23,Financial Fraud,Debit/Credit Card Fraud,6559.66,New Delhi,Delhi,Wallet,6.13,ACC-001180,ACC-000009,ATM-00036,2026-06-17 04:37:35,2026-06-17 05:37:35
CMP-000971,2026-06-23 04:15:11,Other Cyber Crime,Cyber Bullying/Stalking,0.0,Pune,Maharashtra,,3.81,,,,,
CMP-000972,2026-06-21 12:06:32,Financial Fraud,UPI Related Frauds,6184.04,Jaipur,Rajasthan,Net Banking,11.61,ACC-000934,ACC-000188,ATM-00319,2026-06-21 13:26:56,2026-06-21 14:26:56
CMP-000973,2026-07-06 14:13:11,Financial Fraud,Internet Banking Related Fraud,1154.55,Bengaluru Urban,Karnataka,Net Banking,21.44,ACC-001018,ACC-000154,ATM-00085,2026-07-05 20:10:47,2026-07-05 21:10:47
CMP-000974,2026-08-02 04:03:22,Financial Fraud,Investment Scam,11370.31,,Maharashtra,UPI,15.47,ACC-000439,ACC-000144,ATM-00017,2026-08-01 18:46:10,2026-08-01 19:46:10
CMP-000976,2026-08-06 23:14:00,Financial Fraud,E-Wallet Related Fraud,1438.49,Bengaluru Urban,Karnataka,UPI,1.19,ACC-000993,ACC-000192,ATM-00037,2026-08-06 23:11:36,2026-08-07 00:11:36
CMP-000977,2026-06-25 12:55:22,Financial Fraud,Debit/Credit Card Fraud,3964.28,Bengaluru Urban,Karnataka,Card,3.1,ACC-000816,ACC-000088,ATM-00055,2026-06-25 16:08:22,2026-06-25 17:08:22
CMP-000979,2026-07-21 12:24:30,Financial Fraud,Debit/Credit Card Fraud,19844.53,Bengaluru Urban,Karnataka,UPI,2.28,ACC-000525,ACC-000182,ATM-00045,2026-07-21 14:06:42,2026-07-21 15:06:42
CMP-000980,2026-08-20 15:33:40,Financial Fraud,E-Wallet Related Fraud,1690.23,,Karnataka,Wallet,0.59,ACC-000427,ACC-000060,ATM-00017,2026-08-20 19:18:16,2026-08-20 20:18:16
CMP-000981,2026-06-28 10:45:16,Financial Fraud,Internet Banking Related Fraud,2963.51,Noida,Uttar Pradesh,UPI,14.27,ACC-000702,ACC-000114,ATM-00266,2026-06-28 05:59:04,2026-06-28 06:59:04
CMP-000982,2026-06-20 09:26:59,Financial Fraud,UPI Related Frauds,12759.41,mumbai,Maharashtra,Net Banking,1.02,ACC-001193,ACC-000109,ATM-00063,2026-06-20 21:46:47,2026-06-20 22:46:47
CMP-000985,2026-06-23 18:26:12,Financial Fraud,Investment Scam,171318.45,Lucknow,Uttar Pradesh,UPI,2.54,ACC-000453,ACC-000075,ATM-00039,2026-06-24 04:37:48,2026-06-24 05:37:48
CMP-000986,2026-08-21 02:13:55,Financial Fraud,E-Wallet Related Fraud,1975.23,Chennai,Tamil Nadu,Card,8.63,ACC-000611,ACC-000072,ATM-00012,2026-08-21 02:49:07,2026-08-21 03:49:07
CMP-000987,2026-08-15 16:25:39,Financial Fraud,Debit/Credit Card Fraud,4946.43,Jaipur,Rajasthan,Card,2.65,ACC-000704,ACC-000182,ATM-00035,2026-08-16 02:54:39,2026-08-16 03:54:39
CMP-000988,2026-06-25 20:16:18,Financial Fraud,Investment Scam,85605.71,Bengaluru Urban,Karnataka,Card,4.03,ACC-000749,ACC-000061,ATM-00020,2026-06-25 21:54:30,2026-06-25 22:54:30
CMP-000989,2026-06-26 15:27:21,Financial Fraud,Debit/Credit Card Fraud,3394.76,Jaipur,Rajasthan,Card,3.29,ACC-000857,ACC-000650,ATM-00031,2026-06-26 19:01:57,2026-06-26 20:01:57
CMP-000990,2026-06-04 19:54:44,Financial Fraud,UPI Related Frauds,12566.41,Mumbai,Maharashtra,Wallet,8.79,ACC-000596,ACC-000019,ATM-00048,2026-06-04 21:50:20,2026-06-04 22:50:20
CMP-000991,2026-07-12 08:38:26,Financial Fraud,Debit/Credit Card Fraud,3657.44,Ahmedabad,Gujarat,Net Banking,10.34,ACC-000376,ACC-001183,ATM-00045,2026-07-12 02:40:02,2026-07-12 03:40:02
CMP-000992,2026-06-05 10:55:45,Financial Fraud,UPI Related Frauds,2207.38,New Delhi,Delhi,UPI,18.32,ACC-001133,ACC-000192,ATM-00046,2026-06-04 20:36:33,2026-06-04 21:36:33
CMP-000993,2026-07-02 21:50:06,Financial Fraud,UPI Related Frauds,4157.54,Ahmedabad,Gujarat,UPI,3.94,ACC-000332,ACC-000198,ATM-00009,2026-07-03 04:45:42,2026-07-03 05:45:42
CMP-000994,2026-08-25 06:59:46,Financial Fraud,Debit/Credit Card Fraud,7690.31,Noida,Uttar Pradesh,Net Banking,0.68,ACC-000734,ACC-000037,ATM-00060,2026-08-25 20:42:58,2026-08-25 21:42:58
CMP-000995,2026-06-12 01:14:52,Financial Fraud,Debit/Credit Card Fraud,1592.77,Pune,Maharashtra,UPI,1.07,ACC-000700,ACC-000182,ATM-00050,2026-06-12 05:26:40,2026-06-12 06:26:40
CMP-000997,2026-07-11 22:43:30,Financial Fraud,Investment Scam,938717.16,Lucknow,Uttar Pradesh,Card,65.21,ACC-000488,ACC-000164,ATM-00020,2026-07-09 19:22:54,2026-07-09 20:22:54
CMP-000999,2026-06-11 01:40:08,Other Cyber Crime,Online Matrimonial/Romance Scam,1842.42,Hyderabad,Telangana,UPI,2.34,ACC-000358,ACC-000004,ATM-00065,2026-06-11 06:20:44,2026-06-11 07:20:44
CMP-001000,2026-08-05 20:46:14,Financial Fraud,Internet Banking Related Fraud,3017.6,Hyderabad,Telangana,UPI,2.13,ACC-000327,ACC-000076,ATM-00195,2026-08-05 21:05:26,2026-08-05 22:05:26
CMP-001002,2026-08-26 13:57:28,Financial Fraud,Investment Scam,7531.96,,Telangana,,11.0,ACC-000833,ACC-000898,ATM-00142,2026-08-26 12:01:28,2026-08-26 13:01:28
CMP-001003,2026-07-10 22:21:42,Other Cyber Crime,Cyber Bullying/Stalking,0.0,Bengaluru Urban,Karnataka,,1.24,,,,,
CMP-001004,2026-08-03 14:11:56,Financial Fraud,Debit/Credit Card Fraud,6243.19,Bengaluru Urban,Karnataka,UPI,54.0,ACC-000406,ACC-000208,ATM-00062,2026-08-01 21:00:56,2026-08-01 22:00:56
CMP-001005,2026-08-14 12:28:17,Financial Fraud,Investment Scam,29875.68,Ahmedabad,Gujarat,Net Banking,0.22,ACC-000993,ACC-000014,ATM-00053,2026-08-14 19:37:05,2026-08-14 20:37:05
CMP-001006,2026-08-05 00:51:01,Financial Fraud,Investment Scam,68063.37,Bombay,Maharashtra,Wallet,16.8,ACC-000522,ACC-000162,ATM-00008,2026-08-04 19:39:01,2026-08-04 20:39:01
CMP-001007,2026-07-31 00:36:04,Financial Fraud,Internet Banking Related Fraud,47020.9,Ahmedabad,Gujarat,UPI,1.02,ACC-001039,ACC-000159,ATM-00196,2026-07-31 08:27:52,2026-07-31 09:27:52
CMP-001008,2026-07-04 13:39:16,Financial Fraud,E-Wallet Related Fraud,2973.1,Mumbai,Maharashtra,Net Banking,2.56,ACC-000878,ACC-000061,ATM-00321,2026-07-04 18:18:40,2026-07-04 19:18:40
CMP-001009,2026-08-20 05:44:22,Financial Fraud,E-Wallet Related Fraud,1835.81,Bengaluru Urban,Karnataka,,107.04,ACC-000631,ACC-000033,ATM-00031,2026-08-16 01:43:58,2026-08-16 02:43:58
CMP-001010,2026-08-02 11:13:39,Other Cyber Crime,Online Matrimonial/Romance Scam,2557.36,Bengaluru Urban,Karnataka,Wallet,6.08,ACC-000734,ACC-001129,ATM-00339,2026-08-02 10:23:51,2026-08-02 11:23:51
CMP-001011,2026-07-19 03:22:44,Financial Fraud,Internet Banking Related Fraud,10590.29,Lucknow,Uttar Pradesh,Wallet,16.49,ACC-001090,ACC-000185,ATM-00028,2026-07-18 17:07:20,2026-07-18 18:07:20
CMP-001012,2026-06-24 09:19:07,Financial Fraud,UPI Related Frauds,3255.77,Lucknow,Uttar Pradesh,UPI,6.49,ACC-000869,ACC-000041,ATM-00014,2026-06-24 05:03:43,2026-06-24 06:03:43
CMP-001013,2026-07-24 10:44:51,Financial Fraud,UPI Related Frauds,2095.43,Lucknow,Uttar Pradesh,Card,6.19,ACC-000365,ACC-000471,ATM-00014,2026-07-24 13:32:27,2026-07-24 14:32:27
CMP-001015,2026-07-19 09:29:13,Financial Fraud,Internet Banking Related Fraud,4584.29,Bangalore,Karnataka,UPI,7.05,ACC-000469,ACC-000098,ATM-00045,2026-07-19 12:36:13,2026-07-19 13:36:13
CMP-001016,2026-08-03 10:28:10,Financial Fraud,UPI Related Frauds,2903.47,Lucknow,Uttar Pradesh,UPI,17.31,ACC-000240,ACC-000170,ATM-00028,2026-08-03 03:30:34,2026-08-03 04:30:34
CMP-001018,2026-07-31 02:31:43,Financial Fraud,UPI Related Frauds,9281.04,Noida,Uttar Pradesh,Card,1.51,ACC-000612,ACC-000058,ATM-00063,2026-07-31 09:34:07,2026-07-31 10:34:07
CMP-001019,2026-08-03 13:19:09,Financial Fraud,Online Job Fraud,2021.53,Noida,Uttar Pradesh,Net Banking,2.19,ACC-000331,ACC-000210,ATM-00038,2026-08-03 14:14:45,2026-08-03 15:14:45
CMP-001021,2026-07-03 05:33:08,Financial Fraud,Digital Arrest / Impersonation,4615.57,Hyderabad,Telangana,Card,193.5,ACC-000217,ACC-000105,ATM-00043,2026-06-25 11:59:08,2026-06-25 12:59:08
CMP-001022,2026-08-03 19:18:38,Financial Fraud,E-Wallet Related Fraud,4651.04,Lucknow,Uttar Pradesh,UPI,5.86,ACC-000983,ACC-000111,ATM-00137,2026-08-03 17:14:02,2026-08-03 18:14:02
CMP-001023,2026-08-03 23:22:19,Financial Fraud,Debit/Credit Card Fraud,4652.25,Bengaluru Urban,Karnataka,UPI,6.31,ACC-000844,ACC-001194,ATM-00052,2026-08-04 03:15:43,2026-08-04 04:15:43
CMP-001024,2026-08-17 15:55:54,Financial Fraud,UPI Related Frauds,4764.8,Hyderabad,Telangana,UPI,9.72,ACC-000810,ACC-000349,ATM-00040,2026-08-17 12:30:42,2026-08-17 13:30:42
CMP-001025,2026-06-05 10:40:14,Financial Fraud,Internet Banking Related Fraud,11563.45,Ahmedabad,Gujarat,Wallet,4.99,ACC-000630,ACC-001035,ATM-00051,2026-06-05 16:25:50,2026-06-05 17:25:50
CMP-001026,2026-08-12 02:10:32,Financial Fraud,Debit/Credit Card Fraud,4034.6,Hyderabad,Telangana,Net Banking,3.74,ACC-000937,ACC-000137,ATM-00011,2026-08-12 11:27:08,2026-08-12 12:27:08
CMP-001027,2026-06-19 05:00:28,Financial Fraud,UPI Related Frauds,2501.34,Noida,Uttar Pradesh,UPI,17.47,ACC-000922,ACC-000068,ATM-00056,2026-06-19 00:13:16,2026-06-19 01:13:16
CMP-001028,2026-08-20 01:21:01,Financial Fraud,Online Job Fraud,6211.77,Mumbai City,Maharashtra,Net Banking,0.13,ACC-000595,ACC-000192,ATM-00322,2026-08-20 13:01:13,2026-08-20 14:01:13
CMP-001029,2026-07-11 05:47:09,Financial Fraud,Investment Scam,231577.76,Bengaluru Urban,Karnataka,UPI,5.66,ACC-000979,ACC-000216,ATM-00051,2026-07-11 07:52:33,2026-07-11 08:52:33
CMP-001030,2026-06-12 23:07:17,Financial Fraud,E-Wallet Related Fraud,1968.51,Ahmedabad,Gujarat,Net Banking,2.81,ACC-000731,ACC-000041,ATM-00052,2026-06-13 12:25:41,2026-06-13 13:25:41
CMP-001032,2026-06-05 17:10:48,Financial Fraud,Debit/Credit Card Fraud,2269.06,Noida,Uttar Pradesh,Card,7.3,ACC-001103,ACC-000053,ATM-00363,2026-06-05 12:46:48,2026-06-05 13:46:48
CMP-001033,2026-07-20 08:30:05,Financial Fraud,Debit/Credit Card Fraud,1860.02,Noida,Uttar Pradesh,Net Banking,0.86,ACC-000818,ACC-000177,ATM-00279,2026-07-20 22:00:29,2026-07-20 23:00:29
CMP-001036,2026-08-25 13:47:19,Financial Fraud,E-Wallet Related Fraud,3012.33,Pune,Maharashtra,UPI,10.7,ACC-000591,ACC-000652,ATM-00048,2026-08-25 07:59:19,2026-08-25 08:59:19
CMP-001037,2026-08-14 00:27:42,Other Cyber Crime,Online Matrimonial/Romance Scam,23571.56,,Tamil Nadu,UPI,2.08,ACC-001136,ACC-000196,ATM-00047,2026-08-14 10:35:54,2026-08-14 11:35:54
CMP-001038,2026-06-29 13:28:26,Financial Fraud,Debit/Credit Card Fraud,7569.8,Pune,Maharashtra,Card,11.71,ACC-000277,ACC-000010,ATM-00008,2026-06-29 07:05:50,2026-06-29 08:05:50
CMP-001040,2026-07-24 04:28:49,Financial Fraud,Internet Banking Related Fraud,13471.13,Hyderabad,Telangana,Wallet,6.83,ACC-000458,ACC-000220,ATM-00052,2026-07-24 13:01:01,2026-07-24 14:01:01
CMP-001041,2026-08-01 10:01:33,Financial Fraud,Investment Scam,396803.04,,Tamil Nadu,UPI,4.34,ACC-000842,ACC-000089,ATM-00052,2026-08-01 11:59:09,2026-08-01 12:59:09
CMP-001042,2026-08-06 15:55:13,Financial Fraud,UPI Related Frauds,1347.91,New delhi,Delhi,UPI,3.69,ACC-000926,ACC-000002,ATM-00209,2026-08-06 16:40:49,2026-08-06 17:40:49
CMP-001043,2026-08-03 02:48:39,Financial Fraud,E-Wallet Related Fraud,1101.11,Jaipur,Rajasthan,Wallet,1.99,ACC-000758,ACC-000209,ATM-00165,2026-08-03 03:53:15,2026-08-03 04:53:15
CMP-001044,2026-08-01 20:01:55,Financial Fraud,UPI Related Frauds,2617.39,Noida,Uttar Pradesh,UPI,1.73,ACC-000988,ACC-000194,ATM-00260,2026-08-02 00:14:07,2026-08-02 01:14:07
CMP-001045,2026-07-17 15:20:34,Financial Fraud,UPI Related Frauds,2259.35,Pune,Maharashtra,Card,0.46,ACC-000363,ACC-000151,ATM-00015,2026-07-17 23:06:58,2026-07-18 00:06:58
CMP-001046,2026-08-05 11:06:04,Other Cyber Crime,Hacking/Damage to Computer,0.0,Ahmedabad,Gujarat,,5.79,,,,,
CMP-001047,2026-06-28 18:15:37,Financial Fraud,Investment Scam,98870.59,Hyderabad,Telangana,Wallet,1.68,ACC-000770,ACC-000200,ATM-00067,2026-06-29 03:12:49,2026-06-29 04:12:49
CMP-001049,2026-06-20 09:48:23,Financial Fraud,UPI Related Frauds,701.48,Ahmedabad,Gujarat,UPI,1.79,ACC-000947,ACC-000078,ATM-00055,2026-06-20 08:40:59,2026-06-20 09:40:59
CMP-001051,2026-06-29 15:43:38,Financial Fraud,Digital Arrest / Impersonation,162002.95,Ahmedabad,Gujarat,UPI,3.55,ACC-000823,ACC-000027,ATM-00338,2026-06-29 14:59:38,2026-06-29 15:59:38
CMP-001052,2026-07-14 22:37:17,Financial Fraud,Internet Banking Related Fraud,5092.3,Pune,Maharashtra,UPI,0.4,ACC-001182,ACC-000139,ATM-00068,2026-07-15 04:16:17,2026-07-15 05:16:17
CMP-001053,2026-08-23 23:13:36,Financial Fraud,Online Job Fraud,6450.26,New Delhi,Delhi,UPI,1.01,ACC-000935,ACC-000151,ATM-00048,2026-08-24 07:56:00,2026-08-24 08:56:00
CMP-001054,2026-07-20 14:32:06,Financial Fraud,E-Wallet Related Fraud,2096.34,Pune,Maharashtra,Net Banking,6.25,ACC-000872,ACC-000626,ATM-00287,2026-07-20 12:32:06,2026-07-20 13:32:06
CMP-001055,2026-08-04 12:22:56,Financial Fraud,Investment Scam,578883.3,Mumbai,Maharashtra,UPI,0.93,ACC-000330,ACC-000179,ATM-00014,2026-08-04 22:33:08,2026-08-04 23:33:08
CMP-001056,2026-08-16 12:25:58,Financial Fraud,Debit/Credit Card Fraud,239.96,Pune,Maharashtra,Wallet,5.59,ACC-000888,ACC-000079,ATM-00017,2026-08-16 08:03:34,2026-08-16 09:03:34
CMP-001057,2026-06-02 06:12:40,Financial Fraud,UPI Related Frauds,15069.98,Noida,Uttar Pradesh,,19.82,ACC-001030,ACC-000216,ATM-00067,2026-06-02 02:10:28,2026-06-02 03:10:28
CMP-001058,2026-08-23 12:58:53,Financial Fraud,UPI Related Frauds,3600.02,Hyderabad,Telangana,Wallet,2.48,ACC-000816,ACC-000181,ATM-00174,2026-08-23 13:49:05,2026-08-23 14:49:05
CMP-001059,2026-08-08 09:54:17,Financial Fraud,Digital Arrest / Impersonation,157715.35,Chennai,Tamil Nadu,Net Banking,1.39,ACC-000318,ACC-000133,ATM-00050,2026-08-08 17:58:53,2026-08-08 18:58:53
CMP-001060,2026-08-11 16:42:47,Financial Fraud,Debit/Credit Card Fraud,7913.76,Noida,Uttar Pradesh,Card,8.22,ACC-000793,ACC-000715,ATM-00053,2026-08-11 23:10:35,2026-08-12 00:10:35
CMP-001061,2026-06-29 13:29:01,Financial Fraud,Investment Scam,391708.37,Jaipur,Rajasthan,UPI,122.93,ACC-000891,ACC-000461,ATM-00025,2026-06-24 17:11:13,2026-06-24 18:11:13
CMP-001062,2026-06-17 20:58:19,Other Cyber Crime,Online Matrimonial/Romance Scam,20571.41,Bengaluru Urban,Karnataka,Net Banking,2.43,ACC-001057,ACC-000177,ATM-00009,2026-06-17 22:13:31,2026-06-17 23:13:31
CMP-001063,2026-06-28 02:22:43,Financial Fraud,UPI Related Frauds,2913.13,Bengaluru Urban,Karnataka,Card,0.54,ACC-000373,ACC-000094,ATM-00015,2026-06-28 19:17:19,2026-06-28 20:17:19
CMP-001064,2026-06-25 18:13:50,Financial Fraud,UPI Related Frauds,1595.21,Noida,Uttar Pradesh,UPI,2.74,ACC-000474,ACC-000081,ATM-00005,2026-06-25 16:43:26,2026-06-25 17:43:26
CMP-001065,2026-06-04 21:04:05,Financial Fraud,Debit/Credit Card Fraud,2910.01,Chennai,Tamil Nadu,UPI,5.38,ACC-000603,ACC-000077,ATM-00017,2026-06-04 22:29:17,2026-06-04 23:29:17
CMP-001066,2026-07-31 17:12:35,Financial Fraud,UPI Related Frauds,1422.0,Bengaluru Urban,Karnataka,,17.21,ACC-000838,ACC-000087,ATM-00102,2026-07-31 07:15:59,2026-07-31 08:15:59
CMP-001067,2026-07-26 14:26:02,Financial Fraud,E-Wallet Related Fraud,1998.53,Lucknow,Uttar Pradesh,Card,4.43,ACC-000486,ACC-000009,ATM-00061,2026-07-26 14:25:14,2026-07-26 15:25:14
CMP-001069,2026-07-20 01:03:44,Financial Fraud,UPI Related Frauds,6264.09,Bengaluru Urban,Karnataka,UPI,1.58,ACC-000908,ACC-000131,ATM-00082,2026-07-20 10:53:56,2026-07-20 11:53:56
CMP-001070,2026-07-04 22:10:04,Financial Fraud,Internet Banking Related Fraud,3435.38,Pune,Maharashtra,UPI,3.11,ACC-001112,ACC-000174,ATM-00035,2026-07-04 21:39:28,2026-07-04 22:39:28
CMP-001071,2026-07-06 00:43:11,Financial Fraud,UPI Related Frauds,887.77,Pune,Maharashtra,UPI,1.68,ACC-000233,ACC-000164,ATM-00045,2026-07-06 07:12:23,2026-07-06 08:12:23
CMP-001072,2026-07-17 02:29:50,Other Cyber Crime,Hacking/Damage to Computer,0.0,Noida,Uttar Pradesh,,2.53,,,,,
CMP-001075,2026-06-04 20:55:14,Other Cyber Crime,Cyber Bullying/Stalking,0.0,Mumbai,Maharashtra,,3.8,,,,,
CMP-001076,2026-08-28 22:16:38,Financial Fraud,Investment Scam,163997.15,Pune,Maharashtra,Net Banking,3.96,ACC-000711,ACC-001101,ATM-00049,2026-08-29 14:25:02,2026-08-29 15:25:02
CMP-001077,2026-08-10 06:59:07,Financial Fraud,UPI Related Frauds,3785.09,Mumbai,Maharashtra,UPI,2.23,ACC-000617,ACC-000004,ATM-00061,2026-08-10 19:18:19,2026-08-10 20:18:19
CMP-001078,2026-07-07 09:42:56,Other Cyber Crime,Cyber Bullying/Stalking,0.0,Hyderabad,Telangana,,0.24,,,,,
CMP-001079,2026-07-18 06:20:13,Financial Fraud,Internet Banking Related Fraud,5800.62,,Uttar Pradesh,UPI,24.71,ACC-000239,ACC-000463,ATM-00050,2026-07-17 14:20:37,2026-07-17 15:20:37
CMP-001080,2026-07-20 21:27:41,Financial Fraud,Online Job Fraud,8379.92,Mumbai,Maharashtra,UPI,14.27,ACC-000431,ACC-000078,ATM-00043,2026-07-20 14:09:29,2026-07-20 15:09:29
CMP-001081,2026-08-15 01:57:45,Financial Fraud,UPI Related Frauds,9068.1,Jaipur,Rajasthan,Card,4.98,ACC-000745,ACC-001095,ATM-00012,2026-08-15 02:14:57,2026-08-15 03:14:57
CMP-001083,2026-08-21 03:14:26,Financial Fraud,UPI Related Frauds,2242.92,Ahmedabad,Gujarat,UPI,9.38,ACC-000317,ACC-000084,ATM-00249,2026-08-20 21:22:38,2026-08-20 22:22:38
CMP-001084,2026-08-11 23:31:44,Financial Fraud,Internet Banking Related Fraud,22112.19,Ahmedabad,Gujarat,Net Banking,3.79,ACC-001074,ACC-001083,ATM-00328,2026-08-12 04:20:20,2026-08-12 05:20:20
CMP-001085,2026-08-12 12:22:54,Financial Fraud,E-Wallet Related Fraud,1393.88,Chennai,Tamil Nadu,Net Banking,4.48,ACC-001176,ACC-000155,ATM-00013,2026-08-12 14:53:06,2026-08-12 15:53:06
CMP-001086,2026-06-04 16:16:53,Financial Fraud,UPI Related Frauds,5120.9,delhi,Delhi,UPI,0.79,ACC-000517,ACC-000449,ATM-00062,2026-06-05 00:41:29,2026-06-05 01:41:29
CMP-001087,2026-07-25 04:25:49,Financial Fraud,UPI Related Frauds,377.45,New Delhi,Delhi,UPI,2.31,ACC-000386,ACC-000200,ATM-00005,2026-07-25 11:27:13,2026-07-25 12:27:13
CMP-001089,2026-06-02 15:21:31,Financial Fraud,E-Wallet Related Fraud,1775.39,Lucknow,Uttar Pradesh,UPI,2.6,ACC-000989,ACC-000113,ATM-00230,2026-06-02 14:30:31,2026-06-02 15:30:31
CMP-001090,2026-08-09 22:23:14,Financial Fraud,UPI Related Frauds,11017.29,Bengaluru Urban,Karnataka,Card,6.63,ACC-000507,ACC-000180,ATM-00028,2026-08-09 23:56:26,2026-08-10 00:56:26
CMP-001091,2026-08-08 01:10:24,Financial Fraud,Investment Scam,145891.24,Noida,Uttar Pradesh,Net Banking,9.46,ACC-000863,ACC-000023,ATM-00015,2026-08-08 03:07:48,2026-08-08 04:07:48
CMP-001092,2026-06-29 03:22:05,Financial Fraud,Debit/Credit Card Fraud,1573.67,Lucknow,Uttar Pradesh,Net Banking,15.59,ACC-001173,ACC-000038,ATM-00189,2026-06-28 18:30:41,2026-06-28 19:30:41
CMP-001093,2026-08-14 07:13:05,Financial Fraud,UPI Related Frauds,2784.47,Bengaluru,Karnataka,Wallet,10.02,ACC-000768,ACC-000918,ATM-00308,2026-08-14 05:08:53,2026-08-14 06:08:53
CMP-001094,2026-06-03 23:48:49,Financial Fraud,Debit/Credit Card Fraud,1682.68,Hyderabad,Telangana,Card,0.69,ACC-000420,ACC-000069,ATM-00027,2026-06-04 10:36:25,2026-06-04 11:36:25
CMP-001095,2026-07-08 23:04:43,Financial Fraud,Internet Banking Related Fraud,15031.3,Bengaluru Urban,Karnataka,Net Banking,7.04,ACC-000394,ACC-000057,ATM-00015,2026-07-09 00:04:19,2026-07-09 01:04:19
CMP-001097,2026-08-17 04:31:26,Financial Fraud,E-Wallet Related Fraud,4916.48,Chennai,Tamil Nadu,Wallet,1.08,ACC-000874,ACC-000202,ATM-00045,2026-08-17 07:02:38,2026-08-17 08:02:38
CMP-001099,2026-06-01 11:43:13,Financial Fraud,Internet Banking Related Fraud,12561.5,,Karnataka,Card,3.02,ACC-000587,ACC-000202,ATM-00067,2026-06-01 20:45:01,2026-06-01 21:45:01
CMP-001100,2026-06-09 06:21:35,Financial Fraud,Debit/Credit Card Fraud,8983.88,Noida,Uttar Pradesh,UPI,2.33,ACC-000405,ACC-000090,ATM-00119,2026-06-09 04:20:47,2026-06-09 05:20:47
CMP-001102,2026-06-14 19:56:40,Other Cyber Crime,Cyber Bullying/Stalking,0.0,Hyderabad,Telangana,,1.35,,,,,
CMP-001103,2026-08-21 01:06:16,Financial Fraud,UPI Related Frauds,5806.55,,Maharashtra,UPI,2.42,ACC-000716,ACC-000123,ATM-00014,2026-08-21 11:19:04,2026-08-21 12:19:04
CMP-001104,2026-07-26 01:53:15,Financial Fraud,UPI Related Frauds,2426.63,Ahmedabad,Gujarat,Wallet,1.36,ACC-000715,ACC-000050,ATM-00047,2026-07-26 03:47:39,2026-07-26 04:47:39
CMP-001105,2026-07-24 06:54:56,Financial Fraud,Online Job Fraud,362.82,Chennai,Tamil Nadu,Card,3.56,ACC-000243,ACC-000128,ATM-00089,2026-07-24 08:21:20,2026-07-24 09:21:20
CMP-001107,2026-07-03 02:56:18,Financial Fraud,UPI Related Frauds,2929.73,Noida,Uttar Pradesh,UPI,3.27,ACC-000998,ACC-000085,ATM-00027,2026-07-03 01:03:06,2026-07-03 02:03:06
CMP-001108,2026-06-28 16:25:03,Financial Fraud,E-Wallet Related Fraud,2034.43,Mumbai,Maharashtra,Card,8.64,ACC-000313,ACC-000157,ATM-00353,2026-06-28 09:39:39,2026-06-28 10:39:39
CMP-001109,2026-07-14 18:04:52,Other Cyber Crime,Cyber Bullying/Stalking,0.0,Pune,Maharashtra,,1.09,,,,,
CMP-001111,2026-07-01 17:06:34,Financial Fraud,Internet Banking Related Fraud,13604.91,Pune,Maharashtra,Wallet,7.58,ACC-000761,ACC-000252,ATM-00027,2026-07-01 19:02:46,2026-07-01 20:02:46
CMP-001112,2026-08-16 06:43:14,Financial Fraud,UPI Related Frauds,3034.05,mumbai,Maharashtra,UPI,10.05,ACC-000326,ACC-000162,ATM-00023,2026-08-16 06:12:14,2026-08-16 07:12:14
CMP-001113,2026-08-21 13:35:53,Financial Fraud,Investment Scam,213066.24,Lucknow,Uttar Pradesh,UPI,2.93,ACC-000795,ACC-000098,ATM-00078,2026-08-21 14:45:05,2026-08-21 15:45:05
CMP-001114,2026-07-17 14:22:25,Financial Fraud,E-Wallet Related Fraud,1262.84,Pune,Maharashtra,Card,5.06,ACC-000463,ACC-000051,ATM-00034,2026-07-17 17:48:49,2026-07-17 18:48:49
CMP-001115,2026-07-24 13:29:18,Financial Fraud,Debit/Credit Card Fraud,23133.11,Mumbai,Maharashtra,UPI,1.01,ACC-000622,ACC-000065,ATM-00046,2026-07-24 18:10:42,2026-07-24 19:10:42
CMP-001116,2026-06-28 05:52:57,Financial Fraud,E-Wallet Related Fraud,617.69,,Karnataka,Wallet,5.46,ACC-001048,ACC-000488,ATM-00060,2026-06-28 12:48:21,2026-06-28 13:48:21
CMP-001118,2026-08-26 14:45:20,Financial Fraud,E-Wallet Related Fraud,2428.82,New Delhi,Delhi,UPI,3.43,ACC-001029,ACC-000095,ATM-00030,2026-08-26 22:27:32,2026-08-26 23:27:32
CMP-001119,2026-07-27 11:54:11,Financial Fraud,Internet Banking Related Fraud,29432.75,Bengaluru Urban,Karnataka,Card,0.66,ACC-000955,ACC-000055,ATM-00053,2026-07-27 15:27:35,2026-07-27 16:27:35
CMP-001121,2026-07-16 20:04:54,Financial Fraud,Internet Banking Related Fraud,1282.81,,Rajasthan,Net Banking,3.63,ACC-001121,ACC-000176,ATM-00028,2026-07-16 20:27:06,2026-07-16 21:27:06
CMP-001122,2026-08-26 13:12:00,Financial Fraud,UPI Related Frauds,13297.39,Pune,Maharashtra,Net Banking,4.6,ACC-000429,ACC-000834,ATM-00380,2026-08-26 13:34:00,2026-08-26 14:34:00
CMP-001123,2026-07-16 02:49:55,Financial Fraud,Investment Scam,133240.52,Mumbai,Maharashtra,Card,0.99,ACC-000245,ACC-000071,ATM-00073,2026-07-16 11:01:31,2026-07-16 12:01:31
CMP-001124,2026-06-02 00:40:49,Financial Fraud,UPI Related Frauds,1711.76,Pune,Maharashtra,Net Banking,2.86,ACC-000536,ACC-000539,ATM-00022,2026-06-02 06:47:13,2026-06-02 07:47:13
CMP-001125,2026-07-30 14:48:27,Financial Fraud,Digital Arrest / Impersonation,40894.13,Hyderabad,Telangana,Net Banking,20.86,ACC-000722,ACC-000019,ATM-00255,2026-07-30 01:22:51,2026-07-30 02:22:51
CMP-001126,2026-06-16 11:00:54,Financial Fraud,Investment Scam,203821.19,Bengaluru Urban,Karnataka,UPI,1.18,ACC-000970,ACC-000012,ATM-00013,2026-06-16 12:36:06,2026-06-16 13:36:06
CMP-001128,2026-07-05 20:03:15,Financial Fraud,Investment Scam,188657.46,Lucknow,Uttar Pradesh,UPI,17.6,ACC-001017,ACC-000101,ATM-00041,2026-07-05 04:53:15,2026-07-05 05:53:15
CMP-001129,2026-06-26 15:59:48,Financial Fraud,Investment Scam,770429.09,Mumbai,Maharashtra,UPI,1.33,ACC-000491,ACC-000071,ATM-00065,2026-06-27 02:41:00,2026-06-27 03:41:00
CMP-001130,2026-08-28 03:09:18,Financial Fraud,UPI Related Frauds,1436.88,Mumbai,Maharashtra,Net Banking,0.99,ACC-000777,ACC-001034,ATM-00062,2026-08-28 05:08:54,2026-08-28 06:08:54
CMP-001131,2026-08-25 14:09:54,Financial Fraud,Debit/Credit Card Fraud,3889.28,Chennai,Tamil Nadu,,7.84,ACC-000296,ACC-000431,ATM-00244,2026-08-25 12:17:30,2026-08-25 13:17:30
CMP-001132,2026-08-08 07:49:27,Other Cyber Crime,Online Matrimonial/Romance Scam,39579.55,pune,Maharashtra,Wallet,4.09,ACC-000917,ACC-000554,ATM-00243,2026-08-08 14:42:03,2026-08-08 15:42:03
CMP-001134,2026-08-03 11:10:25,Financial Fraud,Internet Banking Related Fraud,2878.02,Bombay,Maharashtra,UPI,55.01,ACC-000709,ACC-000191,ATM-00225,2026-08-01 20:53:49,2026-08-01 21:53:49
CMP-001135,2026-06-08 13:22:28,Financial Fraud,Internet Banking Related Fraud,1329.21,Chennai,Tamil Nadu,Card,5.59,ACC-000958,ACC-000178,ATM-00011,2026-06-08 10:03:04,2026-06-08 11:03:04
CMP-001137,2026-08-16 23:01:32,Financial Fraud,Digital Arrest / Impersonation,47665.02,Pune,Maharashtra,Card,2.92,ACC-000959,ACC-000091,ATM-00055,2026-08-17 07:21:20,2026-08-17 08:21:20
CMP-001138,2026-06-14 11:49:10,Financial Fraud,E-Wallet Related Fraud,1729.67,Lucknow,Uttar Pradesh,UPI,23.28,ACC-000633,ACC-000026,ATM-00117,2026-06-14 04:59:22,2026-06-14 05:59:22
CMP-001139,2026-06-28 06:20:00,Financial Fraud,UPI Related Frauds,407.21,Lucknow,Uttar Pradesh,UPI,28.22,ACC-000391,ACC-000087,ATM-00015,2026-06-27 16:14:48,2026-06-27 17:14:48
CMP-001140,2026-08-09 15:26:11,Financial Fraud,UPI Related Frauds,827.52,pune,Maharashtra,Net Banking,3.25,ACC-000628,ACC-000073,ATM-00018,2026-08-09 23:55:11,2026-08-10 00:55:11
CMP-001141,2026-07-03 01:28:46,Financial Fraud,E-Wallet Related Fraud,1417.44,Pune,Maharashtra,Net Banking,9.08,ACC-000682,ACC-000385,ATM-00268,2026-07-02 21:37:58,2026-07-02 22:37:58
CMP-001142,2026-06-21 10:58:32,Financial Fraud,Debit/Credit Card Fraud,994.14,Lucknow,Uttar Pradesh,Card,7.8,ACC-000544,ACC-000052,ATM-00363,2026-06-21 13:23:32,2026-06-21 14:23:32
CMP-001143,2026-06-24 15:47:34,Financial Fraud,E-Wallet Related Fraud,10091.49,Pune,Maharashtra,UPI,0.87,ACC-000798,ACC-000032,ATM-00391,2026-06-24 22:33:22,2026-06-24 23:33:22
CMP-001144,2026-08-01 02:56:07,Financial Fraud,Internet Banking Related Fraud,8020.1,Bengaluru Rural,Karnataka,Card,2.03,ACC-000366,ACC-000134,ATM-00044,2026-08-01 08:36:19,2026-08-01 09:36:19
CMP-001145,2026-06-17 03:36:12,Financial Fraud,Online Job Fraud,5341.7,Bengaluru Urban,Karnataka,UPI,4.59,ACC-000495,ACC-000116,ATM-00181,2026-06-16 23:53:48,2026-06-17 00:53:48
CMP-001146,2026-07-29 04:36:15,Financial Fraud,UPI Related Frauds,1673.48,Jaipur,Rajasthan,Wallet,8.05,ACC-000652,ACC-000005,ATM-00293,2026-07-29 11:13:15,2026-07-29 12:13:15
CMP-001147,2026-08-10 16:18:11,Financial Fraud,E-Wallet Related Fraud,8463.16,,Tamil Nadu,Net Banking,3.56,ACC-000231,ACC-000073,ATM-00022,2026-08-10 23:19:35,2026-08-11 00:19:35
CMP-001148,2026-07-14 14:43:10,Financial Fraud,UPI Related Frauds,5697.5,Bengaluru Urban,Karnataka,Card,0.95,ACC-000914,ACC-000504,ATM-00051,2026-07-15 02:37:10,2026-07-15 03:37:10
CMP-001149,2026-06-22 07:09:17,Financial Fraud,Debit/Credit Card Fraud,1888.55,Lucknow,Uttar Pradesh,Net Banking,7.9,ACC-000622,ACC-000146,ATM-00058,2026-06-22 12:52:17,2026-06-22 13:52:17
CMP-001150,2026-08-19 15:47:40,Financial Fraud,E-Wallet Related Fraud,6550.47,delhi,Delhi,Net Banking,6.87,ACC-001184,ACC-000199,ATM-00020,2026-08-19 14:15:28,2026-08-19 15:15:28
CMP-001151,2026-06-17 06:49:11,Financial Fraud,E-Wallet Related Fraud,1555.5,Lucknow,Uttar Pradesh,Net Banking,4.48,ACC-001030,ACC-000110,ATM-00025,2026-06-17 12:25:23,2026-06-17 13:25:23
CMP-001152,2026-07-28 08:11:18,Financial Fraud,UPI Related Frauds,967.42,Lucknow,Uttar Pradesh,UPI,9.26,ACC-000247,ACC-000150,ATM-00012,2026-07-28 05:14:42,2026-07-28 06:14:42
CMP-001153,2026-06-02 14:35:37,Financial Fraud,Debit/Credit Card Fraud,11876.69,Bengaluru Rural,Karnataka,UPI,2.61,ACC-000622,ACC-000013,ATM-00021,2026-06-02 16:26:01,2026-06-02 17:26:01
CMP-001154,2026-07-11 18:11:35,Financial Fraud,Online Job Fraud,2385.02,Lucknow,Uttar Pradesh,Net Banking,6.17,ACC-000430,ACC-000192,ATM-00078,2026-07-12 01:33:23,2026-07-12 02:33:23
CMP-001155,2026-08-27 12:53:57,Financial Fraud,E-Wallet Related Fraud,1408.98,Mumbai,Maharashtra,Card,4.14,ACC-000956,ACC-000077,ATM-00115,2026-08-27 17:16:33,2026-08-27 18:16:33
CMP-001156,2026-07-19 20:50:31,Financial Fraud,UPI Related Frauds,19727.12,New Delhi,Delhi,Net Banking,3.33,ACC-000719,ACC-000101,ATM-00053,2026-07-20 03:18:43,2026-07-20 04:18:43
CMP-001158,2026-08-15 05:34:44,Financial Fraud,Digital Arrest / Impersonation,146243.8,Chennai,Tamil Nadu,Net Banking,3.61,ACC-000818,ACC-000130,ATM-00178,2026-08-15 06:38:08,2026-08-15 07:38:08
CMP-001159,2026-08-24 22:29:18,Financial Fraud,Debit/Credit Card Fraud,2567.34,Pune,Maharashtra,UPI,21.88,ACC-000824,ACC-000187,ATM-00339,2026-08-24 03:34:30,2026-08-24 04:34:30
CMP-001161,2026-08-18 02:54:10,Financial Fraud,Investment Scam,8721.08,,Maharashtra,Net Banking,15.01,ACC-001200,ACC-000045,ATM-00036,2026-08-17 12:45:34,2026-08-17 13:45:34
CMP-001163,2026-08-28 08:39:09,Financial Fraud,UPI Related Frauds,506.19,New Delhi,Delhi,Wallet,13.08,ACC-000808,ACC-000428,ATM-00351,2026-08-27 20:39:21,2026-08-27 21:39:21
CMP-001164,2026-07-10 16:12:57,Financial Fraud,UPI Related Frauds,1002.19,Chennai,Tamil Nadu,UPI,10.77,ACC-000261,ACC-000374,ATM-00034,2026-07-10 12:35:45,2026-07-10 13:35:45
CMP-001166,2026-08-03 13:12:10,Financial Fraud,UPI Related Frauds,2066.62,Bengaluru,Karnataka,UPI,10.21,ACC-000624,ACC-000082,ATM-00004,2026-08-03 18:22:34,2026-08-03 19:22:34
CMP-001167,2026-06-11 08:21:24,Financial Fraud,Digital Arrest / Impersonation,67987.11,Pune,Maharashtra,UPI,9.04,ACC-000695,ACC-000167,ATM-00390,2026-06-11 05:29:00,2026-06-11 06:29:00
CMP-001168,2026-08-23 00:14:26,Financial Fraud,E-Wallet Related Fraud,9712.34,Mumbai,Maharashtra,Card,0.69,ACC-000808,ACC-000187,ATM-00018,2026-08-23 06:41:02,2026-08-23 07:41:02
CMP-001170,2026-07-25 03:12:54,Financial Fraud,UPI Related Frauds,1327.56,Noida,Uttar Pradesh,Card,0.91,ACC-000504,ACC-000178,ATM-00001,2026-07-25 12:28:18,2026-07-25 13:28:18
CMP-001171,2026-06-25 15:20:41,Financial Fraud,Debit/Credit Card Fraud,4067.89,Noida,Uttar Pradesh,Wallet,13.54,ACC-000372,ACC-000051,ATM-00147,2026-06-25 15:39:17,2026-06-25 16:39:17
CMP-001172,2026-07-09 15:42:34,Financial Fraud,Internet Banking Related Fraud,5839.79,,Delhi,Net Banking,27.48,ACC-000217,ACC-000003,ATM-00183,2026-07-08 16:05:46,2026-07-08 17:05:46
CMP-001173,2026-08-12 14:32:00,Financial Fraud,Online Job Fraud,986.28,Ahmedabad,Gujarat,UPI,4.42,ACC-001168,ACC-001173,ATM-00040,2026-08-12 17:17:48,2026-08-12 18:17:48
CMP-001174,2026-06-10 17:39:58,Financial Fraud,Investment Scam,19377.9,Jaipur,Rajasthan,UPI,6.93,ACC-001085,ACC-000143,ATM-00064,2026-06-10 17:18:10,2026-06-10 18:18:10
CMP-001175,2026-07-24 10:56:08,Financial Fraud,Debit/Credit Card Fraud,11930.91,pune,Maharashtra,Card,2.7,ACC-000643,ACC-001185,ATM-00329,2026-07-24 15:19:08,2026-07-24 16:19:08
CMP-001176,2026-07-08 18:40:38,Financial Fraud,Investment Scam,3342.66,Bengaluru Urban,Karnataka,,5.69,ACC-000996,ACC-000627,ATM-00023,2026-07-09 03:38:14,2026-07-09 04:38:14
CMP-001177,2026-06-15 02:38:23,Financial Fraud,UPI Related Frauds,4416.33,Bengaluru Urban,Karnataka,Card,7.28,ACC-001071,ACC-000094,ATM-00038,2026-06-14 23:29:35,2026-06-15 00:29:35
CMP-001179,2026-07-08 07:32:40,Financial Fraud,UPI Related Frauds,5498.3,Bengaluru Urban,Karnataka,Wallet,18.75,ACC-001015,ACC-000022,ATM-00010,2026-07-08 01:49:40,2026-07-08 02:49:40
CMP-001180,2026-06-28 19:31:18,Financial Fraud,Debit/Credit Card Fraud,829.99,Ahmedabad,Gujarat,Net Banking,6.58,ACC-000324,ACC-000138,ATM-00087,2026-06-28 21:25:30,2026-06-28 22:25:30
CMP-001181,2026-08-19 15:16:17,Financial Fraud,Internet Banking Related Fraud,4007.09,Jaipur,Rajasthan,UPI,4.06,ACC-000490,ACC-000162,ATM-00045,2026-08-19 22:12:41,2026-08-19 23:12:41
CMP-001182,2026-08-22 13:57:58,Financial Fraud,Debit/Credit Card Fraud,6958.2,Bengaluru Urban,Karnataka,,2.5,ACC-001188,ACC-000627,ATM-00058,2026-08-22 20:37:58,2026-08-22 21:37:58
CMP-001183,2026-06-04 06:18:55,Financial Fraud,Digital Arrest / Impersonation,26612.87,Mumbai,Maharashtra,Net Banking,4.67,ACC-001081,ACC-001157,ATM-00014,2026-06-04 15:41:43,2026-06-04 16:41:43
CMP-001184,2026-07-30 17:29:47,Financial Fraud,Internet Banking Related Fraud,2236.69,Ahmedabad,Gujarat,UPI,1.22,ACC-000837,ACC-000072,ATM-00018,2026-07-31 10:36:35,2026-07-31 11:36:35
CMP-001186,2026-07-09 18:44:52,Financial Fraud,UPI Related Frauds,5429.93,Mumbai,Maharashtra,UPI,7.81,ACC-000543,ACC-000078,ATM-00029,2026-07-09 19:17:16,2026-07-09 20:17:16
CMP-001187,2026-07-21 06:25:40,Financial Fraud,Debit/Credit Card Fraud,874.97,Noida,Uttar Pradesh,UPI,1.99,ACC-000986,ACC-000175,ATM-00379,2026-07-21 05:56:16,2026-07-21 06:56:16
CMP-001189,2026-07-04 19:07:14,Financial Fraud,Digital Arrest / Impersonation,34293.63,Chennai,Tamil Nadu,UPI,7.8,ACC-000788,ACC-000090,ATM-00315,2026-07-04 17:33:14,2026-07-04 18:33:14
CMP-001190,2026-06-19 21:16:35,Financial Fraud,Digital Arrest / Impersonation,153287.21,Mumbai,Maharashtra,Card,3.31,ACC-001136,ACC-000079,ATM-00361,2026-06-19 22:54:59,2026-06-19 23:54:59
CMP-001192,2026-06-29 13:39:23,Financial Fraud,UPI Related Frauds,14257.09,Bengaluru Urban,Karnataka,UPI,14.51,ACC-001058,ACC-000182,ATM-00043,2026-06-29 05:34:47,2026-06-29 06:34:47
CMP-001193,2026-06-26 00:28:08,Financial Fraud,UPI Related Frauds,3218.87,Lucknow,Uttar Pradesh,Wallet,1.7,ACC-000250,ACC-000120,ATM-00186,2026-06-26 08:13:08,2026-06-26 09:13:08
CMP-001194,2026-08-07 09:35:03,Financial Fraud,Digital Arrest / Impersonation,22102.96,Noida,Uttar Pradesh,UPI,8.39,ACC-000486,ACC-000668,ATM-00051,2026-08-07 05:32:39,2026-08-07 06:32:39
CMP-001196,2026-07-15 17:33:23,Other Cyber Crime,Hacking/Damage to Computer,0.0,Lucknow,Uttar Pradesh,,9.78,,,,,
CMP-001197,2026-07-17 19:04:18,Financial Fraud,Online Job Fraud,941.27,Hyderabad,Telangana,UPI,15.84,ACC-000246,ACC-000069,ATM-00061,2026-07-17 11:27:54,2026-07-17 12:27:54
CMP-001198,2026-06-22 09:31:40,Financial Fraud,UPI Related Frauds,1214.08,Ahmedabad,Gujarat,Net Banking,2.83,ACC-001019,ACC-000006,ATM-00074,2026-06-22 14:33:52,2026-06-22 15:33:52
CMP-001199,2026-07-05 06:46:26,Financial Fraud,UPI Related Frauds,3733.79,Pune,Maharashtra,Card,49.15,ACC-000244,ACC-000068,ATM-00044,2026-07-03 11:46:26,2026-07-03 12:46:26
CMP-001201,2026-07-04 04:54:04,Financial Fraud,Debit/Credit Card Fraud,4092.06,New Delhi,Delhi,UPI,8.51,ACC-000533,ACC-000071,ATM-00015,2026-07-03 21:29:28,2026-07-03 22:29:28
CMP-001204,2026-07-19 10:45:09,Financial Fraud,Investment Scam,133131.41,Chennai,Tamil Nadu,Net Banking,8.14,ACC-000526,ACC-000128,ATM-00067,2026-07-19 12:54:45,2026-07-19 13:54:45
CMP-001205,2026-06-26 18:26:21,Financial Fraud,UPI Related Frauds,5428.03,Mumbai,Maharashtra,UPI,7.43,ACC-001153,ACC-000123,ATM-00030,2026-06-26 16:53:33,2026-06-26 17:53:33
CMP-001206,2026-07-31 01:26:06,Financial Fraud,UPI Related Frauds,6342.62,Mumbai,Maharashtra,UPI,2.14,ACC-000405,ACC-000150,ATM-00090,2026-07-31 09:32:42,2026-07-31 10:32:42
CMP-001207,2026-06-08 14:53:21,Financial Fraud,Investment Scam,47772.61,Bengaluru Urban,Karnataka,Net Banking,1.2,ACC-000276,ACC-000167,ATM-00054,2026-06-08 23:33:21,2026-06-09 00:33:21
CMP-001208,2026-08-14 04:49:05,Financial Fraud,E-Wallet Related Fraud,2840.12,Noida,Uttar Pradesh,Wallet,11.41,ACC-000820,ACC-000165,ATM-00017,2026-08-14 04:16:29,2026-08-14 05:16:29
CMP-001209,2026-07-07 00:57:02,Other Cyber Crime,Hacking/Damage to Computer,0.0,Hyderabad,Telangana,,7.76,,,,,
CMP-001210,2026-08-25 12:50:56,Financial Fraud,E-Wallet Related Fraud,7628.1,Lucknow,Uttar Pradesh,Wallet,4.45,ACC-000804,ACC-000202,ATM-00033,2026-08-25 18:53:56,2026-08-25 19:53:56
CMP-001211,2026-08-14 04:51:37,Financial Fraud,Online Job Fraud,6646.64,Lucknow,Uttar Pradesh,Wallet,1.21,ACC-000729,ACC-000004,ATM-00063,2026-08-14 08:29:01,2026-08-14 09:29:01
CMP-001212,2026-07-26 23:43:38,Financial Fraud,UPI Related Frauds,2104.03,Mumbai,Maharashtra,UPI,10.33,ACC-000484,ACC-000104,ATM-00066,2026-07-26 19:31:50,2026-07-26 20:31:50
CMP-001214,2026-08-15 07:59:14,Financial Fraud,UPI Related Frauds,2794.93,Hyderabad,Telangana,UPI,0.73,ACC-001079,ACC-000053,ATM-00046,2026-08-15 17:42:26,2026-08-15 18:42:26
CMP-001215,2026-07-15 16:02:31,Other Cyber Crime,Online Matrimonial/Romance Scam,9020.62,Ahmedabad,Gujarat,UPI,13.05,ACC-000866,ACC-000639,ATM-00007,2026-07-15 12:07:31,2026-07-15 13:07:31
CMP-001216,2026-07-07 20:07:52,Financial Fraud,UPI Related Frauds,5002.46,Ahmedabad,Gujarat,Card,8.17,ACC-000224,ACC-000187,ATM-00053,2026-07-07 18:16:40,2026-07-07 19:16:40
CMP-001218,2026-07-30 12:35:21,Financial Fraud,UPI Related Frauds,1645.35,Mumbai,Maharashtra,UPI,10.37,ACC-000249,ACC-000130,ATM-00053,2026-07-30 12:13:09,2026-07-30 13:13:09
CMP-001219,2026-07-11 16:33:26,Financial Fraud,UPI Related Frauds,4354.11,Pune,Maharashtra,Net Banking,8.09,ACC-000847,ACC-000038,ATM-00311,2026-07-11 17:42:02,2026-07-11 18:42:02
CMP-001220,2026-06-28 03:35:02,Financial Fraud,Debit/Credit Card Fraud,2904.35,Hyderabad,Telangana,Card,0.34,ACC-000837,ACC-000762,ATM-00008,2026-06-28 10:57:38,2026-06-28 11:57:38
CMP-001221,2026-08-06 14:31:25,Financial Fraud,Internet Banking Related Fraud,19873.7,Jaipur,Rajasthan,UPI,2.52,ACC-001050,ACC-000146,ATM-00001,2026-08-06 15:09:13,2026-08-06 16:09:13
CMP-001223,2026-08-17 16:13:20,Financial Fraud,Online Job Fraud,2558.53,Mumbai,Maharashtra,Wallet,15.99,ACC-000667,ACC-000852,ATM-00063,2026-08-17 12:39:56,2026-08-17 13:39:56
CMP-001224,2026-06-18 03:31:29,Financial Fraud,UPI Related Frauds,5194.24,Hyderabad,Telangana,UPI,10.18,ACC-000941,ACC-000155,ATM-00052,2026-06-17 18:33:41,2026-06-17 19:33:41
CMP-001225,2026-08-01 05:31:32,Financial Fraud,UPI Related Frauds,871.87,Chennai,Tamil Nadu,Card,19.19,ACC-000458,ACC-000161,ATM-00037,2026-07-31 17:33:08,2026-07-31 18:33:08
CMP-001226,2026-06-30 03:07:49,Financial Fraud,Investment Scam,138638.58,New delhi,Delhi,UPI,2.88,ACC-000724,ACC-000011,ATM-00213,2026-06-30 06:18:01,2026-06-30 07:18:01
CMP-001227,2026-06-10 14:37:40,Financial Fraud,Online Job Fraud,4142.48,Bengaluru Urban,Karnataka,Net Banking,0.53,ACC-000988,ACC-000076,ATM-00005,2026-06-11 04:32:52,2026-06-11 05:32:52
CMP-001228,2026-07-17 06:25:02,Financial Fraud,UPI Related Frauds,4306.1,Hyderabad,Telangana,Net Banking,1.3,ACC-001123,ACC-000068,ATM-00010,2026-07-17 14:41:02,2026-07-17 15:41:02
CMP-001229,2026-06-26 05:18:21,Financial Fraud,UPI Related Frauds,882.36,New Delhi,Delhi,UPI,0.72,ACC-000896,ACC-000027,ATM-00051,2026-06-26 07:54:09,2026-06-26 08:54:09
CMP-001230,2026-06-26 00:31:08,Financial Fraud,Internet Banking Related Fraud,20184.87,Chennai,Tamil Nadu,UPI,2.11,ACC-001155,ACC-000083,ATM-00208,2026-06-26 01:18:32,2026-06-26 02:18:32
CMP-001231,2026-08-05 23:32:59,Financial Fraud,Debit/Credit Card Fraud,22782.04,Pune,Maharashtra,Wallet,2.36,ACC-000930,ACC-000394,ATM-00038,2026-08-06 12:46:23,2026-08-06 13:46:23
CMP-001232,2026-08-03 00:35:05,Financial Fraud,UPI Related Frauds,641.22,Noida,Uttar Pradesh,Card,1.17,ACC-001131,ACC-000214,ATM-00044,2026-08-03 00:46:53,2026-08-03 01:46:53
CMP-001233,2026-07-02 13:30:54,Other Cyber Crime,Online Matrimonial/Romance Scam,52020.48,Mumbai,Maharashtra,Net Banking,3.72,ACC-000441,ACC-000211,ATM-00041,2026-07-02 15:19:42,2026-07-02 16:19:42
CMP-001235,2026-06-15 01:31:15,Financial Fraud,E-Wallet Related Fraud,2985.21,Lucknow,Uttar Pradesh,Wallet,17.13,ACC-001188,ACC-000436,ATM-00044,2026-06-14 14:33:27,2026-06-14 15:33:27
CMP-001236,2026-07-11 22:54:13,Financial Fraud,E-Wallet Related Fraud,6366.46,Chennai,Tamil Nadu,Card,2.91,ACC-000793,ACC-000136,ATM-00006,2026-07-12 05:24:37,2026-07-12 06:24:37
CMP-001237,2026-06-07 22:14:37,Financial Fraud,Internet Banking Related Fraud,1761.56,Hyderabad,Telangana,UPI,2.73,ACC-000664,ACC-000585,ATM-00046,2026-06-08 06:55:49,2026-06-08 07:55:49
CMP-001238,2026-08-03 09:37:50,Financial Fraud,UPI Related Frauds,3767.82,,Maharashtra,UPI,1.41,ACC-001008,ACC-000206,ATM-00285,2026-08-03 15:50:14,2026-08-03 16:50:14
CMP-001239,2026-06-27 08:03:13,Financial Fraud,UPI Related Frauds,1259.62,Ahmedabad,Gujarat,Wallet,6.77,ACC-000483,ACC-000042,ATM-00058,2026-06-27 03:57:01,2026-06-27 04:57:01
CMP-001241,2026-06-18 20:29:09,Other Cyber Crime,Hacking/Damage to Computer,0.0,pune,Maharashtra,,1.8,,,,,
CMP-001242,2026-06-23 18:43:15,Financial Fraud,Online Job Fraud,2959.1,Bengaluru Urban,Karnataka,,1.48,ACC-001046,ACC-001058,ATM-00010,2026-06-23 19:12:27,2026-06-23 20:12:27
CMP-001243,2026-06-08 18:33:51,Other Cyber Crime,Hacking/Damage to Computer,0.0,Ahmedabad,Gujarat,,13.04,,,,,
CMP-001244,2026-06-10 06:39:22,Financial Fraud,UPI Related Frauds,7568.3,Poona,Maharashtra,UPI,0.49,ACC-000548,ACC-000012,ATM-00005,2026-06-10 13:15:58,2026-06-10 14:15:58
CMP-001245,2026-06-03 13:26:04,Financial Fraud,Online Job Fraud,1577.25,Noida,Uttar Pradesh,Net Banking,0.74,ACC-001092,ACC-000069,ATM-00033,2026-06-03 21:59:40,2026-06-03 22:59:40
CMP-001246,2026-06-11 02:10:14,Financial Fraud,Internet Banking Related Fraud,3463.3,Jaipur,Rajasthan,UPI,4.05,ACC-000336,ACC-000220,ATM-00021,2026-06-11 01:43:14,2026-06-11 02:43:14
CMP-001249,2026-06-03 18:34:33,Financial Fraud,UPI Related Frauds,3172.93,Hyderabad,Telangana,UPI,1.88,ACC-001170,ACC-001053,ATM-00035,2026-06-04 09:24:45,2026-06-04 10:24:45
CMP-001250,2026-08-23 21:49:40,Financial Fraud,Debit/Credit Card Fraud,5865.37,Chennai,Tamil Nadu,Card,2.33,ACC-000483,ACC-000199,ATM-00042,2026-08-24 10:20:52,2026-08-24 11:20:52
CMP-001251,2026-06-27 10:46:17,Other Cyber Crime,Online Matrimonial/Romance Scam,9908.81,Noida,Uttar Pradesh,Card,33.39,ACC-000871,ACC-000370,ATM-00016,2026-06-26 14:47:53,2026-06-26 15:47:53
CMP-001252,2026-07-23 08:37:52,Financial Fraud,UPI Related Frauds,9960.82,Jaipur,Rajasthan,UPI,0.94,ACC-000757,ACC-000010,ATM-00004,2026-07-23 13:39:28,2026-07-23 14:39:28
CMP-001255,2026-08-18 03:06:18,Financial Fraud,UPI Related Frauds,11898.16,Noida,Uttar Pradesh,UPI,1.17,ACC-000644,ACC-000842,ATM-00050,2026-08-18 05:11:06,2026-08-18 06:11:06
CMP-001256,2026-06-16 02:50:53,Financial Fraud,UPI Related Frauds,1305.38,Pune,Maharashtra,UPI,15.2,ACC-000980,ACC-001029,ATM-00044,2026-06-15 19:52:53,2026-06-15 20:52:53
CMP-001257,2026-08-22 07:51:30,Financial Fraud,UPI Related Frauds,3806.04,Hyderabad,Telangana,UPI,8.69,ACC-000504,ACC-000142,ATM-00035,2026-08-22 06:07:06,2026-08-22 07:07:06
CMP-001258,2026-08-06 18:37:12,Financial Fraud,UPI Related Frauds,4050.24,Noida,Uttar Pradesh,Wallet,7.16,ACC-000540,ACC-000194,ATM-00039,2026-08-06 13:49:36,2026-08-06 14:49:36
CMP-001260,2026-07-28 23:07:10,Financial Fraud,Investment Scam,385198.1,New Delhi,Delhi,UPI,18.24,ACC-001035,ACC-000184,ATM-00058,2026-07-28 14:53:46,2026-07-28 15:53:46
CMP-001261,2026-07-10 23:24:50,Financial Fraud,UPI Related Frauds,2424.91,Pune,Maharashtra,Wallet,4.25,ACC-001110,ACC-000108,ATM-00182,2026-07-11 08:40:50,2026-07-11 09:40:50
CMP-001262,2026-08-09 09:55:34,Financial Fraud,Debit/Credit Card Fraud,1063.04,Bombay,Maharashtra,Net Banking,8.31,ACC-001015,ACC-000568,ATM-00008,2026-08-09 12:37:58,2026-08-09 13:37:58
CMP-001263,2026-06-26 12:47:18,Financial Fraud,Debit/Credit Card Fraud,8708.52,Pune,Maharashtra,UPI,4.16,ACC-000852,ACC-000242,ATM-00030,2026-06-26 19:15:42,2026-06-26 20:15:42
CMP-001264,2026-08-17 16:02:23,Financial Fraud,E-Wallet Related Fraud,4912.23,Lucknow,Uttar Pradesh,Wallet,3.0,ACC-001127,ACC-000155,ATM-00028,2026-08-17 21:44:23,2026-08-17 22:44:23
CMP-001267,2026-08-01 20:04:03,Financial Fraud,UPI Related Frauds,3651.08,Mumbai,Maharashtra,Card,2.88,ACC-000604,ACC-000131,ATM-00028,2026-08-02 04:59:15,2026-08-02 05:59:15
CMP-001268,2026-07-18 18:26:01,Financial Fraud,Debit/Credit Card Fraud,4309.29,,Gujarat,UPI,12.08,ACC-000634,ACC-000071,ATM-00020,2026-07-18 18:27:13,2026-07-18 19:27:13
CMP-001269,2026-07-22 22:34:19,Financial Fraud,UPI Related Frauds,2012.06,Bengaluru Urban,Karnataka,,0.65,ACC-000377,ACC-000030,ATM-00043,2026-07-23 09:57:19,2026-07-23 10:57:19
CMP-001270,2026-06-13 03:21:44,Other Cyber Crime,Online Matrimonial/Romance Scam,91541.01,Mumbai City,Maharashtra,Net Banking,23.52,ACC-000777,ACC-000214,ATM-00389,2026-06-12 13:53:32,2026-06-12 14:53:32
CMP-001271,2026-06-15 15:07:06,Financial Fraud,Investment Scam,18399.13,mumbai,Maharashtra,UPI,10.25,ACC-000988,ACC-001074,ATM-00044,2026-06-15 12:11:06,2026-06-15 13:11:06
CMP-001272,2026-08-16 06:52:21,Financial Fraud,UPI Related Frauds,1895.66,Pune,Maharashtra,Net Banking,6.15,ACC-001137,ACC-000165,ATM-00115,2026-08-16 07:26:21,2026-08-16 08:26:21
CMP-001273,2026-08-16 20:09:11,Other Cyber Crime,Online Matrimonial/Romance Scam,18465.26,Lucknow,Uttar Pradesh,UPI,3.38,ACC-000523,ACC-000024,ATM-00062,2026-08-17 08:41:23,2026-08-17 09:41:23
CMP-001275,2026-07-16 15:31:17,Financial Fraud,Investment Scam,29999.94,Bengaluru Urban,Karnataka,,1.65,ACC-000828,ACC-000047,ATM-00373,2026-07-16 19:53:17,2026-07-16 20:53:17
CMP-001277,2026-06-25 04:07:27,Financial Fraud,UPI Related Frauds,5507.39,New Delhi,Delhi,UPI,26.7,ACC-000541,ACC-000196,ATM-00037,2026-06-24 07:18:27,2026-06-24 08:18:27
CMP-001278,2026-06-04 06:05:04,Other Cyber Crime,Online Matrimonial/Romance Scam,7058.17,Mumbai,Maharashtra,UPI,5.97,ACC-000658,ACC-000925,ATM-00044,2026-06-04 02:03:52,2026-06-04 03:03:52
CMP-001280,2026-07-01 07:16:03,Financial Fraud,Debit/Credit Card Fraud,5302.61,Ahmedabad,Gujarat,Wallet,10.93,ACC-000983,ACC-000007,ATM-00056,2026-07-01 11:32:15,2026-07-01 12:32:15
CMP-001281,2026-08-12 07:20:02,Financial Fraud,UPI Related Frauds,4600.98,New Delhi,Delhi,Wallet,1.01,ACC-000587,ACC-000633,ATM-00380,2026-08-12 14:02:26,2026-08-12 15:02:26
CMP-001282,2026-08-01 23:51:34,Financial Fraud,Internet Banking Related Fraud,15821.99,Mumbai,Maharashtra,UPI,13.0,ACC-000663,ACC-000299,ATM-00384,2026-08-01 18:06:34,2026-08-01 19:06:34
CMP-001283,2026-08-04 17:30:41,Financial Fraud,Debit/Credit Card Fraud,2290.93,Bengaluru Rural,Karnataka,,4.69,ACC-001039,ACC-000211,ATM-00018,2026-08-05 01:09:17,2026-08-05 02:09:17
CMP-001285,2026-07-09 10:18:00,Financial Fraud,Investment Scam,398264.43,Noida,Uttar Pradesh,Net Banking,76.45,ACC-000460,ACC-000034,ATM-00279,2026-07-06 11:54:00,2026-07-06 12:54:00
CMP-001286,2026-08-16 01:37:46,Financial Fraud,UPI Related Frauds,1469.4,Bangalore,Karnataka,Net Banking,0.85,ACC-001105,ACC-000659,ATM-00025,2026-08-16 09:40:46,2026-08-16 10:40:46
CMP-001288,2026-07-31 01:32:49,Financial Fraud,UPI Related Frauds,2421.69,Bengaluru Urban,Karnataka,UPI,25.63,ACC-000874,ACC-000967,ATM-00014,2026-07-30 07:24:01,2026-07-30 08:24:01
CMP-001291,2026-07-01 18:03:23,Financial Fraud,UPI Related Frauds,14008.79,Lucknow,Uttar Pradesh,Wallet,48.96,ACC-000953,ACC-000127,ATM-00033,2026-06-29 21:18:47,2026-06-29 22:18:47
CMP-001293,2026-07-07 16:15:55,Financial Fraud,Investment Scam,301783.23,Bengaluru Urban,Karnataka,UPI,2.82,ACC-000389,ACC-000077,ATM-00186,2026-07-07 14:00:43,2026-07-07 15:00:43
CMP-001294,2026-07-18 02:50:09,Financial Fraud,UPI Related Frauds,2861.58,Chennai,Tamil Nadu,Net Banking,4.62,ACC-001152,ACC-000146,ATM-00040,2026-07-18 05:17:57,2026-07-18 06:17:57
CMP-001295,2026-07-18 13:59:49,Financial Fraud,Internet Banking Related Fraud,972.94,Noida,Uttar Pradesh,UPI,4.41,ACC-000936,ACC-000162,ATM-00003,2026-07-18 15:21:13,2026-07-18 16:21:13
CMP-001296,2026-08-11 02:37:16,Financial Fraud,UPI Related Frauds,1602.38,Poona,Maharashtra,Card,2.48,ACC-000633,ACC-000015,ATM-00017,2026-08-11 02:27:28,2026-08-11 03:27:28
CMP-001299,2026-08-15 08:01:11,Financial Fraud,Internet Banking Related Fraud,5015.26,,Uttar Pradesh,Card,11.57,ACC-000428,ACC-000114,ATM-00021,2026-08-15 04:19:59,2026-08-15 05:19:59
CMP-001300,2026-06-02 19:37:13,Financial Fraud,Debit/Credit Card Fraud,6905.35,Mumbai,Maharashtra,Card,8.89,ACC-001165,ACC-000123,ATM-00046,2026-06-03 00:13:49,2026-06-03 01:13:49
CMP-001302,2026-07-08 14:55:08,Financial Fraud,E-Wallet Related Fraud,1224.41,Noida,Uttar Pradesh,UPI,1.22,ACC-000793,ACC-000074,ATM-00002,2026-07-08 18:23:56,2026-07-08 19:23:56
CMP-001304,2026-06-11 17:24:00,Financial Fraud,UPI Related Frauds,9138.14,Ahmedabad,Gujarat,UPI,0.89,ACC-000603,ACC-000187,ATM-00353,2026-06-12 01:52:36,2026-06-12 02:52:36
CMP-001305,2026-06-13 14:23:45,Financial Fraud,E-Wallet Related Fraud,693.7,Bengaluru Urban,Karnataka,UPI,7.99,ACC-001185,ACC-000192,ATM-00027,2026-06-13 15:01:21,2026-06-13 16:01:21
CMP-001306,2026-06-19 14:29:56,Financial Fraud,UPI Related Frauds,4878.23,Bengaluru Urban,Karnataka,UPI,8.66,ACC-000944,ACC-000116,ATM-00053,2026-06-20 02:03:20,2026-06-20 03:03:20
CMP-001307,2026-08-03 21:04:03,Financial Fraud,Internet Banking Related Fraud,5141.21,Hyderabad,Telangana,Card,3.86,ACC-000945,ACC-000005,ATM-00004,2026-08-04 04:10:27,2026-08-04 05:10:27
CMP-001308,2026-06-05 18:22:40,Financial Fraud,E-Wallet Related Fraud,2597.5,Noida,Uttar Pradesh,UPI,4.97,ACC-001150,ACC-000086,ATM-00046,2026-06-06 02:40:28,2026-06-06 03:40:28
CMP-001309,2026-06-21 06:23:42,Financial Fraud,E-Wallet Related Fraud,338.51,Bengaluru Urban,Karnataka,Net Banking,3.4,ACC-001196,ACC-000091,ATM-00047,2026-06-21 06:07:42,2026-06-21 07:07:42
CMP-001310,2026-07-16 10:39:24,Other Cyber Crime,Cyber Bullying/Stalking,0.0,Hyderabad,Telangana,,1.61,,,,,
CMP-001312,2026-08-17 02:44:08,Financial Fraud,Online Job Fraud,5068.16,Hyderabad,Telangana,Net Banking,3.08,ACC-000517,ACC-000030,ATM-00043,2026-08-17 17:19:20,2026-08-17 18:19:20
CMP-001313,2026-06-04 22:43:43,Financial Fraud,Digital Arrest / Impersonation,180983.62,Mumbai,Maharashtra,,8.0,ACC-000712,ACC-000005,ATM-00060,2026-06-04 18:42:43,2026-06-04 19:42:43
CMP-001314,2026-06-21 23:05:00,Financial Fraud,Digital Arrest / Impersonation,99122.66,Bengaluru Urban,Karnataka,Wallet,9.28,ACC-000577,ACC-000136,ATM-00053,2026-06-21 19:36:12,2026-06-21 20:36:12
CMP-001315,2026-07-22 14:51:36,Financial Fraud,UPI Related Frauds,18975.22,New Delhi,Delhi,UPI,1.15,ACC-001140,ACC-000110,ATM-00384,2026-07-23 01:10:36,2026-07-23 02:10:36
CMP-001316,2026-07-26 08:15:38,Financial Fraud,UPI Related Frauds,4565.43,Ahmedabad,Gujarat,Card,1.47,ACC-000714,ACC-000298,ATM-00049,2026-07-26 07:14:26,2026-07-26 08:14:26
CMP-001317,2026-07-11 07:27:00,Financial Fraud,UPI Related Frauds,4914.58,New Delhi,Delhi,Net Banking,1.49,ACC-001086,ACC-000161,ATM-00387,2026-07-11 14:11:36,2026-07-11 15:11:36
CMP-001318,2026-08-05 11:40:53,Financial Fraud,Investment Scam,57378.4,Noida,Uttar Pradesh,Card,3.15,ACC-001062,ACC-000473,ATM-00063,2026-08-05 12:27:53,2026-08-05 13:27:53
CMP-001321,2026-07-05 04:58:28,Other Cyber Crime,Online Matrimonial/Romance Scam,6120.89,Lucknow,Uttar Pradesh,Wallet,0.99,ACC-000770,ACC-000213,ATM-00044,2026-07-05 11:17:04,2026-07-05 12:17:04
CMP-001323,2026-08-10 11:23:39,Financial Fraud,Investment Scam,2314562.94,Lucknow,Uttar Pradesh,UPI,7.53,ACC-000745,ACC-000046,ATM-00051,2026-08-10 08:21:51,2026-08-10 09:21:51
CMP-001324,2026-07-07 09:57:37,Financial Fraud,UPI Related Frauds,862.77,Noida,Uttar Pradesh,Net Banking,2.28,ACC-000844,ACC-000199,ATM-00019,2026-07-07 16:46:49,2026-07-07 17:46:49
CMP-001325,2026-07-14 22:10:35,Other Cyber Crime,Cyber Bullying/Stalking,0.0,,Maharashtra,,15.27,,,,,
CMP-001326,2026-08-10 12:25:57,Financial Fraud,Debit/Credit Card Fraud,39673.66,Pune,Maharashtra,UPI,0.67,ACC-000881,ACC-001104,ATM-00066,2026-08-10 14:13:45,2026-08-10 15:13:45
CMP-001328,2026-06-22 13:02:00,Financial Fraud,UPI Related Frauds,4232.94,Mumbai,Maharashtra,UPI,1.58,ACC-000596,ACC-000099,ATM-00164,2026-06-22 18:36:12,2026-06-22 19:36:12
CMP-001329,2026-08-06 23:09:43,Financial Fraud,UPI Related Frauds,4823.07,New Delhi,Delhi,Net Banking,0.19,ACC-000765,ACC-000206,ATM-00329,2026-08-07 09:31:19,2026-08-07 10:31:19
CMP-001330,2026-07-26 09:45:11,Other Cyber Crime,Cyber Bullying/Stalking,0.0,Lucknow,Uttar Pradesh,,4.5,,,,,
CMP-001331,2026-06-04 15:55:55,Other Cyber Crime,Cyber Bullying/Stalking,0.0,Bengaluru Urban,Karnataka,,6.64,,,,,
CMP-001332,2026-06-26 17:28:01,Financial Fraud,Debit/Credit Card Fraud,12385.36,bengaluru urban,Karnataka,UPI,1.33,ACC-001139,ACC-000314,ATM-00064,2026-06-26 21:10:13,2026-06-26 22:10:13
CMP-001333,2026-08-18 17:56:23,Financial Fraud,Internet Banking Related Fraud,7227.78,Mumbai,Maharashtra,UPI,1.48,ACC-001099,ACC-000188,ATM-00064,2026-08-19 01:34:35,2026-08-19 02:34:35
CMP-001334,2026-06-22 02:39:56,Financial Fraud,Internet Banking Related Fraud,8564.52,Noida,Uttar Pradesh,Net Banking,1.53,ACC-000982,ACC-000039,ATM-00060,2026-06-22 07:52:08,2026-06-22 08:52:08
CMP-001335,2026-06-17 18:53:31,Financial Fraud,Investment Scam,58073.74,New delhi,Delhi,Card,1.36,ACC-001190,ACC-000109,ATM-00031,2026-06-18 01:49:55,2026-06-18 02:49:55
CMP-001336,2026-08-19 13:36:32,Financial Fraud,Online Job Fraud,6542.16,Ahmedabad,Gujarat,Wallet,12.56,ACC-000849,ACC-000161,ATM-00004,2026-08-19 10:15:56,2026-08-19 11:15:56
CMP-001338,2026-08-14 20:19:50,Financial Fraud,Debit/Credit Card Fraud,1154.48,New Delhi,Delhi,UPI,3.13,ACC-001044,ACC-000401,ATM-00040,2026-08-15 05:35:02,2026-08-15 06:35:02
CMP-001341,2026-07-08 03:15:33,Financial Fraud,UPI Related Frauds,7311.27,New Delhi,Delhi,UPI,6.28,ACC-000650,ACC-000101,ATM-00017,2026-07-08 08:02:45,2026-07-08 09:02:45
CMP-001342,2026-07-25 20:20:32,Financial Fraud,Internet Banking Related Fraud,38507.97,Pune,Maharashtra,UPI,7.0,ACC-001013,ACC-000144,ATM-00116,2026-07-25 18:24:32,2026-07-25 19:24:32
CMP-001343,2026-06-05 21:43:10,Financial Fraud,Internet Banking Related Fraud,9790.42,Mumbai,Maharashtra,Net Banking,4.2,ACC-000236,ACC-000077,ATM-00037,2026-06-05 22:46:10,2026-06-05 23:46:10
CMP-001344,2026-08-13 02:14:41,Other Cyber Crime,Online Matrimonial/Romance Scam,51324.62,Jaipur,Rajasthan,,16.71,ACC-001026,ACC-000212,ATM-00016,2026-08-12 11:56:05,2026-08-12 12:56:05
CMP-001345,2026-06-29 03:14:36,Financial Fraud,Internet Banking Related Fraud,3548.65,Mumbai,Maharashtra,Net Banking,0.92,ACC-000241,ACC-000126,ATM-00045,2026-06-29 05:09:24,2026-06-29 06:09:24
CMP-001346,2026-07-17 04:49:18,Financial Fraud,UPI Related Frauds,2483.24,Pune,Maharashtra,Card,1.72,ACC-000830,ACC-000005,ATM-00150,2026-07-17 12:47:06,2026-07-17 13:47:06
CMP-001347,2026-06-09 06:14:54,Financial Fraud,UPI Related Frauds,2815.31,Pune,Maharashtra,UPI,19.79,ACC-000599,ACC-000165,ATM-00015,2026-06-08 19:49:30,2026-06-08 20:49:30
CMP-001348,2026-08-13 23:39:55,Financial Fraud,Debit/Credit Card Fraud,3111.0,Ahmedabad,Gujarat,UPI,4.26,ACC-000691,ACC-000168,ATM-00043,2026-08-14 09:57:19,2026-08-14 10:57:19
CMP-001349,2026-08-03 07:50:56,Financial Fraud,Internet Banking Related Fraud,7030.57,Lucknow,Uttar Pradesh,Card,12.41,ACC-000594,ACC-000175,ATM-00021,2026-08-03 04:19:20,2026-08-03 05:19:20
CMP-001351,2026-07-02 09:36:13,Financial Fraud,UPI Related Frauds,3605.28,New Delhi,Delhi,Net Banking,18.92,ACC-001136,ACC-000169,ATM-00063,2026-07-01 22:15:01,2026-07-01 23:15:01
CMP-001352,2026-07-11 03:42:57,Financial Fraud,Internet Banking Related Fraud,4056.59,bengaluru urban,Karnataka,UPI,0.47,ACC-000435,ACC-000003,ATM-00026,2026-07-11 10:47:45,2026-07-11 11:47:45
CMP-001353,2026-07-28 15:50:02,Financial Fraud,UPI Related Frauds,5206.9,Pune,Maharashtra,Net Banking,2.09,ACC-000367,ACC-000095,ATM-00120,2026-07-28 21:58:38,2026-07-28 22:58:38
CMP-001354,2026-07-04 22:53:53,Financial Fraud,Investment Scam,21024.28,Bengaluru Urban,Karnataka,Card,2.12,ACC-000615,ACC-000174,ATM-00020,2026-07-05 05:21:41,2026-07-05 06:21:41
CMP-001355,2026-06-15 03:46:54,Other Cyber Crime,Online Matrimonial/Romance Scam,10905.5,Lucknow,Uttar Pradesh,UPI,2.17,ACC-001081,ACC-000773,ATM-00157,2026-06-15 13:22:42,2026-06-15 14:22:42
CMP-001356,2026-08-06 13:00:09,Other Cyber Crime,Cyber Bullying/Stalking,0.0,Bombay,Maharashtra,,0.32,,,,,
CMP-001357,2026-08-22 19:05:04,Financial Fraud,Debit/Credit Card Fraud,12052.97,New Delhi,Delhi,UPI,20.69,ACC-000242,ACC-000158,ATM-00009,2026-08-22 06:09:40,2026-08-22 07:09:40
CMP-001358,2026-07-31 07:02:26,Financial Fraud,Investment Scam,230263.27,Mumbai,Maharashtra,Wallet,1.14,ACC-000309,ACC-000034,ATM-00030,2026-07-31 12:01:02,2026-07-31 13:01:02
CMP-001359,2026-06-02 08:00:03,Financial Fraud,Online Job Fraud,3037.1,Hyderabad,Telangana,UPI,4.45,ACC-000950,ACC-000118,ATM-00048,2026-06-02 20:32:03,2026-06-02 21:32:03
CMP-001360,2026-07-16 17:57:10,Financial Fraud,Digital Arrest / Impersonation,122829.6,Mumbai,Maharashtra,UPI,9.99,ACC-000726,ACC-000141,ATM-00044,2026-07-16 18:10:46,2026-07-16 19:10:46
CMP-001361,2026-06-20 18:53:29,Financial Fraud,UPI Related Frauds,1539.55,Noida,Uttar Pradesh,Card,4.95,ACC-001153,ACC-000189,ATM-00062,2026-06-20 18:06:29,2026-06-20 19:06:29
CMP-001362,2026-07-31 11:47:35,Financial Fraud,Investment Scam,178878.94,Noida,Uttar Pradesh,Net Banking,25.71,ACC-000500,ACC-000036,ATM-00058,2026-07-30 19:28:59,2026-07-30 20:28:59
CMP-001363,2026-06-02 18:50:54,Financial Fraud,UPI Related Frauds,5619.83,Ahmedabad,Gujarat,UPI,11.55,ACC-000775,ACC-000062,ATM-00034,2026-06-02 16:07:54,2026-06-02 17:07:54
CMP-001364,2026-06-25 19:15:23,Other Cyber Crime,Cyber Bullying/Stalking,0.0,Lucknow,Uttar Pradesh,,4.96,,,,,
CMP-001365,2026-08-16 14:56:32,Financial Fraud,UPI Related Frauds,10608.53,Mumbai,Maharashtra,Net Banking,7.33,ACC-000539,ACC-000140,ATM-00011,2026-08-16 08:30:44,2026-08-16 09:30:44
CMP-001367,2026-08-28 15:08:18,Financial Fraud,E-Wallet Related Fraud,3492.32,Ahmedabad,Gujarat,Net Banking,2.63,ACC-000438,ACC-000017,ATM-00007,2026-08-28 18:22:30,2026-08-28 19:22:30
CMP-001368,2026-08-24 05:12:46,Financial Fraud,Online Job Fraud,2364.82,Bengaluru Urban,Karnataka,Wallet,6.4,ACC-000219,ACC-000123,ATM-00027,2026-08-24 05:47:46,2026-08-24 06:47:46
CMP-001370,2026-08-24 03:43:36,Financial Fraud,UPI Related Frauds,3944.9,Pune,Maharashtra,Card,34.47,ACC-001098,ACC-000117,ATM-00046,2026-08-23 00:32:24,2026-08-23 01:32:24
CMP-001371,2026-07-15 11:11:07,Financial Fraud,UPI Related Frauds,7819.6,Mumbai,Maharashtra,Card,5.63,ACC-001049,ACC-000104,ATM-00310,2026-07-15 10:21:19,2026-07-15 11:21:19
CMP-001373,2026-06-02 18:48:37,Financial Fraud,Debit/Credit Card Fraud,7316.79,New Delhi,Delhi,UPI,39.3,ACC-001085,ACC-000022,ATM-00042,2026-06-01 17:27:37,2026-06-01 18:27:37
CMP-001374,2026-06-23 22:23:49,Financial Fraud,Debit/Credit Card Fraud,3951.91,Noida,Uttar Pradesh,Wallet,1.62,ACC-001063,ACC-000176,ATM-00057,2026-06-23 21:43:37,2026-06-23 22:43:37
CMP-001375,2026-06-07 00:29:35,Other Cyber Crime,Online Matrimonial/Romance Scam,6520.47,Mumbai,Maharashtra,Card,1.21,ACC-000751,ACC-000342,ATM-00050,2026-06-07 08:53:59,2026-06-07 09:53:59
CMP-001376,2026-08-19 02:45:29,Financial Fraud,Online Job Fraud,1796.71,Chennai,Tamil Nadu,Wallet,2.87,ACC-000580,ACC-000036,ATM-00021,2026-08-19 05:03:17,2026-08-19 06:03:17
CMP-001377,2026-06-22 21:38:44,Other Cyber Crime,Hacking/Damage to Computer,0.0,Jaipur,Rajasthan,,0.83,,,,,
CMP-001378,2026-08-03 18:45:43,Financial Fraud,UPI Related Frauds,3023.16,Chennai,Tamil Nadu,UPI,13.23,ACC-000458,ACC-000408,ATM-00010,2026-08-03 09:53:55,2026-08-03 10:53:55
CMP-001379,2026-08-05 19:50:33,Financial Fraud,Investment Scam,30330.74,Lucknow,Uttar Pradesh,Card,27.75,ACC-000254,ACC-000176,ATM-00009,2026-08-04 23:29:33,2026-08-05 00:29:33
CMP-001380,2026-06-24 08:04:52,Financial Fraud,E-Wallet Related Fraud,3006.81,Mumbai,Maharashtra,Card,15.44,ACC-000394,ACC-000015,ATM-00067,2026-06-24 05:46:28,2026-06-24 06:46:28
CMP-001382,2026-06-14 10:54:24,Financial Fraud,Internet Banking Related Fraud,2226.23,Mumbai,Maharashtra,Card,13.04,ACC-000848,ACC-000022,ATM-00028,2026-06-14 09:12:00,2026-06-14 10:12:00
CMP-001383,2026-06-14 09:49:07,Financial Fraud,Investment Scam,123425.27,Mumbai,Maharashtra,UPI,8.71,ACC-001073,ACC-000169,ATM-00040,2026-06-14 04:27:31,2026-06-14 05:27:31
CMP-001384,2026-06-14 03:09:40,Financial Fraud,Investment Scam,21412.43,Lucknow,Uttar Pradesh,UPI,1.53,ACC-000829,ACC-000132,ATM-00100,2026-06-14 06:59:52,2026-06-14 07:59:52
CMP-001385,2026-08-03 17:07:50,Other Cyber Crime,Cyber Bullying/Stalking,0.0,New Delhi,Delhi,,9.18,,,,,
CMP-001386,2026-07-01 19:49:11,Other Cyber Crime,Cyber Bullying/Stalking,0.0,Chennai,Tamil Nadu,,1.44,,,,,
CMP-001387,2026-08-09 20:25:04,Financial Fraud,UPI Related Frauds,4522.8,Noida,Uttar Pradesh,UPI,0.87,ACC-000799,ACC-000032,ATM-00003,2026-08-10 04:45:52,2026-08-10 05:45:52
CMP-001389,2026-07-10 22:17:09,Financial Fraud,UPI Related Frauds,4900.39,Jaipur,Rajasthan,UPI,9.49,ACC-000220,ACC-000694,ATM-00021,2026-07-10 16:23:45,2026-07-10 17:23:45
CMP-001390,2026-08-01 19:57:43,Financial Fraud,Investment Scam,39902.59,Hyderabad,Telangana,Wallet,9.01,ACC-000603,ACC-000196,ATM-00032,2026-08-01 16:24:07,2026-08-01 17:24:07
CMP-001391,2026-06-11 08:47:43,Financial Fraud,UPI Related Frauds,3768.37,New Delhi,Delhi,UPI,2.35,ACC-000381,ACC-000397,ATM-00027,2026-06-11 22:36:43,2026-06-11 23:36:43
CMP-001394,2026-08-15 17:07:36,Financial Fraud,UPI Related Frauds,3248.05,Bengaluru Urban,Karnataka,,3.27,ACC-000713,ACC-000076,ATM-00230,2026-08-16 06:30:24,2026-08-16 07:30:24
CMP-001395,2026-08-09 03:07:29,Financial Fraud,Internet Banking Related Fraud,13083.97,Noida,Uttar Pradesh,Card,3.12,ACC-000996,ACC-000031,ATM-00030,2026-08-09 02:42:17,2026-08-09 03:42:17
CMP-001396,2026-07-17 00:08:36,Financial Fraud,UPI Related Frauds,2216.08,Pune,Maharashtra,UPI,10.79,ACC-000380,ACC-000061,ATM-00035,2026-07-17 03:39:12,2026-07-17 04:39:12
CMP-001397,2026-08-14 05:30:16,Financial Fraud,UPI Related Frauds,4030.12,,Karnataka,Wallet,6.55,ACC-000452,ACC-000020,ATM-00035,2026-08-14 13:44:16,2026-08-14 14:44:16
CMP-001398,2026-06-22 14:35:20,Other Cyber Crime,Cyber Bullying/Stalking,0.0,,Rajasthan,,7.87,,,,,
CMP-001399,2026-08-13 13:44:50,Financial Fraud,Investment Scam,13410.0,Jaipur,Rajasthan,UPI,11.11,ACC-001070,ACC-000067,ATM-00045,2026-08-13 06:08:14,2026-08-13 07:08:14
CMP-001400,2026-07-13 15:36:31,Financial Fraud,UPI Related Frauds,5173.07,Jaipur,Rajasthan,Wallet,1.32,ACC-000962,ACC-000118,ATM-00040,2026-07-14 01:02:19,2026-07-14 02:02:19
CMP-001404,2026-08-02 06:33:21,Financial Fraud,Internet Banking Related Fraud,1786.08,Noida,Uttar Pradesh,Wallet,9.45,ACC-000412,ACC-000134,ATM-00019,2026-08-02 04:01:21,2026-08-02 05:01:21
CMP-001405,2026-07-14 20:19:35,Financial Fraud,Investment Scam,555494.13,Lucknow,Uttar Pradesh,Card,7.13,ACC-000578,ACC-000934,ATM-00222,2026-07-15 00:57:47,2026-07-15 01:57:47
CMP-001406,2026-06-24 20:34:22,Financial Fraud,Online Job Fraud,9719.43,Chennai,Tamil Nadu,Card,50.14,ACC-000374,ACC-000432,ATM-00044,2026-06-23 00:56:58,2026-06-23 01:56:58
CMP-001407,2026-07-25 03:32:14,Financial Fraud,Debit/Credit Card Fraud,13680.26,New Delhi,Delhi,UPI,6.04,ACC-001191,ACC-000091,ATM-00052,2026-07-25 06:01:50,2026-07-25 07:01:50
CMP-001408,2026-06-19 10:23:00,Financial Fraud,Investment Scam,384083.41,Jaipur,Rajasthan,UPI,5.33,ACC-000711,ACC-000047,ATM-00166,2026-06-19 11:22:12,2026-06-19 12:22:12
CMP-001409,2026-08-20 08:29:48,Financial Fraud,Debit/Credit Card Fraud,5033.66,Mumbai,Maharashtra,UPI,2.94,ACC-000942,ACC-000009,ATM-00052,2026-08-20 19:24:24,2026-08-20 20:24:24
CMP-001410,2026-06-06 07:06:10,Financial Fraud,UPI Related Frauds,12174.17,Mumbai,Maharashtra,Net Banking,1.68,ACC-000448,ACC-000167,ATM-00063,2026-06-06 17:58:22,2026-06-06 18:58:22
CMP-001411,2026-08-02 17:31:32,Other Cyber Crime,Cyber Bullying/Stalking,0.0,Lucknow,Uttar Pradesh,,28.19,,,,,
CMP-001413,2026-07-24 01:13:15,Financial Fraud,Internet Banking Related Fraud,9582.07,Chennai,Tamil Nadu,UPI,0.36,ACC-000487,ACC-000012,ATM-00055,2026-07-24 14:50:39,2026-07-24 15:50:39
CMP-001415,2026-08-25 16:29:12,Financial Fraud,Online Job Fraud,2136.4,Chennai,Tamil Nadu,Card,5.2,ACC-000429,ACC-000086,ATM-00277,2026-08-25 18:06:12,2026-08-25 19:06:12
CMP-001416,2026-08-28 01:50:30,Financial Fraud,UPI Related Frauds,17304.84,Ahmedabad,Gujarat,Net Banking,2.44,ACC-000245,ACC-000173,ATM-00317,2026-08-28 04:05:06,2026-08-28 05:05:06
CMP-001419,2026-07-30 10:13:56,Financial Fraud,Investment Scam,367655.61,,Rajasthan,Wallet,22.42,ACC-000429,ACC-000023,ATM-00054,2026-07-30 02:22:44,2026-07-30 03:22:44
CMP-001420,2026-08-14 14:10:34,Financial Fraud,Debit/Credit Card Fraud,2339.09,,Maharashtra,UPI,2.5,ACC-000869,ACC-000409,ATM-00227,2026-08-14 14:39:34,2026-08-14 15:39:34
CMP-001421,2026-08-23 18:10:21,Financial Fraud,UPI Related Frauds,9025.3,,Telangana,UPI,33.85,ACC-000519,ACC-000438,ATM-00015,2026-08-22 16:05:21,2026-08-22 17:05:21
CMP-001422,2026-08-09 03:11:27,Financial Fraud,Online Job Fraud,6042.62,Bombay,Maharashtra,UPI,1.56,ACC-001073,ACC-000582,ATM-00042,2026-08-09 06:23:51,2026-08-09 07:23:51
CMP-001425,2026-07-19 07:33:22,Financial Fraud,Investment Scam,744455.64,Bengaluru Urban,Karnataka,Wallet,12.49,ACC-000682,ACC-000205,ATM-00008,2026-07-19 03:33:58,2026-07-19 04:33:58
CMP-001426,2026-08-25 16:50:48,Financial Fraud,Internet Banking Related Fraud,10045.35,Bengaluru Urban,Karnataka,Card,7.81,ACC-000783,ACC-000163,ATM-00013,2026-08-25 15:02:12,2026-08-25 16:02:12
CMP-001428,2026-06-24 18:13:22,Financial Fraud,UPI Related Frauds,305.94,Noida,Uttar Pradesh,Wallet,3.14,ACC-001177,ACC-000210,ATM-00232,2026-06-24 23:17:58,2026-06-25 00:17:58
CMP-001429,2026-08-19 15:01:16,Financial Fraud,UPI Related Frauds,3704.08,Ahmedabad,Gujarat,Net Banking,1.13,ACC-000838,ACC-000206,ATM-00068,2026-08-19 18:00:28,2026-08-19 19:00:28
CMP-001430,2026-08-03 10:14:43,Financial Fraud,UPI Related Frauds,4220.42,Bengaluru Urban,Karnataka,UPI,3.51,ACC-000428,ACC-000144,ATM-00044,2026-08-03 14:14:07,2026-08-03 15:14:07
CMP-001431,2026-07-27 03:03:13,Financial Fraud,UPI Related Frauds,14471.38,Bengaluru Urban,Karnataka,Net Banking,29.6,ACC-000364,ACC-000409,ATM-00053,2026-07-26 10:53:13,2026-07-26 11:53:13
CMP-001432,2026-06-05 18:15:04,Financial Fraud,UPI Related Frauds,1960.15,Chennai,Tamil Nadu,UPI,3.74,ACC-000768,ACC-000087,ATM-00055,2026-06-05 20:49:40,2026-06-05 21:49:40
CMP-001433,2026-06-28 14:39:16,Other Cyber Crime,Online Matrimonial/Romance Scam,12316.04,Bengaluru Urban,Karnataka,Card,2.61,ACC-000989,ACC-000153,ATM-00035,2026-06-28 17:48:40,2026-06-28 18:48:40
CMP-001434,2026-08-16 10:33:34,Financial Fraud,Investment Scam,127202.11,Noida,Uttar Pradesh,Card,1.8,ACC-000999,ACC-000004,ATM-00037,2026-08-16 17:21:34,2026-08-16 18:21:34
CMP-001437,2026-08-19 15:21:19,Financial Fraud,UPI Related Frauds,5253.12,Chennai,Tamil Nadu,UPI,1.71,ACC-001161,ACC-000769,ATM-00065,2026-08-19 18:50:43,2026-08-19 19:50:43
CMP-001438,2026-06-29 10:20:58,Financial Fraud,Debit/Credit Card Fraud,12032.37,Noida,Uttar Pradesh,Card,2.1,ACC-001012,ACC-000182,ATM-00314,2026-06-29 17:34:58,2026-06-29 18:34:58
CMP-001439,2026-07-02 23:06:41,Financial Fraud,UPI Related Frauds,3743.77,Hyderabad,Telangana,Card,11.99,ACC-000495,ACC-000141,ATM-00082,2026-07-02 23:23:17,2026-07-03 00:23:17
CMP-001440,2026-07-30 10:11:18,Financial Fraud,Internet Banking Related Fraud,6414.96,Ahmedabad,Gujarat,UPI,7.73,ACC-000465,ACC-000197,ATM-00378,2026-07-30 11:00:30,2026-07-30 12:00:30
CMP-001441,2026-07-22 08:32:05,Financial Fraud,Internet Banking Related Fraud,3958.3,Jaipur,Rajasthan,Wallet,3.54,ACC-000964,ACC-000067,ATM-00054,2026-07-22 11:34:41,2026-07-22 12:34:41
CMP-001443,2026-07-01 17:28:18,Financial Fraud,UPI Related Frauds,2542.5,Noida,Uttar Pradesh,UPI,0.7,ACC-000292,ACC-000030,ATM-00324,2026-07-02 08:21:18,2026-07-02 09:21:18
CMP-001444,2026-06-13 14:15:12,Financial Fraud,Internet Banking Related Fraud,4059.63,Noida,Uttar Pradesh,Card,3.18,ACC-001146,ACC-000121,ATM-00264,2026-06-13 20:22:24,2026-06-13 21:22:24
CMP-001445,2026-07-19 07:49:15,Financial Fraud,Debit/Credit Card Fraud,3804.04,New Delhi,Delhi,Card,3.35,ACC-000800,ACC-000123,ATM-00058,2026-07-19 07:57:15,2026-07-19 08:57:15
CMP-001447,2026-07-16 03:15:43,Financial Fraud,UPI Related Frauds,6548.99,Bengaluru Urban,Karnataka,Card,2.06,ACC-000861,ACC-000270,ATM-00056,2026-07-16 09:23:07,2026-07-16 10:23:07
CMP-001448,2026-08-17 15:07:11,Financial Fraud,UPI Related Frauds,1009.41,Hyderabad,Telangana,Card,1.28,ACC-000295,ACC-000130,ATM-00047,2026-08-17 20:38:23,2026-08-17 21:38:23
CMP-001449,2026-07-04 22:44:37,Financial Fraud,Debit/Credit Card Fraud,3019.35,Bengaluru Urban,Karnataka,Card,2.94,ACC-000956,ACC-000096,ATM-00046,2026-07-05 00:57:13,2026-07-05 01:57:13
CMP-001450,2026-06-20 12:48:00,Financial Fraud,E-Wallet Related Fraud,1079.23,Bengaluru Urban,Karnataka,Net Banking,0.95,ACC-000570,ACC-000169,ATM-00027,2026-06-20 15:58:00,2026-06-20 16:58:00
CMP-001451,2026-06-30 03:42:44,Financial Fraud,UPI Related Frauds,1977.31,Bengaluru Urban,Karnataka,Card,5.57,ACC-000259,ACC-000133,ATM-00315,2026-06-30 07:04:32,2026-06-30 08:04:32
CMP-001452,2026-08-06 14:06:47,Financial Fraud,UPI Related Frauds,5092.51,Bengaluru Urban,Karnataka,UPI,2.3,ACC-000247,ACC-000085,ATM-00319,2026-08-06 21:37:47,2026-08-06 22:37:47
CMP-001453,2026-06-03 19:50:54,Financial Fraud,Debit/Credit Card Fraud,3251.92,Noida,Uttar Pradesh,Net Banking,1.47,ACC-001013,ACC-000082,ATM-00165,2026-06-03 20:58:42,2026-06-03 21:58:42
CMP-001454,2026-08-05 06:58:32,Financial Fraud,UPI Related Frauds,2897.79,Hyderabad,Telangana,Card,1.62,ACC-000409,ACC-000304,ATM-00029,2026-08-05 13:19:20,2026-08-05 14:19:20
CMP-001456,2026-07-23 03:13:30,Financial Fraud,E-Wallet Related Fraud,1498.61,Chennai,Tamil Nadu,Wallet,6.43,ACC-001047,ACC-000023,ATM-00062,2026-07-23 06:48:42,2026-07-23 07:48:42
CMP-001457,2026-08-12 02:20:51,Financial Fraud,Debit/Credit Card Fraud,5906.65,Hyderabad,Telangana,UPI,113.48,ACC-000304,ACC-000135,ATM-00019,2026-08-07 13:40:03,2026-08-07 14:40:03
CMP-001458,2026-08-05 20:18:54,Financial Fraud,Internet Banking Related Fraud,9412.56,,Uttar Pradesh,UPI,1.34,ACC-000463,ACC-000562,ATM-00155,2026-08-06 04:04:30,2026-08-06 05:04:30
CMP-001459,2026-08-06 13:18:54,Financial Fraud,Internet Banking Related Fraud,6030.2,,Maharashtra,,0.53,ACC-000805,ACC-000204,ATM-00027,2026-08-07 01:14:06,2026-08-07 02:14:06
CMP-001460,2026-06-07 10:17:15,Other Cyber Crime,Cyber Bullying/Stalking,0.0,New Delhi,Delhi,,4.07,,,,,
CMP-001461,2026-06-04 00:38:19,Other Cyber Crime,Hacking/Damage to Computer,0.0,mumbai,Maharashtra,,1.65,,,,,
CMP-001462,2026-07-22 20:56:48,Financial Fraud,UPI Related Frauds,6794.38,pune,Maharashtra,Net Banking,2.32,ACC-000630,ACC-000138,ATM-00289,2026-07-23 06:17:36,2026-07-23 07:17:36
CMP-001464,2026-08-23 06:51:51,Financial Fraud,Investment Scam,946481.55,Bombay,Maharashtra,UPI,3.05,ACC-000425,ACC-000135,ATM-00014,2026-08-23 08:29:51,2026-08-23 09:29:51
CMP-001465,2026-07-19 06:13:14,Financial Fraud,UPI Related Frauds,15510.95,Pune,Maharashtra,Wallet,11.91,ACC-000802,ACC-000138,ATM-00189,2026-07-19 00:58:38,2026-07-19 01:58:38
CMP-001467,2026-08-16 05:03:07,Financial Fraud,UPI Related Frauds,4248.91,Bengaluru Urban,Karnataka,UPI,0.44,ACC-000634,ACC-000794,ATM-00005,2026-08-16 23:18:43,2026-08-17 00:18:43
CMP-001468,2026-07-20 03:03:11,Financial Fraud,UPI Related Frauds,2319.26,Bengaluru Urban,Karnataka,UPI,12.36,ACC-000856,ACC-001177,ATM-00040,2026-07-19 21:12:35,2026-07-19 22:12:35
CMP-001469,2026-06-19 11:13:31,Financial Fraud,Debit/Credit Card Fraud,4680.23,Lucknow,Uttar Pradesh,UPI,0.83,ACC-000270,ACC-000078,ATM-00028,2026-06-19 14:46:43,2026-06-19 15:46:43
CMP-001470,2026-07-01 03:11:17,Financial Fraud,Debit/Credit Card Fraud,4663.85,Chennai,Tamil Nadu,Net Banking,34.64,ACC-001002,ACC-000107,ATM-00040,2026-06-30 08:20:53,2026-06-30 09:20:53
CMP-001471,2026-08-19 19:43:17,Financial Fraud,UPI Related Frauds,9156.35,Chennai,Tamil Nadu,Wallet,4.16,ACC-000303,ACC-000544,ATM-00027,2026-08-19 16:33:41,2026-08-19 17:33:41
CMP-001472,2026-06-20 22:07:14,Financial Fraud,Internet Banking Related Fraud,17179.11,Jaipur,Rajasthan,Net Banking,2.89,ACC-001066,ACC-000163,ATM-00002,2026-06-21 05:00:50,2026-06-21 06:00:50
CMP-001473,2026-07-21 17:09:06,Financial Fraud,Debit/Credit Card Fraud,894.38,Ahmedabad,Gujarat,UPI,1.48,ACC-000899,ACC-001073,ATM-00109,2026-07-22 08:23:18,2026-07-22 09:23:18
CMP-001474,2026-08-22 08:16:19,Financial Fraud,UPI Related Frauds,12168.43,Bengaluru Urban,Karnataka,Card,3.23,ACC-000821,ACC-000152,ATM-00017,2026-08-22 11:19:31,2026-08-22 12:19:31
CMP-001475,2026-06-05 11:30:48,Financial Fraud,UPI Related Frauds,2394.56,Lucknow,Uttar Pradesh,UPI,3.13,ACC-000403,ACC-000108,ATM-00253,2026-06-05 16:49:00,2026-06-05 17:49:00
CMP-001476,2026-06-03 04:22:58,Financial Fraud,Investment Scam,1173354.81,New Delhi,Delhi,Card,31.54,ACC-000461,ACC-000065,ATM-00220,2026-06-02 05:21:34,2026-06-02 06:21:34
CMP-001477,2026-07-02 03:42:19,Financial Fraud,UPI Related Frauds,21958.34,Chennai,Tamil Nadu,UPI,3.7,ACC-001043,ACC-000086,ATM-00036,2026-07-02 09:20:19,2026-07-02 10:20:19
CMP-001478,2026-08-15 00:43:28,Financial Fraud,UPI Related Frauds,3889.6,Noida,Uttar Pradesh,UPI,0.73,ACC-000929,ACC-000209,ATM-00340,2026-08-15 08:16:40,2026-08-15 09:16:40
CMP-001479,2026-06-27 13:37:12,Financial Fraud,UPI Related Frauds,11262.58,Bengaluru Urban,Karnataka,UPI,1.1,ACC-000551,ACC-000791,ATM-00061,2026-06-27 18:39:12,2026-06-27 19:39:12
CMP-001480,2026-06-10 22:33:06,Other Cyber Crime,Hacking/Damage to Computer,0.0,,Uttar Pradesh,,5.81,,,,,
CMP-001481,2026-07-01 22:07:25,Financial Fraud,UPI Related Frauds,1110.35,Pune,Maharashtra,UPI,2.21,ACC-001132,ACC-000846,ATM-00037,2026-07-02 05:27:49,2026-07-02 06:27:49
CMP-001483,2026-07-30 13:00:21,Financial Fraud,UPI Related Frauds,1724.88,Bengaluru Urban,Karnataka,Wallet,2.35,ACC-000252,ACC-000426,ATM-00139,2026-07-31 01:55:21,2026-07-31 02:55:21
CMP-001485,2026-06-06 05:21:46,Financial Fraud,E-Wallet Related Fraud,825.6,Bengaluru Urban,Karnataka,UPI,5.84,ACC-001189,ACC-000167,ATM-00058,2026-06-06 09:06:22,2026-06-06 10:06:22
CMP-001486,2026-08-26 12:49:24,Financial Fraud,Debit/Credit Card Fraud,16613.3,Ahmedabad,Gujarat,,2.42,ACC-000286,ACC-000813,ATM-00039,2026-08-26 21:29:12,2026-08-26 22:29:12
CMP-001487,2026-07-30 20:07:07,Financial Fraud,Digital Arrest / Impersonation,25298.42,Ahmedabad,Gujarat,UPI,3.4,ACC-000662,ACC-000044,ATM-00031,2026-07-31 03:45:07,2026-07-31 04:45:07
CMP-001488,2026-08-13 15:12:21,Financial Fraud,UPI Related Frauds,8619.24,Bombay,Maharashtra,Net Banking,5.66,ACC-000303,ACC-000114,ATM-00021,2026-08-13 10:43:45,2026-08-13 11:43:45
CMP-001489,2026-08-13 09:00:31,Financial Fraud,Internet Banking Related Fraud,3900.21,Jaipur,Rajasthan,Net Banking,8.01,ACC-000828,ACC-000105,ATM-00059,2026-08-13 16:35:55,2026-08-13 17:35:55
CMP-001490,2026-08-17 21:36:43,Financial Fraud,Internet Banking Related Fraud,2203.29,Bengaluru Urban,Karnataka,,10.15,ACC-000388,ACC-000009,ATM-00251,2026-08-17 13:37:43,2026-08-17 14:37:43
CMP-001491,2026-08-06 10:56:57,Financial Fraud,Debit/Credit Card Fraud,7395.35,,Uttar Pradesh,Card,3.1,ACC-000225,ACC-000164,ATM-00062,2026-08-06 16:23:57,2026-08-06 17:23:57
CMP-001492,2026-06-22 17:28:43,Financial Fraud,Investment Scam,33184.51,Lucknow,Uttar Pradesh,UPI,1.55,ACC-001067,ACC-000146,ATM-00061,2026-06-23 02:39:43,2026-06-23 03:39:43
CMP-001493,2026-07-06 06:53:54,Financial Fraud,Online Job Fraud,5891.91,Mumbai,Maharashtra,UPI,19.59,ACC-001160,ACC-000193,ATM-00062,2026-07-05 17:40:30,2026-07-05 18:40:30
CMP-001495,2026-06-07 08:18:43,Financial Fraud,UPI Related Frauds,455.63,Lucknow,Uttar Pradesh,,2.22,ACC-000552,ACC-000025,ATM-00040,2026-06-07 14:54:31,2026-06-07 15:54:31
CMP-001496,2026-06-17 13:59:47,Financial Fraud,Debit/Credit Card Fraud,4764.47,Lucknow,Uttar Pradesh,UPI,1.5,ACC-000311,ACC-000156,ATM-00015,2026-06-17 18:27:47,2026-06-17 19:27:47
CMP-001497,2026-07-20 07:36:30,Financial Fraud,UPI Related Frauds,1283.24,Noida,Uttar Pradesh,UPI,2.01,ACC-000498,ACC-000006,ATM-00053,2026-07-20 12:51:54,2026-07-20 13:51:54
CMP-001498,2026-07-02 15:19:53,Financial Fraud,Digital Arrest / Impersonation,85019.1,New Delhi,Delhi,Card,3.58,ACC-000851,ACC-000193,ATM-00319,2026-07-02 15:37:05,2026-07-02 16:37:05
CMP-001499,2026-07-15 18:08:57,Financial Fraud,UPI Related Frauds,397.66,Mumbai,Maharashtra,UPI,0.35,ACC-001133,ACC-000205,ATM-00298,2026-07-15 18:15:57,2026-07-15 19:15:57
CMP-001500,2026-07-24 04:48:49,Financial Fraud,Debit/Credit Card Fraud,2678.83,Noida,Uttar Pradesh,,7.76,ACC-000256,ACC-000526,ATM-00158,2026-07-24 06:13:13,2026-07-24 07:13:13
CMP-001501,2026-06-21 05:13:48,Financial Fraud,Debit/Credit Card Fraud,314.98,Bengaluru Urban,Karnataka,Net Banking,2.46,ACC-001190,ACC-000028,ATM-00185,2026-06-21 09:05:12,2026-06-21 10:05:12
CMP-001502,2026-07-13 06:26:51,Financial Fraud,Internet Banking Related Fraud,3919.63,New Delhi,Delhi,Card,23.71,ACC-000348,ACC-001033,ATM-00021,2026-07-12 11:59:15,2026-07-12 12:59:15
CMP-001504,2026-07-26 17:57:20,Financial Fraud,UPI Related Frauds,3385.08,Chennai,Tamil Nadu,Net Banking,0.35,ACC-000439,ACC-000173,ATM-00018,2026-07-27 01:40:20,2026-07-27 02:40:20
CMP-001505,2026-07-02 14:11:09,Financial Fraud,UPI Related Frauds,5951.43,Noida,Uttar Pradesh,Card,5.8,ACC-001174,ACC-000167,ATM-00006,2026-07-02 22:14:09,2026-07-02 23:14:09
CMP-001506,2026-07-10 09:34:04,Financial Fraud,Digital Arrest / Impersonation,110185.7,Mumbai,Maharashtra,UPI,498.44,ACC-000621,ACC-000191,ATM-00214,2026-06-20 02:12:40,2026-06-20 03:12:40
CMP-001507,2026-08-14 21:21:37,Financial Fraud,UPI Related Frauds,456.82,Hyderabad,Telangana,Net Banking,35.5,ACC-000259,ACC-000222,ATM-00316,2026-08-13 13:25:37,2026-08-13 14:25:37
CMP-001508,2026-06-06 23:15:50,Financial Fraud,UPI Related Frauds,2301.46,Ahmedabad,Gujarat,UPI,6.33,ACC-000322,ACC-000169,ATM-00060,2026-06-07 06:30:02,2026-06-07 07:30:02
CMP-001509,2026-08-27 16:44:20,Financial Fraud,Digital Arrest / Impersonation,56691.83,Chennai,Tamil Nadu,Net Banking,2.69,ACC-000389,ACC-000094,ATM-00005,2026-08-27 23:05:56,2026-08-28 00:05:56
CMP-001510,2026-08-04 03:57:54,Financial Fraud,Digital Arrest / Impersonation,30218.22,New Delhi,Delhi,UPI,6.66,ACC-000507,ACC-000101,ATM-00064,2026-08-04 13:50:18,2026-08-04 14:50:18
CMP-001511,2026-07-27 02:40:40,Financial Fraud,Internet Banking Related Fraud,1455.09,Pune,Maharashtra,UPI,11.03,ACC-000475,ACC-000150,ATM-00044,2026-07-26 23:50:52,2026-07-27 00:50:52
CMP-001512,2026-06-30 02:26:02,Financial Fraud,UPI Related Frauds,2049.65,,Tamil Nadu,Card,1.15,ACC-000485,ACC-000071,ATM-00129,2026-06-30 11:30:02,2026-06-30 12:30:02
CMP-001513,2026-07-13 04:59:14,Other Cyber Crime,Cyber Bullying/Stalking,0.0,mumbai,Maharashtra,,2.61,,,,,
CMP-001517,2026-07-05 21:06:02,Financial Fraud,UPI Related Frauds,15736.65,Noida,Uttar Pradesh,UPI,3.63,ACC-001028,ACC-000103,ATM-00252,2026-07-06 12:07:14,2026-07-06 13:07:14
CMP-001518,2026-07-12 21:58:12,Financial Fraud,UPI Related Frauds,5441.39,,Karnataka,Net Banking,5.04,ACC-000350,ACC-000210,ATM-00144,2026-07-12 22:30:48,2026-07-12 23:30:48
CMP-001519,2026-07-08 03:57:52,Financial Fraud,Debit/Credit Card Fraud,17959.45,Pune,Maharashtra,UPI,1.89,ACC-000834,ACC-000018,ATM-00053,2026-07-08 16:57:28,2026-07-08 17:57:28
CMP-001520,2026-06-17 20:04:29,Financial Fraud,Debit/Credit Card Fraud,10352.73,Mumbai,Maharashtra,Card,3.55,ACC-001117,ACC-000044,ATM-00046,2026-06-17 23:58:29,2026-06-18 00:58:29
CMP-001522,2026-08-05 01:22:01,Financial Fraud,UPI Related Frauds,3740.66,Jaipur,Rajasthan,UPI,3.9,ACC-000423,ACC-000204,ATM-00003,2026-08-05 06:59:01,2026-08-05 07:59:01
CMP-001523,2026-06-14 23:32:05,Financial Fraud,UPI Related Frauds,3616.43,Ahmedabad,Gujarat,Net Banking,29.78,ACC-000676,ACC-000100,ATM-00007,2026-06-14 03:12:17,2026-06-14 04:12:17
CMP-001525,2026-07-15 06:37:25,Financial Fraud,E-Wallet Related Fraud,1387.93,Poona,Maharashtra,Wallet,1.54,ACC-000531,ACC-000090,ATM-00038,2026-07-15 14:34:01,2026-07-15 15:34:01
CMP-001526,2026-07-31 12:16:27,Financial Fraud,Investment Scam,341769.13,Chennai,Tamil Nadu,UPI,12.82,ACC-000777,ACC-000083,ATM-00018,2026-07-31 04:33:15,2026-07-31 05:33:15
CMP-001527,2026-07-14 16:40:57,Financial Fraud,Internet Banking Related Fraud,28931.05,Noida,Uttar Pradesh,UPI,2.17,ACC-000522,ACC-000172,ATM-00296,2026-07-15 00:38:45,2026-07-15 01:38:45
CMP-001528,2026-06-01 17:18:47,Financial Fraud,UPI Related Frauds,2424.56,pune,Maharashtra,Card,0.63,ACC-000352,ACC-000096,ATM-00026,2026-06-01 22:17:59,2026-06-01 23:17:59
CMP-001529,2026-07-19 17:06:46,Financial Fraud,Digital Arrest / Impersonation,37385.37,Mumbai,Maharashtra,UPI,14.82,ACC-000562,ACC-000203,ATM-00042,2026-07-19 04:45:34,2026-07-19 05:45:34
CMP-001530,2026-06-04 05:58:18,Other Cyber Crime,Cyber Bullying/Stalking,0.0,Noida,Uttar Pradesh,,2.56,,,,,
CMP-001531,2026-08-08 10:29:43,Other Cyber Crime,Online Matrimonial/Romance Scam,27025.27,Noida,Uttar Pradesh,UPI,3.57,ACC-001197,ACC-000102,ATM-00060,2026-08-08 22:17:31,2026-08-08 23:17:31
CMP-001532,2026-06-08 18:33:38,Financial Fraud,Internet Banking Related Fraud,9173.34,Jaipur,Rajasthan,UPI,1.13,ACC-000979,ACC-000107,ATM-00018,2026-06-09 06:16:50,2026-06-09 07:16:50
CMP-001533,2026-08-12 20:58:59,Financial Fraud,Investment Scam,110279.38,Jaipur,Rajasthan,,0.12,ACC-000441,ACC-000124,ATM-00029,2026-08-13 02:22:47,2026-08-13 03:22:47
CMP-001534,2026-08-26 09:39:12,Financial Fraud,Debit/Credit Card Fraud,4076.95,,Karnataka,Card,0.63,ACC-000257,ACC-000142,ATM-00008,2026-08-26 16:20:24,2026-08-26 17:20:24
CMP-001535,2026-08-04 10:37:08,Financial Fraud,UPI Related Frauds,8825.45,Ahmedabad,Gujarat,Wallet,11.39,ACC-000400,ACC-000043,ATM-00028,2026-08-04 01:44:44,2026-08-04 02:44:44
CMP-001538,2026-07-16 13:23:26,Financial Fraud,Debit/Credit Card Fraud,12483.86,Lucknow,Uttar Pradesh,Card,3.37,ACC-000669,ACC-000164,ATM-00029,2026-07-16 17:42:14,2026-07-16 18:42:14
CMP-001540,2026-07-29 00:35:38,Financial Fraud,UPI Related Frauds,1419.33,Ahmedabad,Gujarat,Net Banking,2.16,ACC-000338,ACC-000360,ATM-00056,2026-07-29 07:27:02,2026-07-29 08:27:02
CMP-001541,2026-06-06 23:06:49,Financial Fraud,Investment Scam,49628.92,Noida,Uttar Pradesh,Card,1.26,ACC-000709,ACC-000357,ATM-00027,2026-06-07 04:30:13,2026-06-07 05:30:13
CMP-001543,2026-06-28 20:19:44,Financial Fraud,Digital Arrest / Impersonation,91400.48,Noida,Uttar Pradesh,Card,2.26,ACC-000578,ACC-000059,ATM-00374,2026-06-28 21:52:08,2026-06-28 22:52:08
CMP-001544,2026-08-16 02:17:59,Financial Fraud,UPI Related Frauds,579.09,Bengaluru Urban,Karnataka,UPI,6.2,ACC-001128,ACC-000152,ATM-00028,2026-08-16 11:18:59,2026-08-16 12:18:59
CMP-001545,2026-08-23 06:57:17,Financial Fraud,UPI Related Frauds,533.24,Mumbai,Maharashtra,,4.13,ACC-001018,ACC-000770,ATM-00043,2026-08-23 14:17:29,2026-08-23 15:17:29
CMP-001546,2026-08-28 08:45:36,Financial Fraud,Investment Scam,16667.07,Noida,Uttar Pradesh,Card,48.65,ACC-000328,ACC-000034,ATM-00009,2026-08-26 11:23:36,2026-08-26 12:23:36
CMP-001547,2026-08-18 10:24:18,Financial Fraud,UPI Related Frauds,6769.8,Lucknow,Uttar Pradesh,UPI,5.09,ACC-000726,ACC-000026,ATM-00068,2026-08-18 11:35:54,2026-08-18 12:35:54
CMP-001548,2026-06-18 13:18:57,Financial Fraud,Investment Scam,510332.97,Mumbai,Maharashtra,Net Banking,1.62,ACC-000683,ACC-000057,ATM-00131,2026-06-18 19:37:45,2026-06-18 20:37:45
CMP-001550,2026-08-21 07:46:57,Financial Fraud,Internet Banking Related Fraud,8638.81,Hyderabad,Telangana,Card,20.63,ACC-000564,ACC-000049,ATM-00262,2026-08-20 13:20:09,2026-08-20 14:20:09
CMP-001551,2026-06-24 02:27:27,Other Cyber Crime,Online Matrimonial/Romance Scam,29903.81,New Delhi,Delhi,Net Banking,6.34,ACC-000807,ACC-000188,ATM-00035,2026-06-24 04:36:03,2026-06-24 05:36:03
CMP-001552,2026-07-27 02:16:20,Financial Fraud,Investment Scam,11483.27,Bengaluru,Karnataka,Net Banking,1.42,ACC-000299,ACC-000063,ATM-00037,2026-07-27 06:56:08,2026-07-27 07:56:08
CMP-001553,2026-08-13 08:24:18,Financial Fraud,UPI Related Frauds,2669.27,Ahmedabad,Gujarat,Net Banking,5.01,ACC-001005,ACC-000580,ATM-00032,2026-08-13 08:42:42,2026-08-13 09:42:42
CMP-001554,2026-07-17 05:42:03,Financial Fraud,UPI Related Frauds,1077.95,Lucknow,Uttar Pradesh,UPI,80.96,ACC-000965,ACC-001123,ATM-00041,2026-07-14 04:45:27,2026-07-14 05:45:27
CMP-001555,2026-07-22 16:51:48,Financial Fraud,Investment Scam,708788.37,New Delhi,Delhi,UPI,9.23,ACC-000571,ACC-001026,ATM-00285,2026-07-22 12:58:00,2026-07-22 13:58:00
CMP-001556,2026-06-26 11:57:39,Financial Fraud,Investment Scam,108407.0,Pune,Maharashtra,UPI,3.47,ACC-000367,ACC-000026,ATM-00035,2026-06-26 14:14:27,2026-06-26 15:14:27
CMP-001557,2026-08-17 09:51:53,Financial Fraud,Online Job Fraud,1545.76,Bengaluru Urban,Karnataka,UPI,4.92,ACC-000851,ACC-000578,ATM-00045,2026-08-17 10:39:41,2026-08-17 11:39:41
CMP-001558,2026-08-06 07:13:01,Financial Fraud,E-Wallet Related Fraud,2455.79,Jaipur,Rajasthan,Wallet,1.01,ACC-000399,ACC-000188,ATM-00010,2026-08-06 13:35:25,2026-08-06 14:35:25
CMP-001559,2026-07-05 08:28:45,Financial Fraud,UPI Related Frauds,4026.93,Noida,Uttar Pradesh,Wallet,3.72,ACC-001092,ACC-000155,ATM-00036,2026-07-05 14:04:33,2026-07-05 15:04:33
CMP-001560,2026-08-23 08:06:49,Financial Fraud,Debit/Credit Card Fraud,729.38,,Tamil Nadu,UPI,1.6,ACC-000462,ACC-000132,ATM-00065,2026-08-23 14:00:49,2026-08-23 15:00:49
CMP-001561,2026-06-25 18:59:40,Financial Fraud,UPI Related Frauds,2054.43,Hyderabad,Telangana,Net Banking,43.17,ACC-000837,ACC-000035,ATM-00283,2026-06-24 03:09:28,2026-06-24 04:09:28
CMP-001562,2026-08-12 17:30:30,Financial Fraud,Debit/Credit Card Fraud,8574.54,Delhi,Delhi,UPI,0.9,ACC-000322,ACC-000016,ATM-00227,2026-08-12 23:33:30,2026-08-13 00:33:30
CMP-001563,2026-07-21 11:34:36,Financial Fraud,E-Wallet Related Fraud,2947.84,New Delhi,Delhi,UPI,0.7,ACC-001127,ACC-000921,ATM-00066,2026-07-22 01:23:36,2026-07-22 02:23:36
CMP-001564,2026-07-24 04:01:47,Financial Fraud,Investment Scam,403325.16,Mumbai,Maharashtra,UPI,2.55,ACC-000574,ACC-000360,ATM-00266,2026-07-24 09:24:47,2026-07-24 10:24:47
CMP-001565,2026-07-10 22:16:44,Financial Fraud,UPI Related Frauds,2740.04,Bengaluru Urban,Karnataka,UPI,22.0,ACC-000245,ACC-000515,ATM-00233,2026-07-10 04:00:44,2026-07-10 05:00:44
CMP-001566,2026-06-22 07:16:37,Financial Fraud,UPI Related Frauds,935.94,Lucknow,Uttar Pradesh,Net Banking,0.84,ACC-000390,ACC-000150,ATM-00048,2026-06-22 21:36:13,2026-06-22 22:36:13
CMP-001567,2026-07-31 03:18:00,Financial Fraud,UPI Related Frauds,1762.98,Bengaluru Urban,Karnataka,UPI,15.58,ACC-001070,ACC-000271,ATM-00142,2026-07-30 20:37:12,2026-07-30 21:37:12
CMP-001569,2026-06-12 19:47:29,Financial Fraud,UPI Related Frauds,233.01,Noida,Uttar Pradesh,Net Banking,2.61,ACC-000922,ACC-000172,ATM-00097,2026-06-13 01:17:53,2026-06-13 02:17:53
CMP-001570,2026-06-13 14:42:21,Financial Fraud,UPI Related Frauds,4897.92,Hyderabad,Telangana,UPI,18.92,ACC-001093,ACC-000212,ATM-00001,2026-06-13 02:56:09,2026-06-13 03:56:09
CMP-001571,2026-08-17 23:35:30,Financial Fraud,Investment Scam,54062.18,Ahmedabad,Gujarat,Wallet,2.74,ACC-000571,ACC-000136,ATM-00050,2026-08-18 03:25:06,2026-08-18 04:25:06
CMP-001573,2026-07-15 00:36:01,Financial Fraud,E-Wallet Related Fraud,1464.37,Bengaluru Urban,Karnataka,Wallet,5.63,ACC-000784,ACC-000113,ATM-00265,2026-07-15 10:16:13,2026-07-15 11:16:13
CMP-001574,2026-08-27 17:03:17,Financial Fraud,UPI Related Frauds,4466.22,pune,Maharashtra,Net Banking,2.43,ACC-001122,ACC-000021,ATM-00014,2026-08-27 19:29:29,2026-08-27 20:29:29
CMP-001575,2026-08-15 19:14:08,Financial Fraud,Investment Scam,103236.04,Mumbai,Maharashtra,UPI,0.23,ACC-000665,ACC-000697,ATM-00140,2026-08-16 00:30:20,2026-08-16 01:30:20
CMP-001578,2026-07-30 06:06:23,Financial Fraud,Debit/Credit Card Fraud,7683.82,,Tamil Nadu,UPI,2.97,ACC-000961,ACC-000083,ATM-00019,2026-07-30 09:50:11,2026-07-30 10:50:11
CMP-001579,2026-07-23 11:45:51,Financial Fraud,E-Wallet Related Fraud,2290.15,Bangalore,Karnataka,Net Banking,1.41,ACC-000758,ACC-000218,ATM-00058,2026-07-23 20:38:15,2026-07-23 21:38:15
CMP-001580,2026-08-28 14:32:01,Financial Fraud,UPI Related Frauds,2475.13,Ahmedabad,Gujarat,UPI,9.32,ACC-000970,ACC-000119,ATM-00272,2026-08-28 19:03:49,2026-08-28 20:03:49
CMP-001581,2026-06-07 20:04:21,Financial Fraud,UPI Related Frauds,3433.29,bengaluru urban,Karnataka,Card,2.22,ACC-000896,ACC-000143,ATM-00078,2026-06-08 06:06:09,2026-06-08 07:06:09
CMP-001582,2026-08-27 01:01:31,Financial Fraud,UPI Related Frauds,3647.49,Lucknow,Uttar Pradesh,Card,10.56,ACC-000244,ACC-000033,ATM-00077,2026-08-26 21:01:55,2026-08-26 22:01:55
CMP-001583,2026-06-04 16:09:48,Financial Fraud,E-Wallet Related Fraud,387.63,Bengaluru Urban,Karnataka,Net Banking,18.01,ACC-000254,ACC-000104,ATM-00057,2026-06-04 07:27:12,2026-06-04 08:27:12
CMP-001584,2026-08-27 19:54:41,Financial Fraud,UPI Related Frauds,2202.55,Ahmedabad,Gujarat,UPI,7.47,ACC-000901,ACC-000057,ATM-00039,2026-08-27 20:57:29,2026-08-27 21:57:29
CMP-001585,2026-08-14 20:32:18,Financial Fraud,UPI Related Frauds,8756.24,Ahmedabad,Gujarat,Card,0.86,ACC-000394,ACC-000035,ATM-00036,2026-08-14 23:22:42,2026-08-15 00:22:42
CMP-001587,2026-07-08 07:46:21,Financial Fraud,UPI Related Frauds,1472.36,Mumbai,Maharashtra,Wallet,35.94,ACC-000664,ACC-000154,ATM-00343,2026-07-07 07:31:57,2026-07-07 08:31:57
CMP-001588,2026-07-26 01:46:26,Financial Fraud,Digital Arrest / Impersonation,21415.57,Lucknow,Uttar Pradesh,Card,2.3,ACC-000775,ACC-000162,ATM-00039,2026-07-26 14:52:26,2026-07-26 15:52:26
CMP-001589,2026-06-30 09:38:26,Other Cyber Crime,Online Matrimonial/Romance Scam,16727.81,pune,Maharashtra,UPI,1.06,ACC-001197,ACC-000110,ATM-00047,2026-06-30 17:30:50,2026-06-30 18:30:50
CMP-001590,2026-06-09 19:16:09,Financial Fraud,E-Wallet Related Fraud,1456.01,Jaipur,Rajasthan,UPI,6.56,ACC-000731,ACC-000014,ATM-00017,2026-06-10 02:53:33,2026-06-10 03:53:33
CMP-001591,2026-08-21 16:05:42,Financial Fraud,Online Job Fraud,2698.43,Pune,Maharashtra,Card,4.01,ACC-000231,ACC-000166,ATM-00240,2026-08-21 18:54:06,2026-08-21 19:54:06
CMP-001592,2026-06-18 03:33:01,Financial Fraud,Investment Scam,49606.06,Ahmedabad,Gujarat,Card,0.73,ACC-000261,ACC-000159,ATM-00043,2026-06-18 04:48:13,2026-06-18 05:48:13
CMP-001595,2026-07-13 12:34:33,Financial Fraud,Debit/Credit Card Fraud,6156.5,Chennai,Tamil Nadu,Net Banking,10.29,ACC-000304,ACC-001137,ATM-00067,2026-07-13 09:04:09,2026-07-13 10:04:09
CMP-001596,2026-08-09 21:06:48,Financial Fraud,UPI Related Frauds,951.08,Mumbai,Maharashtra,Wallet,34.57,ACC-000864,ACC-001063,ATM-00019,2026-08-08 17:48:36,2026-08-08 18:48:36
CMP-001597,2026-08-16 23:12:58,Financial Fraud,UPI Related Frauds,3576.34,Pune,Maharashtra,Card,31.76,ACC-000404,ACC-000070,ATM-00064,2026-08-16 03:06:22,2026-08-16 04:06:22
CMP-001600,2026-06-05 03:45:54,Financial Fraud,UPI Related Frauds,4903.65,New Delhi,Delhi,UPI,5.93,ACC-000596,ACC-001177,ATM-00016,2026-06-05 03:29:06,2026-06-05 04:29:06
CMP-001602,2026-06-15 11:05:13,Financial Fraud,E-Wallet Related Fraud,2235.65,Chennai,Tamil Nadu,Net Banking,0.42,ACC-000613,ACC-000108,ATM-00120,2026-06-16 01:11:01,2026-06-16 02:11:01
CMP-001603,2026-08-11 09:44:43,Financial Fraud,UPI Related Frauds,1090.65,,Karnataka,,3.59,ACC-001016,ACC-000996,ATM-00039,2026-08-11 15:42:19,2026-08-11 16:42:19
CMP-001604,2026-07-31 00:54:41,Financial Fraud,E-Wallet Related Fraud,2560.61,Lucknow,Uttar Pradesh,UPI,4.19,ACC-000608,ACC-000138,ATM-00225,2026-07-31 01:51:17,2026-07-31 02:51:17
CMP-001606,2026-06-10 10:42:26,Other Cyber Crime,Cyber Bullying/Stalking,0.0,Hyderabad,Telangana,,5.32,,,,,
CMP-001608,2026-07-28 18:23:52,Financial Fraud,Digital Arrest / Impersonation,53457.89,Bengaluru Urban,Karnataka,Net Banking,7.42,ACC-000674,ACC-000113,ATM-00064,2026-07-28 22:23:40,2026-07-28 23:23:40
CMP-001609,2026-07-12 09:08:40,Financial Fraud,UPI Related Frauds,1369.92,Hyderabad,Telangana,UPI,20.81,ACC-000872,ACC-000202,ATM-00046,2026-07-11 17:31:04,2026-07-11 18:31:04
CMP-001610,2026-07-10 00:44:52,Financial Fraud,Digital Arrest / Impersonation,208995.83,New delhi,Delhi,UPI,9.03,ACC-000260,ACC-000213,ATM-00012,2026-07-10 00:53:04,2026-07-10 01:53:04
CMP-001611,2026-06-14 08:00:02,Other Cyber Crime,Online Matrimonial/Romance Scam,11585.75,Noida,Uttar Pradesh,UPI,8.99,ACC-000532,ACC-000112,ATM-00005,2026-06-14 08:50:38,2026-06-14 09:50:38
CMP-001612,2026-06-05 10:13:27,Other Cyber Crime,Hacking/Damage to Computer,0.0,Mumbai,Maharashtra,,1.92,,,,,
CMP-001613,2026-06-12 17:21:26,Financial Fraud,Internet Banking Related Fraud,15608.26,Poona,Maharashtra,UPI,32.44,ACC-000786,ACC-000100,ATM-00027,2026-06-11 15:47:02,2026-06-11 16:47:02
CMP-001614,2026-07-06 21:59:35,Financial Fraud,Investment Scam,397040.56,Bengaluru Rural,Karnataka,,1.87,ACC-000283,ACC-001159,ATM-00035,2026-07-07 09:36:23,2026-07-07 10:36:23
CMP-001615,2026-06-04 22:50:07,Financial Fraud,Debit/Credit Card Fraud,7054.47,Chennai,Tamil Nadu,UPI,0.95,ACC-001026,ACC-000099,ATM-00046,2026-06-05 03:10:07,2026-06-05 04:10:07
CMP-001616,2026-07-07 12:26:55,Financial Fraud,Investment Scam,207753.47,Ahmedabad,Gujarat,Net Banking,7.7,ACC-000448,ACC-000206,ATM-00014,2026-07-07 11:11:55,2026-07-07 12:11:55
CMP-001617,2026-06-01 14:47:44,Financial Fraud,UPI Related Frauds,554.0,Lucknow,Uttar Pradesh,UPI,1.11,ACC-000305,ACC-000051,ATM-00012,2026-06-01 21:53:08,2026-06-01 22:53:08
CMP-001618,2026-07-28 15:29:32,Other Cyber Crime,Cyber Bullying/Stalking,0.0,Ahmedabad,Gujarat,,3.19,,,,,
CMP-001619,2026-08-18 09:24:21,Financial Fraud,Online Job Fraud,2777.28,Pune,Maharashtra,Net Banking,1.05,ACC-000267,ACC-000061,ATM-00061,2026-08-18 16:37:21,2026-08-18 17:37:21
CMP-001620,2026-06-14 21:25:07,Financial Fraud,Debit/Credit Card Fraud,7251.61,Bengaluru Urban,Karnataka,Card,6.06,ACC-000884,ACC-000050,ATM-00223,2026-06-15 01:36:31,2026-06-15 02:36:31
CMP-001621,2026-06-17 22:43:42,Financial Fraud,Internet Banking Related Fraud,5462.88,Pune,Maharashtra,Card,1.81,ACC-000643,ACC-000010,ATM-00018,2026-06-18 02:31:06,2026-06-18 03:31:06
CMP-001623,2026-06-30 05:50:46,Financial Fraud,UPI Related Frauds,1929.07,Hyderabad,Telangana,UPI,2.15,ACC-000291,ACC-000379,ATM-00043,2026-06-30 09:53:46,2026-06-30 10:53:46
CMP-001624,2026-06-12 09:48:47,Financial Fraud,UPI Related Frauds,4638.22,Mumbai,Maharashtra,Wallet,2.92,ACC-000507,ACC-000102,ATM-00067,2026-06-12 17:36:35,2026-06-12 18:36:35
CMP-001626,2026-08-14 19:00:07,Financial Fraud,Internet Banking Related Fraud,983.03,Mumbai,Maharashtra,Card,21.8,ACC-001178,ACC-000711,ATM-00002,2026-08-14 04:55:07,2026-08-14 05:55:07
CMP-001627,2026-06-11 22:33:40,Financial Fraud,UPI Related Frauds,3182.47,Bengaluru Urban,Karnataka,Net Banking,2.74,ACC-000751,ACC-000050,ATM-00056,2026-06-12 01:52:16,2026-06-12 02:52:16
CMP-001628,2026-07-17 01:27:43,Financial Fraud,Investment Scam,87903.56,Jaipur,Rajasthan,Card,4.28,ACC-000461,ACC-000399,ATM-00022,2026-07-17 09:31:55,2026-07-17 10:31:55
CMP-001630,2026-07-03 10:57:46,Financial Fraud,UPI Related Frauds,3093.92,Lucknow,Uttar Pradesh,Card,7.63,ACC-000401,ACC-000056,ATM-00292,2026-07-03 15:06:58,2026-07-03 16:06:58
CMP-001631,2026-06-11 03:19:07,Financial Fraud,Online Job Fraud,8573.19,Lucknow,Uttar Pradesh,Net Banking,1.32,ACC-000413,ACC-000156,ATM-00169,2026-06-11 13:09:55,2026-06-11 14:09:55
CMP-001632,2026-08-16 06:19:44,Other Cyber Crime,Cyber Bullying/Stalking,0.0,,Maharashtra,,7.91,,,,,
CMP-001633,2026-06-07 21:06:52,Financial Fraud,UPI Related Frauds,2342.85,Lucknow,Uttar Pradesh,Wallet,12.38,ACC-000332,ACC-000101,ATM-00062,2026-06-08 01:34:04,2026-06-08 02:34:04
CMP-001634,2026-07-02 15:34:13,Financial Fraud,Investment Scam,6214.28,Noida,Uttar Pradesh,UPI,3.98,ACC-000352,ACC-000002,ATM-00069,2026-07-02 16:10:25,2026-07-02 17:10:25
CMP-001635,2026-06-23 08:05:10,Financial Fraud,Investment Scam,45086.27,Chennai,Tamil Nadu,,7.53,ACC-000588,ACC-000150,ATM-00067,2026-06-23 06:31:22,2026-06-23 07:31:22
CMP-001636,2026-08-11 15:04:37,Financial Fraud,UPI Related Frauds,4550.72,Bengaluru Urban,Karnataka,UPI,1.92,ACC-000691,ACC-000874,ATM-00287,2026-08-11 17:42:25,2026-08-11 18:42:25
CMP-001637,2026-06-08 03:20:11,Financial Fraud,UPI Related Frauds,1570.33,Chennai,Tamil Nadu,Card,3.92,ACC-000687,ACC-000215,ATM-00049,2026-06-08 04:12:59,2026-06-08 05:12:59
CMP-001639,2026-07-07 06:16:59,Financial Fraud,E-Wallet Related Fraud,1487.18,mumbai,Maharashtra,UPI,0.14,ACC-000872,ACC-000016,ATM-00038,2026-07-07 09:36:35,2026-07-07 10:36:35
CMP-001640,2026-06-27 04:26:01,Financial Fraud,Investment Scam,60641.29,Ahmedabad,Gujarat,UPI,1.29,ACC-000728,ACC-000027,ATM-00034,2026-06-27 14:23:37,2026-06-27 15:23:37
CMP-001641,2026-06-06 18:59:54,Financial Fraud,UPI Related Frauds,686.67,Ahmedabad,Gujarat,UPI,1.02,ACC-000887,ACC-000613,ATM-00038,2026-06-07 07:11:42,2026-06-07 08:11:42
CMP-001642,2026-07-11 14:31:55,Financial Fraud,UPI Related Frauds,3289.42,Lucknow,Uttar Pradesh,UPI,22.07,ACC-000269,ACC-000032,ATM-00054,2026-07-11 02:34:43,2026-07-11 03:34:43
CMP-001643,2026-07-29 14:34:25,Financial Fraud,UPI Related Frauds,3951.56,Chennai,Tamil Nadu,UPI,2.16,ACC-000984,ACC-000363,ATM-00078,2026-07-29 18:01:49,2026-07-29 19:01:49
CMP-001644,2026-08-27 22:08:59,Financial Fraud,Investment Scam,178559.2,,Rajasthan,UPI,2.58,ACC-000304,ACC-000147,ATM-00054,2026-08-28 01:18:11,2026-08-28 02:18:11
CMP-001646,2026-06-22 00:20:52,Financial Fraud,Internet Banking Related Fraud,1150.75,,Telangana,Card,2.81,ACC-001095,ACC-000180,ATM-00003,2026-06-22 02:55:16,2026-06-22 03:55:16
CMP-001648,2026-07-13 03:52:22,Financial Fraud,Online Job Fraud,2503.96,Mumbai,Maharashtra,Card,1.44,ACC-000724,ACC-000046,ATM-00043,2026-07-13 09:30:58,2026-07-13 10:30:58
CMP-001649,2026-06-15 11:07:28,Financial Fraud,Online Job Fraud,6294.44,Noida,Uttar Pradesh,Wallet,0.92,ACC-000229,ACC-000089,ATM-00012,2026-06-15 16:38:16,2026-06-15 17:38:16
CMP-001650,2026-06-05 07:02:59,Financial Fraud,Online Job Fraud,7320.44,pune,Maharashtra,UPI,1.35,ACC-000670,ACC-000149,ATM-00128,2026-06-05 19:11:59,2026-06-05 20:11:59
CMP-001652,2026-08-07 15:19:13,Financial Fraud,Debit/Credit Card Fraud,2976.78,Hyderabad,Telangana,Net Banking,14.45,ACC-000620,ACC-000083,ATM-00062,2026-08-07 02:13:13,2026-08-07 03:13:13
CMP-001653,2026-07-25 05:22:08,Financial Fraud,Debit/Credit Card Fraud,8230.71,Bombay,Maharashtra,Net Banking,14.5,ACC-000319,ACC-000168,ATM-00023,2026-07-25 02:36:08,2026-07-25 03:36:08
CMP-001654,2026-06-22 03:59:30,Financial Fraud,Investment Scam,194616.32,Poona,Maharashtra,UPI,1.19,ACC-001180,ACC-000165,ATM-00056,2026-06-22 16:31:06,2026-06-22 17:31:06
CMP-001656,2026-07-15 14:12:23,Financial Fraud,E-Wallet Related Fraud,5793.31,Bengaluru Urban,Karnataka,Wallet,1.07,ACC-000548,ACC-000464,ATM-00068,2026-07-15 17:12:11,2026-07-15 18:12:11
CMP-001657,2026-07-15 03:51:21,Financial Fraud,Investment Scam,315466.25,Bengaluru Urban,Karnataka,Card,13.09,ACC-000949,ACC-000205,ATM-00018,2026-07-14 20:45:57,2026-07-14 21:45:57
CMP-001658,2026-06-18 22:57:17,Financial Fraud,UPI Related Frauds,15470.0,Ahmedabad,Gujarat,Net Banking,2.74,ACC-000797,ACC-000109,ATM-00168,2026-06-19 06:39:53,2026-06-19 07:39:53
CMP-001659,2026-08-01 11:56:03,Financial Fraud,Debit/Credit Card Fraud,10019.84,Lucknow,Uttar Pradesh,UPI,69.27,ACC-000702,ACC-000665,ATM-00038,2026-07-30 00:02:51,2026-07-30 01:02:51
CMP-001660,2026-08-07 01:33:56,Financial Fraud,E-Wallet Related Fraud,1219.12,Pune,Maharashtra,UPI,0.71,ACC-001042,ACC-000035,ATM-00001,2026-08-07 18:07:20,2026-08-07 19:07:20
CMP-001661,2026-06-27 04:39:17,Financial Fraud,UPI Related Frauds,548.94,Poona,Maharashtra,Net Banking,10.54,ACC-000329,ACC-000193,ATM-00063,2026-06-27 03:21:53,2026-06-27 04:21:53
CMP-001662,2026-06-21 02:41:10,Financial Fraud,E-Wallet Related Fraud,442.96,Noida,Uttar Pradesh,Net Banking,2.87,ACC-000780,ACC-000089,ATM-00396,2026-06-21 11:58:58,2026-06-21 12:58:58
CMP-001663,2026-08-11 10:26:48,Financial Fraud,UPI Related Frauds,4418.62,Chennai,Tamil Nadu,Wallet,5.6,ACC-001175,ACC-000167,ATM-00031,2026-08-11 17:40:48,2026-08-11 18:40:48
CMP-001664,2026-07-06 08:09:33,Financial Fraud,Internet Banking Related Fraud,10152.19,Chennai,Tamil Nadu,,5.85,ACC-001117,ACC-000269,ATM-00061,2026-07-06 08:21:33,2026-07-06 09:21:33
CMP-001665,2026-07-31 02:41:07,Financial Fraud,UPI Related Frauds,9423.66,Pune,Maharashtra,UPI,1.43,ACC-000951,ACC-000070,ATM-00005,2026-07-31 02:59:19,2026-07-31 03:59:19
CMP-001666,2026-08-08 10:28:28,Financial Fraud,Debit/Credit Card Fraud,2497.4,Ahmedabad,Gujarat,UPI,1.77,ACC-000840,ACC-000200,ATM-00058,2026-08-08 14:55:16,2026-08-08 15:55:16
CMP-001667,2026-07-03 12:26:33,Financial Fraud,Investment Scam,290468.19,Bombay,Maharashtra,UPI,13.2,ACC-000339,ACC-001112,ATM-00027,2026-07-03 03:02:33,2026-07-03 04:02:33
CMP-001668,2026-08-13 00:55:58,Financial Fraud,UPI Related Frauds,4474.29,Lucknow,Uttar Pradesh,Card,18.54,ACC-001082,ACC-000995,ATM-00237,2026-08-12 11:28:34,2026-08-12 12:28:34
CMP-001670,2026-08-27 04:20:08,Financial Fraud,Investment Scam,862328.31,Pune,Maharashtra,UPI,27.88,ACC-000578,ACC-000927,ATM-00014,2026-08-26 12:18:20,2026-08-26 13:18:20
CMP-001671,2026-06-07 03:39:39,Financial Fraud,Investment Scam,256865.68,Mumbai,Maharashtra,UPI,38.02,ACC-000506,ACC-000083,ATM-00068,2026-06-06 00:20:27,2026-06-06 01:20:27
CMP-001672,2026-08-20 13:00:52,Financial Fraud,Debit/Credit Card Fraud,937.65,Lucknow,Uttar Pradesh,UPI,2.39,ACC-000366,ACC-000010,ATM-00066,2026-08-20 13:23:28,2026-08-20 14:23:28
CMP-001673,2026-07-22 17:38:35,Financial Fraud,Investment Scam,37953.06,Ahmedabad,Gujarat,Wallet,10.65,ACC-000242,ACC-000141,ATM-00032,2026-07-22 10:41:35,2026-07-22 11:41:35
CMP-001674,2026-08-05 08:55:04,Financial Fraud,Debit/Credit Card Fraud,1719.62,Pune,Maharashtra,Wallet,11.12,ACC-000419,ACC-000162,ATM-00068,2026-08-05 06:22:52,2026-08-05 07:22:52
CMP-001675,2026-06-07 08:55:24,Financial Fraud,Digital Arrest / Impersonation,310097.91,Chennai,Tamil Nadu,UPI,10.32,ACC-000682,ACC-000211,ATM-00029,2026-06-07 08:39:12,2026-06-07 09:39:12
CMP-001676,2026-07-08 22:21:22,Financial Fraud,Online Job Fraud,4700.27,Bengaluru Urban,Karnataka,Wallet,1.37,ACC-000520,ACC-000348,ATM-00038,2026-07-09 12:47:10,2026-07-09 13:47:10
CMP-001678,2026-06-15 14:41:09,Financial Fraud,UPI Related Frauds,6011.41,Bengaluru Urban,Karnataka,Wallet,4.28,ACC-001063,ACC-000175,ATM-00015,2026-06-15 17:02:21,2026-06-15 18:02:21
CMP-001680,2026-07-17 00:16:42,Financial Fraud,Investment Scam,24535.88,Chennai,Tamil Nadu,UPI,44.42,ACC-000939,ACC-000177,ATM-00032,2026-07-15 11:47:30,2026-07-15 12:47:30
CMP-001681,2026-06-29 07:17:00,Financial Fraud,Debit/Credit Card Fraud,1365.87,Ahmedabad,Gujarat,UPI,5.63,ACC-000906,ACC-000002,ATM-00299,2026-06-29 10:58:12,2026-06-29 11:58:12
CMP-001682,2026-08-21 01:34:07,Financial Fraud,UPI Related Frauds,7381.26,Hyderabad,Telangana,Wallet,0.99,ACC-000630,ACC-000132,ATM-00030,2026-08-21 07:52:43,2026-08-21 08:52:43
CMP-001683,2026-07-04 06:45:51,Financial Fraud,E-Wallet Related Fraud,2316.4,Pune,Maharashtra,Net Banking,13.81,ACC-001190,ACC-000040,ATM-00021,2026-07-04 02:14:15,2026-07-04 03:14:15
CMP-001684,2026-08-04 15:33:19,Financial Fraud,Investment Scam,100332.92,Lucknow,Uttar Pradesh,Net Banking,140.06,ACC-000976,ACC-000166,ATM-00051,2026-07-30 03:58:43,2026-07-30 04:58:43
CMP-001686,2026-08-16 15:07:37,Financial Fraud,Online Job Fraud,3116.54,Mumbai City,Maharashtra,UPI,11.32,ACC-000352,ACC-000126,ATM-00004,2026-08-16 13:26:25,2026-08-16 14:26:25
CMP-001687,2026-08-14 17:38:48,Financial Fraud,Debit/Credit Card Fraud,7641.18,Jaipur,Rajasthan,Net Banking,1.86,ACC-001070,ACC-000115,ATM-00027,2026-08-15 03:10:12,2026-08-15 04:10:12
CMP-001688,2026-06-17 03:39:14,Financial Fraud,UPI Related Frauds,3663.22,Mumbai,Maharashtra,Card,0.48,ACC-000687,ACC-000040,ATM-00064,2026-06-17 11:20:26,2026-06-17 12:20:26
CMP-001689,2026-06-18 16:44:39,Financial Fraud,UPI Related Frauds,5130.32,Noida,Uttar Pradesh,Wallet,6.41,ACC-000610,ACC-000158,ATM-00066,2026-06-18 16:03:03,2026-06-18 17:03:03
CMP-001690,2026-08-04 16:43:18,Financial Fraud,Digital Arrest / Impersonation,128848.45,Ahmedabad,Gujarat,Net Banking,15.95,ACC-000260,ACC-000071,ATM-00051,2026-08-04 17:36:18,2026-08-04 18:36:18
CMP-001692,2026-06-20 22:02:47,Financial Fraud,Debit/Credit Card Fraud,2036.39,Pune,Maharashtra,Card,1.91,ACC-000927,ACC-000070,ATM-00014,2026-06-21 11:39:11,2026-06-21 12:39:11
CMP-001693,2026-07-04 09:13:17,Financial Fraud,UPI Related Frauds,8673.79,Pune,Maharashtra,UPI,25.12,ACC-000621,ACC-000011,ATM-00045,2026-07-03 14:44:05,2026-07-03 15:44:05
CMP-001695,2026-07-19 11:43:32,Other Cyber Crime,Cyber Bullying/Stalking,0.0,Pune,Maharashtra,,1.51,,,,,
CMP-001699,2026-08-04 17:57:39,Financial Fraud,Investment Scam,228761.76,Jaipur,Rajasthan,UPI,3.46,ACC-000796,ACC-000054,ATM-00019,2026-08-04 23:30:03,2026-08-05 00:30:03
CMP-001700,2026-07-13 22:10:50,Financial Fraud,Internet Banking Related Fraud,2771.21,Chennai,Tamil Nadu,UPI,12.91,ACC-000385,ACC-000168,ATM-00232,2026-07-13 12:43:14,2026-07-13 13:43:14
CMP-001701,2026-06-04 21:23:43,Financial Fraud,UPI Related Frauds,5704.56,Lucknow,Uttar Pradesh,UPI,1.49,ACC-001139,ACC-000178,ATM-00023,2026-06-04 23:12:19,2026-06-05 00:12:19
CMP-001702,2026-07-09 23:51:55,Financial Fraud,Internet Banking Related Fraud,25730.77,Mumbai,Maharashtra,Card,18.25,ACC-000846,ACC-000096,ATM-00041,2026-07-09 18:30:55,2026-07-09 19:30:55
CMP-001703,2026-07-02 16:29:20,Financial Fraud,UPI Related Frauds,3363.94,pune,Maharashtra,,4.93,ACC-000645,ACC-000191,ATM-00193,2026-07-02 11:34:32,2026-07-02 12:34:32
CMP-001704,2026-06-22 13:37:57,Financial Fraud,E-Wallet Related Fraud,3112.7,Noida,Uttar Pradesh,Net Banking,1.59,ACC-000400,ACC-000205,ATM-00393,2026-06-22 19:19:33,2026-06-22 20:19:33
CMP-001705,2026-06-09 02:46:39,Financial Fraud,Investment Scam,102645.95,Bombay,Maharashtra,Card,0.34,ACC-000707,ACC-000464,ATM-00023,2026-06-09 11:23:15,2026-06-09 12:23:15
CMP-001707,2026-07-29 13:29:32,Financial Fraud,Debit/Credit Card Fraud,22101.92,Lucknow,Uttar Pradesh,Card,3.02,ACC-001066,ACC-000191,ATM-00037,2026-07-29 17:46:20,2026-07-29 18:46:20
CMP-001708,2026-07-06 01:20:31,Other Cyber Crime,Hacking/Damage to Computer,0.0,Chennai,Tamil Nadu,,3.48,,,,,
CMP-001709,2026-07-12 12:28:28,Financial Fraud,Debit/Credit Card Fraud,2623.5,New Delhi,Delhi,UPI,3.17,ACC-000533,ACC-000071,ATM-00019,2026-07-12 16:15:16,2026-07-12 17:15:16
CMP-001710,2026-07-05 02:42:59,Financial Fraud,Debit/Credit Card Fraud,20303.15,Mumbai,Maharashtra,UPI,0.23,ACC-001181,ACC-000042,ATM-00030,2026-07-05 11:17:11,2026-07-05 12:17:11
CMP-001713,2026-08-27 03:50:51,Financial Fraud,UPI Related Frauds,13477.19,Delhi,Delhi,UPI,1.44,ACC-000427,ACC-000035,ATM-00025,2026-08-27 10:55:27,2026-08-27 11:55:27
CMP-001714,2026-07-28 00:13:43,Financial Fraud,Online Job Fraud,1289.47,Bengaluru Urban,Karnataka,Card,17.55,ACC-000435,ACC-000549,ATM-00013,2026-07-27 11:29:43,2026-07-27 12:29:43
CMP-001716,2026-07-28 08:22:53,Financial Fraud,UPI Related Frauds,3622.66,Chennai,Tamil Nadu,Net Banking,1.31,ACC-000575,ACC-000342,ATM-00067,2026-07-28 14:33:17,2026-07-28 15:33:17
CMP-001718,2026-07-26 03:20:27,Financial Fraud,UPI Related Frauds,4811.7,Lucknow,Uttar Pradesh,Net Banking,6.92,ACC-000524,ACC-000084,ATM-00023,2026-07-26 02:57:15,2026-07-26 03:57:15
CMP-001719,2026-07-08 01:35:14,Financial Fraud,UPI Related Frauds,14545.97,Mumbai,Maharashtra,,4.48,ACC-000560,ACC-000142,ATM-00173,2026-07-08 10:48:26,2026-07-08 11:48:26
CMP-001720,2026-06-30 07:41:40,Financial Fraud,Debit/Credit Card Fraud,1507.38,Hyderabad,Telangana,Net Banking,7.69,ACC-000995,ACC-000119,ATM-00305,2026-06-30 08:58:16,2026-06-30 09:58:16
CMP-001723,2026-08-03 11:29:40,Financial Fraud,Digital Arrest / Impersonation,56123.74,Lucknow,Uttar Pradesh,Net Banking,1.38,ACC-000597,ACC-000060,ATM-00029,2026-08-03 13:45:52,2026-08-03 14:45:52
CMP-001725,2026-06-27 21:57:45,Financial Fraud,UPI Related Frauds,3556.45,Bengaluru Urban,Karnataka,Card,1.51,ACC-001021,ACC-000128,ATM-00053,2026-06-28 05:34:09,2026-06-28 06:34:09
CMP-001727,2026-07-31 23:20:12,Financial Fraud,Internet Banking Related Fraud,20007.8,Hyderabad,Telangana,Net Banking,7.93,ACC-001180,ACC-000014,ATM-00011,2026-08-01 08:21:24,2026-08-01 09:21:24
CMP-001728,2026-07-07 05:37:27,Other Cyber Crime,Online Matrimonial/Romance Scam,13324.45,Hyderabad,Telangana,Card,2.21,ACC-000284,ACC-000542,ATM-00029,2026-07-07 11:58:51,2026-07-07 12:58:51
CMP-001729,2026-06-16 19:27:41,Financial Fraud,Internet Banking Related Fraud,2225.72,,Telangana,Card,12.2,ACC-000865,ACC-000648,ATM-00019,2026-06-16 14:35:41,2026-06-16 15:35:41
CMP-001730,2026-08-07 07:27:59,Financial Fraud,UPI Related Frauds,6784.49,Lucknow,Uttar Pradesh,UPI,0.7,ACC-000222,ACC-000104,ATM-00366,2026-08-07 10:38:59,2026-08-07 11:38:59
CMP-001731,2026-07-11 17:32:18,Financial Fraud,UPI Related Frauds,12467.18,Mumbai,Maharashtra,Card,8.93,ACC-000537,ACC-000178,ATM-00066,2026-07-11 12:12:30,2026-07-11 13:12:30
CMP-001732,2026-06-29 07:37:35,Other Cyber Crime,Hacking/Damage to Computer,0.0,Bengaluru Urban,Karnataka,,24.04,,,,,
CMP-001733,2026-07-20 21:23:44,Financial Fraud,Internet Banking Related Fraud,1733.46,,Tamil Nadu,UPI,0.87,ACC-000452,ACC-000992,ATM-00325,2026-07-21 08:15:32,2026-07-21 09:15:32
CMP-001734,2026-07-29 03:13:03,Financial Fraud,E-Wallet Related Fraud,1773.7,New Delhi,Delhi,Net Banking,8.19,ACC-000773,ACC-000583,ATM-00020,2026-07-29 01:48:39,2026-07-29 02:48:39
CMP-001736,2026-08-07 18:22:55,Financial Fraud,Investment Scam,72006.69,Mumbai,Maharashtra,Net Banking,1.31,ACC-000227,ACC-000614,ATM-00003,2026-08-08 00:39:19,2026-08-08 01:39:19
CMP-001737,2026-08-19 22:27:45,Financial Fraud,UPI Related Frauds,9018.2,Noida,Uttar Pradesh,UPI,1.41,ACC-001057,ACC-000493,ATM-00059,2026-08-20 02:03:09,2026-08-20 03:03:09
CMP-001739,2026-06-10 22:39:03,Financial Fraud,UPI Related Frauds,12475.52,Chennai,Tamil Nadu,UPI,10.12,ACC-001114,ACC-000671,ATM-00041,2026-06-10 18:27:51,2026-06-10 19:27:51
CMP-001740,2026-08-17 04:43:58,Financial Fraud,Internet Banking Related Fraud,5784.89,Hyderabad,Telangana,Wallet,2.4,ACC-000375,ACC-000148,ATM-00055,2026-08-17 11:39:58,2026-08-17 12:39:58
CMP-001741,2026-07-22 00:51:35,Financial Fraud,E-Wallet Related Fraud,1521.23,Hyderabad,Telangana,Net Banking,7.49,ACC-000467,ACC-000006,ATM-00019,2026-07-21 23:47:11,2026-07-22 00:47:11
CMP-001742,2026-08-17 22:08:51,Financial Fraud,Investment Scam,109130.91,Ahmedabad,Gujarat,UPI,2.2,ACC-000543,ACC-000121,ATM-00357,2026-08-17 21:32:51,2026-08-17 22:32:51
CMP-001743,2026-08-19 12:02:47,Financial Fraud,Debit/Credit Card Fraud,4164.57,Bengaluru Urban,Karnataka,UPI,4.92,ACC-000617,ACC-000165,ATM-00035,2026-08-19 17:37:35,2026-08-19 18:37:35
CMP-001745,2026-07-29 00:37:20,Financial Fraud,Digital Arrest / Impersonation,18477.97,Chennai,Tamil Nadu,Card,1.12,ACC-000991,ACC-000899,ATM-00008,2026-07-29 07:55:08,2026-07-29 08:55:08
CMP-001746,2026-06-30 13:57:56,Other Cyber Crime,Online Matrimonial/Romance Scam,2087.91,mumbai,Maharashtra,UPI,0.52,ACC-000497,ACC-000036,ATM-00014,2026-07-01 07:29:44,2026-07-01 08:29:44
CMP-001748,2026-06-21 08:57:53,Financial Fraud,Investment Scam,1250728.67,Mumbai,Maharashtra,UPI,2.38,ACC-000408,ACC-000201,ATM-00019,2026-06-21 13:06:05,2026-06-21 14:06:05
CMP-001749,2026-08-16 02:55:18,Financial Fraud,UPI Related Frauds,3498.1,Ahmedabad,Gujarat,UPI,7.25,ACC-001037,ACC-000128,ATM-00055,2026-08-16 06:22:18,2026-08-16 07:22:18
CMP-001751,2026-07-20 20:29:35,Financial Fraud,UPI Related Frauds,1016.62,New Delhi,Delhi,Card,25.56,ACC-000299,ACC-000337,ATM-00030,2026-07-20 01:38:59,2026-07-20 02:38:59
CMP-001752,2026-06-05 04:51:11,Financial Fraud,Debit/Credit Card Fraud,29947.37,Chennai,Tamil Nadu,UPI,0.6,ACC-000702,ACC-000903,ATM-00053,2026-06-05 11:26:11,2026-06-05 12:26:11
CMP-001754,2026-06-20 10:05:26,Financial Fraud,E-Wallet Related Fraud,923.68,Noida,Uttar Pradesh,UPI,8.22,ACC-001081,ACC-000147,ATM-00058,2026-06-20 08:28:14,2026-06-20 09:28:14
CMP-001755,2026-08-22 03:00:00,Financial Fraud,Debit/Credit Card Fraud,2372.57,Bengaluru Urban,Karnataka,Net Banking,60.22,ACC-000354,ACC-000139,ATM-00041,2026-08-20 00:35:48,2026-08-20 01:35:48
CMP-001756,2026-07-05 04:41:35,Financial Fraud,UPI Related Frauds,8703.61,Noida,Uttar Pradesh,UPI,5.78,ACC-000726,ACC-000586,ATM-00056,2026-07-05 11:25:47,2026-07-05 12:25:47
CMP-001757,2026-06-24 11:29:14,Financial Fraud,Internet Banking Related Fraud,18527.03,New Delhi,Delhi,Card,16.9,ACC-000429,ACC-000044,ATM-00013,2026-06-24 04:19:14,2026-06-24 05:19:14
CMP-001758,2026-08-14 02:29:15,Financial Fraud,UPI Related Frauds,1794.44,Hyderabad,Telangana,UPI,1.68,ACC-000379,ACC-000826,ATM-00029,2026-08-14 05:48:27,2026-08-14 06:48:27
CMP-001760,2026-08-10 10:11:11,Financial Fraud,Investment Scam,118276.28,bengaluru urban,Karnataka,UPI,0.68,ACC-000567,ACC-000086,ATM-00026,2026-08-10 20:28:23,2026-08-10 21:28:23
CMP-001761,2026-08-08 17:11:28,Financial Fraud,UPI Related Frauds,1447.3,Lucknow,Uttar Pradesh,Card,4.1,ACC-000622,ACC-000310,ATM-00045,2026-08-08 19:31:28,2026-08-08 20:31:28
CMP-001762,2026-08-05 09:25:43,Financial Fraud,Investment Scam,89467.86,Mumbai,Maharashtra,Wallet,47.8,ACC-000537,ACC-001192,ATM-00026,2026-08-03 17:22:43,2026-08-03 18:22:43
CMP-001764,2026-08-13 22:12:45,Financial Fraud,Internet Banking Related Fraud,29410.68,Pune,Maharashtra,Wallet,68.43,ACC-000227,ACC-000010,ATM-00058,2026-08-11 12:09:57,2026-08-11 13:09:57
CMP-001766,2026-08-10 02:42:00,Financial Fraud,Debit/Credit Card Fraud,8688.54,Mumbai,Maharashtra,UPI,5.67,ACC-000575,ACC-000015,ATM-00368,2026-08-09 22:08:48,2026-08-09 23:08:48
CMP-001767,2026-06-28 12:51:45,Financial Fraud,UPI Related Frauds,2727.22,Bengaluru Urban,Karnataka,Card,7.56,ACC-001139,ACC-000205,ATM-00067,2026-06-28 10:38:09,2026-06-28 11:38:09
CMP-001768,2026-08-21 15:52:55,Financial Fraud,Investment Scam,3670.49,Ahmedabad,Gujarat,UPI,10.16,ACC-001155,ACC-000861,ATM-00036,2026-08-21 17:39:19,2026-08-21 18:39:19
CMP-001769,2026-08-23 01:08:47,Financial Fraud,Internet Banking Related Fraud,7526.44,Mumbai,Maharashtra,UPI,3.43,ACC-000778,ACC-000033,ATM-00047,2026-08-23 08:20:59,2026-08-23 09:20:59
CMP-001770,2026-08-17 21:48:44,Financial Fraud,Online Job Fraud,22975.32,Chennai,Tamil Nadu,Card,1.99,ACC-000506,ACC-000098,ATM-00199,2026-08-18 13:06:20,2026-08-18 14:06:20
CMP-001771,2026-08-05 10:54:14,Financial Fraud,E-Wallet Related Fraud,1447.42,Mumbai,Maharashtra,Card,48.9,ACC-001165,ACC-000190,ATM-00062,2026-08-03 16:35:14,2026-08-03 17:35:14
CMP-001772,2026-08-03 22:31:43,Financial Fraud,UPI Related Frauds,1409.72,Lucknow,Uttar Pradesh,Net Banking,2.32,ACC-001075,ACC-000055,ATM-00045,2026-08-04 01:08:31,2026-08-04 02:08:31
CMP-001773,2026-08-07 11:33:13,Financial Fraud,UPI Related Frauds,2611.49,Pune,Maharashtra,Card,12.29,ACC-001188,ACC-000018,ATM-00035,2026-08-07 11:57:49,2026-08-07 12:57:49
CMP-001774,2026-06-17 09:09:12,Financial Fraud,UPI Related Frauds,3594.0,Chennai,Tamil Nadu,UPI,0.95,ACC-000764,ACC-000964,ATM-00004,2026-06-17 18:19:12,2026-06-17 19:19:12
CMP-001775,2026-07-28 18:21:33,Other Cyber Crime,Online Matrimonial/Romance Scam,7439.91,Pune,Maharashtra,Net Banking,2.16,ACC-000639,ACC-000093,ATM-00203,2026-07-29 07:35:57,2026-07-29 08:35:57
CMP-001776,2026-07-12 05:37:57,Financial Fraud,Debit/Credit Card Fraud,4549.53,Mumbai,Maharashtra,Net Banking,7.47,ACC-001149,ACC-000180,ATM-00006,2026-07-12 06:36:45,2026-07-12 07:36:45
CMP-001777,2026-07-27 11:58:07,Financial Fraud,UPI Related Frauds,4343.28,Ahmedabad,Gujarat,Card,0.53,ACC-001095,ACC-000165,ATM-00015,2026-07-27 16:43:19,2026-07-27 17:43:19
CMP-001778,2026-07-09 20:36:58,Financial Fraud,Investment Scam,393612.93,Hyderabad,Telangana,UPI,6.07,ACC-000495,ACC-000050,ATM-00029,2026-07-09 18:55:46,2026-07-09 19:55:46
CMP-001779,2026-07-18 01:02:36,Financial Fraud,E-Wallet Related Fraud,6048.86,Jaipur,Rajasthan,Card,7.64,ACC-000974,ACC-000213,ATM-00047,2026-07-17 22:22:12,2026-07-17 23:22:12
CMP-001780,2026-06-12 20:43:24,Financial Fraud,UPI Related Frauds,8032.01,Lucknow,Uttar Pradesh,UPI,7.84,ACC-000620,ACC-000834,ATM-00059,2026-06-13 00:06:00,2026-06-13 01:06:00
CMP-001782,2026-07-19 08:44:18,Financial Fraud,Investment Scam,86917.11,Hyderabad,Telangana,Net Banking,68.51,ACC-000324,ACC-000138,ATM-00021,2026-07-17 00:00:42,2026-07-17 01:00:42
CMP-001783,2026-08-05 22:39:39,Other Cyber Crime,Online Matrimonial/Romance Scam,35523.18,Pune,Maharashtra,UPI,8.92,ACC-000685,ACC-000324,ATM-00037,2026-08-05 19:05:27,2026-08-05 20:05:27
CMP-001784,2026-08-13 19:19:40,Financial Fraud,UPI Related Frauds,945.13,Noida,Uttar Pradesh,UPI,0.96,ACC-000375,ACC-000173,ATM-00045,2026-08-13 23:00:04,2026-08-14 00:00:04
CMP-001785,2026-08-16 23:11:53,Financial Fraud,Investment Scam,144427.1,New Delhi,Delhi,Card,5.34,ACC-000821,ACC-000013,ATM-00033,2026-08-17 00:20:29,2026-08-17 01:20:29
CMP-001786,2026-07-20 00:15:25,Financial Fraud,UPI Related Frauds,1715.21,Lucknow,Uttar Pradesh,UPI,5.31,ACC-000977,ACC-000148,ATM-00191,2026-07-20 04:07:49,2026-07-20 05:07:49
CMP-001787,2026-07-24 01:43:01,Financial Fraud,UPI Related Frauds,12453.59,Hyderabad,Telangana,UPI,10.32,ACC-000854,ACC-000408,ATM-00142,2026-07-24 04:24:49,2026-07-24 05:24:49
CMP-001788,2026-08-25 10:50:29,Financial Fraud,Investment Scam,22397.15,Jaipur,Rajasthan,Wallet,3.92,ACC-000623,ACC-000492,ATM-00043,2026-08-25 12:16:17,2026-08-25 13:16:17
CMP-001790,2026-08-04 00:32:20,Financial Fraud,UPI Related Frauds,2054.41,Mumbai,Maharashtra,Wallet,2.53,ACC-000662,ACC-000204,ATM-00042,2026-08-04 06:19:32,2026-08-04 07:19:32
CMP-001792,2026-08-14 04:16:29,Financial Fraud,UPI Related Frauds,1799.84,Pune,Maharashtra,UPI,0.13,ACC-001188,ACC-000105,ATM-00027,2026-08-14 16:00:41,2026-08-14 17:00:41
CMP-001793,2026-08-06 13:02:15,Financial Fraud,E-Wallet Related Fraud,10325.56,Ahmedabad,Gujarat,Card,16.55,ACC-000682,ACC-000911,ATM-00149,2026-08-06 04:22:15,2026-08-06 05:22:15
CMP-001794,2026-06-16 04:13:51,Financial Fraud,Debit/Credit Card Fraud,3373.48,Noida,Uttar Pradesh,Card,4.58,ACC-000934,ACC-000016,ATM-00222,2026-06-16 08:39:03,2026-06-16 09:39:03
CMP-001797,2026-07-06 13:47:50,Financial Fraud,Internet Banking Related Fraud,18463.12,,Karnataka,UPI,5.53,ACC-001108,ACC-000135,ATM-00009,2026-07-06 13:01:02,2026-07-06 14:01:02
CMP-001801,2026-06-07 08:37:35,Financial Fraud,Internet Banking Related Fraud,6118.8,Chennai,Tamil Nadu,Wallet,4.77,ACC-000783,ACC-000214,ATM-00034,2026-06-07 12:59:23,2026-06-07 13:59:23
CMP-001802,2026-07-23 06:36:07,Financial Fraud,UPI Related Frauds,1147.63,Bengaluru Urban,Karnataka,UPI,1.9,ACC-000737,ACC-000035,ATM-00063,2026-07-23 14:32:07,2026-07-23 15:32:07
CMP-001803,2026-07-26 03:39:03,Financial Fraud,Debit/Credit Card Fraud,1360.24,Hyderabad,Telangana,Card,14.49,ACC-000940,ACC-000123,ATM-00208,2026-07-25 21:18:39,2026-07-25 22:18:39
CMP-001804,2026-07-16 14:28:48,Financial Fraud,Debit/Credit Card Fraud,598.46,Bengaluru Urban,Karnataka,Card,17.89,ACC-001157,ACC-000130,ATM-00185,2026-07-16 01:00:24,2026-07-16 02:00:24
CMP-001805,2026-07-08 21:28:00,Other Cyber Crime,Online Matrimonial/Romance Scam,61388.9,Pune,Maharashtra,UPI,3.12,ACC-000933,ACC-000023,ATM-00040,2026-07-09 04:11:48,2026-07-09 05:11:48
CMP-001806,2026-08-07 01:49:46,Financial Fraud,UPI Related Frauds,286.34,Lucknow,Uttar Pradesh,Net Banking,2.9,ACC-000948,ACC-000435,ATM-00016,2026-08-07 05:26:46,2026-08-07 06:26:46
CMP-001807,2026-08-14 06:21:18,Financial Fraud,UPI Related Frauds,2813.64,,Uttar Pradesh,Net Banking,1.33,ACC-000353,ACC-001151,ATM-00394,2026-08-14 09:17:30,2026-08-14 10:17:30
CMP-001811,2026-07-31 15:21:32,Financial Fraud,Internet Banking Related Fraud,5359.06,Hyderabad,Telangana,Net Banking,8.13,ACC-001061,ACC-000009,ATM-00225,2026-07-31 12:16:44,2026-07-31 13:16:44
CMP-001812,2026-06-10 04:44:43,Financial Fraud,UPI Related Frauds,1841.28,Hyderabad,Telangana,Card,8.28,ACC-000450,ACC-000022,ATM-00013,2026-06-10 02:29:55,2026-06-10 03:29:55
CMP-001813,2026-07-22 13:28:04,Financial Fraud,UPI Related Frauds,17011.39,Noida,Uttar Pradesh,Card,11.92,ACC-000952,ACC-000022,ATM-00053,2026-07-22 07:53:52,2026-07-22 08:53:52
CMP-001816,2026-07-31 16:16:16,Financial Fraud,UPI Related Frauds,1694.97,Poona,Maharashtra,Card,4.73,ACC-001175,ACC-000105,ATM-00019,2026-07-31 21:46:28,2026-07-31 22:46:28
CMP-001817,2026-08-25 12:38:16,Financial Fraud,E-Wallet Related Fraud,2081.74,Noida,Uttar Pradesh,UPI,2.45,ACC-001109,ACC-000060,ATM-00055,2026-08-25 20:10:16,2026-08-25 21:10:16
CMP-001818,2026-07-27 00:08:32,Financial Fraud,Investment Scam,16577.39,Hyderabad,Telangana,Card,6.6,ACC-000531,ACC-000899,ATM-00020,2026-07-26 23:05:32,2026-07-27 00:05:32
CMP-001819,2026-07-16 08:52:37,Financial Fraud,E-Wallet Related Fraud,1903.02,Hyderabad,Telangana,UPI,8.17,ACC-000478,ACC-001023,ATM-00031,2026-07-16 07:34:25,2026-07-16 08:34:25
CMP-001820,2026-08-22 19:06:32,Financial Fraud,E-Wallet Related Fraud,1303.91,Hyderabad,Telangana,Net Banking,19.39,ACC-001114,ACC-000010,ATM-00022,2026-08-22 06:09:08,2026-08-22 07:09:08
CMP-001821,2026-07-31 20:27:11,Financial Fraud,Debit/Credit Card Fraud,2045.15,Noida,Uttar Pradesh,UPI,34.97,ACC-000498,ACC-000151,ATM-00285,2026-07-31 01:02:59,2026-07-31 02:02:59
CMP-001823,2026-07-13 06:31:45,Financial Fraud,Investment Scam,183149.84,,Maharashtra,,1.73,ACC-000548,ACC-000055,ATM-00338,2026-07-13 09:01:57,2026-07-13 10:01:57
CMP-001824,2026-08-01 13:09:29,Financial Fraud,Online Job Fraud,5334.52,Chennai,Tamil Nadu,UPI,20.81,ACC-000872,ACC-000116,ATM-00307,2026-07-31 21:05:53,2026-07-31 22:05:53
CMP-001825,2026-08-02 17:23:18,Financial Fraud,Debit/Credit Card Fraud,535.49,Hyderabad,Telangana,UPI,8.19,ACC-000228,ACC-000614,ATM-00021,2026-08-02 15:53:54,2026-08-02 16:53:54
CMP-001826,2026-06-24 03:42:23,Financial Fraud,Investment Scam,3861.26,Mumbai,Maharashtra,UPI,1.41,ACC-000819,ACC-000059,ATM-00033,2026-06-24 05:13:47,2026-06-24 06:13:47
CMP-001828,2026-07-11 23:22:33,Financial Fraud,Debit/Credit Card Fraud,1519.47,Jaipur,Rajasthan,Card,3.53,ACC-001044,ACC-000013,ATM-00021,2026-07-12 04:21:45,2026-07-12 05:21:45
CMP-001829,2026-06-14 05:54:23,Financial Fraud,UPI Related Frauds,19170.27,Bengaluru Urban,Karnataka,UPI,0.5,ACC-000577,ACC-000097,ATM-00024,2026-06-14 14:05:23,2026-06-14 15:05:23
CMP-001830,2026-07-24 11:14:17,Financial Fraud,Investment Scam,25167.21,Mumbai,Maharashtra,,27.03,ACC-001055,ACC-000180,ATM-00021,2026-07-23 17:57:29,2026-07-23 18:57:29
CMP-001831,2026-07-18 04:05:37,Financial Fraud,Online Job Fraud,19378.74,Jaipur,Rajasthan,Net Banking,3.96,ACC-001184,ACC-000099,ATM-00033,2026-07-18 10:43:01,2026-07-18 11:43:01
CMP-001832,2026-07-01 11:27:04,Financial Fraud,UPI Related Frauds,977.36,Chennai,Tamil Nadu,Card,55.42,ACC-000574,ACC-000981,ATM-00040,2026-06-29 07:48:52,2026-06-29 08:48:52
CMP-001833,2026-07-10 12:23:40,Financial Fraud,Online Job Fraud,15290.67,Chennai,Tamil Nadu,Wallet,10.12,ACC-000430,ACC-000845,ATM-00021,2026-07-10 11:43:28,2026-07-10 12:43:28
CMP-001834,2026-07-09 12:49:56,Financial Fraud,E-Wallet Related Fraud,1043.23,Chennai,Tamil Nadu,Wallet,4.23,ACC-001029,ACC-000110,ATM-00030,2026-07-10 01:21:08,2026-07-10 02:21:08
CMP-001835,2026-06-11 20:49:16,Financial Fraud,Investment Scam,80140.12,Bengaluru,Karnataka,Card,6.67,ACC-000368,ACC-000173,ATM-00010,2026-06-11 15:36:04,2026-06-11 16:36:04
CMP-001836,2026-08-04 11:44:17,Financial Fraud,Internet Banking Related Fraud,28310.88,Bengaluru Urban,Karnataka,Net Banking,12.88,ACC-000253,ACC-000723,ATM-00047,2026-08-04 10:00:29,2026-08-04 11:00:29
CMP-001838,2026-07-29 05:41:05,Financial Fraud,Debit/Credit Card Fraud,19467.4,Bengaluru Urban,Karnataka,,6.53,ACC-000904,ACC-000757,ATM-00031,2026-07-29 02:24:17,2026-07-29 03:24:17
CMP-001839,2026-07-27 17:34:43,Financial Fraud,Digital Arrest / Impersonation,136554.48,pune,Maharashtra,Net Banking,26.05,ACC-000465,ACC-000142,ATM-00034,2026-07-26 20:13:43,2026-07-26 21:13:43
CMP-001840,2026-07-12 01:21:22,Financial Fraud,Digital Arrest / Impersonation,15773.77,New Delhi,Delhi,UPI,4.29,ACC-000636,ACC-000080,ATM-00066,2026-07-12 08:13:58,2026-07-12 09:13:58
CMP-001841,2026-06-27 15:44:29,Financial Fraud,UPI Related Frauds,1847.69,Mumbai,Maharashtra,UPI,0.68,ACC-000803,ACC-000135,ATM-00056,2026-06-27 15:28:41,2026-06-27 16:28:41
CMP-001842,2026-07-18 14:37:05,Financial Fraud,UPI Related Frauds,4072.61,Noida,Uttar Pradesh,,91.27,ACC-001039,ACC-000029,ATM-00032,2026-07-15 05:07:53,2026-07-15 06:07:53
CMP-001843,2026-07-23 23:40:41,Financial Fraud,Investment Scam,9026.31,Bengaluru Urban,Karnataka,UPI,4.31,ACC-000829,ACC-000792,ATM-00027,2026-07-24 00:35:05,2026-07-24 01:35:05
CMP-001844,2026-08-25 09:13:43,Financial Fraud,Investment Scam,227000.12,Jaipur,Rajasthan,Net Banking,5.19,ACC-000877,ACC-000190,ATM-00026,2026-08-25 16:45:19,2026-08-25 17:45:19
CMP-001845,2026-07-06 16:53:40,Financial Fraud,UPI Related Frauds,2692.39,Lucknow,Uttar Pradesh,Net Banking,0.94,ACC-000777,ACC-000139,ATM-00038,2026-07-06 20:12:16,2026-07-06 21:12:16
CMP-001846,2026-07-29 19:39:02,Financial Fraud,UPI Related Frauds,3675.73,Jaipur,Rajasthan,UPI,1.81,ACC-000800,ACC-000203,ATM-00031,2026-07-29 21:39:26,2026-07-29 22:39:26
CMP-001849,2026-08-27 16:30:30,Financial Fraud,E-Wallet Related Fraud,2400.09,Ahmedabad,Gujarat,Net Banking,16.27,ACC-000913,ACC-000023,ATM-00044,2026-08-27 10:53:18,2026-08-27 11:53:18
CMP-001850,2026-08-23 06:27:45,Financial Fraud,UPI Related Frauds,3647.9,Hyderabad,Telangana,UPI,13.26,ACC-000262,ACC-000896,ATM-00008,2026-08-23 04:46:09,2026-08-23 05:46:09
CMP-001851,2026-06-25 19:26:11,Financial Fraud,UPI Related Frauds,2280.76,Jaipur,Rajasthan,UPI,21.64,ACC-000494,ACC-000624,ATM-00012,2026-06-25 11:31:47,2026-06-25 12:31:47
CMP-001852,2026-06-29 21:02:44,Other Cyber Crime,Cyber Bullying/Stalking,0.0,New Delhi,Delhi,,6.59,,,,,
CMP-001853,2026-08-28 22:10:48,Financial Fraud,UPI Related Frauds,3549.8,Chennai,Tamil Nadu,UPI,0.98,ACC-000649,ACC-000470,ATM-00004,2026-08-29 08:51:00,2026-08-29 09:51:00
CMP-001854,2026-08-02 13:37:46,Financial Fraud,UPI Related Frauds,3859.37,Hyderabad,Telangana,UPI,1.65,ACC-000692,ACC-000110,ATM-00229,2026-08-02 13:32:46,2026-08-02 14:32:46
CMP-001855,2026-08-19 22:11:23,Financial Fraud,UPI Related Frauds,1678.31,Hyderabad,Telangana,Net Banking,1.68,ACC-000569,ACC-000197,ATM-00032,2026-08-20 09:51:35,2026-08-20 10:51:35
CMP-001856,2026-08-21 16:03:10,Financial Fraud,Debit/Credit Card Fraud,1692.17,,Delhi,UPI,57.38,ACC-000535,ACC-000214,ATM-00059,2026-08-19 11:19:22,2026-08-19 12:19:22
CMP-001857,2026-06-10 17:56:19,Financial Fraud,Debit/Credit Card Fraud,18607.85,Chennai,Tamil Nadu,Net Banking,44.9,ACC-000781,ACC-000083,ATM-00214,2026-06-09 04:32:19,2026-06-09 05:32:19
CMP-001858,2026-07-05 03:53:04,Financial Fraud,Investment Scam,20135.43,Lucknow,Uttar Pradesh,UPI,4.88,ACC-000644,ACC-000127,ATM-00037,2026-07-05 03:27:16,2026-07-05 04:27:16
CMP-001859,2026-07-02 17:25:31,Financial Fraud,Investment Scam,18369.37,Noida,Uttar Pradesh,Card,1.94,ACC-000350,ACC-000888,ATM-00038,2026-07-03 01:16:07,2026-07-03 02:16:07
CMP-001860,2026-08-02 07:01:08,Financial Fraud,UPI Related Frauds,1304.64,Bengaluru Rural,Karnataka,UPI,19.84,ACC-000744,ACC-000126,ATM-00054,2026-08-01 14:25:44,2026-08-01 15:25:44
CMP-001861,2026-06-01 07:10:01,Financial Fraud,Debit/Credit Card Fraud,3306.91,Ahmedabad,Gujarat,UPI,16.15,ACC-000888,ACC-000047,ATM-00017,2026-05-31 21:35:01,2026-05-31 22:35:01
CMP-001862,2026-06-08 23:36:52,Financial Fraud,E-Wallet Related Fraud,3239.9,Mumbai City,Maharashtra,UPI,71.12,ACC-000220,ACC-000006,ATM-00385,2026-06-06 10:16:40,2026-06-06 11:16:40
CMP-001864,2026-08-06 13:55:16,Financial Fraud,Investment Scam,438174.77,Hyderabad,Telangana,UPI,1.39,ACC-001169,ACC-000414,ATM-00029,2026-08-06 20:42:52,2026-08-06 21:42:52
CMP-001865,2026-08-24 19:24:58,Other Cyber Crime,Cyber Bullying/Stalking,0.0,Lucknow,Uttar Pradesh,,15.01,,,,,
CMP-001866,2026-08-06 17:54:50,Financial Fraud,Investment Scam,152815.78,Mumbai,Maharashtra,Card,3.41,ACC-000226,ACC-000192,ATM-00015,2026-08-07 00:25:14,2026-08-07 01:25:14
CMP-001870,2026-07-15 21:31:41,Financial Fraud,E-Wallet Related Fraud,1070.75,Chennai,Tamil Nadu,UPI,16.42,ACC-000526,ACC-000194,ATM-00039,2026-07-15 15:30:29,2026-07-15 16:30:29
CMP-001871,2026-07-09 22:28:44,Financial Fraud,Investment Scam,17078.08,Bengaluru Urban,Karnataka,Card,2.72,ACC-000749,ACC-001022,ATM-00014,2026-07-10 04:05:32,2026-07-10 05:05:32
CMP-001872,2026-07-06 17:18:57,Financial Fraud,E-Wallet Related Fraud,2053.34,Bengaluru Urban,Karnataka,UPI,5.12,ACC-000957,ACC-000209,ATM-00049,2026-07-06 22:29:45,2026-07-06 23:29:45
CMP-001873,2026-07-22 01:17:26,Financial Fraud,Internet Banking Related Fraud,5546.41,Bengaluru Urban,Karnataka,UPI,7.21,ACC-000996,ACC-000161,ATM-00137,2026-07-22 06:52:50,2026-07-22 07:52:50
CMP-001874,2026-08-05 09:37:30,Other Cyber Crime,Cyber Bullying/Stalking,0.0,Lucknow,Uttar Pradesh,,10.29,,,,,
CMP-001875,2026-06-20 17:21:46,Financial Fraud,Debit/Credit Card Fraud,10245.95,Mumbai,Maharashtra,UPI,1.37,ACC-000590,ACC-000202,ATM-00046,2026-06-20 23:32:34,2026-06-21 00:32:34
CMP-001876,2026-06-28 23:00:00,Financial Fraud,Online Job Fraud,2819.35,New Delhi,Delhi,Net Banking,18.8,ACC-000801,ACC-000117,ATM-00001,2026-06-28 09:26:00,2026-06-28 10:26:00
CMP-001877,2026-06-21 01:25:36,Financial Fraud,Debit/Credit Card Fraud,12023.85,Lucknow,Uttar Pradesh,Card,0.86,ACC-000495,ACC-000550,ATM-00059,2026-06-21 10:59:00,2026-06-21 11:59:00
CMP-001878,2026-08-05 17:57:50,Other Cyber Crime,Online Matrimonial/Romance Scam,19665.63,Mumbai,Maharashtra,UPI,0.42,ACC-000493,ACC-000907,ATM-00017,2026-08-06 01:04:38,2026-08-06 02:04:38
CMP-001879,2026-06-03 19:02:46,Financial Fraud,UPI Related Frauds,3109.58,New Delhi,Delhi,UPI,43.7,ACC-000743,ACC-000991,ATM-00355,2026-06-02 09:08:46,2026-06-02 10:08:46
CMP-001880,2026-08-28 02:13:40,Financial Fraud,UPI Related Frauds,1270.16,Noida,Uttar Pradesh,UPI,1.65,ACC-000330,ACC-000131,ATM-00335,2026-08-28 08:08:40,2026-08-28 09:08:40
CMP-001881,2026-06-09 07:47:08,Financial Fraud,Internet Banking Related Fraud,14243.13,Ahmedabad,Gujarat,UPI,0.7,ACC-000608,ACC-000017,ATM-00032,2026-06-09 15:43:08,2026-06-09 16:43:08
CMP-001882,2026-08-07 06:51:42,Financial Fraud,UPI Related Frauds,1686.69,Pune,Maharashtra,UPI,9.17,ACC-000523,ACC-000121,ATM-00210,2026-08-07 09:50:30,2026-08-07 10:50:30
CMP-001883,2026-07-12 02:20:21,Financial Fraud,UPI Related Frauds,1684.36,Pune,Maharashtra,Net Banking,3.38,ACC-000637,ACC-000545,ATM-00123,2026-07-12 14:38:33,2026-07-12 15:38:33
CMP-001884,2026-06-06 16:54:10,Financial Fraud,UPI Related Frauds,5824.14,Bengaluru Urban,Karnataka,UPI,7.43,ACC-000651,ACC-000151,ATM-00042,2026-06-06 16:59:22,2026-06-06 17:59:22
CMP-001886,2026-08-17 21:22:28,Other Cyber Crime,Online Matrimonial/Romance Scam,9200.06,Chennai,Tamil Nadu,Card,6.99,ACC-000672,ACC-000028,ATM-00001,2026-08-18 05:21:04,2026-08-18 06:21:04
CMP-001888,2026-08-05 04:09:13,Financial Fraud,Debit/Credit Card Fraud,2990.12,Jaipur,Rajasthan,UPI,3.6,ACC-000773,ACC-000062,ATM-00044,2026-08-05 05:59:13,2026-08-05 06:59:13
CMP-001889,2026-07-27 08:37:57,Other Cyber Crime,Hacking/Damage to Computer,0.0,Noida,Uttar Pradesh,,1.37,,,,,
CMP-001890,2026-07-18 20:24:00,Financial Fraud,UPI Related Frauds,2888.5,bengaluru urban,Karnataka,Wallet,1.69,ACC-000527,ACC-000028,ATM-00065,2026-07-18 22:08:36,2026-07-18 23:08:36
CMP-001892,2026-07-01 09:58:15,Financial Fraud,Debit/Credit Card Fraud,6079.88,,Maharashtra,UPI,11.47,ACC-000753,ACC-000007,ATM-00054,2026-07-01 01:53:03,2026-07-01 02:53:03
CMP-001893,2026-08-21 01:14:03,Financial Fraud,UPI Related Frauds,2022.29,Chennai,Tamil Nadu,UPI,7.31,ACC-000617,ACC-000602,ATM-00051,2026-08-21 00:42:27,2026-08-21 01:42:27
CMP-001894,2026-08-27 15:39:33,Financial Fraud,Debit/Credit Card Fraud,8525.33,Lucknow,Uttar Pradesh,Wallet,7.64,ACC-000794,ACC-000213,ATM-00020,2026-08-27 23:10:09,2026-08-28 00:10:09
CMP-001895,2026-06-26 14:36:01,Financial Fraud,E-Wallet Related Fraud,1032.23,New delhi,Delhi,Card,5.36,ACC-000605,ACC-000091,ATM-00026,2026-06-26 16:16:25,2026-06-26 17:16:25
CMP-001896,2026-08-11 13:01:47,Financial Fraud,Debit/Credit Card Fraud,7073.71,Bengaluru Rural,Karnataka,Wallet,4.52,ACC-000245,ACC-000608,ATM-00022,2026-08-11 17:34:35,2026-08-11 18:34:35
CMP-001897,2026-08-22 19:42:44,Financial Fraud,Investment Scam,6552.35,,Karnataka,Wallet,5.43,ACC-001054,ACC-000064,ATM-00057,2026-08-22 19:58:56,2026-08-22 20:58:56
CMP-001899,2026-06-26 06:21:56,Financial Fraud,UPI Related Frauds,1548.02,Bengaluru Urban,Karnataka,UPI,7.01,ACC-000480,ACC-000928,ATM-00034,2026-06-26 07:18:20,2026-06-26 08:18:20
CMP-001900,2026-08-26 21:54:33,Financial Fraud,Debit/Credit Card Fraud,6716.87,Bengaluru Urban,Karnataka,Wallet,18.75,ACC-001091,ACC-000125,ATM-00068,2026-08-26 08:46:33,2026-08-26 09:46:33
CMP-001901,2026-08-08 20:09:27,Financial Fraud,UPI Related Frauds,960.95,Pune,Maharashtra,,10.78,ACC-000830,ACC-001122,ATM-00010,2026-08-08 22:05:39,2026-08-08 23:05:39
CMP-001903,2026-08-24 06:59:23,Financial Fraud,UPI Related Frauds,4043.31,bengaluru urban,Karnataka,UPI,15.42,ACC-000900,ACC-000013,ATM-00016,2026-08-23 16:36:11,2026-08-23 17:36:11
CMP-001905,2026-07-27 15:45:50,Financial Fraud,Online Job Fraud,7617.03,Noida,Uttar Pradesh,Wallet,4.15,ACC-000436,ACC-000152,ATM-00042,2026-07-28 00:03:50,2026-07-28 01:03:50
CMP-001906,2026-06-18 12:45:21,Financial Fraud,UPI Related Frauds,3183.02,New Delhi,Delhi,UPI,4.89,ACC-000384,ACC-000084,ATM-00038,2026-06-18 22:46:57,2026-06-18 23:46:57
CMP-001907,2026-08-05 17:18:40,Financial Fraud,UPI Related Frauds,2603.94,New Delhi,Delhi,UPI,18.73,ACC-001102,ACC-000174,ATM-00060,2026-08-05 09:40:52,2026-08-05 10:40:52
CMP-001908,2026-08-06 02:00:17,Financial Fraud,UPI Related Frauds,2764.61,Mumbai,Maharashtra,UPI,1.17,ACC-000337,ACC-000169,ATM-00110,2026-08-06 21:32:05,2026-08-06 22:32:05
CMP-001909,2026-06-11 07:09:38,Financial Fraud,Debit/Credit Card Fraud,3315.85,Chennai,Tamil Nadu,Net Banking,5.55,ACC-001018,ACC-000007,ATM-00264,2026-06-11 03:33:38,2026-06-11 04:33:38
CMP-001911,2026-06-27 03:33:26,Financial Fraud,Debit/Credit Card Fraud,2099.52,Noida,Uttar Pradesh,Card,88.43,ACC-000586,ACC-000104,ATM-00038,2026-06-23 15:44:38,2026-06-23 16:44:38
CMP-001912,2026-08-03 16:59:36,Financial Fraud,UPI Related Frauds,3783.1,Jaipur,Rajasthan,Card,20.71,ACC-000930,ACC-000008,ATM-00033,2026-08-03 13:49:00,2026-08-03 14:49:00
CMP-001913,2026-08-11 07:05:18,Financial Fraud,Debit/Credit Card Fraud,4222.93,Jaipur,Rajasthan,Wallet,8.5,ACC-000869,ACC-000036,ATM-00024,2026-08-11 00:53:18,2026-08-11 01:53:18
CMP-001914,2026-08-23 19:35:07,Financial Fraud,Investment Scam,293992.36,Bengaluru Urban,Karnataka,UPI,19.33,ACC-000640,ACC-000121,ATM-00400,2026-08-23 05:41:19,2026-08-23 06:41:19
CMP-001915,2026-06-06 09:24:21,Financial Fraud,E-Wallet Related Fraud,4655.92,pune,Maharashtra,Net Banking,12.76,ACC-000642,ACC-000024,ATM-00030,2026-06-06 05:49:45,2026-06-06 06:49:45
CMP-001916,2026-06-09 23:39:34,Financial Fraud,Internet Banking Related Fraud,4841.18,Noida,Uttar Pradesh,,2.26,ACC-000393,ACC-000134,ATM-00061,2026-06-10 11:29:58,2026-06-10 12:29:58
CMP-001917,2026-08-24 00:47:50,Financial Fraud,UPI Related Frauds,4021.24,,Rajasthan,UPI,13.73,ACC-001181,ACC-000874,ATM-00019,2026-08-23 18:44:02,2026-08-23 19:44:02
CMP-001918,2026-07-08 17:16:38,Financial Fraud,UPI Related Frauds,2439.51,Mumbai,Maharashtra,Net Banking,16.09,ACC-000550,ACC-000038,ATM-00107,2026-07-08 06:56:14,2026-07-08 07:56:14
CMP-001919,2026-08-03 12:04:49,Financial Fraud,UPI Related Frauds,11018.77,New Delhi,Delhi,UPI,1.49,ACC-000705,ACC-000128,ATM-00060,2026-08-03 18:16:25,2026-08-03 19:16:25
CMP-001920,2026-08-11 10:44:46,Financial Fraud,UPI Related Frauds,1403.57,Hyderabad,Telangana,Net Banking,3.79,ACC-000865,ACC-000061,ATM-00042,2026-08-11 20:10:22,2026-08-11 21:10:22
CMP-001921,2026-06-13 17:55:12,Financial Fraud,UPI Related Frauds,3931.8,Ahmedabad,Gujarat,UPI,2.39,ACC-000414,ACC-000265,ATM-00033,2026-06-13 15:52:48,2026-06-13 16:52:48
CMP-001923,2026-07-25 16:01:05,Financial Fraud,Online Job Fraud,3772.53,Lucknow,Uttar Pradesh,Card,0.8,ACC-000977,ACC-000083,ATM-00053,2026-07-26 01:15:05,2026-07-26 02:15:05
CMP-001924,2026-07-06 18:03:07,Financial Fraud,UPI Related Frauds,912.11,Pune,Maharashtra,Card,6.28,ACC-000407,ACC-000151,ATM-00058,2026-07-06 18:45:19,2026-07-06 19:45:19
CMP-001925,2026-06-04 22:13:39,Financial Fraud,Debit/Credit Card Fraud,582.54,Pune,Maharashtra,Card,15.11,ACC-000563,ACC-000029,ATM-00021,2026-06-04 17:34:03,2026-06-04 18:34:03
CMP-001927,2026-08-01 02:58:48,Financial Fraud,UPI Related Frauds,23792.47,Lucknow,Uttar Pradesh,Card,3.6,ACC-001105,ACC-000005,ATM-00184,2026-08-01 03:10:48,2026-08-01 04:10:48
CMP-001928,2026-06-08 16:30:36,Financial Fraud,UPI Related Frauds,2708.9,Lucknow,Uttar Pradesh,Wallet,14.8,ACC-000902,ACC-000667,ATM-00020,2026-06-08 04:42:36,2026-06-08 05:42:36
CMP-001929,2026-06-13 09:46:18,Financial Fraud,Debit/Credit Card Fraud,26988.67,Bengaluru Urban,Karnataka,,0.63,ACC-000872,ACC-000550,ATM-00005,2026-06-13 20:32:30,2026-06-13 21:32:30
CMP-001931,2026-06-05 09:04:43,Financial Fraud,UPI Related Frauds,5036.49,Bengaluru Urban,Karnataka,Card,8.14,ACC-001176,ACC-000070,ATM-00052,2026-06-05 08:43:19,2026-06-05 09:43:19
CMP-001932,2026-07-16 02:43:41,Financial Fraud,Internet Banking Related Fraud,19336.92,Pune,Maharashtra,Net Banking,1.06,ACC-000411,ACC-001199,ATM-00014,2026-07-16 15:40:05,2026-07-16 16:40:05
CMP-001933,2026-06-25 17:52:02,Financial Fraud,Internet Banking Related Fraud,654.49,Mumbai,Maharashtra,Card,12.55,ACC-000232,ACC-000090,ATM-00004,2026-06-25 15:12:02,2026-06-25 16:12:02
CMP-001934,2026-08-11 21:31:39,Financial Fraud,Investment Scam,33635.75,Bengaluru Urban,Karnataka,Net Banking,0.4,ACC-001082,ACC-000156,ATM-00209,2026-08-12 03:29:39,2026-08-12 04:29:39
CMP-001935,2026-07-09 03:39:25,Financial Fraud,UPI Related Frauds,3396.69,Mumbai,Maharashtra,UPI,11.61,ACC-000896,ACC-000174,ATM-00335,2026-07-09 05:14:49,2026-07-09 06:14:49
CMP-001936,2026-07-01 11:32:52,Financial Fraud,Debit/Credit Card Fraud,4350.05,Ahmedabad,Gujarat,Card,2.59,ACC-000267,ACC-000009,ATM-00065,2026-07-01 21:06:28,2026-07-01 22:06:28
CMP-001937,2026-07-31 13:35:00,Financial Fraud,Debit/Credit Card Fraud,4190.76,Ahmedabad,Gujarat,Net Banking,2.87,ACC-000511,ACC-000044,ATM-00040,2026-07-31 19:35:48,2026-07-31 20:35:48
CMP-001938,2026-08-18 15:27:02,Financial Fraud,UPI Related Frauds,886.04,Chennai,Tamil Nadu,UPI,1.9,ACC-000729,ACC-000099,ATM-00394,2026-08-18 21:12:02,2026-08-18 22:12:02
CMP-001939,2026-07-29 15:32:42,Financial Fraud,UPI Related Frauds,4765.47,New Delhi,Delhi,UPI,6.59,ACC-000547,ACC-000076,ATM-00013,2026-07-29 13:24:18,2026-07-29 14:24:18
CMP-001942,2026-08-12 06:13:14,Financial Fraud,Debit/Credit Card Fraud,5875.09,Ahmedabad,Gujarat,Card,24.89,ACC-001076,ACC-000201,ATM-00026,2026-08-11 11:39:50,2026-08-11 12:39:50
CMP-001943,2026-07-30 21:07:10,Financial Fraud,Debit/Credit Card Fraud,1125.37,Noida,Uttar Pradesh,UPI,2.22,ACC-000895,ACC-000091,ATM-00023,2026-07-30 21:21:58,2026-07-30 22:21:58
CMP-001944,2026-07-09 08:24:36,Financial Fraud,E-Wallet Related Fraud,2600.05,Ahmedabad,Gujarat,Net Banking,20.15,ACC-001016,ACC-000198,ATM-00045,2026-07-08 19:13:36,2026-07-08 20:13:36
CMP-001945,2026-06-19 12:36:03,Financial Fraud,UPI Related Frauds,1991.41,Bengaluru Urban,Karnataka,UPI,1.95,ACC-000816,ACC-000198,ATM-00215,2026-06-19 17:58:03,2026-06-19 18:58:03
CMP-001946,2026-08-23 09:38:35,Financial Fraud,UPI Related Frauds,506.73,Jaipur,Rajasthan,UPI,5.07,ACC-000911,ACC-001162,ATM-00050,2026-08-23 11:20:23,2026-08-23 12:20:23
CMP-001947,2026-06-24 11:23:19,Financial Fraud,Debit/Credit Card Fraud,37876.12,Bengaluru Urban,Karnataka,UPI,6.25,ACC-000323,ACC-000094,ATM-00061,2026-06-24 06:34:19,2026-06-24 07:34:19
CMP-001949,2026-07-11 23:02:59,Financial Fraud,Investment Scam,97302.54,Bengaluru Urban,Karnataka,UPI,1.69,ACC-000268,ACC-000606,ATM-00062,2026-07-12 03:15:35,2026-07-12 04:15:35
CMP-001950,2026-08-08 05:10:20,Financial Fraud,UPI Related Frauds,6253.85,Bengaluru Urban,Karnataka,UPI,5.88,ACC-000531,ACC-000176,ATM-00048,2026-08-08 03:34:32,2026-08-08 04:34:32
CMP-001952,2026-08-20 22:59:04,Financial Fraud,UPI Related Frauds,9635.0,Noida,Uttar Pradesh,UPI,9.95,ACC-000501,ACC-000074,ATM-00007,2026-08-20 21:40:04,2026-08-20 22:40:04
CMP-001953,2026-08-22 07:07:11,Financial Fraud,UPI Related Frauds,1812.33,Bengaluru Urban,Karnataka,Net Banking,14.91,ACC-000436,ACC-000215,ATM-00253,2026-08-22 00:33:35,2026-08-22 01:33:35
CMP-001954,2026-08-11 13:31:01,Other Cyber Crime,Online Matrimonial/Romance Scam,7728.52,Hyderabad,Telangana,Card,1.75,ACC-001062,ACC-000351,ATM-00036,2026-08-11 16:34:01,2026-08-11 17:34:01
CMP-001955,2026-06-04 14:15:22,Financial Fraud,Investment Scam,36768.1,Jaipur,Rajasthan,Card,0.54,ACC-000814,ACC-001193,ATM-00201,2026-06-04 17:42:58,2026-06-04 18:42:58
CMP-001956,2026-07-30 08:53:14,Financial Fraud,Debit/Credit Card Fraud,7875.74,Noida,Uttar Pradesh,Wallet,0.5,ACC-000615,ACC-000475,ATM-00015,2026-07-30 15:01:14,2026-07-30 16:01:14
CMP-001957,2026-06-23 12:22:46,Other Cyber Crime,Cyber Bullying/Stalking,0.0,Hyderabad,Telangana,,1.03,,,,,
CMP-001958,2026-07-11 23:20:30,Financial Fraud,Investment Scam,6645.77,Lucknow,Uttar Pradesh,Card,4.04,ACC-001094,ACC-000411,ATM-00393,2026-07-12 00:47:06,2026-07-12 01:47:06
CMP-001959,2026-08-02 22:38:56,Financial Fraud,Internet Banking Related Fraud,5708.32,Mumbai,Maharashtra,UPI,3.03,ACC-000836,ACC-000001,ATM-00065,2026-08-03 01:42:08,2026-08-03 02:42:08
CMP-001960,2026-08-02 17:42:29,Financial Fraud,Debit/Credit Card Fraud,1732.68,Lucknow,Uttar Pradesh,UPI,1.1,ACC-000921,ACC-000011,ATM-00027,2026-08-03 11:38:29,2026-08-03 12:38:29
CMP-001962,2026-07-20 06:52:38,Financial Fraud,Debit/Credit Card Fraud,6743.66,Lucknow,Uttar Pradesh,UPI,1.55,ACC-000778,ACC-000170,ATM-00040,2026-07-20 18:37:38,2026-07-20 19:37:38
CMP-001963,2026-07-29 10:59:41,Other Cyber Crime,Cyber Bullying/Stalking,0.0,Pune,Maharashtra,,5.57,,,,,
CMP-001964,2026-07-16 11:36:28,Financial Fraud,Online Job Fraud,11765.78,New Delhi,Delhi,UPI,9.06,ACC-000801,ACC-000784,ATM-00002,2026-07-16 11:35:52,2026-07-16 12:35:52
CMP-001965,2026-07-11 11:21:24,Financial Fraud,UPI Related Frauds,2056.64,Ahmedabad,Gujarat,Net Banking,6.1,ACC-000553,ACC-000153,ATM-00258,2026-07-11 12:40:24,2026-07-11 13:40:24
CMP-001966,2026-08-17 06:45:02,Financial Fraud,E-Wallet Related Fraud,1648.25,New Delhi,Delhi,Card,4.52,ACC-000411,ACC-000188,ATM-00064,2026-08-17 20:15:50,2026-08-17 21:15:50
CMP-001968,2026-06-13 12:49:00,Financial Fraud,Investment Scam,130056.12,Ahmedabad,Gujarat,UPI,1.36,ACC-000486,ACC-000195,ATM-00043,2026-06-13 13:32:24,2026-06-13 14:32:24
CMP-001969,2026-08-17 00:56:53,Financial Fraud,UPI Related Frauds,1194.77,,Uttar Pradesh,UPI,0.85,ACC-000478,ACC-000146,ATM-00045,2026-08-17 11:19:53,2026-08-17 12:19:53
CMP-001972,2026-08-26 20:14:13,Financial Fraud,UPI Related Frauds,4732.71,Hyderabad,Telangana,Card,4.67,ACC-000824,ACC-000040,ATM-00227,2026-08-27 07:08:01,2026-08-27 08:08:01
CMP-001973,2026-06-12 01:34:03,Financial Fraud,Digital Arrest / Impersonation,5640.88,Pune,Maharashtra,Card,9.84,ACC-000700,ACC-000062,ATM-00250,2026-06-12 00:11:39,2026-06-12 01:11:39
CMP-001974,2026-06-26 00:46:08,Financial Fraud,UPI Related Frauds,6183.99,Mumbai,Maharashtra,Wallet,1.36,ACC-000556,ACC-000016,ATM-00030,2026-06-26 02:58:32,2026-06-26 03:58:32
CMP-001975,2026-08-14 18:27:04,Financial Fraud,Investment Scam,170458.82,New Delhi,Delhi,Wallet,1.6,ACC-000794,ACC-000089,ATM-00061,2026-08-15 00:55:04,2026-08-15 01:55:04
CMP-001976,2026-08-07 00:07:56,Financial Fraud,UPI Related Frauds,3254.86,Bengaluru Urban,Karnataka,Wallet,0.98,ACC-000806,ACC-000186,ATM-00024,2026-08-07 01:47:08,2026-08-07 02:47:08
CMP-001977,2026-06-05 21:29:30,Financial Fraud,E-Wallet Related Fraud,476.05,Bengaluru Urban,Karnataka,Wallet,2.83,ACC-000486,ACC-000144,ATM-00013,2026-06-06 05:24:42,2026-06-06 06:24:42
CMP-001978,2026-08-21 17:03:47,Financial Fraud,Debit/Credit Card Fraud,4342.78,Lucknow,Uttar Pradesh,Net Banking,2.78,ACC-000904,ACC-000058,ATM-00034,2026-08-21 16:54:59,2026-08-21 17:54:59
CMP-001979,2026-07-30 04:36:03,Other Cyber Crime,Online Matrimonial/Romance Scam,3632.1,New Delhi,Delhi,Net Banking,2.77,ACC-000869,ACC-000116,ATM-00018,2026-07-30 07:40:51,2026-07-30 08:40:51
CMP-001980,2026-06-05 01:47:45,Other Cyber Crime,Hacking/Damage to Computer,0.0,Hyderabad,Telangana,,6.19,,,,,
CMP-001982,2026-06-29 08:41:45,Other Cyber Crime,Cyber Bullying/Stalking,0.0,Bengaluru Urban,Karnataka,,2.01,,,,,
CMP-001983,2026-07-19 09:20:06,Financial Fraud,Investment Scam,452812.44,New delhi,Delhi,Net Banking,1.09,ACC-000647,ACC-000367,ATM-00008,2026-07-19 11:51:42,2026-07-19 12:51:42
CMP-001984,2026-07-03 11:41:31,Financial Fraud,UPI Related Frauds,4623.02,Ahmedabad,Gujarat,Net Banking,18.51,ACC-000992,ACC-000048,ATM-00060,2026-07-03 01:07:55,2026-07-03 02:07:55
CMP-001987,2026-07-07 03:50:22,Financial Fraud,Internet Banking Related Fraud,1598.83,Bangalore,Karnataka,Net Banking,1.4,ACC-000748,ACC-000133,ATM-00059,2026-07-07 15:06:22,2026-07-07 16:06:22
CMP-001988,2026-06-24 19:56:34,Financial Fraud,Debit/Credit Card Fraud,3302.52,Ahmedabad,Gujarat,UPI,19.79,ACC-000616,ACC-000205,ATM-00060,2026-06-24 05:02:10,2026-06-24 06:02:10
CMP-001989,2026-06-23 03:42:09,Financial Fraud,Investment Scam,161732.32,Pune,Maharashtra,UPI,1.4,ACC-001000,ACC-000897,ATM-00027,2026-06-23 04:27:09,2026-06-23 05:27:09
CMP-001990,2026-08-27 04:38:37,Financial Fraud,Debit/Credit Card Fraud,3603.61,Chennai,Tamil Nadu,Card,2.14,ACC-000255,ACC-000207,ATM-00033,2026-08-27 04:16:13,2026-08-27 05:16:13
CMP-001991,2026-07-06 02:59:43,Financial Fraud,Online Job Fraud,1922.13,Delhi,Delhi,Wallet,14.51,ACC-001053,ACC-000153,ATM-00005,2026-07-05 19:12:07,2026-07-05 20:12:07
CMP-001993,2026-07-01 13:32:52,Other Cyber Crime,Hacking/Damage to Computer,0.0,Bengaluru Urban,Karnataka,,12.11,,,,,
CMP-001995,2026-08-02 06:43:24,Financial Fraud,Investment Scam,81233.02,Ahmedabad,Gujarat,,0.8,ACC-000917,ACC-000786,ATM-00115,2026-08-02 16:21:24,2026-08-02 17:21:24
CMP-001996,2026-08-09 06:16:17,Financial Fraud,Internet Banking Related Fraud,3925.85,Jaipur,Rajasthan,Net Banking,8.1,ACC-001101,ACC-000047,ATM-00007,2026-08-09 07:53:17,2026-08-09 08:53:17
CMP-001997,2026-07-11 17:03:07,Financial Fraud,Online Job Fraud,11689.62,Jaipur,Rajasthan,UPI,1.19,ACC-000308,ACC-000558,ATM-00012,2026-07-11 22:34:43,2026-07-11 23:34:43
CMP-002000,2026-08-07 23:48:20,Financial Fraud,Internet Banking Related Fraud,3216.37,Chennai,Tamil Nadu,UPI,3.54,ACC-000293,ACC-000143,ATM-00057,2026-08-08 02:15:56,2026-08-08 03:15:56
CMP-002001,2026-07-31 14:51:48,Financial Fraud,E-Wallet Related Fraud,1391.92,Chennai,Tamil Nadu,Net Banking,1.74,ACC-000541,ACC-000039,ATM-00155,2026-07-31 21:57:24,2026-07-31 22:57:24
CMP-002002,2026-08-26 04:25:56,Financial Fraud,E-Wallet Related Fraud,1986.97,Ahmedabad,Gujarat,Net Banking,3.46,ACC-000784,ACC-000765,ATM-00059,2026-08-26 02:40:20,2026-08-26 03:40:20
CMP-002003,2026-08-25 12:49:11,Financial Fraud,E-Wallet Related Fraud,1484.03,New delhi,Delhi,UPI,1.87,ACC-000573,ACC-000881,ATM-00066,2026-08-25 22:09:59,2026-08-25 23:09:59
CMP-002004,2026-08-10 09:36:08,Financial Fraud,UPI Related Frauds,3974.17,Pune,Maharashtra,Net Banking,32.6,ACC-000739,ACC-000181,ATM-00040,2026-08-09 08:38:08,2026-08-09 09:38:08
CMP-002005,2026-07-23 12:07:57,Financial Fraud,Online Job Fraud,4129.45,Lucknow,Uttar Pradesh,UPI,14.81,ACC-000650,ACC-000194,ATM-00032,2026-07-23 04:42:21,2026-07-23 05:42:21
CMP-002006,2026-07-21 14:48:02,Financial Fraud,UPI Related Frauds,853.03,Noida,Uttar Pradesh,UPI,5.42,ACC-000334,ACC-000063,ATM-00027,2026-07-21 18:28:50,2026-07-21 19:28:50
CMP-002007,2026-08-26 10:35:39,Financial Fraud,E-Wallet Related Fraud,830.56,Bengaluru Urban,Karnataka,Net Banking,0.76,ACC-000303,ACC-000088,ATM-00068,2026-08-26 15:46:03,2026-08-26 16:46:03
CMP-002008,2026-08-15 03:55:06,Financial Fraud,Internet Banking Related Fraud,3167.28,Mumbai,Maharashtra,UPI,18.73,ACC-000947,ACC-000110,ATM-00138,2026-08-14 17:35:18,2026-08-14 18:35:18
CMP-002010,2026-07-05 09:58:57,Financial Fraud,Debit/Credit Card Fraud,1061.35,Noida,Uttar Pradesh,UPI,3.54,ACC-000415,ACC-000031,ATM-00064,2026-07-05 11:03:33,2026-07-05 12:03:33
CMP-002013,2026-08-26 19:57:38,Other Cyber Crime,Online Matrimonial/Romance Scam,12450.48,Noida,Uttar Pradesh,Wallet,8.53,ACC-001019,ACC-000086,ATM-00066,2026-08-26 14:40:50,2026-08-26 15:40:50
CMP-002015,2026-08-09 09:43:53,Financial Fraud,UPI Related Frauds,3390.54,New Delhi,Delhi,Card,12.42,ACC-001157,ACC-000018,ATM-00121,2026-08-09 07:54:41,2026-08-09 08:54:41
CMP-002016,2026-08-11 14:31:41,Financial Fraud,UPI Related Frauds,5561.21,Pune,Maharashtra,UPI,9.02,ACC-000705,ACC-000166,ATM-00051,2026-08-11 16:19:29,2026-08-11 17:19:29
CMP-002017,2026-08-19 21:21:45,Financial Fraud,UPI Related Frauds,1451.07,Noida,Uttar Pradesh,Net Banking,0.45,ACC-001039,ACC-000615,ATM-00054,2026-08-20 05:53:45,2026-08-20 06:53:45
CMP-002018,2026-07-12 07:56:04,Financial Fraud,Debit/Credit Card Fraud,3317.44,Bengaluru Urban,Karnataka,Net Banking,14.91,ACC-000702,ACC-000031,ATM-00010,2026-07-11 19:26:28,2026-07-11 20:26:28
CMP-002020,2026-08-05 17:06:38,Financial Fraud,UPI Related Frauds,4387.03,Bengaluru Urban,Karnataka,Card,7.07,ACC-000610,ACC-000118,ATM-00019,2026-08-05 12:10:26,2026-08-05 13:10:26
CMP-002021,2026-07-09 07:54:35,Financial Fraud,Internet Banking Related Fraud,3804.28,,Uttar Pradesh,Wallet,3.83,ACC-001164,ACC-000290,ATM-00031,2026-07-09 20:55:47,2026-07-09 21:55:47
CMP-002022,2026-07-13 17:27:38,Financial Fraud,Internet Banking Related Fraud,35209.44,Ahmedabad,Gujarat,Net Banking,1.45,ACC-001000,ACC-001110,ATM-00061,2026-07-13 17:04:38,2026-07-13 18:04:38
CMP-002023,2026-07-11 11:29:58,Other Cyber Crime,Hacking/Damage to Computer,0.0,New Delhi,Delhi,,31.12,,,,,
CMP-002025,2026-07-20 19:48:31,Financial Fraud,Debit/Credit Card Fraud,1203.74,Jaipur,Rajasthan,Wallet,9.05,ACC-000350,ACC-000006,ATM-00015,2026-07-20 21:15:31,2026-07-20 22:15:31
CMP-002026,2026-07-16 22:59:54,Financial Fraud,UPI Related Frauds,1535.95,Mumbai,Maharashtra,UPI,0.82,ACC-000616,ACC-000185,ATM-00320,2026-07-17 02:58:42,2026-07-17 03:58:42
CMP-002027,2026-06-12 12:44:41,Financial Fraud,UPI Related Frauds,3628.88,Noida,Uttar Pradesh,Card,15.05,ACC-000898,ACC-000009,ATM-00015,2026-06-12 10:26:41,2026-06-12 11:26:41
CMP-002028,2026-07-26 12:18:30,Financial Fraud,Debit/Credit Card Fraud,2111.3,Bengaluru Urban,Karnataka,UPI,0.74,ACC-000995,ACC-000058,ATM-00071,2026-07-27 00:33:06,2026-07-27 01:33:06
CMP-002029,2026-06-30 14:31:32,Financial Fraud,Internet Banking Related Fraud,6052.07,Bengaluru Urban,Karnataka,Wallet,4.04,ACC-001198,ACC-000128,ATM-00063,2026-06-30 18:54:08,2026-06-30 19:54:08
CMP-002030,2026-08-16 19:38:17,Financial Fraud,UPI Related Frauds,4882.87,Lucknow,Uttar Pradesh,UPI,14.01,ACC-000738,ACC-000049,ATM-00022,2026-08-16 16:39:41,2026-08-16 17:39:41
CMP-002032,2026-08-11 19:32:00,Financial Fraud,UPI Related Frauds,3647.55,Mumbai,Maharashtra,Card,2.96,ACC-000811,ACC-000696,ATM-00183,2026-08-12 01:42:24,2026-08-12 02:42:24
CMP-002033,2026-08-24 12:14:27,Financial Fraud,UPI Related Frauds,698.96,Poona,Maharashtra,UPI,3.27,ACC-000587,ACC-000172,ATM-00230,2026-08-25 00:15:15,2026-08-25 01:15:15
CMP-002034,2026-07-14 22:06:31,Financial Fraud,Debit/Credit Card Fraud,3510.85,Mumbai,Maharashtra,Wallet,14.19,ACC-000351,ACC-001142,ATM-00129,2026-07-14 22:39:07,2026-07-14 23:39:07
CMP-002035,2026-08-09 21:47:58,Financial Fraud,Investment Scam,180093.01,Lucknow,Uttar Pradesh,Net Banking,1.09,ACC-000708,ACC-000087,ATM-00048,2026-08-10 06:28:34,2026-08-10 07:28:34
CMP-002036,2026-08-01 19:03:35,Financial Fraud,UPI Related Frauds,3480.84,Bengaluru Urban,Karnataka,Card,10.03,ACC-000606,ACC-000129,ATM-00143,2026-08-01 17:40:47,2026-08-01 18:40:47
CMP-002039,2026-07-23 12:36:30,Financial Fraud,UPI Related Frauds,4227.99,pune,Maharashtra,UPI,20.07,ACC-001122,ACC-000524,ATM-00054,2026-07-22 20:44:18,2026-07-22 21:44:18
CMP-002040,2026-06-27 22:19:50,Financial Fraud,E-Wallet Related Fraud,687.99,Lucknow,Uttar Pradesh,Card,2.95,ACC-000489,ACC-000206,ATM-00061,2026-06-28 01:16:50,2026-06-28 02:16:50
CMP-002041,2026-07-26 12:50:40,Financial Fraud,Online Job Fraud,1816.54,Ahmedabad,Gujarat,Card,7.06,ACC-000395,ACC-000831,ATM-00015,2026-07-26 11:32:04,2026-07-26 12:32:04
CMP-002042,2026-08-02 15:19:51,Financial Fraud,Investment Scam,488594.82,Mumbai,Maharashtra,UPI,2.19,ACC-001176,ACC-000150,ATM-00045,2026-08-02 18:12:27,2026-08-02 19:12:27
CMP-002043,2026-07-31 01:41:05,Financial Fraud,Internet Banking Related Fraud,607.71,Mumbai,Maharashtra,Card,2.73,ACC-000333,ACC-000006,ATM-00371,2026-07-31 06:31:17,2026-07-31 07:31:17
CMP-002045,2026-06-12 16:16:48,Financial Fraud,Debit/Credit Card Fraud,7541.57,Chennai,Tamil Nadu,Net Banking,3.2,ACC-000472,ACC-000414,ATM-00062,2026-06-12 20:21:48,2026-06-12 21:21:48
CMP-002046,2026-06-27 16:42:32,Financial Fraud,Internet Banking Related Fraud,1846.36,Jaipur,Rajasthan,,8.32,ACC-000317,ACC-000185,ATM-00005,2026-06-27 19:24:20,2026-06-27 20:24:20
CMP-002048,2026-07-02 02:39:31,Financial Fraud,UPI Related Frauds,4981.35,Noida,Uttar Pradesh,UPI,2.23,ACC-000644,ACC-000076,ATM-00214,2026-07-02 09:53:43,2026-07-02 10:53:43
CMP-002049,2026-06-03 06:12:26,Financial Fraud,UPI Related Frauds,1719.44,Hyderabad,Telangana,UPI,4.01,ACC-000306,ACC-001016,ATM-00341,2026-06-03 08:37:50,2026-06-03 09:37:50
CMP-002051,2026-06-10 15:27:50,Financial Fraud,UPI Related Frauds,3525.49,Bengaluru Urban,Karnataka,Card,1.86,ACC-000918,ACC-000184,ATM-00026,2026-06-10 20:55:14,2026-06-10 21:55:14
CMP-002052,2026-08-14 14:16:46,Financial Fraud,UPI Related Frauds,16340.41,mumbai,Maharashtra,UPI,4.75,ACC-000329,ACC-000281,ATM-00011,2026-08-14 21:10:46,2026-08-14 22:10:46
CMP-002054,2026-08-09 06:06:39,Other Cyber Crime,Hacking/Damage to Computer,0.0,Mumbai,Maharashtra,,6.93,,,,,
CMP-002055,2026-07-02 01:45:02,Financial Fraud,UPI Related Frauds,3944.19,Pune,Maharashtra,UPI,0.46,ACC-000889,ACC-000184,ATM-00068,2026-07-02 09:32:26,2026-07-02 10:32:26
CMP-002056,2026-08-20 08:46:38,Financial Fraud,Online Job Fraud,22331.37,Mumbai,Maharashtra,Wallet,21.09,ACC-000974,ACC-000174,ATM-00060,2026-08-19 15:58:14,2026-08-19 16:58:14
CMP-002057,2026-07-28 23:07:17,Financial Fraud,UPI Related Frauds,2085.0,,Maharashtra,Card,1.19,ACC-000601,ACC-000991,ATM-00001,2026-07-29 10:05:53,2026-07-29 11:05:53
CMP-002058,2026-07-08 09:13:42,Financial Fraud,Debit/Credit Card Fraud,6957.4,New Delhi,Delhi,Wallet,4.97,ACC-001027,ACC-000112,ATM-00010,2026-07-08 12:55:30,2026-07-08 13:55:30
CMP-002059,2026-07-24 16:51:55,Financial Fraud,UPI Related Frauds,4105.58,Pune,Maharashtra,UPI,5.64,ACC-000926,ACC-000184,ATM-00214,2026-07-24 23:34:31,2026-07-25 00:34:31
CMP-002060,2026-06-23 16:39:17,Financial Fraud,Debit/Credit Card Fraud,8153.81,Pune,Maharashtra,Wallet,25.45,ACC-000390,ACC-000141,ATM-00338,2026-06-23 02:37:17,2026-06-23 03:37:17
CMP-002062,2026-08-16 05:40:54,Financial Fraud,UPI Related Frauds,10160.94,Noida,Uttar Pradesh,UPI,32.1,ACC-000572,ACC-000036,ATM-00037,2026-08-15 08:03:54,2026-08-15 09:03:54
CMP-002063,2026-08-22 03:58:13,Financial Fraud,Internet Banking Related Fraud,155135.89,Lucknow,Uttar Pradesh,Card,1.16,ACC-000684,ACC-000064,ATM-00235,2026-08-22 15:00:37,2026-08-22 16:00:37
CMP-002064,2026-07-07 05:51:51,Financial Fraud,UPI Related Frauds,3709.28,Jaipur,Rajasthan,Card,0.37,ACC-001182,ACC-000155,ATM-00025,2026-07-07 13:18:39,2026-07-07 14:18:39
CMP-002066,2026-08-18 21:35:49,Financial Fraud,Internet Banking Related Fraud,45408.1,Bengaluru Urban,Karnataka,Card,1.77,ACC-001122,ACC-000886,ATM-00028,2026-08-18 21:12:37,2026-08-18 22:12:37
CMP-002067,2026-06-17 06:01:39,Financial Fraud,Digital Arrest / Impersonation,7887.07,Mumbai,Maharashtra,UPI,2.55,ACC-001059,ACC-000104,ATM-00042,2026-06-17 06:33:39,2026-06-17 07:33:39
CMP-002068,2026-07-29 01:07:58,Other Cyber Crime,Cyber Bullying/Stalking,0.0,Lucknow,Uttar Pradesh,,0.42,,,,,
CMP-002070,2026-06-28 07:30:10,Financial Fraud,UPI Related Frauds,3058.29,Hyderabad,Telangana,UPI,0.37,ACC-000745,ACC-000034,ATM-00066,2026-06-28 11:14:58,2026-06-28 12:14:58
CMP-002071,2026-06-30 04:32:17,Financial Fraud,Investment Scam,65095.64,Noida,Uttar Pradesh,UPI,32.2,ACC-000694,ACC-000024,ATM-00169,2026-06-28 22:16:17,2026-06-28 23:16:17
CMP-002072,2026-08-10 09:32:39,Financial Fraud,Investment Scam,157761.91,Hyderabad,Telangana,Card,1.59,ACC-000255,ACC-000128,ATM-00034,2026-08-10 20:31:15,2026-08-10 21:31:15
CMP-002073,2026-07-30 06:26:26,Financial Fraud,UPI Related Frauds,2898.41,Lucknow,Uttar Pradesh,Card,4.58,ACC-000986,ACC-000198,ATM-00050,2026-07-30 13:49:38,2026-07-30 14:49:38
CMP-002074,2026-07-04 06:23:52,Financial Fraud,Digital Arrest / Impersonation,105572.84,Chennai,Tamil Nadu,Card,0.87,ACC-000249,ACC-000151,ATM-00047,2026-07-04 10:27:40,2026-07-04 11:27:40
CMP-002075,2026-06-27 12:10:00,Other Cyber Crime,Online Matrimonial/Romance Scam,25637.82,Ahmedabad,Gujarat,UPI,0.17,ACC-000423,ACC-000046,ATM-00032,2026-06-27 17:17:48,2026-06-27 18:17:48
CMP-002076,2026-07-15 15:24:36,Other Cyber Crime,Online Matrimonial/Romance Scam,6681.7,Poona,Maharashtra,Wallet,2.49,ACC-000361,ACC-000207,ATM-00239,2026-07-15 18:04:12,2026-07-15 19:04:12
CMP-002077,2026-06-13 23:36:12,Financial Fraud,UPI Related Frauds,5271.1,Chennai,Tamil Nadu,Card,4.61,ACC-000365,ACC-000089,ATM-00135,2026-06-14 04:35:36,2026-06-14 05:35:36
CMP-002078,2026-08-27 12:31:08,Financial Fraud,UPI Related Frauds,841.34,Lucknow,Uttar Pradesh,UPI,1.37,ACC-001170,ACC-000925,ATM-00141,2026-08-27 22:41:56,2026-08-27 23:41:56
CMP-002079,2026-08-07 14:56:21,Financial Fraud,UPI Related Frauds,3564.62,Noida,Uttar Pradesh,Net Banking,4.08,ACC-000403,ACC-000089,ATM-00038,2026-08-08 01:20:33,2026-08-08 02:20:33
CMP-002080,2026-08-16 10:33:14,Financial Fraud,Investment Scam,46496.79,Noida,Uttar Pradesh,Wallet,2.52,ACC-001121,ACC-000049,ATM-00068,2026-08-16 12:44:02,2026-08-16 13:44:02
CMP-002083,2026-07-08 13:11:42,Financial Fraud,Debit/Credit Card Fraud,1183.6,Noida,Uttar Pradesh,UPI,0.49,ACC-000679,ACC-001150,ATM-00008,2026-07-08 15:28:18,2026-07-08 16:28:18
CMP-002084,2026-06-01 19:38:47,Financial Fraud,Investment Scam,273393.26,Ahmedabad,Gujarat,UPI,1.99,ACC-000484,ACC-000177,ATM-00016,2026-06-01 23:31:23,2026-06-02 00:31:23
CMP-002085,2026-06-01 21:49:05,Financial Fraud,Debit/Credit Card Fraud,3575.15,Mumbai,Maharashtra,UPI,1.76,ACC-001061,ACC-000153,ATM-00009,2026-06-01 20:41:29,2026-06-01 21:41:29
CMP-002086,2026-08-08 20:33:02,Financial Fraud,UPI Related Frauds,2359.44,Mumbai,Maharashtra,UPI,30.52,ACC-000227,ACC-000005,ATM-00376,2026-08-07 19:41:50,2026-08-07 20:41:50
CMP-002088,2026-07-06 05:50:57,Financial Fraud,UPI Related Frauds,833.3,Jaipur,Rajasthan,UPI,1.13,ACC-000631,ACC-000087,ATM-00305,2026-07-06 10:23:09,2026-07-06 11:23:09
CMP-002089,2026-07-29 20:08:42,Financial Fraud,Debit/Credit Card Fraud,287.41,Ahmedabad,Gujarat,,1.7,ACC-001046,ACC-000183,ATM-00036,2026-07-29 20:17:42,2026-07-29 21:17:42
CMP-002090,2026-07-09 10:56:51,Financial Fraud,UPI Related Frauds,7051.76,Hyderabad,Telangana,UPI,8.33,ACC-000422,ACC-000179,ATM-00222,2026-07-09 12:07:03,2026-07-09 13:07:03
CMP-002091,2026-06-17 13:14:25,Financial Fraud,UPI Related Frauds,2442.16,Lucknow,Uttar Pradesh,Card,4.36,ACC-000636,ACC-000042,ATM-00014,2026-06-17 09:59:49,2026-06-17 10:59:49
CMP-002092,2026-08-06 06:04:08,Financial Fraud,E-Wallet Related Fraud,1151.58,Noida,Uttar Pradesh,Card,5.73,ACC-001175,ACC-000028,ATM-00039,2026-08-06 12:10:20,2026-08-06 13:10:20
CMP-002093,2026-08-12 10:14:38,Financial Fraud,UPI Related Frauds,5938.97,Noida,Uttar Pradesh,UPI,0.64,ACC-000679,ACC-000705,ATM-00061,2026-08-12 16:14:14,2026-08-12 17:14:14
CMP-002094,2026-06-23 03:11:50,Financial Fraud,UPI Related Frauds,3903.71,Noida,Uttar Pradesh,Wallet,13.72,ACC-000352,ACC-000370,ATM-00015,2026-06-22 20:50:38,2026-06-22 21:50:38
CMP-002095,2026-08-22 07:12:27,Financial Fraud,Investment Scam,57547.71,Mumbai,Maharashtra,Net Banking,10.39,ACC-000946,ACC-000015,ATM-00322,2026-08-22 03:31:03,2026-08-22 04:31:03
CMP-002096,2026-07-22 17:50:37,Other Cyber Crime,Online Matrimonial/Romance Scam,295410.11,,Gujarat,,3.95,ACC-001029,ACC-000189,ATM-00023,2026-07-22 20:42:37,2026-07-22 21:42:37
CMP-002097,2026-06-01 04:33:19,Financial Fraud,Investment Scam,164604.21,Chennai,Tamil Nadu,Wallet,1.85,ACC-000757,ACC-000174,ATM-00317,2026-06-01 12:56:19,2026-06-01 13:56:19
CMP-002098,2026-06-06 00:50:56,Financial Fraud,E-Wallet Related Fraud,2310.0,Jaipur,Rajasthan,Wallet,7.79,ACC-001041,ACC-000716,ATM-00064,2026-06-06 02:40:32,2026-06-06 03:40:32
CMP-002099,2026-07-10 12:05:22,Financial Fraud,UPI Related Frauds,3552.33,Hyderabad,Telangana,UPI,1.32,ACC-001050,ACC-000133,ATM-00047,2026-07-10 15:24:10,2026-07-10 16:24:10
CMP-002100,2026-07-06 02:17:25,Financial Fraud,Investment Scam,129090.67,Lucknow,Uttar Pradesh,Card,25.91,ACC-001156,ACC-000159,ATM-00048,2026-07-05 03:25:49,2026-07-05 04:25:49
CMP-002101,2026-06-05 13:26:08,Financial Fraud,UPI Related Frauds,4463.87,New Delhi,Delhi,UPI,14.22,ACC-000942,ACC-000083,ATM-00044,2026-06-05 11:04:56,2026-06-05 12:04:56
CMP-002102,2026-06-01 12:01:19,Financial Fraud,Debit/Credit Card Fraud,3877.66,Lucknow,Uttar Pradesh,UPI,11.02,ACC-000362,ACC-001060,ATM-00011,2026-06-01 08:53:07,2026-06-01 09:53:07
CMP-002104,2026-07-12 03:34:21,Financial Fraud,Investment Scam,149354.4,Jaipur,Rajasthan,Wallet,1.36,ACC-000776,ACC-000029,ATM-00011,2026-07-12 13:38:45,2026-07-12 14:38:45
CMP-002105,2026-07-02 23:08:56,Other Cyber Crime,Cyber Bullying/Stalking,0.0,Mumbai,Maharashtra,,2.1,,,,,
CMP-002106,2026-06-10 09:23:17,Financial Fraud,UPI Related Frauds,3534.74,Noida,Uttar Pradesh,UPI,6.4,ACC-000733,ACC-000175,ATM-00036,2026-06-10 20:57:17,2026-06-10 21:57:17
CMP-002107,2026-08-17 09:39:33,Financial Fraud,Debit/Credit Card Fraud,1496.33,Bengaluru Urban,Karnataka,Card,15.88,ACC-001070,ACC-000131,ATM-00068,2026-08-17 03:27:45,2026-08-17 04:27:45
CMP-002108,2026-06-11 11:17:12,Financial Fraud,UPI Related Frauds,4988.08,Mumbai,Maharashtra,Card,1.92,ACC-001076,ACC-001055,ATM-00014,2026-06-11 17:24:00,2026-06-11 18:24:00
CMP-002109,2026-08-19 18:32:43,Other Cyber Crime,Hacking/Damage to Computer,0.0,Hyderabad,Telangana,,0.71,,,,,
CMP-002110,2026-06-08 01:53:40,Financial Fraud,UPI Related Frauds,2616.48,New Delhi,Delhi,Net Banking,2.62,ACC-000987,ACC-000161,ATM-00001,2026-06-08 05:01:28,2026-06-08 06:01:28
CMP-002112,2026-06-04 05:41:47,Financial Fraud,UPI Related Frauds,489.45,Jaipur,Rajasthan,,2.81,ACC-001147,ACC-000120,ATM-00037,2026-06-04 10:42:11,2026-06-04 11:42:11
CMP-002114,2026-06-30 06:28:42,Other Cyber Crime,Cyber Bullying/Stalking,0.0,Lucknow,Uttar Pradesh,,1.94,,,,,
CMP-002115,2026-06-10 21:16:31,Financial Fraud,E-Wallet Related Fraud,7653.66,Lucknow,Uttar Pradesh,Net Banking,0.45,ACC-000314,ACC-000415,ATM-00045,2026-06-11 07:33:31,2026-06-11 08:33:31
CMP-002117,2026-08-23 22:37:25,Financial Fraud,E-Wallet Related Fraud,3974.55,Pune,Maharashtra,Card,4.93,ACC-000622,ACC-000696,ATM-00355,2026-08-24 00:00:37,2026-08-24 01:00:37
CMP-002118,2026-07-08 06:35:54,Financial Fraud,E-Wallet Related Fraud,4972.33,Bengaluru Urban,Karnataka,Card,2.82,ACC-001081,ACC-000181,ATM-00052,2026-07-08 11:57:42,2026-07-08 12:57:42
CMP-002120,2026-07-15 02:04:31,Other Cyber Crime,Cyber Bullying/Stalking,0.0,New Delhi,Delhi,,3.91,,,,,
CMP-002121,2026-06-11 11:40:24,Financial Fraud,Internet Banking Related Fraud,8279.67,Noida,Uttar Pradesh,UPI,19.72,ACC-000453,ACC-000062,ATM-00064,2026-06-10 20:37:12,2026-06-10 21:37:12
CMP-002122,2026-08-16 15:28:24,Financial Fraud,Internet Banking Related Fraud,2363.84,Bengaluru Urban,Karnataka,Net Banking,9.16,ACC-000546,ACC-000106,ATM-00065,2026-08-16 16:32:48,2026-08-16 17:32:48
CMP-002123,2026-07-20 09:49:05,Other Cyber Crime,Cyber Bullying/Stalking,0.0,Bengaluru Urban,Karnataka,,2.21,,,,,
CMP-002124,2026-08-10 08:29:38,Financial Fraud,UPI Related Frauds,2646.64,Pune,Maharashtra,Card,4.89,ACC-000711,ACC-000046,ATM-00062,2026-08-10 11:22:14,2026-08-10 12:22:14
CMP-002125,2026-06-05 06:41:32,Financial Fraud,UPI Related Frauds,772.63,Bengaluru Urban,Karnataka,UPI,1.76,ACC-000943,ACC-000126,ATM-00028,2026-06-05 17:38:56,2026-06-05 18:38:56
CMP-002126,2026-08-03 06:34:57,Financial Fraud,UPI Related Frauds,10056.41,Lucknow,Uttar Pradesh,Net Banking,12.98,ACC-000253,ACC-000110,ATM-00053,2026-08-03 02:31:09,2026-08-03 03:31:09
CMP-002127,2026-08-15 07:02:09,Financial Fraud,UPI Related Frauds,2817.55,Chennai,Tamil Nadu,UPI,6.0,ACC-001019,ACC-000068,ATM-00126,2026-08-15 10:04:09,2026-08-15 11:04:09
CMP-002129,2026-08-05 20:33:15,Financial Fraud,UPI Related Frauds,2489.12,Noida,Uttar Pradesh,UPI,5.92,ACC-000713,ACC-000155,ATM-00310,2026-08-05 18:54:03,2026-08-05 19:54:03
CMP-002130,2026-07-25 07:36:46,Financial Fraud,UPI Related Frauds,8361.78,Hyderabad,Telangana,Wallet,1.76,ACC-000413,ACC-000141,ATM-00018,2026-07-25 15:57:10,2026-07-25 16:57:10
CMP-002133,2026-07-29 05:32:50,Financial Fraud,Investment Scam,72005.06,Jaipur,Rajasthan,Net Banking,0.46,ACC-000750,ACC-001168,ATM-00135,2026-07-29 09:45:14,2026-07-29 10:45:14
CMP-002134,2026-07-03 14:08:44,Financial Fraud,Online Job Fraud,2417.97,Noida,Uttar Pradesh,Card,1.29,ACC-000963,ACC-000156,ATM-00067,2026-07-03 16:13:20,2026-07-03 17:13:20
CMP-002135,2026-07-15 02:36:02,Financial Fraud,Debit/Credit Card Fraud,2676.74,Bengaluru Urban,Karnataka,Wallet,3.8,ACC-000843,ACC-000122,ATM-00261,2026-07-15 12:18:02,2026-07-15 13:18:02
CMP-002136,2026-06-01 08:36:53,Other Cyber Crime,Cyber Bullying/Stalking,0.0,Lucknow,Uttar Pradesh,,14.14,,,,,
CMP-002138,2026-08-19 02:16:41,Financial Fraud,UPI Related Frauds,1112.13,New Delhi,Delhi,UPI,1.56,ACC-000947,ACC-000015,ATM-00008,2026-08-19 10:13:05,2026-08-19 11:13:05
CMP-002140,2026-07-05 17:56:10,Financial Fraud,UPI Related Frauds,13234.57,Bengaluru Urban,Karnataka,UPI,3.35,ACC-000382,ACC-000739,ATM-00056,2026-07-05 20:30:10,2026-07-05 21:30:10
CMP-002141,2026-06-19 20:59:34,Financial Fraud,UPI Related Frauds,2987.1,Mumbai,Maharashtra,Card,16.19,ACC-001056,ACC-000082,ATM-00048,2026-06-19 09:01:10,2026-06-19 10:01:10
CMP-002142,2026-06-03 21:10:20,Other Cyber Crime,Cyber Bullying/Stalking,0.0,Pune,Maharashtra,,20.62,,,,,
CMP-002143,2026-06-22 06:10:44,Financial Fraud,UPI Related Frauds,2698.01,Mumbai City,Maharashtra,Wallet,2.81,ACC-001077,ACC-000129,ATM-00063,2026-06-22 08:19:08,2026-06-22 09:19:08
CMP-002144,2026-07-24 20:05:24,Financial Fraud,Investment Scam,91794.11,Pune,Maharashtra,UPI,6.72,ACC-000649,ACC-001175,ATM-00359,2026-07-24 14:44:12,2026-07-24 15:44:12
CMP-002145,2026-06-26 10:00:41,Financial Fraud,UPI Related Frauds,6648.68,Mumbai,Maharashtra,Wallet,4.5,ACC-000397,ACC-000834,ATM-00054,2026-06-26 06:49:41,2026-06-26 07:49:41
CMP-002146,2026-07-07 18:57:14,Financial Fraud,UPI Related Frauds,5203.04,Ahmedabad,Gujarat,Net Banking,32.01,ACC-000526,ACC-000931,ATM-00030,2026-07-06 17:32:38,2026-07-06 18:32:38
CMP-002147,2026-06-21 09:53:18,Financial Fraud,Online Job Fraud,5131.63,pune,Maharashtra,UPI,6.51,ACC-000266,ACC-000162,ATM-00267,2026-06-21 14:08:42,2026-06-21 15:08:42
CMP-002148,2026-08-04 04:01:44,Financial Fraud,UPI Related Frauds,759.74,Hyderabad,Telangana,UPI,0.19,ACC-000405,ACC-000197,ATM-00009,2026-08-04 09:30:20,2026-08-04 10:30:20
CMP-002149,2026-07-31 12:10:12,Financial Fraud,Internet Banking Related Fraud,9782.75,New Delhi,Delhi,Wallet,4.0,ACC-000266,ACC-000114,ATM-00326,2026-07-31 17:51:12,2026-07-31 18:51:12
CMP-002150,2026-06-15 00:33:05,Financial Fraud,Online Job Fraud,2290.89,Bengaluru Urban,Karnataka,Wallet,6.0,ACC-000372,ACC-000055,ATM-00139,2026-06-15 12:09:05,2026-06-15 13:09:05
CMP-002151,2026-07-22 16:56:32,Financial Fraud,UPI Related Frauds,2823.23,Bombay,Maharashtra,UPI,17.35,ACC-000697,ACC-000085,ATM-00010,2026-07-22 08:06:32,2026-07-22 09:06:32
CMP-002153,2026-06-19 08:38:23,Financial Fraud,UPI Related Frauds,7267.37,Noida,Uttar Pradesh,Wallet,3.45,ACC-001150,ACC-000073,ATM-00048,2026-06-19 12:25:23,2026-06-19 13:25:23
CMP-002154,2026-06-24 23:57:06,Financial Fraud,UPI Related Frauds,4788.07,Bengaluru Urban,Karnataka,UPI,2.53,ACC-000571,ACC-000195,ATM-00045,2026-06-25 08:45:18,2026-06-25 09:45:18
CMP-002156,2026-08-10 14:43:42,Financial Fraud,Internet Banking Related Fraud,6719.9,Lucknow,Uttar Pradesh,UPI,7.97,ACC-000540,ACC-000201,ATM-00059,2026-08-10 17:36:30,2026-08-10 18:36:30
CMP-002158,2026-08-12 22:16:27,Financial Fraud,Debit/Credit Card Fraud,3188.25,Chennai,Tamil Nadu,Card,11.62,ACC-001063,ACC-000185,ATM-00053,2026-08-12 12:30:15,2026-08-12 13:30:15
CMP-002159,2026-07-02 05:54:08,Financial Fraud,Debit/Credit Card Fraud,3650.52,Lucknow,Uttar Pradesh,Net Banking,3.33,ACC-001071,ACC-000049,ATM-00050,2026-07-02 12:05:20,2026-07-02 13:05:20
CMP-002160,2026-07-19 00:56:56,Financial Fraud,Internet Banking Related Fraud,17789.73,Lucknow,Uttar Pradesh,Card,1.91,ACC-001009,ACC-000189,ATM-00357,2026-07-19 09:33:20,2026-07-19 10:33:20
CMP-002161,2026-08-16 18:17:18,Financial Fraud,Internet Banking Related Fraud,1418.28,Ahmedabad,Gujarat,Card,3.7,ACC-001173,ACC-000104,ATM-00046,2026-08-16 18:13:18,2026-08-16 19:13:18
CMP-002162,2026-06-20 17:01:31,Financial Fraud,UPI Related Frauds,1928.01,Mumbai,Maharashtra,Card,1.41,ACC-000515,ACC-000202,ATM-00020,2026-06-20 19:56:55,2026-06-20 20:56:55
CMP-002163,2026-07-12 06:22:30,Financial Fraud,UPI Related Frauds,2545.7,Mumbai City,Maharashtra,Wallet,8.08,ACC-000794,ACC-000004,ATM-00001,2026-07-12 04:42:42,2026-07-12 05:42:42
CMP-002164,2026-07-07 07:43:59,Financial Fraud,Internet Banking Related Fraud,6572.91,Chennai,Tamil Nadu,UPI,6.48,ACC-000734,ACC-000081,ATM-00008,2026-07-07 13:12:11,2026-07-07 14:12:11
CMP-002165,2026-06-29 15:30:42,Financial Fraud,UPI Related Frauds,15245.92,delhi,Delhi,UPI,2.97,ACC-000822,ACC-000076,ATM-00016,2026-06-29 16:03:30,2026-06-29 17:03:30
CMP-002166,2026-07-16 04:07:05,Financial Fraud,Debit/Credit Card Fraud,6492.15,Noida,Uttar Pradesh,Card,2.43,ACC-001008,ACC-000416,ATM-00360,2026-07-16 12:13:17,2026-07-16 13:13:17
CMP-002167,2026-07-12 23:48:40,Financial Fraud,UPI Related Frauds,1391.69,Lucknow,Uttar Pradesh,UPI,2.22,ACC-000421,ACC-000080,ATM-00017,2026-07-13 02:11:28,2026-07-13 03:11:28
CMP-002169,2026-06-08 08:49:58,Financial Fraud,Debit/Credit Card Fraud,51486.54,Mumbai,Maharashtra,UPI,1.9,ACC-001002,ACC-000402,ATM-00136,2026-06-08 21:40:58,2026-06-08 22:40:58
CMP-002170,2026-07-20 18:53:22,Financial Fraud,UPI Related Frauds,2048.86,Hyderabad,Telangana,Card,4.15,ACC-000932,ACC-000370,ATM-00276,2026-07-20 23:33:22,2026-07-21 00:33:22
CMP-002171,2026-06-23 02:40:34,Financial Fraud,UPI Related Frauds,4256.57,,Maharashtra,UPI,6.15,ACC-000373,ACC-000844,ATM-00051,2026-06-23 05:29:34,2026-06-23 06:29:34
CMP-002174,2026-08-08 12:15:59,Financial Fraud,Investment Scam,411058.26,Mumbai,Maharashtra,Card,0.68,ACC-000509,ACC-000210,ATM-00310,2026-08-08 23:48:11,2026-08-09 00:48:11
CMP-002175,2026-08-09 12:49:58,Financial Fraud,UPI Related Frauds,198.97,,Telangana,Net Banking,8.89,ACC-000295,ACC-000084,ATM-00061,2026-08-09 10:54:34,2026-08-09 11:54:34
CMP-002176,2026-06-30 01:49:31,Other Cyber Crime,Cyber Bullying/Stalking,0.0,Bangalore,Karnataka,,6.0,,,,,
CMP-002177,2026-07-10 04:56:53,Financial Fraud,UPI Related Frauds,1117.46,,Maharashtra,Wallet,1.37,ACC-000959,ACC-000802,ATM-00053,2026-07-10 13:03:41,2026-07-10 14:03:41
CMP-002178,2026-06-02 03:42:26,Financial Fraud,Digital Arrest / Impersonation,18700.54,,Delhi,Card,5.12,ACC-001199,ACC-000151,ATM-00057,2026-06-02 09:38:14,2026-06-02 10:38:14
CMP-002179,2026-06-15 11:51:00,Financial Fraud,Internet Banking Related Fraud,3546.39,New Delhi,Delhi,Wallet,8.11,ACC-000687,ACC-000181,ATM-00064,2026-06-15 12:31:24,2026-06-15 13:31:24
CMP-002180,2026-06-21 09:02:39,Financial Fraud,UPI Related Frauds,228.34,New Delhi,Delhi,Card,1.6,ACC-000673,ACC-000125,ATM-00017,2026-06-21 10:53:39,2026-06-21 11:53:39
CMP-002181,2026-08-13 13:23:08,Financial Fraud,Internet Banking Related Fraud,2151.55,New Delhi,Delhi,Card,3.29,ACC-000255,ACC-000211,ATM-00017,2026-08-13 11:17:44,2026-08-13 12:17:44
CMP-002182,2026-06-09 08:06:18,Financial Fraud,Digital Arrest / Impersonation,31393.08,Pune,Maharashtra,UPI,11.67,ACC-000836,ACC-000115,ATM-00027,2026-06-09 08:53:06,2026-06-09 09:53:06
CMP-002184,2026-06-03 22:08:51,Financial Fraud,Debit/Credit Card Fraud,8589.85,Hyderabad,Telangana,UPI,41.59,ACC-000872,ACC-001099,ATM-00032,2026-06-02 13:19:27,2026-06-02 14:19:27
CMP-002185,2026-08-11 15:12:37,Financial Fraud,Internet Banking Related Fraud,4097.92,Bengaluru Urban,Karnataka,UPI,6.62,ACC-000830,ACC-000132,ATM-00007,2026-08-11 15:23:25,2026-08-11 16:23:25
CMP-002186,2026-07-03 23:50:35,Financial Fraud,Digital Arrest / Impersonation,6873.06,Hyderabad,Telangana,UPI,0.25,ACC-000680,ACC-000644,ATM-00017,2026-07-04 08:52:35,2026-07-04 09:52:35
CMP-002187,2026-08-14 01:32:58,Financial Fraud,Debit/Credit Card Fraud,11438.89,New Delhi,Delhi,Net Banking,4.45,ACC-000610,ACC-000095,ATM-00001,2026-08-14 07:35:58,2026-08-14 08:35:58
CMP-002188,2026-06-03 06:09:09,Financial Fraud,Internet Banking Related Fraud,21558.22,Pune,Maharashtra,Card,0.86,ACC-000519,ACC-000144,ATM-00231,2026-06-03 13:35:33,2026-06-03 14:35:33
CMP-002189,2026-07-03 01:32:22,Financial Fraud,UPI Related Frauds,4759.57,Bengaluru Urban,Karnataka,,42.21,ACC-000396,ACC-000086,ATM-00001,2026-07-01 09:26:46,2026-07-01 10:26:46
CMP-002190,2026-07-26 17:14:03,Financial Fraud,Investment Scam,170351.17,Chennai,Tamil Nadu,Wallet,6.25,ACC-000960,ACC-000150,ATM-00058,2026-07-26 14:29:03,2026-07-26 15:29:03
CMP-002191,2026-07-08 22:14:53,Other Cyber Crime,Online Matrimonial/Romance Scam,13486.06,Mumbai,Maharashtra,UPI,0.68,ACC-000854,ACC-000120,ATM-00297,2026-07-09 05:36:05,2026-07-09 06:36:05
CMP-002192,2026-07-02 22:15:21,Financial Fraud,Debit/Credit Card Fraud,19064.3,Lucknow,Uttar Pradesh,Card,2.15,ACC-000974,ACC-000112,ATM-00010,2026-07-03 07:04:21,2026-07-03 08:04:21
CMP-002193,2026-06-10 01:16:06,Financial Fraud,Debit/Credit Card Fraud,8139.49,Chennai,Tamil Nadu,UPI,0.69,ACC-000404,ACC-000188,ATM-00023,2026-06-10 11:36:42,2026-06-10 12:36:42
CMP-002194,2026-08-20 05:49:33,Financial Fraud,E-Wallet Related Fraud,777.77,Mumbai,Maharashtra,Net Banking,25.08,ACC-000891,ACC-000081,ATM-00039,2026-08-19 15:14:45,2026-08-19 16:14:45
CMP-002196,2026-06-29 06:19:30,Financial Fraud,Debit/Credit Card Fraud,4544.94,Mumbai,Maharashtra,Net Banking,0.49,ACC-000965,ACC-000473,ATM-00056,2026-06-29 18:42:06,2026-06-29 19:42:06
CMP-002197,2026-07-21 08:15:59,Financial Fraud,UPI Related Frauds,6653.25,Bengaluru Urban,Karnataka,UPI,2.21,ACC-000309,ACC-000100,ATM-00053,2026-07-21 13:17:23,2026-07-21 14:17:23
CMP-002198,2026-07-08 23:20:28,Financial Fraud,UPI Related Frauds,5590.48,Chennai,Tamil Nadu,,4.62,ACC-000490,ACC-000154,ATM-00029,2026-07-09 05:10:16,2026-07-09 06:10:16
CMP-002199,2026-07-17 10:24:21,Financial Fraud,UPI Related Frauds,743.37,Noida,Uttar Pradesh,Net Banking,5.46,ACC-001184,ACC-000032,ATM-00054,2026-07-17 15:46:45,2026-07-17 16:46:45
CMP-002200,2026-06-21 01:07:57,Financial Fraud,Debit/Credit Card Fraud,44188.65,Chennai,Tamil Nadu,UPI,8.1,ACC-000512,ACC-000729,ATM-00019,2026-06-20 22:57:57,2026-06-20 23:57:57
CMP-002201,2026-08-08 21:39:16,Financial Fraud,UPI Related Frauds,2830.57,Lucknow,Uttar Pradesh,Net Banking,16.29,ACC-000931,ACC-000151,ATM-00014,2026-08-08 12:04:52,2026-08-08 13:04:52
CMP-002203,2026-06-27 17:49:26,Financial Fraud,Internet Banking Related Fraud,2226.92,Ahmedabad,Gujarat,UPI,5.93,ACC-001065,ACC-000133,ATM-00234,2026-06-27 15:15:38,2026-06-27 16:15:38
CMP-002205,2026-08-28 09:09:31,Financial Fraud,Digital Arrest / Impersonation,330841.6,Lucknow,Uttar Pradesh,Card,4.01,ACC-000814,ACC-000176,ATM-00044,2026-08-28 15:30:55,2026-08-28 16:30:55
CMP-002206,2026-06-04 19:04:26,Financial Fraud,Debit/Credit Card Fraud,2022.78,Lucknow,Uttar Pradesh,Net Banking,14.84,ACC-000391,ACC-000528,ATM-00011,2026-06-04 09:29:02,2026-06-04 10:29:02
CMP-002207,2026-07-15 07:16:17,Financial Fraud,UPI Related Frauds,2302.81,Chennai,Tamil Nadu,UPI,11.15,ACC-000437,ACC-000026,ATM-00059,2026-07-15 05:51:17,2026-07-15 06:51:17
CMP-002208,2026-07-08 23:18:23,Financial Fraud,Digital Arrest / Impersonation,42187.94,New Delhi,Delhi,Card,4.17,ACC-000282,ACC-000174,ATM-00058,2026-07-08 22:51:11,2026-07-08 23:51:11
CMP-002209,2026-06-25 04:31:34,Financial Fraud,Digital Arrest / Impersonation,108257.97,mumbai,Maharashtra,UPI,6.35,ACC-000402,ACC-000057,ATM-00009,2026-06-25 08:15:34,2026-06-25 09:15:34
CMP-002210,2026-07-08 08:20:03,Financial Fraud,E-Wallet Related Fraud,404.87,Lucknow,Uttar Pradesh,Wallet,1.17,ACC-000491,ACC-000170,ATM-00047,2026-07-08 14:42:51,2026-07-08 15:42:51
CMP-002211,2026-07-09 05:02:27,Financial Fraud,UPI Related Frauds,6880.65,Noida,Uttar Pradesh,Net Banking,3.82,ACC-000378,ACC-000010,ATM-00022,2026-07-09 11:25:15,2026-07-09 12:25:15
CMP-002212,2026-06-16 08:00:31,Financial Fraud,UPI Related Frauds,1860.58,Chennai,Tamil Nadu,UPI,0.88,ACC-000312,ACC-000144,ATM-00332,2026-06-16 16:28:43,2026-06-16 17:28:43
CMP-002214,2026-08-28 05:30:34,Financial Fraud,Investment Scam,86537.67,Chennai,Tamil Nadu,Card,2.19,ACC-001017,ACC-000168,ATM-00210,2026-08-28 10:02:10,2026-08-28 11:02:10
CMP-002215,2026-07-06 19:12:28,Other Cyber Crime,Online Matrimonial/Romance Scam,4613.55,Noida,Uttar Pradesh,UPI,4.13,ACC-000835,ACC-000437,ATM-00066,2026-07-06 19:52:40,2026-07-06 20:52:40
CMP-002216,2026-07-02 15:39:56,Financial Fraud,UPI Related Frauds,4136.37,New Delhi,Delhi,UPI,55.25,ACC-001071,ACC-000174,ATM-00055,2026-06-30 15:02:56,2026-06-30 16:02:56
CMP-002217,2026-06-05 08:00:26,Financial Fraud,UPI Related Frauds,764.56,Mumbai,Maharashtra,Card,18.02,ACC-000796,ACC-000132,ATM-00051,2026-06-04 20:25:14,2026-06-04 21:25:14
CMP-002218,2026-08-12 19:00:42,Financial Fraud,UPI Related Frauds,7156.61,,Gujarat,Card,1.76,ACC-000945,ACC-000496,ATM-00008,2026-08-13 04:36:06,2026-08-13 05:36:06
CMP-002219,2026-06-19 20:59:35,Financial Fraud,UPI Related Frauds,3579.26,Pune,Maharashtra,UPI,2.59,ACC-000603,ACC-000812,ATM-00057,2026-06-19 21:48:11,2026-06-19 22:48:11
CMP-002221,2026-06-07 15:00:14,Financial Fraud,Investment Scam,216920.91,Lucknow,Uttar Pradesh,UPI,8.25,ACC-000811,ACC-000016,ATM-00275,2026-06-07 13:28:14,2026-06-07 14:28:14
CMP-002222,2026-07-13 11:58:12,Financial Fraud,E-Wallet Related Fraud,1416.23,Ahmedabad,Gujarat,UPI,0.76,ACC-000370,ACC-000111,ATM-00108,2026-07-14 01:14:36,2026-07-14 02:14:36
CMP-002224,2026-06-13 01:17:37,Financial Fraud,E-Wallet Related Fraud,588.91,Mumbai,Maharashtra,,1.26,ACC-001037,ACC-000877,ATM-00023,2026-06-13 02:37:01,2026-06-13 03:37:01
CMP-002226,2026-06-18 06:37:50,Financial Fraud,UPI Related Frauds,1460.78,Lucknow,Uttar Pradesh,UPI,2.7,ACC-000835,ACC-000067,ATM-00030,2026-06-18 15:41:50,2026-06-18 16:41:50
CMP-002227,2026-06-21 23:42:16,Financial Fraud,UPI Related Frauds,872.14,,Gujarat,UPI,1.39,ACC-000527,ACC-000065,ATM-00286,2026-06-22 07:15:52,2026-06-22 08:15:52
CMP-002228,2026-07-21 18:23:08,Financial Fraud,UPI Related Frauds,5614.37,Ahmedabad,Gujarat,Card,0.93,ACC-000529,ACC-000027,ATM-00262,2026-07-22 07:10:20,2026-07-22 08:10:20
CMP-002229,2026-07-08 22:12:24,Financial Fraud,Investment Scam,12366.74,Chennai,Tamil Nadu,,2.1,ACC-001164,ACC-000071,ATM-00060,2026-07-09 02:50:24,2026-07-09 03:50:24
CMP-002230,2026-06-05 17:23:49,Financial Fraud,Debit/Credit Card Fraud,10218.5,Noida,Uttar Pradesh,Net Banking,3.54,ACC-000843,ACC-001047,ATM-00139,2026-06-05 16:37:25,2026-06-05 17:37:25
CMP-002231,2026-07-07 08:59:07,Financial Fraud,Investment Scam,53962.5,Chennai,Tamil Nadu,Wallet,4.73,ACC-000455,ACC-000164,ATM-00107,2026-07-07 09:43:19,2026-07-07 10:43:19
CMP-002233,2026-08-04 22:45:54,Financial Fraud,UPI Related Frauds,4209.47,Mumbai,Maharashtra,UPI,2.74,ACC-000753,ACC-000159,ATM-00017,2026-08-05 04:58:30,2026-08-05 05:58:30
CMP-002234,2026-08-21 02:35:17,Other Cyber Crime,Hacking/Damage to Computer,0.0,Bengaluru Urban,Karnataka,,14.99,,,,,
CMP-002235,2026-06-17 05:14:53,Financial Fraud,Digital Arrest / Impersonation,15475.36,Bengaluru,Karnataka,UPI,17.35,ACC-001113,ACC-000039,ATM-00013,2026-06-16 20:41:53,2026-06-16 21:41:53
CMP-002236,2026-07-02 07:53:52,Financial Fraud,Internet Banking Related Fraud,7742.61,Hyderabad,Telangana,Card,2.99,ACC-000531,ACC-000206,ATM-00045,2026-07-02 23:50:28,2026-07-03 00:50:28
CMP-002237,2026-07-23 14:15:31,Financial Fraud,UPI Related Frauds,2928.11,Mumbai,Maharashtra,UPI,3.94,ACC-000339,ACC-000136,ATM-00006,2026-07-23 20:44:07,2026-07-23 21:44:07
CMP-002240,2026-08-03 21:09:42,Financial Fraud,UPI Related Frauds,1744.14,Mumbai,Maharashtra,Net Banking,13.21,ACC-000487,ACC-000046,ATM-00298,2026-08-03 17:39:06,2026-08-03 18:39:06
CMP-002241,2026-06-07 12:53:35,Financial Fraud,E-Wallet Related Fraud,7781.85,Poona,Maharashtra,Wallet,2.77,ACC-000270,ACC-000205,ATM-00146,2026-06-07 13:52:23,2026-06-07 14:52:23
CMP-002243,2026-08-22 13:43:37,Financial Fraud,UPI Related Frauds,5879.69,Noida,Uttar Pradesh,Card,5.69,ACC-000485,ACC-000176,ATM-00039,2026-08-22 18:06:13,2026-08-22 19:06:13
CMP-002244,2026-07-02 11:48:00,Financial Fraud,UPI Related Frauds,4562.99,Bengaluru Urban,Karnataka,Wallet,2.07,ACC-000885,ACC-000053,ATM-00065,2026-07-02 14:27:48,2026-07-02 15:27:48
CMP-002245,2026-08-14 21:30:25,Financial Fraud,Investment Scam,11391.14,Ahmedabad,Gujarat,Net Banking,8.2,ACC-000594,ACC-000078,ATM-00040,2026-08-14 18:57:25,2026-08-14 19:57:25
CMP-002246,2026-08-25 19:47:32,Financial Fraud,UPI Related Frauds,465.42,,Gujarat,Net Banking,3.06,ACC-001017,ACC-000137,ATM-00004,2026-08-25 20:57:56,2026-08-25 21:57:56
CMP-002248,2026-07-08 02:59:23,Financial Fraud,E-Wallet Related Fraud,9496.46,Noida,Uttar Pradesh,Card,15.33,ACC-000850,ACC-000087,ATM-00063,2026-07-07 20:24:35,2026-07-07 21:24:35
CMP-002249,2026-08-08 09:54:17,Financial Fraud,Investment Scam,42189.73,Lucknow,Uttar Pradesh,Wallet,4.63,ACC-001064,ACC-000089,ATM-00044,2026-08-08 10:41:29,2026-08-08 11:41:29
CMP-002252,2026-06-29 19:09:44,Financial Fraud,UPI Related Frauds,476.95,Pune,Maharashtra,UPI,4.74,ACC-000980,ACC-001044,ATM-00033,2026-06-29 16:02:20,2026-06-29 17:02:20
CMP-002253,2026-06-24 02:43:45,Financial Fraud,Debit/Credit Card Fraud,3831.18,Ahmedabad,Gujarat,Wallet,0.6,ACC-000335,ACC-000122,ATM-00072,2026-06-24 21:26:45,2026-06-24 22:26:45
CMP-002254,2026-08-11 18:35:25,Financial Fraud,Internet Banking Related Fraud,9938.91,Jaipur,Rajasthan,,10.58,ACC-001078,ACC-000161,ATM-00028,2026-08-11 14:31:37,2026-08-11 15:31:37
CMP-002255,2026-08-16 09:46:30,Financial Fraud,UPI Related Frauds,3656.75,Poona,Maharashtra,Net Banking,3.04,ACC-000310,ACC-000029,ATM-00055,2026-08-16 13:16:06,2026-08-16 14:16:06
CMP-002256,2026-08-02 22:03:27,Financial Fraud,Internet Banking Related Fraud,11985.37,Jaipur,Rajasthan,Net Banking,10.14,ACC-000661,ACC-000196,ATM-00021,2026-08-02 20:30:03,2026-08-02 21:30:03
CMP-002257,2026-08-11 03:43:05,Financial Fraud,Investment Scam,147211.36,Mumbai,Maharashtra,UPI,1.67,ACC-000449,ACC-000142,ATM-00016,2026-08-11 07:07:53,2026-08-11 08:07:53
CMP-002258,2026-08-28 00:36:20,Financial Fraud,UPI Related Frauds,3823.57,Noida,Uttar Pradesh,Wallet,18.81,ACC-001047,ACC-001151,ATM-00230,2026-08-27 10:50:44,2026-08-27 11:50:44
CMP-002259,2026-08-07 14:26:43,Other Cyber Crime,Online Matrimonial/Romance Scam,6930.64,Hyderabad,Telangana,Net Banking,55.56,ACC-000905,ACC-000175,ATM-00046,2026-08-05 19:30:07,2026-08-05 20:30:07
CMP-002260,2026-07-02 05:28:06,Financial Fraud,E-Wallet Related Fraud,1312.25,pune,Maharashtra,UPI,4.66,ACC-001028,ACC-000085,ATM-00048,2026-07-02 05:57:30,2026-07-02 06:57:30
CMP-002261,2026-07-18 17:36:34,Financial Fraud,E-Wallet Related Fraud,1166.79,Bengaluru Urban,Karnataka,UPI,5.86,ACC-001080,ACC-000189,ATM-00057,2026-07-18 16:06:58,2026-07-18 17:06:58
CMP-002262,2026-06-14 17:47:36,Financial Fraud,UPI Related Frauds,621.42,,Gujarat,Wallet,2.33,ACC-000823,ACC-000066,ATM-00040,2026-06-15 00:54:48,2026-06-15 01:54:48
CMP-002263,2026-07-24 06:54:23,Financial Fraud,UPI Related Frauds,1115.54,Mumbai,Maharashtra,Net Banking,5.27,ACC-000302,ACC-000112,ATM-00030,2026-07-24 14:45:11,2026-07-24 15:45:11
CMP-002264,2026-06-08 14:08:11,Other Cyber Crime,Cyber Bullying/Stalking,0.0,Mumbai,Maharashtra,,14.78,,,,,
CMP-002265,2026-06-16 22:31:03,Financial Fraud,Debit/Credit Card Fraud,9376.92,Lucknow,Uttar Pradesh,Net Banking,0.26,ACC-001110,ACC-000374,ATM-00014,2026-06-17 02:51:27,2026-06-17 03:51:27
CMP-002266,2026-06-25 04:08:26,Financial Fraud,UPI Related Frauds,18729.64,Mumbai,Maharashtra,UPI,6.39,ACC-000782,ACC-000629,ATM-00003,2026-06-25 02:13:02,2026-06-25 03:13:02
CMP-002267,2026-06-20 13:17:54,Financial Fraud,Internet Banking Related Fraud,3051.84,Jaipur,Rajasthan,UPI,5.41,ACC-000524,ACC-000012,ATM-00034,2026-06-20 14:13:18,2026-06-20 15:13:18
CMP-002268,2026-07-05 21:53:11,Financial Fraud,Investment Scam,124125.29,Bengaluru Urban,Karnataka,UPI,2.01,ACC-000844,ACC-000136,ATM-00125,2026-07-06 00:55:35,2026-07-06 01:55:35
CMP-002269,2026-07-20 01:25:01,Financial Fraud,UPI Related Frauds,3562.17,Lucknow,Uttar Pradesh,Card,2.16,ACC-000542,ACC-000142,ATM-00042,2026-07-20 15:57:25,2026-07-20 16:57:25
CMP-002270,2026-08-17 01:07:32,Financial Fraud,Debit/Credit Card Fraud,3280.13,Bengaluru Urban,Karnataka,Card,1.97,ACC-000947,ACC-000145,ATM-00053,2026-08-17 12:46:20,2026-08-17 13:46:20
CMP-002272,2026-06-15 20:02:48,Other Cyber Crime,Cyber Bullying/Stalking,0.0,Noida,Uttar Pradesh,,9.05,,,,,
CMP-002273,2026-07-07 22:30:47,Financial Fraud,Internet Banking Related Fraud,11102.03,Mumbai,Maharashtra,Card,11.99,ACC-001144,ACC-000140,ATM-00268,2026-07-07 21:05:23,2026-07-07 22:05:23
CMP-002274,2026-07-29 20:08:29,Financial Fraud,Debit/Credit Card Fraud,6797.7,Pune,Maharashtra,Card,2.36,ACC-000906,ACC-000008,ATM-00082,2026-07-29 21:48:53,2026-07-29 22:48:53
CMP-002275,2026-06-20 00:03:02,Financial Fraud,UPI Related Frauds,6346.75,New delhi,Delhi,UPI,0.88,ACC-000720,ACC-000050,ATM-00064,2026-06-20 11:38:14,2026-06-20 12:38:14
CMP-002276,2026-07-19 14:42:54,Financial Fraud,UPI Related Frauds,1325.3,Bengaluru Urban,Karnataka,Net Banking,1.41,ACC-000883,ACC-000198,ATM-00055,2026-07-19 19:46:18,2026-07-19 20:46:18
CMP-002277,2026-07-11 08:55:52,Financial Fraud,Debit/Credit Card Fraud,14473.23,Pune,Maharashtra,Wallet,13.89,ACC-001052,ACC-000029,ATM-00196,2026-07-11 02:42:28,2026-07-11 03:42:28
CMP-002278,2026-07-18 12:44:12,Other Cyber Crime,Online Matrimonial/Romance Scam,22834.68,Pune,Maharashtra,UPI,16.22,ACC-000680,ACC-000368,ATM-00022,2026-07-18 06:06:00,2026-07-18 07:06:00
CMP-002279,2026-08-25 22:11:54,Other Cyber Crime,Online Matrimonial/Romance Scam,5078.59,Bengaluru Urban,Karnataka,,6.81,ACC-000977,ACC-000187,ATM-00059,2026-08-25 21:40:18,2026-08-25 22:40:18
CMP-002281,2026-06-25 18:47:42,Financial Fraud,UPI Related Frauds,6388.11,Delhi,Delhi,Net Banking,3.9,ACC-001030,ACC-000052,ATM-00071,2026-06-25 21:18:42,2026-06-25 22:18:42
CMP-002282,2026-08-08 20:23:20,Financial Fraud,Investment Scam,59848.66,,Maharashtra,Card,8.58,ACC-000960,ACC-000114,ATM-00295,2026-08-08 16:18:32,2026-08-08 17:18:32
CMP-002283,2026-08-03 04:43:18,Financial Fraud,Investment Scam,308358.98,Ahmedabad,Gujarat,UPI,2.01,ACC-000338,ACC-000843,ATM-00010,2026-08-03 20:05:42,2026-08-03 21:05:42
CMP-002286,2026-07-29 18:46:02,Financial Fraud,E-Wallet Related Fraud,3252.32,Bengaluru Rural,Karnataka,Card,6.14,ACC-000536,ACC-001069,ATM-00033,2026-07-29 19:27:38,2026-07-29 20:27:38
CMP-002287,2026-07-29 11:06:34,Financial Fraud,Investment Scam,7828.84,mumbai,Maharashtra,Card,2.94,ACC-001130,ACC-000162,ATM-00023,2026-07-29 18:30:10,2026-07-29 19:30:10
CMP-002288,2026-06-12 08:00:07,Financial Fraud,E-Wallet Related Fraud,338.77,bengaluru urban,Karnataka,,23.19,ACC-000498,ACC-000187,ATM-00029,2026-06-11 22:04:43,2026-06-11 23:04:43
CMP-002289,2026-07-09 14:37:51,Financial Fraud,E-Wallet Related Fraud,838.12,Chennai,Tamil Nadu,Net Banking,20.22,ACC-001124,ACC-000142,ATM-00034,2026-07-09 01:04:39,2026-07-09 02:04:39
CMP-002291,2026-06-25 13:13:57,Financial Fraud,Debit/Credit Card Fraud,1583.22,Hyderabad,Telangana,Net Banking,6.82,ACC-001114,ACC-000302,ATM-00059,2026-06-25 13:09:45,2026-06-25 14:09:45
CMP-002292,2026-08-26 02:02:46,Financial Fraud,Internet Banking Related Fraud,2851.72,Noida,Uttar Pradesh,UPI,5.07,ACC-000600,ACC-000206,ATM-00120,2026-08-26 07:39:34,2026-08-26 08:39:34
CMP-002293,2026-08-25 02:09:39,Financial Fraud,UPI Related Frauds,1930.35,pune,Maharashtra,Wallet,0.53,ACC-000418,ACC-000079,ATM-00214,2026-08-25 06:15:51,2026-08-25 07:15:51
CMP-002294,2026-07-26 14:16:55,Financial Fraud,Online Job Fraud,489.11,Bengaluru Urban,Karnataka,Net Banking,5.88,ACC-001133,ACC-000651,ATM-00021,2026-07-26 12:26:07,2026-07-26 13:26:07
CMP-002297,2026-06-07 18:44:32,Financial Fraud,Digital Arrest / Impersonation,43171.95,Bengaluru Urban,Karnataka,Net Banking,2.98,ACC-000830,ACC-000142,ATM-00279,2026-06-08 03:33:44,2026-06-08 04:33:44
CMP-002300,2026-06-11 16:52:25,Financial Fraud,Debit/Credit Card Fraud,9703.39,Lucknow,Uttar Pradesh,Card,0.44,ACC-000576,ACC-001137,ATM-00028,2026-06-12 00:22:01,2026-06-12 01:22:01
CMP-002301,2026-06-06 17:26:17,Financial Fraud,Digital Arrest / Impersonation,24013.55,Mumbai,Maharashtra,Net Banking,1.56,ACC-000892,ACC-000951,ATM-00094,2026-06-07 07:05:41,2026-06-07 08:05:41
CMP-002302,2026-08-27 14:26:56,Financial Fraud,Digital Arrest / Impersonation,67498.75,Mumbai,Maharashtra,Wallet,7.98,ACC-001181,ACC-000112,ATM-00026,2026-08-27 11:25:08,2026-08-27 12:25:08
CMP-002303,2026-06-11 14:26:37,Financial Fraud,Debit/Credit Card Fraud,21954.13,Chennai,Tamil Nadu,Wallet,2.47,ACC-000723,ACC-000080,ATM-00054,2026-06-11 19:29:25,2026-06-11 20:29:25
CMP-002304,2026-07-07 16:10:16,Financial Fraud,UPI Related Frauds,1904.9,Mumbai,Maharashtra,UPI,17.81,ACC-000431,ACC-000220,ATM-00007,2026-07-07 09:24:40,2026-07-07 10:24:40
CMP-002305,2026-06-23 19:04:38,Financial Fraud,UPI Related Frauds,3892.94,Bengaluru Urban,Karnataka,Card,20.52,ACC-000917,ACC-000467,ATM-00059,2026-06-23 07:27:26,2026-06-23 08:27:26
CMP-002306,2026-06-06 22:16:18,Financial Fraud,E-Wallet Related Fraud,2517.4,Bengaluru Urban,Karnataka,UPI,1.12,ACC-000607,ACC-001046,ATM-00055,2026-06-06 22:47:06,2026-06-06 23:47:06
CMP-002308,2026-07-21 17:07:39,Other Cyber Crime,Online Matrimonial/Romance Scam,2424.39,,Karnataka,Net Banking,9.92,ACC-000333,ACC-000094,ATM-00062,2026-07-21 07:54:27,2026-07-21 08:54:27
CMP-002310,2026-07-29 16:17:16,Financial Fraud,Debit/Credit Card Fraud,11419.82,New Delhi,Delhi,UPI,18.09,ACC-000492,ACC-000036,ATM-00031,2026-07-29 00:28:52,2026-07-29 01:28:52
CMP-002311,2026-07-01 14:31:28,Financial Fraud,Debit/Credit Card Fraud,2751.73,Chennai,Tamil Nadu,Net Banking,1.12,ACC-000249,ACC-000039,ATM-00141,2026-07-01 15:01:16,2026-07-01 16:01:16
CMP-002312,2026-07-07 17:49:08,Other Cyber Crime,Hacking/Damage to Computer,0.0,Ahmedabad,Gujarat,,12.43,,,,,
CMP-002313,2026-08-24 18:25:04,Financial Fraud,E-Wallet Related Fraud,2790.97,Jaipur,Rajasthan,UPI,5.1,ACC-000301,ACC-000105,ATM-00063,2026-08-25 01:46:04,2026-08-25 02:46:04
CMP-002314,2026-08-07 19:10:34,Financial Fraud,UPI Related Frauds,4224.41,Lucknow,Uttar Pradesh,,6.6,ACC-000957,ACC-000204,ATM-00051,2026-08-08 01:34:34,2026-08-08 02:34:34
CMP-002315,2026-06-03 11:50:23,Financial Fraud,Digital Arrest / Impersonation,279450.44,Chennai,Tamil Nadu,Card,21.2,ACC-001045,ACC-000102,ATM-00052,2026-06-02 21:32:23,2026-06-02 22:32:23
CMP-002317,2026-08-06 14:55:36,Financial Fraud,UPI Related Frauds,4734.62,Lucknow,Uttar Pradesh,,2.58,ACC-000340,ACC-000794,ATM-00057,2026-08-06 16:25:48,2026-08-06 17:25:48
CMP-002318,2026-06-19 05:55:12,Financial Fraud,Debit/Credit Card Fraud,10473.09,Pune,Maharashtra,UPI,0.84,ACC-000829,ACC-000004,ATM-00016,2026-06-19 17:31:48,2026-06-19 18:31:48
CMP-002319,2026-07-02 06:44:31,Financial Fraud,E-Wallet Related Fraud,4642.99,Chennai,Tamil Nadu,UPI,1.07,ACC-001043,ACC-000084,ATM-00006,2026-07-02 06:22:19,2026-07-02 07:22:19
CMP-002320,2026-08-18 09:44:45,Financial Fraud,Debit/Credit Card Fraud,6540.72,Bengaluru Rural,Karnataka,Net Banking,1.63,ACC-001152,ACC-000164,ATM-00041,2026-08-18 13:44:57,2026-08-18 14:44:57
CMP-002321,2026-07-18 01:03:03,Financial Fraud,E-Wallet Related Fraud,3111.04,Mumbai City,Maharashtra,UPI,4.3,ACC-000790,ACC-000078,ATM-00061,2026-07-17 23:23:03,2026-07-18 00:23:03
CMP-002322,2026-07-12 13:07:01,Financial Fraud,E-Wallet Related Fraud,557.91,Bengaluru Urban,Karnataka,Wallet,7.42,ACC-000900,ACC-000098,ATM-00016,2026-07-12 09:44:49,2026-07-12 10:44:49
CMP-002323,2026-08-03 22:02:27,Other Cyber Crime,Hacking/Damage to Computer,0.0,Lucknow,Uttar Pradesh,,2.24,,,,,
CMP-002324,2026-08-11 06:59:28,Financial Fraud,Online Job Fraud,8046.82,,Tamil Nadu,UPI,4.49,ACC-000595,ACC-000272,ATM-00037,2026-08-11 11:11:04,2026-08-11 12:11:04
CMP-002325,2026-08-24 10:55:03,Financial Fraud,E-Wallet Related Fraud,2741.71,Ahmedabad,Gujarat,Card,1.42,ACC-000822,ACC-000128,ATM-00143,2026-08-24 20:40:51,2026-08-24 21:40:51
CMP-002326,2026-07-19 23:53:18,Financial Fraud,Internet Banking Related Fraud,3680.0,Hyderabad,Telangana,UPI,2.58,ACC-000320,ACC-000857,ATM-00029,2026-07-20 09:27:30,2026-07-20 10:27:30
CMP-002327,2026-08-20 19:31:32,Financial Fraud,Debit/Credit Card Fraud,11576.15,Bengaluru Urban,Karnataka,Net Banking,33.54,ACC-000378,ACC-001164,ATM-00384,2026-08-19 17:21:08,2026-08-19 18:21:08
CMP-002329,2026-07-23 11:50:51,Other Cyber Crime,Hacking/Damage to Computer,0.0,Lucknow,Uttar Pradesh,,0.33,,,,,
CMP-002331,2026-08-09 11:51:13,Financial Fraud,Investment Scam,17013.1,Bengaluru Urban,Karnataka,UPI,0.67,ACC-000979,ACC-000499,ATM-00010,2026-08-09 22:56:01,2026-08-09 23:56:01
CMP-002333,2026-06-26 00:19:04,Financial Fraud,Investment Scam,74735.61,Mumbai,Maharashtra,Net Banking,7.07,ACC-000828,ACC-000833,ATM-00009,2026-06-26 04:09:52,2026-06-26 05:09:52
CMP-002334,2026-08-04 14:40:20,Other Cyber Crime,Hacking/Damage to Computer,0.0,Ahmedabad,Gujarat,,10.26,,,,,
CMP-002336,2026-06-22 17:30:22,Financial Fraud,Investment Scam,90184.07,Pune,Maharashtra,Wallet,1.08,ACC-000996,ACC-000208,ATM-00066,2026-06-23 00:21:34,2026-06-23 01:21:34
CMP-002337,2026-08-02 12:35:50,Financial Fraud,Investment Scam,390490.31,Noida,Uttar Pradesh,UPI,2.21,ACC-000482,ACC-000421,ATM-00065,2026-08-02 22:11:14,2026-08-02 23:11:14
CMP-002338,2026-08-10 09:26:16,Other Cyber Crime,Cyber Bullying/Stalking,0.0,delhi,Delhi,,1.46,,,,,
CMP-002340,2026-06-26 03:43:57,Financial Fraud,Debit/Credit Card Fraud,3237.54,Mumbai,Maharashtra,UPI,6.77,ACC-000423,ACC-000565,ATM-00324,2026-06-26 03:20:45,2026-06-26 04:20:45
CMP-002341,2026-08-11 21:40:45,Financial Fraud,UPI Related Frauds,4078.59,bengaluru urban,Karnataka,Card,1.53,ACC-000917,ACC-000172,ATM-00012,2026-08-12 05:25:57,2026-08-12 06:25:57
CMP-002344,2026-06-19 10:24:01,Financial Fraud,UPI Related Frauds,8622.37,Noida,Uttar Pradesh,Net Banking,17.69,ACC-000627,ACC-000149,ATM-00003,2026-06-19 03:15:37,2026-06-19 04:15:37
CMP-002345,2026-07-06 10:34:01,Other Cyber Crime,Online Matrimonial/Romance Scam,2902.55,Pune,Maharashtra,Net Banking,11.21,ACC-000478,ACC-001044,ATM-00010,2026-07-06 15:35:25,2026-07-06 16:35:25
CMP-002346,2026-08-04 10:37:57,Other Cyber Crime,Cyber Bullying/Stalking,0.0,Bengaluru Urban,Karnataka,,4.2,,,,,
CMP-002347,2026-07-09 09:08:40,Financial Fraud,E-Wallet Related Fraud,1285.9,mumbai,Maharashtra,UPI,5.48,ACC-000795,ACC-000406,ATM-00044,2026-07-09 09:09:52,2026-07-09 10:09:52
CMP-002348,2026-08-19 05:45:45,Financial Fraud,Online Job Fraud,8524.42,Pune,Maharashtra,Wallet,8.17,ACC-000753,ACC-000163,ATM-00275,2026-08-19 00:30:33,2026-08-19 01:30:33
CMP-002349,2026-07-15 06:03:17,Financial Fraud,Digital Arrest / Impersonation,20865.06,Lucknow,Uttar Pradesh,UPI,10.92,ACC-000292,ACC-000334,ATM-00018,2026-07-15 06:23:05,2026-07-15 07:23:05
CMP-002351,2026-06-30 23:46:09,Financial Fraud,Investment Scam,66545.75,Noida,Uttar Pradesh,Card,3.45,ACC-001034,ACC-000455,ATM-00006,2026-06-30 23:19:09,2026-07-01 00:19:09
CMP-002352,2026-08-22 07:12:45,Financial Fraud,Investment Scam,267297.05,Mumbai,Maharashtra,Net Banking,1.29,ACC-001167,ACC-000121,ATM-00312,2026-08-22 16:20:21,2026-08-22 17:20:21
CMP-002353,2026-07-19 01:29:35,Financial Fraud,Debit/Credit Card Fraud,34378.79,Hyderabad,Telangana,UPI,0.5,ACC-000443,ACC-000200,ATM-00016,2026-07-19 13:26:35,2026-07-19 14:26:35
CMP-002354,2026-08-18 15:55:35,Other Cyber Crime,Hacking/Damage to Computer,0.0,Bengaluru Rural,Karnataka,,2.19,,,,,
CMP-002355,2026-06-21 10:45:50,Financial Fraud,UPI Related Frauds,4159.67,Hyderabad,Telangana,Net Banking,9.04,ACC-000746,ACC-000070,ATM-00207,2026-06-21 08:23:26,2026-06-21 09:23:26
CMP-002357,2026-06-18 09:08:50,Financial Fraud,UPI Related Frauds,2830.9,Hyderabad,Telangana,,7.34,ACC-000839,ACC-000036,ATM-00034,2026-06-18 10:48:26,2026-06-18 11:48:26
CMP-002359,2026-07-24 04:47:58,Financial Fraud,Digital Arrest / Impersonation,163933.96,Jaipur,Rajasthan,UPI,12.77,ACC-000987,ACC-000039,ATM-00240,2026-07-23 20:44:46,2026-07-23 21:44:46
CMP-002362,2026-07-24 04:57:21,Other Cyber Crime,Cyber Bullying/Stalking,0.0,Ahmedabad,Gujarat,,6.9,,,,,
CMP-002363,2026-08-13 00:54:28,Financial Fraud,Debit/Credit Card Fraud,2870.82,Bengaluru Rural,Karnataka,Net Banking,9.84,ACC-000491,ACC-000058,ATM-00210,2026-08-13 02:43:04,2026-08-13 03:43:04
CMP-002364,2026-08-08 21:27:31,Financial Fraud,Online Job Fraud,1389.68,Bengaluru Urban,Karnataka,UPI,35.26,ACC-000747,ACC-001018,ATM-00002,2026-08-07 11:59:55,2026-08-07 12:59:55
CMP-002365,2026-07-13 21:39:49,Financial Fraud,E-Wallet Related Fraud,975.48,Noida,Uttar Pradesh,Net Banking,5.83,ACC-000981,ACC-000014,ATM-00275,2026-07-14 02:53:01,2026-07-14 03:53:01
CMP-002368,2026-08-23 08:17:19,Financial Fraud,Internet Banking Related Fraud,28342.5,Ahmedabad,Gujarat,UPI,4.56,ACC-000672,ACC-001024,ATM-00002,2026-08-23 07:05:43,2026-08-23 08:05:43
CMP-002369,2026-08-21 17:12:36,Other Cyber Crime,Hacking/Damage to Computer,0.0,Pune,Maharashtra,,2.19,,,,,
CMP-002370,2026-07-05 12:34:13,Financial Fraud,UPI Related Frauds,2277.28,,Karnataka,Wallet,11.83,ACC-000512,ACC-000196,ATM-00049,2026-07-05 10:41:25,2026-07-05 11:41:25
CMP-002371,2026-07-21 01:03:03,Financial Fraud,UPI Related Frauds,1761.62,Bengaluru Urban,Karnataka,Net Banking,1.82,ACC-001194,ACC-000196,ATM-00012,2026-07-21 01:28:51,2026-07-21 02:28:51
CMP-002372,2026-07-31 20:57:06,Financial Fraud,Internet Banking Related Fraud,5315.93,Jaipur,Rajasthan,Net Banking,1.09,ACC-001095,ACC-000001,ATM-00014,2026-07-31 21:45:42,2026-07-31 22:45:42
CMP-002373,2026-07-09 12:14:57,Financial Fraud,UPI Related Frauds,15344.15,Bengaluru Urban,Karnataka,Card,2.27,ACC-000661,ACC-000051,ATM-00273,2026-07-09 11:52:45,2026-07-09 12:52:45
CMP-002374,2026-08-03 09:07:37,Financial Fraud,Investment Scam,291006.77,Jaipur,Rajasthan,Net Banking,5.76,ACC-000351,ACC-000030,ATM-00068,2026-08-03 10:13:01,2026-08-03 11:13:01
CMP-002375,2026-08-05 02:55:40,Financial Fraud,Investment Scam,27449.57,Jaipur,Rajasthan,Net Banking,4.45,ACC-000853,ACC-000021,ATM-00065,2026-08-05 00:57:40,2026-08-05 01:57:40
CMP-002376,2026-08-03 03:20:03,Financial Fraud,Investment Scam,273540.13,Hyderabad,Telangana,UPI,3.58,ACC-000557,ACC-001041,ATM-00157,2026-08-02 23:52:15,2026-08-03 00:52:15
CMP-002377,2026-06-02 03:02:08,Financial Fraud,E-Wallet Related Fraud,5190.01,Lucknow,Uttar Pradesh,UPI,15.27,ACC-001007,ACC-000026,ATM-00009,2026-06-01 18:25:56,2026-06-01 19:25:56
CMP-002378,2026-08-04 22:23:55,Financial Fraud,UPI Related Frauds,6815.97,Lucknow,Uttar Pradesh,Wallet,2.58,ACC-000259,ACC-000066,ATM-00051,2026-08-04 22:52:07,2026-08-04 23:52:07
CMP-002379,2026-07-26 14:19:33,Financial Fraud,UPI Related Frauds,1127.93,Noida,Uttar Pradesh,Card,2.15,ACC-000977,ACC-000260,ATM-00034,2026-07-26 22:17:33,2026-07-26 23:17:33
CMP-002380,2026-07-28 13:30:29,Financial Fraud,Investment Scam,127403.34,Bengaluru Urban,Karnataka,UPI,8.63,ACC-000597,ACC-001089,ATM-00030,2026-07-28 18:29:41,2026-07-28 19:29:41
CMP-002381,2026-07-13 02:29:34,Financial Fraud,Debit/Credit Card Fraud,560.28,Ahmedabad,Gujarat,UPI,4.44,ACC-000222,ACC-000143,ATM-00311,2026-07-13 02:31:10,2026-07-13 03:31:10
CMP-002382,2026-08-09 07:12:01,Financial Fraud,UPI Related Frauds,3436.75,Poona,Maharashtra,Wallet,3.21,ACC-000441,ACC-000567,ATM-00048,2026-08-09 05:48:25,2026-08-09 06:48:25
CMP-002383,2026-08-18 22:07:10,Financial Fraud,Investment Scam,528953.6,Mumbai,Maharashtra,Net Banking,7.43,ACC-000436,ACC-000014,ATM-00027,2026-08-19 09:27:22,2026-08-19 10:27:22
CMP-002384,2026-08-16 01:37:40,Financial Fraud,Debit/Credit Card Fraud,18218.48,Hyderabad,Telangana,Net Banking,3.46,ACC-000523,ACC-000007,ATM-00008,2026-08-16 09:58:04,2026-08-16 10:58:04
CMP-002385,2026-07-27 18:29:59,Financial Fraud,Debit/Credit Card Fraud,12550.02,Lucknow,Uttar Pradesh,Card,31.88,ACC-000575,ACC-000110,ATM-00335,2026-07-26 19:56:11,2026-07-26 20:56:11
CMP-002386,2026-08-13 03:48:05,Financial Fraud,Digital Arrest / Impersonation,288956.7,Ahmedabad,Gujarat,Net Banking,1.21,ACC-001140,ACC-000108,ATM-00038,2026-08-13 11:15:29,2026-08-13 12:15:29
CMP-002387,2026-06-18 12:58:40,Other Cyber Crime,Hacking/Damage to Computer,0.0,Chennai,Tamil Nadu,,3.31,,,,,
CMP-002388,2026-06-01 12:24:20,Financial Fraud,Online Job Fraud,2668.71,Ahmedabad,Gujarat,,8.06,ACC-001111,ACC-000249,ATM-00024,2026-06-01 15:27:44,2026-06-01 16:27:44
CMP-002389,2026-06-13 12:09:46,Financial Fraud,Digital Arrest / Impersonation,136437.82,Bengaluru Urban,Karnataka,Card,1.64,ACC-000252,ACC-000301,ATM-00004,2026-06-13 16:51:22,2026-06-13 17:51:22
CMP-002390,2026-06-25 22:17:43,Financial Fraud,E-Wallet Related Fraud,2109.64,Bengaluru Urban,Karnataka,Wallet,0.4,ACC-000398,ACC-000019,ATM-00039,2026-06-26 12:50:43,2026-06-26 13:50:43
CMP-002391,2026-07-20 03:24:39,Financial Fraud,UPI Related Frauds,10913.44,Jaipur,Rajasthan,,2.42,ACC-000391,ACC-000191,ATM-00012,2026-07-20 16:08:27,2026-07-20 17:08:27
CMP-002393,2026-07-21 10:23:24,Financial Fraud,UPI Related Frauds,2255.92,Mumbai,Maharashtra,Wallet,17.73,ACC-000900,ACC-000911,ATM-00011,2026-07-21 01:01:36,2026-07-21 02:01:36
CMP-002395,2026-07-05 04:29:32,Financial Fraud,Investment Scam,86028.65,Lucknow,Uttar Pradesh,Card,2.6,ACC-000798,ACC-000087,ATM-00029,2026-07-05 08:43:32,2026-07-05 09:43:32
CMP-002396,2026-08-04 08:00:34,Financial Fraud,Internet Banking Related Fraud,37280.53,Ahmedabad,Gujarat,Net Banking,1.55,ACC-000960,ACC-000075,ATM-00008,2026-08-04 10:04:34,2026-08-04 11:04:34
CMP-002399,2026-07-31 10:05:37,Financial Fraud,Debit/Credit Card Fraud,2361.45,Bengaluru Rural,Karnataka,,16.7,ACC-001069,ACC-001070,ATM-00009,2026-07-31 05:15:37,2026-07-31 06:15:37
CMP-002400,2026-08-03 02:04:16,Financial Fraud,Internet Banking Related Fraud,10150.94,Mumbai,Maharashtra,Wallet,0.7,ACC-001074,ACC-000449,ATM-00208,2026-08-03 13:40:16,2026-08-03 14:40:16
CMP-002401,2026-06-25 16:16:51,Financial Fraud,Debit/Credit Card Fraud,2866.06,,Karnataka,Net Banking,7.13,ACC-000326,ACC-000126,ATM-00002,2026-06-25 11:13:03,2026-06-25 12:13:03
CMP-002403,2026-08-01 11:16:34,Financial Fraud,UPI Related Frauds,1617.59,Delhi,Delhi,Net Banking,0.14,ACC-000659,ACC-000093,ATM-00032,2026-08-01 16:50:10,2026-08-01 17:50:10
CMP-002404,2026-08-03 19:39:43,Financial Fraud,UPI Related Frauds,4773.81,,Maharashtra,Card,1.04,ACC-000590,ACC-000118,ATM-00154,2026-08-03 22:19:19,2026-08-03 23:19:19
CMP-002405,2026-08-19 18:23:30,Financial Fraud,Internet Banking Related Fraud,882.41,Bengaluru Urban,Karnataka,UPI,0.15,ACC-000850,ACC-000791,ATM-00060,2026-08-20 03:05:30,2026-08-20 04:05:30
CMP-002406,2026-06-03 12:22:27,Other Cyber Crime,Online Matrimonial/Romance Scam,32708.13,Lucknow,Uttar Pradesh,Wallet,5.23,ACC-000534,ACC-000035,ATM-00359,2026-06-03 21:32:39,2026-06-03 22:32:39
CMP-002407,2026-07-22 14:24:54,Financial Fraud,UPI Related Frauds,2433.07,Mumbai,Maharashtra,UPI,23.73,ACC-000661,ACC-000867,ATM-00025,2026-07-22 01:05:06,2026-07-22 02:05:06
CMP-002408,2026-08-02 03:43:18,Financial Fraud,Internet Banking Related Fraud,12548.1,Bengaluru Urban,Karnataka,UPI,31.17,ACC-001142,ACC-000502,ATM-00036,2026-08-01 07:12:06,2026-08-01 08:12:06
CMP-002409,2026-06-15 04:58:21,Other Cyber Crime,Cyber Bullying/Stalking,0.0,New Delhi,Delhi,,0.84,,,,,
CMP-002410,2026-06-01 22:58:59,Financial Fraud,Online Job Fraud,3529.48,Mumbai,Maharashtra,UPI,0.64,ACC-000260,ACC-000190,ATM-00055,2026-06-02 10:15:35,2026-06-02 11:15:35
CMP-002411,2026-06-11 04:40:26,Other Cyber Crime,Online Matrimonial/Romance Scam,10380.45,Mumbai,Maharashtra,Net Banking,3.33,ACC-001193,ACC-000008,ATM-00219,2026-06-11 13:17:38,2026-06-11 14:17:38
CMP-002413,2026-07-22 08:33:59,Financial Fraud,Digital Arrest / Impersonation,126511.51,Lucknow,Uttar Pradesh,UPI,10.42,ACC-000248,ACC-000039,ATM-00044,2026-07-22 04:07:47,2026-07-22 05:07:47
CMP-002415,2026-08-12 23:59:27,Financial Fraud,Online Job Fraud,1561.0,Bengaluru,Karnataka,UPI,6.02,ACC-000227,ACC-000161,ATM-00019,2026-08-12 23:04:15,2026-08-13 00:04:15
CMP-002416,2026-08-16 13:54:52,Financial Fraud,UPI Related Frauds,1448.01,Delhi,Delhi,Card,26.53,ACC-000528,ACC-000034,ATM-00023,2026-08-15 14:52:04,2026-08-15 15:52:04
CMP-002417,2026-07-17 07:10:07,Financial Fraud,Internet Banking Related Fraud,4997.94,Hyderabad,Telangana,Card,2.27,ACC-000219,ACC-000116,ATM-00054,2026-07-17 10:55:55,2026-07-17 11:55:55
CMP-002420,2026-07-06 22:30:49,Other Cyber Crime,Cyber Bullying/Stalking,0.0,Ahmedabad,Gujarat,,33.06,,,,,
CMP-002423,2026-07-12 12:45:53,Financial Fraud,Internet Banking Related Fraud,10724.23,mumbai,Maharashtra,Card,1.26,ACC-000430,ACC-000016,ATM-00042,2026-07-12 19:03:17,2026-07-12 20:03:17
CMP-002424,2026-06-23 05:03:32,Financial Fraud,Investment Scam,287683.91,Chennai,Tamil Nadu,UPI,1.41,ACC-000887,ACC-000133,ATM-00052,2026-06-23 09:02:56,2026-06-23 10:02:56
CMP-002425,2026-07-10 11:14:53,Financial Fraud,Online Job Fraud,6791.94,Jaipur,Rajasthan,Net Banking,16.89,ACC-000295,ACC-000846,ATM-00022,2026-07-10 09:23:29,2026-07-10 10:23:29
CMP-002426,2026-06-08 10:42:29,Financial Fraud,Digital Arrest / Impersonation,168337.11,Ahmedabad,Gujarat,Net Banking,6.06,ACC-001186,ACC-000187,ATM-00037,2026-06-08 15:25:53,2026-06-08 16:25:53
CMP-002428,2026-07-18 20:25:29,Financial Fraud,UPI Related Frauds,1774.41,Mumbai,Maharashtra,Net Banking,26.19,ACC-000830,ACC-000158,ATM-00029,2026-07-17 21:02:05,2026-07-17 22:02:05
CMP-002429,2026-08-05 17:36:04,Financial Fraud,UPI Related Frauds,1588.36,Jaipur,Rajasthan,Card,1.29,ACC-000298,ACC-001154,ATM-00239,2026-08-05 21:29:40,2026-08-05 22:29:40
CMP-002430,2026-07-21 00:03:49,Financial Fraud,Investment Scam,234445.78,Lucknow,Uttar Pradesh,Net Banking,1.72,ACC-001177,ACC-000073,ATM-00051,2026-07-21 00:32:37,2026-07-21 01:32:37
CMP-002431,2026-06-13 02:33:08,Financial Fraud,E-Wallet Related Fraud,934.44,Noida,Uttar Pradesh,UPI,0.79,ACC-000272,ACC-000181,ATM-00047,2026-06-13 05:47:44,2026-06-13 06:47:44
CMP-002432,2026-08-12 10:06:47,Financial Fraud,E-Wallet Related Fraud,1357.87,Chennai,Tamil Nadu,UPI,4.06,ACC-000314,ACC-000210,ATM-00068,2026-08-12 11:32:11,2026-08-12 12:32:11
CMP-002433,2026-07-04 12:02:58,Financial Fraud,Debit/Credit Card Fraud,6267.24,Noida,Uttar Pradesh,UPI,14.04,ACC-000593,ACC-001135,ATM-00007,2026-07-04 02:15:34,2026-07-04 03:15:34
CMP-002434,2026-08-19 22:34:32,Financial Fraud,Investment Scam,195823.16,Jaipur,Rajasthan,Wallet,3.56,ACC-000232,ACC-000179,ATM-00034,2026-08-19 20:44:56,2026-08-19 21:44:56
CMP-002435,2026-06-05 02:41:47,Other Cyber Crime,Hacking/Damage to Computer,0.0,Ahmedabad,Gujarat,,3.53,,,,,
CMP-002436,2026-08-05 11:45:02,Financial Fraud,E-Wallet Related Fraud,3005.28,Jaipur,Rajasthan,Wallet,20.64,ACC-000375,ACC-000086,ATM-00371,2026-08-04 16:44:38,2026-08-04 17:44:38
CMP-002437,2026-06-17 23:20:47,Financial Fraud,Investment Scam,116332.58,,Tamil Nadu,UPI,2.55,ACC-001008,ACC-000080,ATM-00063,2026-06-18 05:47:47,2026-06-18 06:47:47
CMP-002438,2026-06-05 22:37:15,Financial Fraud,Digital Arrest / Impersonation,18188.79,Lucknow,Uttar Pradesh,UPI,0.79,ACC-000788,ACC-000562,ATM-00063,2026-06-06 03:04:51,2026-06-06 04:04:51
CMP-002439,2026-06-11 23:51:11,Financial Fraud,Debit/Credit Card Fraud,9568.86,Pune,Maharashtra,UPI,8.97,ACC-000450,ACC-000043,ATM-00046,2026-06-11 21:22:59,2026-06-11 22:22:59
CMP-002441,2026-06-29 12:00:34,Financial Fraud,UPI Related Frauds,10574.93,Mumbai City,Maharashtra,UPI,2.51,ACC-000328,ACC-000099,ATM-00048,2026-06-29 16:59:58,2026-06-29 17:59:58
CMP-002442,2026-07-09 05:12:16,Financial Fraud,UPI Related Frauds,7042.67,Ahmedabad,Gujarat,UPI,4.28,ACC-000706,ACC-000007,ATM-00003,2026-07-09 06:56:28,2026-07-09 07:56:28
CMP-002443,2026-08-02 10:14:13,Financial Fraud,UPI Related Frauds,1724.14,Chennai,Tamil Nadu,,9.13,ACC-000327,ACC-000855,ATM-00001,2026-08-02 19:38:25,2026-08-02 20:38:25
CMP-002444,2026-08-26 15:39:41,Financial Fraud,Online Job Fraud,5264.14,Chennai,Tamil Nadu,Card,6.88,ACC-000324,ACC-000332,ATM-00035,2026-08-26 13:36:53,2026-08-26 14:36:53
CMP-002445,2026-07-30 18:17:21,Financial Fraud,Debit/Credit Card Fraud,5330.92,Pune,Maharashtra,Card,4.28,ACC-001066,ACC-000099,ATM-00042,2026-07-30 16:57:33,2026-07-30 17:57:33
CMP-002446,2026-07-04 22:54:38,Financial Fraud,UPI Related Frauds,25579.2,Bengaluru Urban,Karnataka,Wallet,18.56,ACC-001081,ACC-000035,ATM-00122,2026-07-04 09:27:02,2026-07-04 10:27:02
CMP-002447,2026-06-10 20:08:02,Financial Fraud,UPI Related Frauds,5713.26,Pune,Maharashtra,UPI,5.13,ACC-000491,ACC-001156,ATM-00043,2026-06-10 21:52:14,2026-06-10 22:52:14
CMP-002450,2026-07-07 08:12:15,Financial Fraud,UPI Related Frauds,2771.58,Lucknow,Uttar Pradesh,UPI,0.1,ACC-001157,ACC-001025,ATM-00015,2026-07-07 21:59:15,2026-07-07 22:59:15
CMP-002451,2026-08-18 19:02:03,Financial Fraud,Debit/Credit Card Fraud,6066.89,Mumbai,Maharashtra,UPI,2.49,ACC-001140,ACC-000026,ATM-00035,2026-08-19 00:55:39,2026-08-19 01:55:39
CMP-002452,2026-07-13 15:46:31,Other Cyber Crime,Online Matrimonial/Romance Scam,77028.98,,Gujarat,UPI,4.59,ACC-001012,ACC-000133,ATM-00007,2026-07-13 21:09:07,2026-07-13 22:09:07
CMP-002453,2026-07-05 21:04:56,Financial Fraud,Debit/Credit Card Fraud,1496.73,Lucknow,Uttar Pradesh,Wallet,4.22,ACC-000836,ACC-000116,ATM-00057,2026-07-06 00:38:44,2026-07-06 01:38:44
CMP-002454,2026-06-28 15:51:52,Financial Fraud,Investment Scam,25337.55,,Karnataka,UPI,7.91,ACC-000237,ACC-000052,ATM-00033,2026-06-28 15:34:16,2026-06-28 16:34:16
CMP-002455,2026-08-27 11:28:37,Financial Fraud,Debit/Credit Card Fraud,6574.46,New Delhi,Delhi,UPI,14.15,ACC-000685,ACC-000007,ATM-00294,2026-08-27 11:44:37,2026-08-27 12:44:37
CMP-002457,2026-07-19 02:45:22,Financial Fraud,UPI Related Frauds,872.6,Lucknow,Uttar Pradesh,Net Banking,10.4,ACC-000423,ACC-000126,ATM-00093,2026-07-19 00:46:22,2026-07-19 01:46:22
CMP-002458,2026-08-14 05:09:50,Financial Fraud,Investment Scam,193790.42,Pune,Maharashtra,Net Banking,8.13,ACC-000755,ACC-000074,ATM-00038,2026-08-14 08:32:02,2026-08-14 09:32:02
CMP-002459,2026-08-12 00:44:11,Financial Fraud,Debit/Credit Card Fraud,4922.73,New Delhi,Delhi,Net Banking,7.37,ACC-000301,ACC-000528,ATM-00064,2026-08-11 20:50:59,2026-08-11 21:50:59
CMP-002460,2026-06-11 11:22:39,Financial Fraud,Debit/Credit Card Fraud,24448.87,Bengaluru Urban,Karnataka,Net Banking,3.18,ACC-000988,ACC-000048,ATM-00063,2026-06-11 17:58:51,2026-06-11 18:58:51
CMP-002461,2026-06-02 07:48:15,Financial Fraud,UPI Related Frauds,3377.13,Pune,Maharashtra,Net Banking,1.22,ACC-000436,ACC-000071,ATM-00039,2026-06-02 23:26:03,2026-06-03 00:26:03
CMP-002462,2026-07-04 05:14:46,Financial Fraud,UPI Related Frauds,1364.53,Ahmedabad,Gujarat,UPI,5.04,ACC-001145,ACC-000115,ATM-00035,2026-07-04 03:30:22,2026-07-04 04:30:22
CMP-002463,2026-07-17 14:55:50,Financial Fraud,Internet Banking Related Fraud,20008.92,Bengaluru Urban,Karnataka,UPI,3.3,ACC-000615,ACC-000162,ATM-00061,2026-07-17 20:55:50,2026-07-17 21:55:50
CMP-002464,2026-06-25 01:17:34,Financial Fraud,Debit/Credit Card Fraud,3881.91,,Delhi,Card,2.75,ACC-000420,ACC-000155,ATM-00389,2026-06-25 01:53:34,2026-06-25 02:53:34
CMP-002465,2026-06-28 07:06:03,Financial Fraud,Investment Scam,49257.47,,Maharashtra,Net Banking,6.39,ACC-000357,ACC-000079,ATM-00039,2026-06-28 08:38:39,2026-06-28 09:38:39
CMP-002466,2026-06-25 00:22:38,Financial Fraud,Online Job Fraud,946.21,Jaipur,Rajasthan,Net Banking,20.85,ACC-000814,ACC-000085,ATM-00054,2026-06-24 03:55:38,2026-06-24 04:55:38
CMP-002467,2026-08-15 23:51:45,Financial Fraud,Debit/Credit Card Fraud,2526.47,Lucknow,Uttar Pradesh,Net Banking,10.66,ACC-001185,ACC-000156,ATM-00038,2026-08-15 17:44:09,2026-08-15 18:44:09
CMP-002469,2026-06-15 10:33:24,Financial Fraud,Online Job Fraud,6665.83,Ahmedabad,Gujarat,UPI,7.11,ACC-000689,ACC-001190,ATM-00010,2026-06-15 09:04:48,2026-06-15 10:04:48
CMP-002470,2026-06-19 15:48:20,Financial Fraud,UPI Related Frauds,1218.06,Bangalore,Karnataka,Wallet,6.05,ACC-000383,ACC-000837,ATM-00035,2026-06-19 23:26:20,2026-06-20 00:26:20
CMP-002471,2026-06-09 19:53:41,Financial Fraud,Debit/Credit Card Fraud,1505.6,Noida,Uttar Pradesh,Wallet,3.31,ACC-000290,ACC-000057,ATM-00019,2026-06-10 01:02:05,2026-06-10 02:02:05
CMP-002472,2026-08-07 23:29:18,Financial Fraud,Debit/Credit Card Fraud,13758.51,Lucknow,Uttar Pradesh,Card,11.66,ACC-000361,ACC-001020,ATM-00059,2026-08-07 14:56:42,2026-08-07 15:56:42
CMP-002473,2026-07-17 12:36:21,Financial Fraud,UPI Related Frauds,3021.97,Pune,Maharashtra,UPI,1.39,ACC-000410,ACC-000131,ATM-00067,2026-07-17 20:58:57,2026-07-17 21:58:57
CMP-002474,2026-06-11 16:26:47,Financial Fraud,Debit/Credit Card Fraud,9372.99,Bengaluru Urban,Karnataka,UPI,4.59,ACC-000999,ACC-000600,ATM-00036,2026-06-11 23:34:23,2026-06-12 00:34:23
CMP-002475,2026-07-11 14:11:00,Financial Fraud,UPI Related Frauds,369.34,Pune,Maharashtra,UPI,11.46,ACC-000609,ACC-000042,ATM-00020,2026-07-11 11:05:24,2026-07-11 12:05:24
CMP-002476,2026-06-01 01:14:55,Financial Fraud,Online Job Fraud,3562.4,Mumbai,Maharashtra,UPI,18.97,ACC-000333,ACC-000178,ATM-00063,2026-05-31 14:14:43,2026-05-31 15:14:43
CMP-002478,2026-06-25 11:48:55,Financial Fraud,E-Wallet Related Fraud,2498.05,,Uttar Pradesh,Wallet,6.36,ACC-000470,ACC-000009,ATM-00042,2026-06-25 13:20:19,2026-06-25 14:20:19
CMP-002480,2026-06-13 15:38:23,Financial Fraud,Investment Scam,3547604.22,New Delhi,Delhi,UPI,3.11,ACC-000670,ACC-000022,ATM-00017,2026-06-13 18:39:47,2026-06-13 19:39:47
CMP-002481,2026-08-15 14:45:17,Financial Fraud,Investment Scam,255313.29,pune,Maharashtra,Card,2.05,ACC-000418,ACC-000099,ATM-00055,2026-08-15 18:07:17,2026-08-15 19:07:17
CMP-002482,2026-06-27 19:00:10,Financial Fraud,E-Wallet Related Fraud,375.31,Bombay,Maharashtra,UPI,3.65,ACC-000575,ACC-000176,ATM-00021,2026-06-27 23:24:10,2026-06-28 00:24:10
CMP-002483,2026-06-13 16:03:10,Financial Fraud,Debit/Credit Card Fraud,3768.36,Chennai,Tamil Nadu,Card,2.77,ACC-000249,ACC-000392,ATM-00256,2026-06-13 21:11:58,2026-06-13 22:11:58
CMP-002485,2026-07-14 06:43:08,Financial Fraud,Digital Arrest / Impersonation,50004.07,Mumbai,Maharashtra,Wallet,0.98,ACC-000256,ACC-000175,ATM-00036,2026-07-14 18:12:20,2026-07-14 19:12:20
CMP-002486,2026-07-04 07:00:36,Financial Fraud,UPI Related Frauds,4617.3,Noida,Uttar Pradesh,,0.43,ACC-000800,ACC-000177,ATM-00039,2026-07-04 14:08:48,2026-07-04 15:08:48
CMP-002487,2026-07-22 19:16:45,Financial Fraud,Debit/Credit Card Fraud,632.48,New Delhi,Delhi,Net Banking,10.88,ACC-001167,ACC-000018,ATM-00001,2026-07-22 22:52:57,2026-07-22 23:52:57
CMP-002488,2026-07-24 10:44:52,Financial Fraud,UPI Related Frauds,4704.7,Mumbai,Maharashtra,Net Banking,4.18,ACC-000795,ACC-000041,ATM-00057,2026-07-24 15:40:04,2026-07-24 16:40:04
CMP-002489,2026-08-22 03:31:40,Financial Fraud,Online Job Fraud,1037.01,New Delhi,Delhi,Wallet,1.92,ACC-000943,ACC-000010,ATM-00064,2026-08-22 07:31:28,2026-08-22 08:31:28
CMP-002490,2026-07-14 13:02:21,Other Cyber Crime,Online Matrimonial/Romance Scam,10006.38,Chennai,Tamil Nadu,Card,0.66,ACC-001017,ACC-000167,ATM-00052,2026-07-14 22:49:45,2026-07-14 23:49:45
CMP-002491,2026-07-17 21:03:12,Financial Fraud,UPI Related Frauds,1532.83,Lucknow,Uttar Pradesh,UPI,9.8,ACC-000314,ACC-000212,ATM-00019,2026-07-18 00:24:12,2026-07-18 01:24:12
CMP-002492,2026-06-03 02:58:19,Other Cyber Crime,Cyber Bullying/Stalking,0.0,Lucknow,Uttar Pradesh,,24.85,,,,,
CMP-002493,2026-06-13 12:26:18,Financial Fraud,UPI Related Frauds,2043.68,Mumbai,Maharashtra,UPI,11.11,ACC-000598,ACC-000049,ATM-00067,2026-06-13 08:34:42,2026-06-13 09:34:42
CMP-002494,2026-08-07 08:40:44,Other Cyber Crime,Hacking/Damage to Computer,0.0,Bengaluru Urban,Karnataka,,0.45,,,,,
CMP-002495,2026-07-19 01:29:38,Financial Fraud,UPI Related Frauds,5396.5,Hyderabad,Telangana,Net Banking,1.71,ACC-000319,ACC-000025,ATM-00043,2026-07-19 05:03:02,2026-07-19 06:03:02
CMP-002496,2026-06-17 01:41:07,Financial Fraud,Online Job Fraud,4801.15,Jaipur,Rajasthan,UPI,3.33,ACC-001187,ACC-000044,ATM-00010,2026-06-17 11:23:19,2026-06-17 12:23:19
CMP-002497,2026-07-08 21:20:28,Financial Fraud,Internet Banking Related Fraud,24845.05,Noida,Uttar Pradesh,UPI,1.57,ACC-000453,ACC-000063,ATM-00005,2026-07-09 11:04:16,2026-07-09 12:04:16
CMP-002498,2026-06-16 12:50:02,Financial Fraud,UPI Related Frauds,5244.03,Mumbai,Maharashtra,Card,3.2,ACC-001132,ACC-000078,ATM-00059,2026-06-16 18:16:02,2026-06-16 19:16:02
CMP-002499,2026-08-16 18:20:26,Financial Fraud,Internet Banking Related Fraud,5662.92,bengaluru urban,Karnataka,Card,3.59,ACC-000455,ACC-000023,ATM-00039,2026-08-16 20:07:02,2026-08-16 21:07:02
CMP-002500,2026-06-26 03:07:42,Financial Fraud,Internet Banking Related Fraud,2847.87,New Delhi,Delhi,UPI,4.41,ACC-001172,ACC-000191,ATM-00050,2026-06-26 03:57:06,2026-06-26 04:57:06
CMP-002501,2026-07-24 14:36:17,Financial Fraud,UPI Related Frauds,2817.53,Ahmedabad,Gujarat,UPI,5.99,ACC-000585,ACC-000095,ATM-00026,2026-07-24 16:51:53,2026-07-24 17:51:53
CMP-002502,2026-06-29 08:02:39,Financial Fraud,UPI Related Frauds,3216.52,Noida,Uttar Pradesh,UPI,11.68,ACC-000644,ACC-000004,ATM-00032,2026-06-29 09:13:51,2026-06-29 10:13:51
CMP-002503,2026-06-13 21:50:44,Financial Fraud,UPI Related Frauds,6844.21,Chennai,Tamil Nadu,,1.27,ACC-000543,ACC-000848,ATM-00047,2026-06-14 06:36:32,2026-06-14 07:36:32
CMP-002504,2026-06-25 04:13:51,Financial Fraud,Investment Scam,305408.12,Ahmedabad,Gujarat,Wallet,1.08,ACC-000975,ACC-000080,ATM-00039,2026-06-25 09:13:03,2026-06-25 10:13:03
CMP-002505,2026-08-02 23:27:12,Financial Fraud,UPI Related Frauds,5059.74,Bengaluru Urban,Karnataka,UPI,9.43,ACC-000490,ACC-000877,ATM-00022,2026-08-03 00:08:24,2026-08-03 01:08:24
CMP-002507,2026-06-13 23:20:15,Financial Fraud,Online Job Fraud,2388.34,Bombay,Maharashtra,UPI,1.8,ACC-000538,ACC-000057,ATM-00067,2026-06-14 02:16:15,2026-06-14 03:16:15
CMP-002508,2026-06-06 13:26:00,Financial Fraud,E-Wallet Related Fraud,5888.06,Pune,Maharashtra,Card,2.05,ACC-000462,ACC-000196,ATM-00270,2026-06-07 03:54:00,2026-06-07 04:54:00
CMP-002509,2026-08-10 22:08:02,Financial Fraud,UPI Related Frauds,1442.68,Pune,Maharashtra,Wallet,4.91,ACC-000388,ACC-000008,ATM-00015,2026-08-10 22:38:26,2026-08-10 23:38:26
CMP-002510,2026-07-23 04:12:23,Financial Fraud,UPI Related Frauds,5524.96,Jaipur,Rajasthan,Net Banking,3.78,ACC-000904,ACC-000048,ATM-00066,2026-07-23 04:13:35,2026-07-23 05:13:35
CMP-002512,2026-08-03 11:31:19,Financial Fraud,Investment Scam,5815.75,Pune,Maharashtra,UPI,2.37,ACC-001022,ACC-000142,ATM-00037,2026-08-03 13:29:07,2026-08-03 14:29:07
CMP-002513,2026-06-21 00:23:07,Financial Fraud,E-Wallet Related Fraud,1274.78,Noida,Uttar Pradesh,Net Banking,7.97,ACC-000623,ACC-000032,ATM-00055,2026-06-21 01:27:55,2026-06-21 02:27:55
CMP-002514,2026-07-27 11:22:29,Financial Fraud,UPI Related Frauds,280.81,Mumbai,Maharashtra,Card,95.47,ACC-000784,ACC-000068,ATM-00023,2026-07-23 23:05:17,2026-07-24 00:05:17
CMP-002515,2026-07-14 07:23:08,Financial Fraud,Online Job Fraud,5871.84,pune,Maharashtra,UPI,5.36,ACC-001186,ACC-000117,ATM-00011,2026-07-14 09:53:32,2026-07-14 10:53:32
CMP-002516,2026-08-27 14:12:14,Financial Fraud,Investment Scam,458647.87,Poona,Maharashtra,,74.62,ACC-000682,ACC-000049,ATM-00053,2026-08-24 23:12:02,2026-08-25 00:12:02
CMP-002518,2026-08-10 19:48:41,Financial Fraud,UPI Related Frauds,3353.03,Lucknow,Uttar Pradesh,UPI,3.78,ACC-000704,ACC-000192,ATM-00062,2026-08-10 22:38:53,2026-08-10 23:38:53
CMP-002519,2026-08-25 22:47:20,Financial Fraud,UPI Related Frauds,1942.6,Mumbai,Maharashtra,UPI,1.66,ACC-000922,ACC-000100,ATM-00029,2026-08-26 06:29:44,2026-08-26 07:29:44
CMP-002520,2026-06-07 17:50:23,Financial Fraud,Debit/Credit Card Fraud,2472.5,Noida,Uttar Pradesh,UPI,0.89,ACC-000806,ACC-000008,ATM-00054,2026-06-07 19:38:59,2026-06-07 20:38:59
CMP-002521,2026-08-02 15:14:08,Financial Fraud,Debit/Credit Card Fraud,4555.67,Lucknow,Uttar Pradesh,Wallet,0.59,ACC-000396,ACC-000164,ATM-00004,2026-08-03 00:29:44,2026-08-03 01:29:44
CMP-002523,2026-07-08 06:45:46,Financial Fraud,UPI Related Frauds,3402.42,Bengaluru Urban,Karnataka,UPI,2.4,ACC-000589,ACC-000065,ATM-00136,2026-07-08 14:47:46,2026-07-08 15:47:46
CMP-002524,2026-08-02 13:45:07,Financial Fraud,Digital Arrest / Impersonation,2403009.44,New Delhi,Delhi,Wallet,22.92,ACC-001145,ACC-000130,ATM-00187,2026-08-01 20:20:55,2026-08-01 21:20:55
CMP-002525,2026-06-26 23:41:05,Financial Fraud,UPI Related Frauds,972.54,New Delhi,Delhi,UPI,5.93,ACC-000876,ACC-000883,ATM-00153,2026-06-27 04:16:17,2026-06-27 05:16:17
CMP-002526,2026-06-01 21:53:40,Financial Fraud,E-Wallet Related Fraud,1228.56,Bengaluru Urban,Karnataka,Wallet,1.33,ACC-000425,ACC-000211,ATM-00029,2026-06-02 06:03:52,2026-06-02 07:03:52
CMP-002527,2026-07-03 20:30:20,Financial Fraud,UPI Related Frauds,892.42,New Delhi,Delhi,,7.53,ACC-000320,ACC-000060,ATM-00011,2026-07-03 16:08:32,2026-07-03 17:08:32
CMP-002528,2026-08-13 18:09:48,Financial Fraud,UPI Related Frauds,1614.46,Bangalore,Karnataka,Card,14.32,ACC-000813,ACC-000071,ATM-00055,2026-08-13 14:25:36,2026-08-13 15:25:36
CMP-002530,2026-06-26 23:13:08,Financial Fraud,UPI Related Frauds,1384.16,Noida,Uttar Pradesh,Card,7.93,ACC-000389,ACC-000842,ATM-00026,2026-06-27 01:07:20,2026-06-27 02:07:20
CMP-002531,2026-06-10 23:34:37,Financial Fraud,UPI Related Frauds,5266.96,Hyderabad,Telangana,Card,2.54,ACC-000362,ACC-000172,ATM-00038,2026-06-11 03:41:13,2026-06-11 04:41:13
CMP-002532,2026-07-11 07:41:00,Financial Fraud,UPI Related Frauds,1488.32,Chennai,Tamil Nadu,UPI,30.92,ACC-000841,ACC-000012,ATM-00055,2026-07-10 04:30:48,2026-07-10 05:30:48
CMP-002533,2026-07-12 11:17:51,Other Cyber Crime,Cyber Bullying/Stalking,0.0,Bengaluru Urban,Karnataka,,5.89,,,,,
CMP-002535,2026-08-25 20:23:27,Financial Fraud,Online Job Fraud,1215.18,Pune,Maharashtra,,2.26,ACC-001023,ACC-000084,ATM-00047,2026-08-26 00:06:51,2026-08-26 01:06:51
CMP-002536,2026-06-11 16:38:04,Other Cyber Crime,Cyber Bullying/Stalking,0.0,Lucknow,Uttar Pradesh,,3.86,,,,,
CMP-002537,2026-06-28 08:40:29,Financial Fraud,UPI Related Frauds,1143.9,Jaipur,Rajasthan,UPI,4.43,ACC-000969,ACC-000151,ATM-00003,2026-06-28 20:07:41,2026-06-28 21:07:41
CMP-002539,2026-07-22 12:06:34,Financial Fraud,E-Wallet Related Fraud,3417.72,Mumbai,Maharashtra,UPI,9.25,ACC-001036,ACC-001093,ATM-00025,2026-07-22 11:35:34,2026-07-22 12:35:34
CMP-002540,2026-08-26 17:06:53,Financial Fraud,UPI Related Frauds,2095.0,Pune,Maharashtra,Net Banking,1.32,ACC-000331,ACC-000004,ATM-00022,2026-08-26 23:11:41,2026-08-27 00:11:41
CMP-002541,2026-07-04 19:47:50,Financial Fraud,UPI Related Frauds,1182.44,Hyderabad,Telangana,Wallet,2.86,ACC-000733,ACC-000015,ATM-00042,2026-07-05 07:07:14,2026-07-05 08:07:14
CMP-002542,2026-07-06 20:05:40,Financial Fraud,UPI Related Frauds,5324.46,Lucknow,Uttar Pradesh,Wallet,13.65,ACC-000733,ACC-000092,ATM-00083,2026-07-06 13:45:40,2026-07-06 14:45:40
CMP-002543,2026-06-08 09:57:13,Financial Fraud,Digital Arrest / Impersonation,32996.67,Ahmedabad,Gujarat,Net Banking,1.12,ACC-000502,ACC-000190,ATM-00062,2026-06-08 23:29:01,2026-06-09 00:29:01
CMP-002544,2026-08-15 12:22:05,Financial Fraud,Online Job Fraud,4633.46,Jaipur,Rajasthan,Net Banking,1.67,ACC-000306,ACC-000158,ATM-00039,2026-08-16 05:31:53,2026-08-16 06:31:53
CMP-002546,2026-06-11 23:41:28,Other Cyber Crime,Online Matrimonial/Romance Scam,33184.13,Hyderabad,Telangana,Card,5.42,ACC-001063,ACC-000194,ATM-00090,2026-06-12 03:26:16,2026-06-12 04:26:16
CMP-002548,2026-08-14 12:29:13,Financial Fraud,UPI Related Frauds,3605.65,Bengaluru Urban,Karnataka,UPI,16.04,ACC-000883,ACC-000090,ATM-00303,2026-08-14 01:57:49,2026-08-14 02:57:49
CMP-002549,2026-08-07 07:47:15,Financial Fraud,UPI Related Frauds,2125.86,Pune,Maharashtra,Wallet,22.68,ACC-000921,ACC-000174,ATM-00042,2026-08-06 21:12:27,2026-08-06 22:12:27
CMP-002551,2026-07-11 15:32:51,Financial Fraud,E-Wallet Related Fraud,2550.88,Mumbai,Maharashtra,,9.07,ACC-000226,ACC-000040,ATM-00067,2026-07-11 19:19:39,2026-07-11 20:19:39
CMP-002553,2026-07-11 22:57:36,Financial Fraud,Debit/Credit Card Fraud,2977.28,,Uttar Pradesh,Card,2.62,ACC-000587,ACC-000158,ATM-00049,2026-07-11 22:06:24,2026-07-11 23:06:24
CMP-002554,2026-06-22 07:05:06,Financial Fraud,Investment Scam,134607.91,Hyderabad,Telangana,Net Banking,0.95,ACC-001163,ACC-000071,ATM-00030,2026-06-22 13:16:06,2026-06-22 14:16:06
CMP-002556,2026-06-11 16:40:58,Financial Fraud,Internet Banking Related Fraud,741.55,Jaipur,Rajasthan,UPI,28.26,ACC-000746,ACC-000109,ATM-00385,2026-06-10 17:38:22,2026-06-10 18:38:22
CMP-002557,2026-08-24 03:43:34,Financial Fraud,UPI Related Frauds,8185.64,Hyderabad,Telangana,Net Banking,2.58,ACC-000598,ACC-000216,ATM-00004,2026-08-24 03:28:46,2026-08-24 04:28:46
CMP-002558,2026-08-21 02:16:44,Financial Fraud,UPI Related Frauds,4861.25,Lucknow,Uttar Pradesh,,4.5,ACC-000387,ACC-000105,ATM-00032,2026-08-21 02:44:44,2026-08-21 03:44:44
CMP-002560,2026-06-12 09:10:45,Financial Fraud,UPI Related Frauds,845.51,New Delhi,Delhi,,9.07,ACC-000801,ACC-000193,ATM-00051,2026-06-12 01:12:33,2026-06-12 02:12:33
CMP-002561,2026-06-03 13:23:33,Financial Fraud,Investment Scam,75560.11,Pune,Maharashtra,Net Banking,4.95,ACC-000277,ACC-000054,ATM-00036,2026-06-03 11:29:33,2026-06-03 12:29:33
CMP-002562,2026-06-11 07:01:14,Financial Fraud,Debit/Credit Card Fraud,2372.81,Bengaluru Urban,Karnataka,Net Banking,36.52,ACC-000653,ACC-000423,ATM-00016,2026-06-10 01:02:02,2026-06-10 02:02:02
CMP-002565,2026-06-15 12:51:59,Financial Fraud,Internet Banking Related Fraud,10244.57,Hyderabad,Telangana,Net Banking,5.98,ACC-000608,ACC-000188,ATM-00066,2026-06-15 12:30:11,2026-06-15 13:30:11
CMP-002566,2026-07-22 05:02:51,Financial Fraud,Debit/Credit Card Fraud,17208.05,Bengaluru Urban,Karnataka,Net Banking,11.56,ACC-000882,ACC-000121,ATM-00315,2026-07-21 23:56:15,2026-07-22 00:56:15
CMP-002567,2026-07-03 18:03:07,Financial Fraud,UPI Related Frauds,7133.89,Pune,Maharashtra,UPI,6.63,ACC-000374,ACC-000107,ATM-00047,2026-07-03 17:17:19,2026-07-03 18:17:19
CMP-002568,2026-06-11 19:16:12,Financial Fraud,E-Wallet Related Fraud,657.58,Bengaluru Urban,Karnataka,UPI,3.54,ACC-000262,ACC-000999,ATM-00035,2026-06-11 16:50:48,2026-06-11 17:50:48
CMP-002569,2026-08-12 22:15:59,Financial Fraud,Online Job Fraud,9452.94,,Karnataka,,4.21,ACC-001125,ACC-000170,ATM-00026,2026-08-13 01:56:23,2026-08-13 02:56:23
CMP-002570,2026-07-12 03:06:28,Financial Fraud,UPI Related Frauds,4688.09,Pune,Maharashtra,Net Banking,3.06,ACC-000496,ACC-000179,ATM-00007,2026-07-12 01:30:52,2026-07-12 02:30:52
CMP-002571,2026-08-20 12:55:03,Financial Fraud,Online Job Fraud,1441.11,Noida,Uttar Pradesh,UPI,3.87,ACC-000945,ACC-000003,ATM-00207,2026-08-20 10:44:51,2026-08-20 11:44:51
CMP-002572,2026-06-23 01:40:55,Financial Fraud,Internet Banking Related Fraud,9036.68,Mumbai,Maharashtra,UPI,2.04,ACC-001005,ACC-000056,ATM-00028,2026-06-23 03:57:31,2026-06-23 04:57:31
CMP-002573,2026-07-21 15:11:07,Financial Fraud,UPI Related Frauds,2411.15,Jaipur,Rajasthan,UPI,1.45,ACC-000712,ACC-000199,ATM-00019,2026-07-21 16:58:07,2026-07-21 17:58:07
CMP-002574,2026-07-09 21:00:18,Other Cyber Crime,Hacking/Damage to Computer,0.0,New Delhi,Delhi,,17.17,,,,,
CMP-002575,2026-06-18 20:02:15,Financial Fraud,E-Wallet Related Fraud,1578.82,Mumbai City,Maharashtra,Net Banking,25.62,ACC-001093,ACC-000153,ATM-00043,2026-06-18 00:08:03,2026-06-18 01:08:03
CMP-002576,2026-06-08 11:54:38,Other Cyber Crime,Online Matrimonial/Romance Scam,71798.77,Noida,Uttar Pradesh,Net Banking,4.07,ACC-000755,ACC-000115,ATM-00037,2026-06-08 16:39:26,2026-06-08 17:39:26
CMP-002577,2026-08-02 07:42:50,Financial Fraud,Debit/Credit Card Fraud,1792.83,mumbai,Maharashtra,UPI,0.37,ACC-000403,ACC-000063,ATM-00043,2026-08-02 15:42:38,2026-08-02 16:42:38
CMP-002578,2026-07-07 01:36:24,Financial Fraud,Debit/Credit Card Fraud,1127.73,Bengaluru Urban,Karnataka,Card,0.86,ACC-000343,ACC-000811,ATM-00059,2026-07-07 08:30:48,2026-07-07 09:30:48
CMP-002579,2026-06-08 13:18:25,Financial Fraud,UPI Related Frauds,10307.45,Bengaluru Urban,Karnataka,UPI,5.15,ACC-000951,ACC-000959,ATM-00203,2026-06-08 13:25:25,2026-06-08 14:25:25
CMP-002580,2026-06-24 06:08:42,Financial Fraud,Investment Scam,163813.83,Pune,Maharashtra,UPI,0.31,ACC-000618,ACC-000213,ATM-00222,2026-06-24 13:10:06,2026-06-24 14:10:06
CMP-002582,2026-06-20 14:03:19,Other Cyber Crime,Cyber Bullying/Stalking,0.0,Mumbai,Maharashtra,,6.32,,,,,
CMP-002583,2026-06-27 03:12:24,Financial Fraud,E-Wallet Related Fraud,1776.21,Bengaluru Urban,Karnataka,UPI,8.83,ACC-000574,ACC-000793,ATM-00001,2026-06-26 22:52:36,2026-06-26 23:52:36
CMP-002584,2026-08-16 17:21:33,Financial Fraud,Internet Banking Related Fraud,34057.24,bengaluru urban,Karnataka,,3.44,ACC-000974,ACC-000004,ATM-00038,2026-08-17 00:47:09,2026-08-17 01:47:09
CMP-002585,2026-06-30 23:06:05,Financial Fraud,UPI Related Frauds,3173.0,Bengaluru Urban,Karnataka,UPI,5.65,ACC-000418,ACC-000277,ATM-00351,2026-06-30 23:47:05,2026-07-01 00:47:05
CMP-002586,2026-07-09 15:43:30,Financial Fraud,Debit/Credit Card Fraud,53750.57,Mumbai,Maharashtra,Card,0.36,ACC-000770,ACC-000202,ATM-00019,2026-07-09 20:59:54,2026-07-09 21:59:54
CMP-002588,2026-07-10 13:02:47,Financial Fraud,Investment Scam,206241.53,,Karnataka,Wallet,2.04,ACC-001040,ACC-000199,ATM-00022,2026-07-10 18:10:23,2026-07-10 19:10:23
CMP-002589,2026-08-15 06:01:16,Financial Fraud,Internet Banking Related Fraud,6317.22,Lucknow,Uttar Pradesh,UPI,10.52,ACC-000640,ACC-000091,ATM-00009,2026-08-15 08:57:04,2026-08-15 09:57:04
CMP-002590,2026-07-27 22:18:49,Financial Fraud,Internet Banking Related Fraud,149180.19,Pune,Maharashtra,Wallet,11.82,ACC-000583,ACC-000032,ATM-00012,2026-07-27 16:44:37,2026-07-27 17:44:37
CMP-002591,2026-08-06 06:02:47,Financial Fraud,UPI Related Frauds,1389.56,Bengaluru Urban,Karnataka,Card,2.7,ACC-000847,ACC-000899,ATM-00040,2026-08-06 10:12:47,2026-08-06 11:12:47
CMP-002592,2026-08-09 18:08:22,Financial Fraud,Online Job Fraud,2420.98,Bengaluru Urban,Karnataka,,0.52,ACC-000742,ACC-000100,ATM-00026,2026-08-10 00:54:10,2026-08-10 01:54:10
CMP-002593,2026-06-14 16:14:01,Financial Fraud,UPI Related Frauds,2214.8,,Gujarat,,10.8,ACC-001116,ACC-000106,ATM-00007,2026-06-14 09:13:01,2026-06-14 10:13:01
CMP-002594,2026-07-21 03:04:04,Financial Fraud,UPI Related Frauds,946.9,Jaipur,Rajasthan,Wallet,15.77,ACC-001069,ACC-000810,ATM-00063,2026-07-21 03:05:52,2026-07-21 04:05:52
CMP-002596,2026-07-05 23:35:52,Financial Fraud,Investment Scam,82126.13,Poona,Maharashtra,Card,30.51,ACC-001155,ACC-000189,ATM-00041,2026-07-05 03:50:16,2026-07-05 04:50:16
CMP-002597,2026-08-09 04:51:25,Other Cyber Crime,Hacking/Damage to Computer,0.0,Bengaluru Urban,Karnataka,,10.81,,,,,
CMP-002598,2026-06-21 06:35:14,Financial Fraud,Investment Scam,99849.44,Pune,Maharashtra,Wallet,3.37,ACC-000615,ACC-000647,ATM-00067,2026-06-21 12:21:02,2026-06-21 13:21:02
CMP-002599,2026-07-26 00:58:29,Financial Fraud,E-Wallet Related Fraud,2124.49,Jaipur,Rajasthan,Card,2.43,ACC-000715,ACC-000029,ATM-00266,2026-07-26 00:29:41,2026-07-26 01:29:41
CMP-002601,2026-08-17 10:02:13,Financial Fraud,UPI Related Frauds,3428.21,Hyderabad,Telangana,Net Banking,7.23,ACC-000761,ACC-000214,ATM-00286,2026-08-17 12:51:25,2026-08-17 13:51:25
CMP-002603,2026-07-26 23:22:10,Financial Fraud,UPI Related Frauds,2521.65,Bengaluru Urban,Karnataka,UPI,0.66,ACC-001119,ACC-000052,ATM-00040,2026-07-27 14:56:34,2026-07-27 15:56:34
CMP-002604,2026-08-14 22:45:06,Financial Fraud,UPI Related Frauds,23141.38,Mumbai,Maharashtra,Card,1.02,ACC-000487,ACC-000069,ATM-00066,2026-08-15 06:28:54,2026-08-15 07:28:54
CMP-002606,2026-06-13 00:51:44,Financial Fraud,E-Wallet Related Fraud,5599.66,Bengaluru Urban,Karnataka,Wallet,4.56,ACC-000423,ACC-000090,ATM-00063,2026-06-13 03:48:08,2026-06-13 04:48:08
CMP-002608,2026-06-13 12:33:18,Financial Fraud,Online Job Fraud,7029.71,Chennai,Tamil Nadu,UPI,8.55,ACC-000488,ACC-000136,ATM-00090,2026-06-13 10:48:18,2026-06-13 11:48:18
CMP-002609,2026-07-01 10:50:48,Financial Fraud,Internet Banking Related Fraud,13571.59,Noida,Uttar Pradesh,UPI,79.3,ACC-001142,ACC-000185,ATM-00056,2026-06-28 10:29:48,2026-06-28 11:29:48
CMP-002611,2026-08-02 12:19:06,Other Cyber Crime,Online Matrimonial/Romance Scam,79719.82,,Karnataka,UPI,7.1,ACC-000810,ACC-000845,ATM-00204,2026-08-02 12:58:06,2026-08-02 13:58:06
CMP-002613,2026-06-16 08:38:46,Financial Fraud,Online Job Fraud,3123.32,Mumbai,Maharashtra,Card,1.69,ACC-001086,ACC-000032,ATM-00393,2026-06-16 16:35:22,2026-06-16 17:35:22
CMP-002614,2026-08-24 20:56:16,Financial Fraud,Online Job Fraud,7671.39,Mumbai,Maharashtra,Card,16.2,ACC-000758,ACC-000096,ATM-00049,2026-08-24 14:26:16,2026-08-24 15:26:16
CMP-002615,2026-08-02 09:05:50,Financial Fraud,UPI Related Frauds,460.8,Lucknow,Uttar Pradesh,Card,4.36,ACC-000808,ACC-000128,ATM-00058,2026-08-02 09:45:14,2026-08-02 10:45:14
CMP-002617,2026-08-14 14:04:28,Other Cyber Crime,Cyber Bullying/Stalking,0.0,Chennai,Tamil Nadu,,10.75,,,,,
CMP-002618,2026-06-07 06:13:46,Financial Fraud,Debit/Credit Card Fraud,6982.52,Pune,Maharashtra,UPI,6.75,ACC-000253,ACC-000134,ATM-00213,2026-06-07 08:42:46,2026-06-07 09:42:46
CMP-002619,2026-08-08 04:27:22,Other Cyber Crime,Online Matrimonial/Romance Scam,9912.52,Lucknow,Uttar Pradesh,Net Banking,1.04,ACC-001073,ACC-000104,ATM-00020,2026-08-08 17:48:58,2026-08-08 18:48:58
CMP-002620,2026-07-23 22:07:52,Financial Fraud,UPI Related Frauds,1086.4,Lucknow,Uttar Pradesh,UPI,10.5,ACC-000536,ACC-000099,ATM-00220,2026-07-23 17:20:52,2026-07-23 18:20:52
CMP-002621,2026-07-02 02:05:20,Financial Fraud,Debit/Credit Card Fraud,5011.34,Ahmedabad,Gujarat,Card,3.8,ACC-000224,ACC-000148,ATM-00002,2026-07-02 04:33:20,2026-07-02 05:33:20
CMP-002622,2026-06-07 01:24:11,Other Cyber Crime,Online Matrimonial/Romance Scam,8380.99,New Delhi,Delhi,Wallet,3.11,ACC-000717,ACC-000976,ATM-00009,2026-06-07 08:41:35,2026-06-07 09:41:35
CMP-002623,2026-07-16 23:07:27,Financial Fraud,Debit/Credit Card Fraud,14001.39,Lucknow,Uttar Pradesh,UPI,3.0,ACC-000616,ACC-000075,ATM-00167,2026-07-17 01:47:27,2026-07-17 02:47:27
CMP-002624,2026-08-13 15:42:15,Financial Fraud,UPI Related Frauds,891.62,Bengaluru Urban,Karnataka,Net Banking,10.94,ACC-000649,ACC-000135,ATM-00063,2026-08-13 09:21:51,2026-08-13 10:21:51
CMP-002625,2026-06-09 02:46:54,Financial Fraud,UPI Related Frauds,2479.0,Ahmedabad,Gujarat,UPI,4.65,ACC-001030,ACC-000172,ATM-00061,2026-06-09 03:14:54,2026-06-09 04:14:54
CMP-002626,2026-08-24 20:02:43,Financial Fraud,UPI Related Frauds,12667.82,Bengaluru Urban,Karnataka,Net Banking,4.37,ACC-000708,ACC-000140,ATM-00012,2026-08-25 00:55:31,2026-08-25 01:55:31
CMP-002628,2026-08-26 21:23:59,Financial Fraud,UPI Related Frauds,2446.22,,Karnataka,Wallet,9.31,ACC-000878,ACC-000495,ATM-00027,2026-08-26 15:03:23,2026-08-26 16:03:23
CMP-002629,2026-06-16 23:23:25,Financial Fraud,UPI Related Frauds,735.22,New Delhi,Delhi,UPI,5.7,ACC-000385,ACC-000514,ATM-00043,2026-06-16 22:28:25,2026-06-16 23:28:25
CMP-002630,2026-07-22 23:49:12,Other Cyber Crime,Hacking/Damage to Computer,0.0,Lucknow,Uttar Pradesh,,5.06,,,,,
CMP-002631,2026-08-07 15:24:20,Financial Fraud,Investment Scam,104158.98,Bengaluru Urban,Karnataka,UPI,15.56,ACC-001032,ACC-000033,ATM-00025,2026-08-07 03:30:44,2026-08-07 04:30:44
CMP-002632,2026-08-19 21:45:56,Other Cyber Crime,Cyber Bullying/Stalking,0.0,Noida,Uttar Pradesh,,6.69,,,,,
CMP-002635,2026-08-12 02:56:02,Other Cyber Crime,Online Matrimonial/Romance Scam,4120.87,Chennai,Tamil Nadu,Net Banking,14.12,ACC-000368,ACC-000013,ATM-00018,2026-08-11 17:17:50,2026-08-11 18:17:50
CMP-002636,2026-08-27 00:59:56,Financial Fraud,Investment Scam,2027015.96,Bengaluru Urban,Karnataka,Card,4.39,ACC-000824,ACC-000204,ATM-00009,2026-08-27 07:53:32,2026-08-27 08:53:32
CMP-002637,2026-06-12 00:43:23,Financial Fraud,UPI Related Frauds,4696.25,Hyderabad,Telangana,Net Banking,4.96,ACC-000801,ACC-000186,ATM-00043,2026-06-12 01:02:47,2026-06-12 02:02:47
CMP-002638,2026-08-10 03:02:54,Financial Fraud,E-Wallet Related Fraud,1129.05,,Maharashtra,UPI,0.5,ACC-000464,ACC-000089,ATM-00039,2026-08-10 10:26:54,2026-08-10 11:26:54
CMP-002639,2026-06-13 04:56:32,Financial Fraud,Debit/Credit Card Fraud,2426.55,Hyderabad,Telangana,,0.84,ACC-000991,ACC-000211,ATM-00057,2026-06-13 15:58:08,2026-06-13 16:58:08
CMP-002640,2026-06-04 13:01:06,Financial Fraud,E-Wallet Related Fraud,7810.95,,Uttar Pradesh,UPI,3.9,ACC-000569,ACC-000100,ATM-00137,2026-06-04 18:24:06,2026-06-04 19:24:06
CMP-002641,2026-07-24 00:28:23,Other Cyber Crime,Online Matrimonial/Romance Scam,9131.53,Pune,Maharashtra,Net Banking,13.03,ACC-000308,ACC-000170,ATM-00296,2026-07-23 22:00:35,2026-07-23 23:00:35
CMP-002643,2026-06-02 09:29:12,Other Cyber Crime,Online Matrimonial/Romance Scam,14398.5,Noida,Uttar Pradesh,UPI,15.4,ACC-000691,ACC-000192,ATM-00032,2026-06-02 01:16:12,2026-06-02 02:16:12
CMP-002644,2026-06-30 19:16:52,Financial Fraud,Debit/Credit Card Fraud,8116.75,Mumbai,Maharashtra,Card,6.04,ACC-000713,ACC-000513,ATM-00048,2026-06-30 22:01:28,2026-06-30 23:01:28
CMP-002646,2026-08-20 09:48:46,Financial Fraud,Debit/Credit Card Fraud,6012.84,Poona,Maharashtra,Card,1.3,ACC-000926,ACC-000021,ATM-00051,2026-08-20 19:10:46,2026-08-20 20:10:46
CMP-002647,2026-06-12 00:11:40,Financial Fraud,Internet Banking Related Fraud,6947.1,New Delhi,Delhi,Wallet,1.24,ACC-001067,ACC-000311,ATM-00029,2026-06-12 00:01:16,2026-06-12 01:01:16
CMP-002648,2026-07-24 16:00:33,Financial Fraud,Debit/Credit Card Fraud,5329.87,pune,Maharashtra,Card,2.52,ACC-001143,ACC-000597,ATM-00057,2026-07-24 22:55:21,2026-07-24 23:55:21
CMP-002649,2026-08-22 01:12:22,Financial Fraud,Internet Banking Related Fraud,84068.03,pune,Maharashtra,Net Banking,4.27,ACC-000953,ACC-000156,ATM-00256,2026-08-22 03:31:10,2026-08-22 04:31:10
CMP-002650,2026-08-08 03:59:39,Financial Fraud,Investment Scam,15906.59,,Gujarat,Card,3.82,ACC-001076,ACC-000037,ATM-00048,2026-08-08 14:26:27,2026-08-08 15:26:27
CMP-002651,2026-06-09 12:10:11,Other Cyber Crime,Cyber Bullying/Stalking,0.0,Hyderabad,Telangana,,8.36,,,,,
CMP-002652,2026-08-03 01:44:06,Financial Fraud,Digital Arrest / Impersonation,445983.28,,Karnataka,UPI,2.21,ACC-000397,ACC-000204,ATM-00063,2026-08-03 05:51:30,2026-08-03 06:51:30
CMP-002653,2026-08-12 19:29:43,Other Cyber Crime,Cyber Bullying/Stalking,0.0,Bengaluru Urban,Karnataka,,0.67,,,,,
CMP-002655,2026-08-04 19:52:38,Financial Fraud,Internet Banking Related Fraud,4289.15,,Telangana,UPI,3.29,ACC-000588,ACC-000037,ATM-00303,2026-08-05 14:42:14,2026-08-05 15:42:14
CMP-002656,2026-07-15 03:21:51,Financial Fraud,Debit/Credit Card Fraud,4584.18,Mumbai,Maharashtra,Card,10.25,ACC-001166,ACC-000167,ATM-00340,2026-07-15 01:20:51,2026-07-15 02:20:51
CMP-002657,2026-06-13 01:58:03,Financial Fraud,UPI Related Frauds,1611.19,Hyderabad,Telangana,,3.23,ACC-000397,ACC-000119,ATM-00042,2026-06-13 05:26:15,2026-06-13 06:26:15
CMP-002658,2026-08-28 03:46:42,Financial Fraud,Investment Scam,96901.33,Lucknow,Uttar Pradesh,Net Banking,5.36,ACC-001063,ACC-000205,ATM-00038,2026-08-28 00:11:06,2026-08-28 01:11:06
CMP-002659,2026-06-01 17:43:16,Financial Fraud,Investment Scam,112103.22,New Delhi,Delhi,Wallet,7.56,ACC-000710,ACC-000024,ATM-00068,2026-06-01 20:09:40,2026-06-01 21:09:40
CMP-002660,2026-06-26 23:34:28,Financial Fraud,Investment Scam,295667.67,Lucknow,Uttar Pradesh,Wallet,7.18,ACC-000777,ACC-001035,ATM-00036,2026-06-26 20:42:40,2026-06-26 21:42:40
CMP-002661,2026-08-17 04:48:22,Financial Fraud,UPI Related Frauds,4483.8,Hyderabad,Telangana,Wallet,0.67,ACC-000925,ACC-000078,ATM-00056,2026-08-17 13:53:10,2026-08-17 14:53:10
CMP-002662,2026-08-28 06:15:40,Financial Fraud,E-Wallet Related Fraud,2080.12,Bengaluru Urban,Karnataka,UPI,7.97,ACC-000996,ACC-000038,ATM-00011,2026-08-28 07:34:28,2026-08-28 08:34:28
CMP-002663,2026-07-07 08:25:42,Financial Fraud,UPI Related Frauds,5744.78,Bengaluru Urban,Karnataka,Net Banking,1.95,ACC-000494,ACC-000182,ATM-00040,2026-07-07 14:51:42,2026-07-07 15:51:42
CMP-002664,2026-07-01 19:45:39,Financial Fraud,Internet Banking Related Fraud,3432.21,New Delhi,Delhi,UPI,2.25,ACC-000973,ACC-000136,ATM-00028,2026-07-02 03:11:39,2026-07-02 04:11:39
CMP-002665,2026-06-24 11:30:26,Other Cyber Crime,Hacking/Damage to Computer,0.0,Jaipur,Rajasthan,,8.53,,,,,
CMP-002666,2026-07-30 20:00:29,Financial Fraud,Internet Banking Related Fraud,18655.22,Pune,Maharashtra,,2.75,ACC-000708,ACC-000117,ATM-00056,2026-07-31 01:15:29,2026-07-31 02:15:29
CMP-002668,2026-08-10 16:37:32,Other Cyber Crime,Cyber Bullying/Stalking,0.0,Pune,Maharashtra,,3.86,,,,,
CMP-002669,2026-07-21 05:20:34,Financial Fraud,UPI Related Frauds,2464.52,Chennai,Tamil Nadu,UPI,10.98,ACC-000455,ACC-000028,ATM-00177,2026-07-20 23:45:46,2026-07-21 00:45:46
CMP-002670,2026-06-13 06:22:15,Financial Fraud,UPI Related Frauds,3995.88,Ahmedabad,Gujarat,Card,68.79,ACC-000385,ACC-000146,ATM-00041,2026-06-10 21:24:51,2026-06-10 22:24:51
CMP-002671,2026-08-21 20:24:14,Financial Fraud,E-Wallet Related Fraud,1010.52,New delhi,Delhi,Net Banking,8.35,ACC-000672,ACC-000141,ATM-00067,2026-08-21 22:18:14,2026-08-21 23:18:14
CMP-002672,2026-06-16 10:37:14,Other Cyber Crime,Cyber Bullying/Stalking,0.0,Hyderabad,Telangana,,2.37,,,,,
CMP-002673,2026-06-10 01:19:26,Other Cyber Crime,Hacking/Damage to Computer,0.0,Mumbai,Maharashtra,,1.58,,,,,
CMP-002675,2026-06-08 15:33:11,Financial Fraud,UPI Related Frauds,41206.7,Ahmedabad,Gujarat,Card,3.59,ACC-000723,ACC-000469,ATM-00019,2026-06-08 19:32:47,2026-06-08 20:32:47
CMP-002676,2026-07-15 01:12:43,Financial Fraud,UPI Related Frauds,1077.97,,Delhi,Card,6.22,ACC-000796,ACC-000129,ATM-00045,2026-07-14 20:58:31,2026-07-14 21:58:31
CMP-002677,2026-08-03 08:29:17,Financial Fraud,Investment Scam,6653.96,,Maharashtra,Wallet,4.01,ACC-001163,ACC-000019,ATM-00019,2026-08-03 13:14:41,2026-08-03 14:14:41
CMP-002680,2026-07-31 22:02:11,Financial Fraud,UPI Related Frauds,2603.07,Chennai,Tamil Nadu,UPI,1.79,ACC-000705,ACC-000196,ATM-00005,2026-07-31 22:56:47,2026-07-31 23:56:47
CMP-002681,2026-06-11 18:29:21,Other Cyber Crime,Online Matrimonial/Romance Scam,3862.74,Hyderabad,Telangana,,6.5,ACC-000621,ACC-000209,ATM-00085,2026-06-11 17:19:21,2026-06-11 18:19:21
CMP-002682,2026-06-28 10:11:11,Financial Fraud,Internet Banking Related Fraud,1856.44,Bengaluru Urban,Karnataka,UPI,2.72,ACC-001050,ACC-000255,ATM-00019,2026-06-28 09:27:59,2026-06-28 10:27:59
CMP-002684,2026-07-18 16:11:56,Financial Fraud,Digital Arrest / Impersonation,520068.66,Pune,Maharashtra,Net Banking,0.94,ACC-000311,ACC-000129,ATM-00251,2026-07-19 01:17:32,2026-07-19 02:17:32
CMP-002685,2026-07-31 17:56:47,Financial Fraud,Debit/Credit Card Fraud,770.46,,Uttar Pradesh,UPI,3.86,ACC-001035,ACC-000210,ATM-00208,2026-07-31 17:44:11,2026-07-31 18:44:11
CMP-002688,2026-07-29 21:36:29,Financial Fraud,UPI Related Frauds,4149.57,Noida,Uttar Pradesh,Wallet,15.62,ACC-000379,ACC-000445,ATM-00037,2026-07-29 19:27:17,2026-07-29 20:27:17
CMP-002689,2026-07-04 16:03:52,Financial Fraud,UPI Related Frauds,513.09,Pune,Maharashtra,Card,2.88,ACC-000862,ACC-000095,ATM-00023,2026-07-04 18:12:04,2026-07-04 19:12:04
CMP-002690,2026-06-16 09:04:17,Financial Fraud,E-Wallet Related Fraud,2370.95,Noida,Uttar Pradesh,Card,1.49,ACC-000287,ACC-000037,ATM-00022,2026-06-16 15:46:53,2026-06-16 16:46:53
CMP-002691,2026-07-29 20:20:25,Financial Fraud,UPI Related Frauds,14158.25,bengaluru urban,Karnataka,UPI,2.09,ACC-001068,ACC-000026,ATM-00296,2026-07-30 00:41:01,2026-07-30 01:41:01
CMP-002692,2026-06-15 18:59:31,Financial Fraud,UPI Related Frauds,2872.21,Lucknow,Uttar Pradesh,UPI,8.73,ACC-000421,ACC-000138,ATM-00054,2026-06-15 18:29:43,2026-06-15 19:29:43
CMP-002694,2026-06-13 06:57:12,Financial Fraud,UPI Related Frauds,2026.79,New Delhi,Delhi,UPI,15.41,ACC-001000,ACC-001120,ATM-00005,2026-06-12 21:01:36,2026-06-12 22:01:36
CMP-002695,2026-07-04 20:11:17,Financial Fraud,Debit/Credit Card Fraud,3509.06,Jaipur,Rajasthan,Net Banking,1.62,ACC-000830,ACC-000178,ATM-00017,2026-07-05 05:11:05,2026-07-05 06:11:05
CMP-002696,2026-08-18 13:08:02,Financial Fraud,E-Wallet Related Fraud,4190.34,Lucknow,Uttar Pradesh,Card,3.01,ACC-001186,ACC-000203,ATM-00004,2026-08-18 15:00:26,2026-08-18 16:00:26
CMP-002697,2026-06-19 17:50:56,Financial Fraud,Internet Banking Related Fraud,3983.19,pune,Maharashtra,UPI,5.36,ACC-000362,ACC-000005,ATM-00052,2026-06-19 16:23:20,2026-06-19 17:23:20
CMP-002698,2026-08-09 15:39:14,Financial Fraud,UPI Related Frauds,5965.06,Hyderabad,Telangana,,78.11,ACC-000512,ACC-000854,ATM-00015,2026-08-06 11:40:38,2026-08-06 12:40:38
CMP-002699,2026-08-14 09:57:19,Financial Fraud,Debit/Credit Card Fraud,11240.02,Noida,Uttar Pradesh,Card,18.03,ACC-000634,ACC-001159,ATM-00052,2026-08-13 17:46:31,2026-08-13 18:46:31
CMP-002700,2026-08-10 02:31:21,Financial Fraud,UPI Related Frauds,1890.56,Mumbai,Maharashtra,Card,1.31,ACC-000984,ACC-000188,ATM-00029,2026-08-10 11:04:45,2026-08-10 12:04:45
CMP-002701,2026-08-12 12:49:15,Financial Fraud,Online Job Fraud,3851.04,Poona,Maharashtra,UPI,5.1,ACC-000994,ACC-000032,ATM-00132,2026-08-12 09:53:15,2026-08-12 10:53:15
CMP-002702,2026-07-08 04:33:41,Financial Fraud,UPI Related Frauds,1129.28,Bengaluru Urban,Karnataka,UPI,3.63,ACC-000842,ACC-000203,ATM-00033,2026-07-08 07:47:53,2026-07-08 08:47:53
CMP-002705,2026-08-25 04:08:43,Financial Fraud,Debit/Credit Card Fraud,2960.14,,Uttar Pradesh,Card,2.42,ACC-000372,ACC-000104,ATM-00208,2026-08-25 11:33:31,2026-08-25 12:33:31
CMP-002706,2026-06-03 21:45:54,Other Cyber Crime,Hacking/Damage to Computer,0.0,Pune,Maharashtra,,1.06,,,,,
CMP-002708,2026-08-03 18:48:54,Financial Fraud,Debit/Credit Card Fraud,3925.1,,Karnataka,UPI,1.47,ACC-000396,ACC-000714,ATM-00380,2026-08-04 02:54:42,2026-08-04 03:54:42
CMP-002710,2026-07-16 04:24:22,Financial Fraud,UPI Related Frauds,2026.44,Pune,Maharashtra,Card,7.38,ACC-000971,ACC-000056,ATM-00023,2026-07-16 05:53:34,2026-07-16 06:53:34
CMP-002711,2026-06-07 10:20:20,Financial Fraud,UPI Related Frauds,5116.32,Mumbai,Maharashtra,UPI,14.15,ACC-001139,ACC-000024,ATM-00354,2026-06-07 13:04:20,2026-06-07 14:04:20
CMP-002712,2026-06-10 23:49:17,Financial Fraud,E-Wallet Related Fraud,8485.27,Lucknow,Uttar Pradesh,,8.23,ACC-000372,ACC-000202,ATM-00008,2026-06-11 03:28:29,2026-06-11 04:28:29
CMP-002713,2026-08-18 09:26:24,Financial Fraud,Investment Scam,25013.22,Jaipur,Rajasthan,Wallet,3.29,ACC-000806,ACC-000002,ATM-00005,2026-08-18 16:49:00,2026-08-18 17:49:00
CMP-002714,2026-07-11 22:44:56,Financial Fraud,UPI Related Frauds,3932.57,Chennai,Tamil Nadu,Net Banking,53.62,ACC-001038,ACC-000182,ATM-00020,2026-07-09 21:58:44,2026-07-09 22:58:44
CMP-002716,2026-06-27 15:26:03,Financial Fraud,Digital Arrest / Impersonation,74302.3,Lucknow,Uttar Pradesh,UPI,12.25,ACC-001010,ACC-000011,ATM-00054,2026-06-27 10:59:03,2026-06-27 11:59:03
CMP-002717,2026-07-02 17:40:24,Financial Fraud,UPI Related Frauds,2719.5,bengaluru urban,Karnataka,Card,1.63,ACC-001031,ACC-000862,ATM-00060,2026-07-03 09:43:36,2026-07-03 10:43:36
CMP-002718,2026-06-02 17:33:41,Financial Fraud,UPI Related Frauds,5859.3,Bengaluru Urban,Karnataka,Card,9.83,ACC-000654,ACC-000187,ATM-00061,2026-06-02 16:21:53,2026-06-02 17:21:53
CMP-002719,2026-08-28 12:16:56,Financial Fraud,Online Job Fraud,8732.89,Jaipur,Rajasthan,Card,4.41,ACC-000546,ACC-000172,ATM-00058,2026-08-28 15:50:20,2026-08-28 16:50:20
CMP-002721,2026-08-02 14:26:10,Other Cyber Crime,Cyber Bullying/Stalking,0.0,Bengaluru Urban,Karnataka,,11.98,,,,,
CMP-002722,2026-08-20 13:41:28,Financial Fraud,UPI Related Frauds,4365.55,Lucknow,Uttar Pradesh,Net Banking,1.41,ACC-000276,ACC-000003,ATM-00020,2026-08-20 23:02:52,2026-08-21 00:02:52
CMP-002723,2026-08-13 04:13:49,Financial Fraud,Investment Scam,49013.66,Mumbai,Maharashtra,UPI,2.56,ACC-000297,ACC-000302,ATM-00038,2026-08-13 14:09:13,2026-08-13 15:09:13
CMP-002724,2026-07-18 22:40:50,Financial Fraud,UPI Related Frauds,784.71,New Delhi,Delhi,Card,1.68,ACC-001168,ACC-000554,ATM-00015,2026-07-19 09:13:02,2026-07-19 10:13:02
CMP-002725,2026-07-15 03:15:08,Financial Fraud,Debit/Credit Card Fraud,1581.56,Ahmedabad,Gujarat,Card,2.73,ACC-001154,ACC-000100,ATM-00037,2026-07-15 03:14:20,2026-07-15 04:14:20
CMP-002726,2026-08-21 20:30:31,Financial Fraud,E-Wallet Related Fraud,1106.59,Chennai,Tamil Nadu,UPI,0.64,ACC-000260,ACC-000093,ATM-00014,2026-08-22 05:08:07,2026-08-22 06:08:07
CMP-002728,2026-08-23 15:10:52,Financial Fraud,UPI Related Frauds,1478.65,Jaipur,Rajasthan,Net Banking,6.21,ACC-000346,ACC-000382,ATM-00041,2026-08-23 21:56:16,2026-08-23 22:56:16
CMP-002729,2026-06-19 13:26:03,Financial Fraud,Debit/Credit Card Fraud,7461.15,Bengaluru Urban,Karnataka,,18.71,ACC-000481,ACC-000105,ATM-00107,2026-06-18 22:21:27,2026-06-18 23:21:27
CMP-002730,2026-07-23 04:36:06,Financial Fraud,Digital Arrest / Impersonation,22419.22,Hyderabad,Telangana,Wallet,16.62,ACC-000737,ACC-000115,ATM-00050,2026-07-22 18:58:54,2026-07-22 19:58:54
CMP-002731,2026-06-26 05:06:58,Other Cyber Crime,Cyber Bullying/Stalking,0.0,Hyderabad,Telangana,,2.32,,,,,
CMP-002732,2026-06-05 15:51:21,Financial Fraud,Online Job Fraud,1094.14,Bengaluru Urban,Karnataka,Wallet,10.69,ACC-000875,ACC-000009,ATM-00049,2026-06-05 13:20:57,2026-06-05 14:20:57
CMP-002734,2026-06-14 09:00:42,Financial Fraud,Debit/Credit Card Fraud,1480.71,Ahmedabad,Gujarat,Card,10.37,ACC-000574,ACC-000089,ATM-00030,2026-06-14 04:10:30,2026-06-14 05:10:30
CMP-002735,2026-06-15 08:52:06,Financial Fraud,UPI Related Frauds,2061.48,Pune,Maharashtra,,11.47,ACC-000834,ACC-000004,ATM-00012,2026-06-15 08:24:54,2026-06-15 09:24:54
CMP-002736,2026-07-11 03:02:40,Financial Fraud,Online Job Fraud,969.29,,Rajasthan,Card,0.98,ACC-000217,ACC-000082,ATM-00348,2026-07-11 13:43:52,2026-07-11 14:43:52
CMP-002737,2026-06-24 08:27:36,Financial Fraud,E-Wallet Related Fraud,1074.17,Lucknow,Uttar Pradesh,Card,4.93,ACC-001070,ACC-000785,ATM-00036,2026-06-24 11:15:48,2026-06-24 12:15:48
CMP-002738,2026-07-02 06:06:28,Financial Fraud,E-Wallet Related Fraud,1196.47,Jaipur,Rajasthan,Net Banking,9.88,ACC-000947,ACC-000075,ATM-00123,2026-07-02 01:30:40,2026-07-02 02:30:40
CMP-002739,2026-08-14 09:22:48,Financial Fraud,Debit/Credit Card Fraud,13723.91,Bengaluru Urban,Karnataka,UPI,9.2,ACC-000514,ACC-000895,ATM-00047,2026-08-14 11:02:48,2026-08-14 12:02:48
CMP-002741,2026-08-07 11:23:09,Financial Fraud,E-Wallet Related Fraud,754.82,Hyderabad,Telangana,UPI,23.01,ACC-000920,ACC-000204,ATM-00047,2026-08-07 02:35:33,2026-08-07 03:35:33
CMP-002742,2026-06-02 06:35:26,Other Cyber Crime,Online Matrimonial/Romance Scam,6865.94,Bengaluru Urban,Karnataka,Net Banking,13.36,ACC-001106,ACC-001010,ATM-00025,2026-06-01 21:53:50,2026-06-01 22:53:50
CMP-002745,2026-08-08 18:57:12,Financial Fraud,UPI Related Frauds,9803.26,Jaipur,Rajasthan,Card,3.66,ACC-001016,ACC-000002,ATM-00021,2026-08-08 20:52:36,2026-08-08 21:52:36
CMP-002746,2026-08-28 18:03:58,Financial Fraud,UPI Related Frauds,3202.27,Lucknow,Uttar Pradesh,UPI,11.14,ACC-000986,ACC-000654,ATM-00044,2026-08-28 18:21:34,2026-08-28 19:21:34
CMP-002747,2026-07-14 22:14:33,Other Cyber Crime,Cyber Bullying/Stalking,0.0,Pune,Maharashtra,,10.34,,,,,
CMP-002749,2026-08-06 15:06:56,Financial Fraud,UPI Related Frauds,2249.8,Pune,Maharashtra,UPI,12.55,ACC-000724,ACC-000041,ATM-00311,2026-08-06 10:17:56,2026-08-06 11:17:56
CMP-002750,2026-06-15 07:12:35,Financial Fraud,Online Job Fraud,5992.19,Ahmedabad,Gujarat,Card,3.29,ACC-000433,ACC-000088,ATM-00268,2026-06-15 08:48:11,2026-06-15 09:48:11
CMP-002751,2026-06-02 14:39:09,Financial Fraud,UPI Related Frauds,7894.34,Bengaluru Urban,Karnataka,Wallet,3.84,ACC-001050,ACC-000051,ATM-00150,2026-06-02 21:52:45,2026-06-02 22:52:45
CMP-002752,2026-08-04 06:18:18,Financial Fraud,UPI Related Frauds,1385.07,Bengaluru,Karnataka,Card,1.8,ACC-000449,ACC-000169,ATM-00006,2026-08-04 11:57:18,2026-08-04 12:57:18
CMP-002753,2026-07-24 10:18:06,Financial Fraud,Debit/Credit Card Fraud,1846.89,Bengaluru Urban,Karnataka,UPI,3.23,ACC-000507,ACC-000252,ATM-00035,2026-07-24 21:23:18,2026-07-24 22:23:18
CMP-002754,2026-07-19 18:11:18,Financial Fraud,Debit/Credit Card Fraud,16877.29,Bangalore,Karnataka,UPI,1.71,ACC-000859,ACC-000173,ATM-00012,2026-07-20 03:49:42,2026-07-20 04:49:42
CMP-002755,2026-07-06 21:39:05,Financial Fraud,UPI Related Frauds,3532.03,Lucknow,Uttar Pradesh,UPI,2.04,ACC-001133,ACC-000182,ATM-00029,2026-07-07 07:02:41,2026-07-07 08:02:41
CMP-002756,2026-07-12 00:42:08,Financial Fraud,E-Wallet Related Fraud,1622.55,New Delhi,Delhi,UPI,0.73,ACC-000410,ACC-000936,ATM-00159,2026-07-12 14:21:20,2026-07-12 15:21:20
CMP-002757,2026-06-27 18:57:12,Financial Fraud,UPI Related Frauds,2444.3,Mumbai City,Maharashtra,Card,3.55,ACC-000427,ACC-000069,ATM-00046,2026-06-28 01:18:12,2026-06-28 02:18:12
CMP-002758,2026-08-06 03:13:08,Financial Fraud,Debit/Credit Card Fraud,8436.21,Lucknow,Uttar Pradesh,UPI,5.86,ACC-000658,ACC-000095,ATM-00055,2026-08-06 06:21:32,2026-08-06 07:21:32
CMP-002759,2026-06-12 04:24:26,Financial Fraud,UPI Related Frauds,1013.79,bengaluru urban,Karnataka,UPI,16.46,ACC-000686,ACC-000678,ATM-00002,2026-06-11 17:28:50,2026-06-11 18:28:50
CMP-002763,2026-06-17 14:31:36,Financial Fraud,Investment Scam,10188.71,Lucknow,Uttar Pradesh,Net Banking,2.35,ACC-000542,ACC-000048,ATM-00285,2026-06-17 22:08:36,2026-06-17 23:08:36
CMP-002764,2026-07-28 21:30:39,Financial Fraud,UPI Related Frauds,2369.77,Bombay,Maharashtra,UPI,6.09,ACC-001006,ACC-000046,ATM-00058,2026-07-28 22:04:15,2026-07-28 23:04:15
CMP-002766,2026-08-28 00:41:20,Financial Fraud,Debit/Credit Card Fraud,2987.04,Mumbai,Maharashtra,Net Banking,2.42,ACC-001033,ACC-000123,ATM-00228,2026-08-28 01:26:08,2026-08-28 02:26:08
CMP-002767,2026-06-17 04:18:43,Financial Fraud,UPI Related Frauds,1448.99,Ahmedabad,Gujarat,UPI,2.95,ACC-001185,ACC-000410,ATM-00207,2026-06-17 07:32:43,2026-06-17 08:32:43
CMP-002768,2026-06-02 05:40:27,Financial Fraud,Online Job Fraud,7286.09,Bengaluru Urban,Karnataka,Net Banking,1.27,ACC-000457,ACC-000082,ATM-00077,2026-06-02 11:25:15,2026-06-02 12:25:15
CMP-002769,2026-06-26 14:46:24,Financial Fraud,Debit/Credit Card Fraud,7538.77,Bengaluru Urban,Karnataka,Wallet,0.58,ACC-000601,ACC-000938,ATM-00159,2026-06-27 00:38:36,2026-06-27 01:38:36
CMP-002770,2026-06-01 22:40:53,Financial Fraud,UPI Related Frauds,1798.66,New Delhi,Delhi,Card,3.02,ACC-000777,ACC-000942,ATM-00005,2026-06-02 08:20:41,2026-06-02 09:20:41
CMP-002772,2026-06-05 09:16:08,Financial Fraud,Online Job Fraud,2843.18,,Uttar Pradesh,Net Banking,0.32,ACC-000715,ACC-000055,ATM-00022,2026-06-05 19:10:56,2026-06-05 20:10:56
CMP-002773,2026-08-21 02:31:39,Financial Fraud,Internet Banking Related Fraud,898.85,Jaipur,Rajasthan,UPI,4.67,ACC-000925,ACC-000173,ATM-00042,2026-08-21 01:58:27,2026-08-21 02:58:27
CMP-002774,2026-08-15 06:28:43,Financial Fraud,Internet Banking Related Fraud,12256.0,New Delhi,Delhi,UPI,7.03,ACC-000736,ACC-000156,ATM-00033,2026-08-15 04:46:55,2026-08-15 05:46:55
CMP-002775,2026-07-14 22:40:21,Financial Fraud,UPI Related Frauds,3466.2,New Delhi,Delhi,Card,18.08,ACC-001142,ACC-000158,ATM-00338,2026-07-14 12:02:33,2026-07-14 13:02:33
CMP-002776,2026-08-04 09:51:14,Financial Fraud,Debit/Credit Card Fraud,2865.24,,Uttar Pradesh,Card,13.12,ACC-000915,ACC-000195,ATM-00034,2026-08-04 10:21:02,2026-08-04 11:21:02
CMP-002779,2026-06-11 22:45:08,Other Cyber Crime,Cyber Bullying/Stalking,0.0,Noida,Uttar Pradesh,,4.24,,,,,
CMP-002780,2026-08-02 02:50:34,Financial Fraud,UPI Related Frauds,3303.35,Lucknow,Uttar Pradesh,UPI,4.83,ACC-000383,ACC-000151,ATM-00304,2026-08-02 10:14:46,2026-08-02 11:14:46
CMP-002782,2026-07-27 01:52:07,Financial Fraud,Debit/Credit Card Fraud,1099.44,Bengaluru Urban,Karnataka,Net Banking,23.01,ACC-000774,ACC-000055,ATM-00002,2026-07-26 06:01:31,2026-07-26 07:01:31
CMP-002783,2026-08-12 06:29:47,Other Cyber Crime,Online Matrimonial/Romance Scam,9566.39,Poona,Maharashtra,UPI,2.49,ACC-000913,ACC-000174,ATM-00035,2026-08-12 11:59:23,2026-08-12 12:59:23
CMP-002784,2026-06-11 11:29:56,Other Cyber Crime,Cyber Bullying/Stalking,0.0,Pune,Maharashtra,,30.17,,,,,
CMP-002785,2026-08-05 21:43:19,Other Cyber Crime,Hacking/Damage to Computer,0.0,Chennai,Tamil Nadu,,1.01,,,,,
CMP-002786,2026-08-25 01:26:39,Financial Fraud,Internet Banking Related Fraud,2152.56,Chennai,Tamil Nadu,,1.2,ACC-001157,ACC-000155,ATM-00062,2026-08-25 04:22:39,2026-08-25 05:22:39
CMP-002787,2026-08-26 05:10:41,Financial Fraud,UPI Related Frauds,2804.32,Ahmedabad,Gujarat,UPI,7.52,ACC-000289,ACC-000158,ATM-00078,2026-08-26 05:58:29,2026-08-26 06:58:29
CMP-002789,2026-07-04 07:53:14,Financial Fraud,UPI Related Frauds,393.67,Lucknow,Uttar Pradesh,Net Banking,9.3,ACC-001044,ACC-000950,ATM-00262,2026-07-04 12:38:14,2026-07-04 13:38:14
CMP-002790,2026-07-26 00:25:08,Financial Fraud,UPI Related Frauds,1805.48,New Delhi,Delhi,Wallet,2.22,ACC-000708,ACC-000311,ATM-00050,2026-07-26 03:44:56,2026-07-26 04:44:56
CMP-002791,2026-06-01 19:25:18,Financial Fraud,Investment Scam,44103.58,Mumbai,Maharashtra,,1.51,ACC-000715,ACC-000080,ATM-00059,2026-06-02 12:57:42,2026-06-02 13:57:42
CMP-002792,2026-06-15 14:03:21,Financial Fraud,Investment Scam,881942.63,Lucknow,Uttar Pradesh,Card,12.31,ACC-000652,ACC-000213,ATM-00067,2026-06-15 08:40:45,2026-06-15 09:40:45
CMP-002793,2026-06-16 18:54:04,Financial Fraud,UPI Related Frauds,3043.84,Noida,Uttar Pradesh,UPI,22.67,ACC-000262,ACC-000135,ATM-00033,2026-06-16 05:01:52,2026-06-16 06:01:52
CMP-002794,2026-06-02 12:19:58,Financial Fraud,UPI Related Frauds,764.12,New Delhi,Delhi,Card,0.91,ACC-000318,ACC-000107,ATM-00123,2026-06-02 12:59:22,2026-06-02 13:59:22
CMP-002795,2026-06-12 23:37:34,Financial Fraud,UPI Related Frauds,419.82,Hyderabad,Telangana,UPI,1.94,ACC-000708,ACC-000787,ATM-00024,2026-06-13 07:30:10,2026-06-13 08:30:10
CMP-002796,2026-08-04 02:30:06,Financial Fraud,UPI Related Frauds,3447.93,Lucknow,Uttar Pradesh,Net Banking,5.07,ACC-000900,ACC-000892,ATM-00309,2026-08-04 08:34:54,2026-08-04 09:34:54
CMP-002798,2026-08-14 15:37:58,Financial Fraud,Online Job Fraud,7501.36,Ahmedabad,Gujarat,Card,5.97,ACC-000819,ACC-000163,ATM-00026,2026-08-14 16:17:46,2026-08-14 17:17:46
CMP-002799,2026-06-14 20:23:06,Other Cyber Crime,Hacking/Damage to Computer,0.0,Ahmedabad,Gujarat,,10.8,,,,,
CMP-002801,2026-07-05 10:21:10,Financial Fraud,UPI Related Frauds,1023.53,Bengaluru Urban,Karnataka,UPI,2.78,ACC-000408,ACC-000002,ATM-00385,2026-07-05 21:49:22,2026-07-05 22:49:22
CMP-002802,2026-07-09 18:00:07,Financial Fraud,E-Wallet Related Fraud,3064.05,,Maharashtra,Wallet,5.0,ACC-001181,ACC-000037,ATM-00065,2026-07-09 17:57:07,2026-07-09 18:57:07
CMP-002803,2026-06-30 07:45:49,Financial Fraud,UPI Related Frauds,1385.22,,Maharashtra,Card,4.52,ACC-000452,ACC-000457,ATM-00048,2026-06-30 13:30:37,2026-06-30 14:30:37
CMP-002804,2026-08-25 01:04:13,Financial Fraud,UPI Related Frauds,751.16,Lucknow,Uttar Pradesh,,17.82,ACC-000830,ACC-000699,ATM-00062,2026-08-24 21:55:01,2026-08-24 22:55:01
CMP-002805,2026-06-20 08:53:03,Financial Fraud,Internet Banking Related Fraud,5403.03,Ahmedabad,Gujarat,UPI,17.15,ACC-000309,ACC-000015,ATM-00062,2026-06-19 21:25:03,2026-06-19 22:25:03
CMP-002806,2026-06-30 14:41:32,Financial Fraud,Debit/Credit Card Fraud,2902.91,Mumbai,Maharashtra,UPI,2.39,ACC-000957,ACC-000120,ATM-00321,2026-07-01 00:11:08,2026-07-01 01:11:08
CMP-002807,2026-07-23 23:52:39,Financial Fraud,Internet Banking Related Fraud,3089.65,Noida,Uttar Pradesh,UPI,12.83,ACC-000222,ACC-000214,ATM-00046,2026-07-23 16:02:51,2026-07-23 17:02:51
CMP-002809,2026-08-06 12:32:46,Financial Fraud,Debit/Credit Card Fraud,3352.79,Mumbai,Maharashtra,Net Banking,0.42,ACC-000395,ACC-000515,ATM-00025,2026-08-06 22:50:34,2026-08-06 23:50:34
CMP-002810,2026-07-11 19:50:57,Financial Fraud,Debit/Credit Card Fraud,2778.55,Pune,Maharashtra,Wallet,1.09,ACC-000476,ACC-000735,ATM-00366,2026-07-12 04:38:33,2026-07-12 05:38:33
CMP-002811,2026-06-03 13:34:04,Financial Fraud,Debit/Credit Card Fraud,5084.25,Chennai,Tamil Nadu,Wallet,1.07,ACC-000398,ACC-000175,ATM-00040,2026-06-03 18:03:52,2026-06-03 19:03:52
CMP-002812,2026-07-30 17:32:23,Financial Fraud,Debit/Credit Card Fraud,12406.49,New Delhi,Delhi,Wallet,4.02,ACC-000481,ACC-001043,ATM-00003,2026-07-30 21:24:11,2026-07-30 22:24:11
CMP-002813,2026-07-07 05:24:43,Financial Fraud,Investment Scam,78364.41,Noida,Uttar Pradesh,UPI,9.85,ACC-000604,ACC-000019,ATM-00018,2026-07-07 11:22:43,2026-07-07 12:22:43
CMP-002815,2026-08-05 01:23:52,Financial Fraud,Digital Arrest / Impersonation,23731.53,Bengaluru Urban,Karnataka,UPI,0.53,ACC-000421,ACC-000135,ATM-00068,2026-08-05 06:34:04,2026-08-05 07:34:04
CMP-002816,2026-07-15 16:23:31,Financial Fraud,Digital Arrest / Impersonation,26284.65,,Tamil Nadu,Net Banking,2.14,ACC-000286,ACC-000356,ATM-00061,2026-07-15 21:19:07,2026-07-15 22:19:07
CMP-002817,2026-08-03 02:19:48,Financial Fraud,UPI Related Frauds,3282.47,Mumbai,Maharashtra,UPI,2.96,ACC-000747,ACC-000141,ATM-00295,2026-08-03 02:34:12,2026-08-03 03:34:12
CMP-002820,2026-08-08 02:46:58,Financial Fraud,Internet Banking Related Fraud,9337.79,New Delhi,Delhi,UPI,4.17,ACC-000276,ACC-000301,ATM-00001,2026-08-08 05:22:46,2026-08-08 06:22:46
CMP-002821,2026-07-19 02:08:36,Financial Fraud,UPI Related Frauds,1734.11,Delhi,Delhi,UPI,2.1,ACC-000299,ACC-000406,ATM-00212,2026-07-19 14:26:36,2026-07-19 15:26:36
CMP-002822,2026-06-16 00:39:10,Financial Fraud,Online Job Fraud,1693.32,Ahmedabad,Gujarat,UPI,2.34,ACC-000903,ACC-000183,ATM-00170,2026-06-16 17:59:46,2026-06-16 18:59:46
CMP-002823,2026-06-01 15:01:53,Financial Fraud,UPI Related Frauds,5884.63,Jaipur,Rajasthan,Net Banking,3.43,ACC-001037,ACC-000258,ATM-00056,2026-06-01 18:16:05,2026-06-01 19:16:05
CMP-002824,2026-06-07 12:27:08,Financial Fraud,E-Wallet Related Fraud,678.7,mumbai,Maharashtra,UPI,37.4,ACC-001020,ACC-000307,ATM-00039,2026-06-06 06:32:08,2026-06-06 07:32:08
CMP-002825,2026-06-10 09:42:31,Financial Fraud,E-Wallet Related Fraud,2581.1,Bengaluru Urban,Karnataka,UPI,0.83,ACC-000917,ACC-000425,ATM-00030,2026-06-10 18:10:43,2026-06-10 19:10:43
CMP-002826,2026-07-20 02:36:35,Financial Fraud,UPI Related Frauds,2002.87,Bengaluru Urban,Karnataka,UPI,5.12,ACC-000421,ACC-000023,ATM-00265,2026-07-20 05:47:23,2026-07-20 06:47:23
CMP-002827,2026-07-10 06:41:12,Financial Fraud,UPI Related Frauds,13823.6,Bengaluru Urban,Karnataka,Card,1.19,ACC-001034,ACC-000114,ATM-00060,2026-07-11 01:56:48,2026-07-11 02:56:48
CMP-002829,2026-08-23 10:20:47,Financial Fraud,Digital Arrest / Impersonation,28158.79,Ahmedabad,Gujarat,Net Banking,3.21,ACC-000281,ACC-000866,ATM-00042,2026-08-23 18:02:11,2026-08-23 19:02:11
CMP-002831,2026-06-17 13:56:08,Financial Fraud,Digital Arrest / Impersonation,57302.07,Ahmedabad,Gujarat,Card,9.89,ACC-000353,ACC-000141,ATM-00005,2026-06-17 15:12:44,2026-06-17 16:12:44
CMP-002832,2026-07-17 15:34:04,Financial Fraud,Investment Scam,407272.8,,Maharashtra,UPI,1.83,ACC-000388,ACC-000985,ATM-00155,2026-07-17 19:39:16,2026-07-17 20:39:16
CMP-002834,2026-08-17 15:47:51,Financial Fraud,UPI Related Frauds,3882.3,Pune,Maharashtra,UPI,6.05,ACC-000729,ACC-000602,ATM-00013,2026-08-17 12:58:51,2026-08-17 13:58:51
CMP-002835,2026-06-03 17:10:34,Financial Fraud,Debit/Credit Card Fraud,3545.12,Pune,Maharashtra,UPI,5.21,ACC-000974,ACC-000138,ATM-00060,2026-06-03 21:56:58,2026-06-03 22:56:58
CMP-002836,2026-07-27 08:45:06,Financial Fraud,UPI Related Frauds,11659.78,Poona,Maharashtra,UPI,7.09,ACC-001068,ACC-001089,ATM-00258,2026-07-27 02:57:42,2026-07-27 03:57:42
CMP-002837,2026-07-31 04:25:00,Financial Fraud,E-Wallet Related Fraud,1482.23,Chennai,Tamil Nadu,UPI,2.46,ACC-001167,ACC-000532,ATM-00008,2026-07-31 13:14:24,2026-07-31 14:14:24
CMP-002839,2026-06-27 21:13:59,Financial Fraud,Debit/Credit Card Fraud,25254.0,New Delhi,Delhi,UPI,3.6,ACC-000757,ACC-000005,ATM-00044,2026-06-28 00:11:59,2026-06-28 01:11:59
CMP-002840,2026-08-23 14:19:37,Financial Fraud,UPI Related Frauds,2928.32,Lucknow,Uttar Pradesh,Card,2.51,ACC-000740,ACC-000193,ATM-00298,2026-08-23 16:46:01,2026-08-23 17:46:01
CMP-002841,2026-07-08 22:13:14,Financial Fraud,UPI Related Frauds,8015.12,Ahmedabad,Gujarat,Card,47.08,ACC-000227,ACC-000049,ATM-00023,2026-07-07 06:06:26,2026-07-07 07:06:26
CMP-002842,2026-08-03 16:26:08,Financial Fraud,UPI Related Frauds,4471.82,bengaluru urban,Karnataka,Net Banking,4.95,ACC-001040,ACC-000114,ATM-00202,2026-08-03 17:36:08,2026-08-03 18:36:08
CMP-002843,2026-08-16 09:08:11,Financial Fraud,UPI Related Frauds,3081.29,New Delhi,Delhi,,0.26,ACC-000491,ACC-000110,ATM-00028,2026-08-16 13:56:35,2026-08-16 14:56:35
CMP-002844,2026-07-09 05:55:13,Financial Fraud,Investment Scam,260067.4,Ahmedabad,Gujarat,UPI,5.26,ACC-000552,ACC-000071,ATM-00364,2026-07-09 08:49:37,2026-07-09 09:49:37
CMP-002845,2026-07-16 19:15:45,Financial Fraud,Digital Arrest / Impersonation,100108.56,Lucknow,Uttar Pradesh,Card,1.91,ACC-001091,ACC-000158,ATM-00018,2026-07-16 23:04:09,2026-07-17 00:04:09
CMP-002846,2026-07-20 05:20:58,Financial Fraud,UPI Related Frauds,2109.04,Ahmedabad,Gujarat,Net Banking,2.74,ACC-000332,ACC-000179,ATM-00016,2026-07-20 09:02:34,2026-07-20 10:02:34
CMP-002847,2026-07-02 11:09:11,Financial Fraud,Internet Banking Related Fraud,18427.93,Bengaluru Urban,Karnataka,Card,2.84,ACC-000254,ACC-000148,ATM-00063,2026-07-02 17:18:47,2026-07-02 18:18:47
CMP-002848,2026-08-20 13:46:30,Financial Fraud,Internet Banking Related Fraud,53245.06,Noida,Uttar Pradesh,UPI,7.52,ACC-001124,ACC-000184,ATM-00052,2026-08-20 11:25:18,2026-08-20 12:25:18
CMP-002849,2026-06-16 10:54:55,Financial Fraud,UPI Related Frauds,945.66,Hyderabad,Telangana,UPI,3.84,ACC-000468,ACC-000379,ATM-00054,2026-06-16 15:51:31,2026-06-16 16:51:31
CMP-002850,2026-08-05 22:56:08,Financial Fraud,E-Wallet Related Fraud,1186.38,Lucknow,Uttar Pradesh,Card,0.32,ACC-000766,ACC-000002,ATM-00062,2026-08-06 02:29:56,2026-08-06 03:29:56
CMP-002851,2026-08-18 12:04:14,Financial Fraud,Investment Scam,789624.05,,Rajasthan,Wallet,10.42,ACC-000652,ACC-000835,ATM-00063,2026-08-18 08:35:02,2026-08-18 09:35:02
CMP-002852,2026-08-25 12:18:31,Financial Fraud,Investment Scam,197435.95,Bengaluru Urban,Karnataka,UPI,5.47,ACC-000735,ACC-000002,ATM-00048,2026-08-25 18:55:19,2026-08-25 19:55:19
CMP-002854,2026-06-04 15:11:27,Financial Fraud,UPI Related Frauds,6358.85,Mumbai,Maharashtra,Net Banking,1.27,ACC-000324,ACC-000198,ATM-00056,2026-06-04 20:32:15,2026-06-04 21:32:15
CMP-002856,2026-06-11 10:52:05,Financial Fraud,UPI Related Frauds,2623.9,Bombay,Maharashtra,Net Banking,5.27,ACC-000803,ACC-000047,ATM-00042,2026-06-11 16:13:53,2026-06-11 17:13:53
CMP-002857,2026-07-26 17:00:12,Financial Fraud,Debit/Credit Card Fraud,10183.45,Jaipur,Rajasthan,Card,9.63,ACC-001118,ACC-000017,ATM-00311,2026-07-27 01:09:24,2026-07-27 02:09:24
CMP-002861,2026-08-18 15:27:26,Financial Fraud,E-Wallet Related Fraud,600.46,Mumbai,Maharashtra,UPI,1.83,ACC-000499,ACC-000003,ATM-00027,2026-08-18 20:12:38,2026-08-18 21:12:38
CMP-002862,2026-07-26 04:13:24,Financial Fraud,UPI Related Frauds,1643.55,New Delhi,Delhi,Card,11.07,ACC-000727,ACC-000085,ATM-00007,2026-07-25 17:15:12,2026-07-25 18:15:12
CMP-002863,2026-08-10 20:58:11,Financial Fraud,UPI Related Frauds,1714.57,Mumbai,Maharashtra,Wallet,1.6,ACC-001152,ACC-000384,ATM-00050,2026-08-11 03:25:11,2026-08-11 04:25:11
CMP-002864,2026-06-19 11:03:03,Financial Fraud,Investment Scam,44572.67,Lucknow,Uttar Pradesh,Net Banking,17.16,ACC-000445,ACC-000522,ATM-00395,2026-06-19 00:19:27,2026-06-19 01:19:27
CMP-002865,2026-07-05 04:27:59,Financial Fraud,Internet Banking Related Fraud,6721.34,,Uttar Pradesh,UPI,3.61,ACC-000641,ACC-000063,ATM-00214,2026-07-05 11:10:23,2026-07-05 12:10:23
CMP-002866,2026-08-17 19:51:13,Financial Fraud,Online Job Fraud,3297.75,Hyderabad,Telangana,UPI,21.13,ACC-000550,ACC-000169,ATM-00063,2026-08-17 01:01:25,2026-08-17 02:01:25
CMP-002867,2026-06-07 21:08:00,Financial Fraud,Debit/Credit Card Fraud,2323.5,Pune,Maharashtra,Card,21.73,ACC-001106,ACC-000080,ATM-00008,2026-06-07 10:26:12,2026-06-07 11:26:12
CMP-002868,2026-06-10 19:08:39,Financial Fraud,UPI Related Frauds,3602.73,Lucknow,Uttar Pradesh,UPI,3.7,ACC-000824,ACC-000018,ATM-00025,2026-06-10 18:59:39,2026-06-10 19:59:39
CMP-002869,2026-07-03 03:05:56,Financial Fraud,UPI Related Frauds,28305.47,Noida,Uttar Pradesh,UPI,1.26,ACC-000312,ACC-000065,ATM-00041,2026-07-03 09:15:20,2026-07-03 10:15:20
CMP-002870,2026-08-20 09:43:33,Financial Fraud,Digital Arrest / Impersonation,39166.5,Mumbai,Maharashtra,UPI,1.02,ACC-000699,ACC-000199,ATM-00324,2026-08-20 19:39:21,2026-08-20 20:39:21
CMP-002871,2026-08-24 14:40:48,Financial Fraud,Investment Scam,340510.27,Bengaluru Urban,Karnataka,UPI,34.02,ACC-000250,ACC-000159,ATM-00017,2026-08-23 10:11:36,2026-08-23 11:11:36
CMP-002872,2026-06-24 10:29:56,Financial Fraud,UPI Related Frauds,13398.93,Noida,Uttar Pradesh,Wallet,19.47,ACC-000433,ACC-000014,ATM-00071,2026-06-23 20:35:44,2026-06-23 21:35:44
CMP-002873,2026-07-09 18:14:57,Other Cyber Crime,Cyber Bullying/Stalking,0.0,Lucknow,Uttar Pradesh,,3.54,,,,,
CMP-002874,2026-08-26 14:03:50,Financial Fraud,E-Wallet Related Fraud,1491.9,Noida,Uttar Pradesh,UPI,0.6,ACC-000680,ACC-001130,ATM-00008,2026-08-26 22:54:50,2026-08-26 23:54:50
CMP-002875,2026-06-26 12:57:29,Financial Fraud,Debit/Credit Card Fraud,37641.92,Chennai,Tamil Nadu,,7.87,ACC-000827,ACC-000089,ATM-00017,2026-06-26 18:09:17,2026-06-26 19:09:17
CMP-002876,2026-06-20 11:13:30,Financial Fraud,UPI Related Frauds,1914.55,Pune,Maharashtra,UPI,22.06,ACC-000458,ACC-000206,ATM-00021,2026-06-19 13:49:54,2026-06-19 14:49:54
CMP-002877,2026-07-24 02:48:21,Financial Fraud,Investment Scam,27872.79,Bangalore,Karnataka,Net Banking,7.3,ACC-000891,ACC-000167,ATM-00051,2026-07-24 02:26:21,2026-07-24 03:26:21
CMP-002878,2026-08-28 13:51:30,Financial Fraud,UPI Related Frauds,2552.0,New Delhi,Delhi,Wallet,9.64,ACC-000237,ACC-000380,ATM-00028,2026-08-28 08:27:06,2026-08-28 09:27:06
CMP-002879,2026-07-25 17:52:48,Financial Fraud,UPI Related Frauds,2815.19,Bengaluru Rural,Karnataka,Wallet,0.79,ACC-000579,ACC-001108,ATM-00015,2026-07-26 11:26:24,2026-07-26 12:26:24
CMP-002881,2026-08-11 18:40:08,Financial Fraud,UPI Related Frauds,2903.6,,Maharashtra,Card,11.36,ACC-000790,ACC-000212,ATM-00388,2026-08-11 11:29:32,2026-08-11 12:29:32
CMP-002882,2026-06-13 13:40:27,Financial Fraud,UPI Related Frauds,1163.31,Noida,Uttar Pradesh,UPI,4.34,ACC-000970,ACC-000078,ATM-00052,2026-06-13 21:18:03,2026-06-13 22:18:03
CMP-002883,2026-07-20 06:48:13,Financial Fraud,UPI Related Frauds,1699.25,Bengaluru Urban,Karnataka,UPI,10.98,ACC-000362,ACC-000147,ATM-00025,2026-07-20 03:50:25,2026-07-20 04:50:25
CMP-002886,2026-07-30 01:03:58,Financial Fraud,Investment Scam,140794.12,Mumbai,Maharashtra,Wallet,1.35,ACC-000975,ACC-001197,ATM-00079,2026-07-30 19:40:58,2026-07-30 20:40:58
CMP-002887,2026-07-24 15:24:32,Financial Fraud,Investment Scam,98358.87,New Delhi,Delhi,Card,2.36,ACC-000961,ACC-001037,ATM-00033,2026-07-24 18:59:56,2026-07-24 19:59:56
CMP-002888,2026-06-13 03:49:27,Financial Fraud,Debit/Credit Card Fraud,3484.0,pune,Maharashtra,UPI,2.86,ACC-000907,ACC-000155,ATM-00026,2026-06-13 09:37:51,2026-06-13 10:37:51
CMP-002889,2026-07-13 12:30:14,Financial Fraud,Debit/Credit Card Fraud,1844.7,Bengaluru Urban,Karnataka,UPI,0.43,ACC-000364,ACC-000158,ATM-00039,2026-07-13 18:00:26,2026-07-13 19:00:26
CMP-002890,2026-07-05 03:43:40,Financial Fraud,E-Wallet Related Fraud,1170.85,Chennai,Tamil Nadu,UPI,5.65,ACC-000838,ACC-000012,ATM-00029,2026-07-04 22:41:40,2026-07-04 23:41:40
CMP-002891,2026-06-23 12:40:37,Financial Fraud,Debit/Credit Card Fraud,1276.43,Bengaluru Urban,Karnataka,UPI,4.57,ACC-000999,ACC-000132,ATM-00138,2026-06-23 17:40:25,2026-06-23 18:40:25
CMP-002892,2026-08-13 01:36:46,Financial Fraud,UPI Related Frauds,16485.58,Pune,Maharashtra,Wallet,15.3,ACC-000260,ACC-000007,ATM-00216,2026-08-12 15:57:46,2026-08-12 16:57:46
CMP-002893,2026-08-17 20:15:09,Financial Fraud,Investment Scam,836184.0,Noida,Uttar Pradesh,UPI,7.17,ACC-000823,ACC-001012,ATM-00007,2026-08-17 15:16:57,2026-08-17 16:16:57
CMP-002894,2026-06-08 10:31:05,Financial Fraud,Investment Scam,450342.09,Hyderabad,Telangana,UPI,1.88,ACC-000298,ACC-001151,ATM-00324,2026-06-08 12:54:17,2026-06-08 13:54:17
CMP-002896,2026-06-29 09:22:15,Financial Fraud,E-Wallet Related Fraud,5161.16,Mumbai,Maharashtra,UPI,28.46,ACC-001100,ACC-000027,ATM-00030,2026-06-28 07:42:39,2026-06-28 08:42:39
CMP-002897,2026-08-03 17:57:58,Financial Fraud,Debit/Credit Card Fraud,2826.58,Ahmedabad,Gujarat,UPI,3.3,ACC-000726,ACC-000386,ATM-00340,2026-08-03 20:55:58,2026-08-03 21:55:58
CMP-002898,2026-07-19 01:16:07,Financial Fraud,UPI Related Frauds,1512.51,Noida,Uttar Pradesh,Net Banking,7.09,ACC-000826,ACC-000319,ATM-00057,2026-07-19 02:13:43,2026-07-19 03:13:43
CMP-002899,2026-08-23 09:03:22,Financial Fraud,Digital Arrest / Impersonation,230941.35,Chennai,Tamil Nadu,UPI,0.55,ACC-000533,ACC-000091,ATM-00016,2026-08-23 16:59:22,2026-08-23 17:59:22
CMP-002902,2026-06-06 05:49:24,Financial Fraud,Investment Scam,77291.31,Lucknow,Uttar Pradesh,UPI,3.96,ACC-000504,ACC-000010,ATM-00031,2026-06-06 06:31:48,2026-06-06 07:31:48
CMP-002904,2026-07-21 14:00:22,Financial Fraud,UPI Related Frauds,4345.45,Bengaluru Urban,Karnataka,UPI,5.84,ACC-000827,ACC-000657,ATM-00230,2026-07-22 00:12:58,2026-07-22 01:12:58
CMP-002905,2026-07-07 03:43:53,Financial Fraud,Investment Scam,18915.99,Mumbai City,Maharashtra,Net Banking,2.85,ACC-000521,ACC-000125,ATM-00014,2026-07-07 09:01:53,2026-07-07 10:01:53
CMP-002907,2026-06-12 02:11:43,Financial Fraud,E-Wallet Related Fraud,3386.75,Lucknow,Uttar Pradesh,UPI,37.33,ACC-000606,ACC-000208,ATM-00396,2026-06-10 23:13:55,2026-06-11 00:13:55
CMP-002908,2026-07-28 02:41:56,Financial Fraud,Digital Arrest / Impersonation,208215.17,Mumbai,Maharashtra,UPI,5.01,ACC-000223,ACC-000253,ATM-00013,2026-07-28 07:59:20,2026-07-28 08:59:20
CMP-002909,2026-06-28 02:19:57,Financial Fraud,Digital Arrest / Impersonation,32429.15,,Karnataka,Wallet,0.21,ACC-000470,ACC-000111,ATM-00071,2026-06-28 06:28:21,2026-06-28 07:28:21
CMP-002910,2026-07-08 03:29:42,Financial Fraud,Debit/Credit Card Fraud,4153.12,Bengaluru Urban,Karnataka,UPI,3.03,ACC-000360,ACC-000118,ATM-00063,2026-07-08 02:47:54,2026-07-08 03:47:54
CMP-002911,2026-06-18 21:44:44,Financial Fraud,UPI Related Frauds,4235.81,Bombay,Maharashtra,Net Banking,3.73,ACC-000570,ACC-000107,ATM-00005,2026-06-19 04:49:56,2026-06-19 05:49:56
CMP-002913,2026-07-30 02:27:55,Financial Fraud,UPI Related Frauds,1279.25,Bengaluru Urban,Karnataka,Net Banking,7.94,ACC-000523,ACC-000529,ATM-00053,2026-07-30 03:21:31,2026-07-30 04:21:31
CMP-002914,2026-06-26 11:44:44,Financial Fraud,UPI Related Frauds,13965.1,Hyderabad,Telangana,Net Banking,3.99,ACC-000434,ACC-000029,ATM-00038,2026-06-26 18:34:20,2026-06-26 19:34:20
CMP-002915,2026-07-04 02:27:28,Financial Fraud,Internet Banking Related Fraud,9207.84,New Delhi,Delhi,Net Banking,14.05,ACC-000966,ACC-000144,ATM-00056,2026-07-03 18:52:28,2026-07-03 19:52:28
CMP-002916,2026-08-15 23:37:10,Financial Fraud,E-Wallet Related Fraud,1044.49,Hyderabad,Telangana,,6.96,ACC-001089,ACC-000109,ATM-00065,2026-08-16 04:58:34,2026-08-16 05:58:34
CMP-002917,2026-06-11 14:28:41,Financial Fraud,Investment Scam,37698.02,,Karnataka,Card,12.65,ACC-000762,ACC-000179,ATM-00049,2026-06-11 17:22:41,2026-06-11 18:22:41
CMP-002918,2026-06-28 21:44:00,Other Cyber Crime,Hacking/Damage to Computer,0.0,Chennai,Tamil Nadu,,5.37,,,,,
CMP-002919,2026-07-16 00:02:21,Financial Fraud,Online Job Fraud,4762.87,Chennai,Tamil Nadu,UPI,1.75,ACC-001006,ACC-000595,ATM-00049,2026-07-16 00:25:21,2026-07-16 01:25:21
CMP-002920,2026-06-26 06:04:42,Financial Fraud,Investment Scam,247494.11,New Delhi,Delhi,UPI,54.69,ACC-000472,ACC-000058,ATM-00031,2026-06-24 03:16:18,2026-06-24 04:16:18
CMP-002921,2026-06-24 03:06:32,Financial Fraud,Debit/Credit Card Fraud,1793.79,New Delhi,Delhi,UPI,2.98,ACC-000357,ACC-000122,ATM-00062,2026-06-24 10:15:44,2026-06-24 11:15:44
CMP-002922,2026-06-27 15:22:53,Financial Fraud,UPI Related Frauds,3671.83,New Delhi,Delhi,UPI,11.52,ACC-000282,ACC-000024,ATM-00022,2026-06-27 10:27:41,2026-06-27 11:27:41
CMP-002923,2026-07-03 18:30:26,Financial Fraud,UPI Related Frauds,1801.56,Noida,Uttar Pradesh,Card,0.15,ACC-001101,ACC-000202,ATM-00055,2026-07-03 22:38:26,2026-07-03 23:38:26
CMP-002925,2026-07-30 00:44:26,Financial Fraud,Investment Scam,10241.14,Hyderabad,Telangana,UPI,2.16,ACC-000806,ACC-000206,ATM-00022,2026-07-30 08:35:50,2026-07-30 09:35:50
CMP-002926,2026-08-21 04:01:14,Financial Fraud,UPI Related Frauds,12226.54,Ahmedabad,Gujarat,UPI,25.47,ACC-000928,ACC-000224,ATM-00031,2026-08-20 10:41:02,2026-08-20 11:41:02
CMP-002927,2026-07-13 17:03:46,Financial Fraud,UPI Related Frauds,6938.05,Lucknow,Uttar Pradesh,UPI,3.63,ACC-000709,ACC-000132,ATM-00029,2026-07-13 15:02:58,2026-07-13 16:02:58
CMP-002928,2026-08-01 22:02:56,Financial Fraud,UPI Related Frauds,3212.13,Pune,Maharashtra,Net Banking,3.83,ACC-000974,ACC-000160,ATM-00045,2026-08-02 04:08:08,2026-08-02 05:08:08
CMP-002929,2026-06-08 17:21:27,Financial Fraud,UPI Related Frauds,8228.97,Bangalore,Karnataka,UPI,1.57,ACC-001114,ACC-000066,ATM-00020,2026-06-09 00:30:15,2026-06-09 01:30:15
CMP-002930,2026-06-07 05:13:55,Financial Fraud,E-Wallet Related Fraud,1048.76,Mumbai,Maharashtra,UPI,15.06,ACC-000878,ACC-000085,ATM-00097,2026-06-06 19:45:19,2026-06-06 20:45:19
CMP-002931,2026-06-26 04:46:26,Financial Fraud,UPI Related Frauds,2864.29,New Delhi,Delhi,Wallet,23.43,ACC-000738,ACC-000013,ATM-00007,2026-06-25 19:43:38,2026-06-25 20:43:38
CMP-002932,2026-06-15 06:18:21,Financial Fraud,UPI Related Frauds,1628.87,Ahmedabad,Gujarat,Wallet,4.2,ACC-000500,ACC-000043,ATM-00040,2026-06-15 15:31:21,2026-06-15 16:31:21
CMP-002934,2026-07-27 07:14:35,Financial Fraud,Investment Scam,14441.9,Hyderabad,Telangana,UPI,2.5,ACC-000920,ACC-000016,ATM-00112,2026-07-27 06:51:35,2026-07-27 07:51:35
CMP-002935,2026-08-09 09:01:16,Financial Fraud,Internet Banking Related Fraud,1577.74,Mumbai,Maharashtra,Wallet,10.31,ACC-000389,ACC-000109,ATM-00025,2026-08-09 06:19:40,2026-08-09 07:19:40
CMP-002937,2026-07-29 07:27:00,Financial Fraud,Debit/Credit Card Fraud,18655.3,New Delhi,Delhi,UPI,89.74,ACC-000252,ACC-000179,ATM-00044,2026-07-25 18:46:36,2026-07-25 19:46:36
CMP-002938,2026-06-11 23:44:04,Financial Fraud,UPI Related Frauds,3106.98,Lucknow,Uttar Pradesh,Card,2.08,ACC-000614,ACC-001155,ATM-00129,2026-06-12 03:10:16,2026-06-12 04:10:16
CMP-002939,2026-07-07 01:19:48,Financial Fraud,UPI Related Frauds,37869.36,Pune,Maharashtra,Net Banking,0.92,ACC-000720,ACC-000117,ATM-00031,2026-07-07 12:34:36,2026-07-07 13:34:36
CMP-002941,2026-08-16 12:33:22,Financial Fraud,UPI Related Frauds,10002.93,Pune,Maharashtra,UPI,6.9,ACC-000571,ACC-000148,ATM-00361,2026-08-16 12:38:22,2026-08-16 13:38:22
CMP-002942,2026-07-07 09:09:02,Other Cyber Crime,Online Matrimonial/Romance Scam,7719.48,Chennai,Tamil Nadu,,1.43,ACC-001060,ACC-000285,ATM-00284,2026-07-07 13:26:14,2026-07-07 14:26:14
CMP-002943,2026-06-16 13:33:21,Other Cyber Crime,Online Matrimonial/Romance Scam,9172.78,Noida,Uttar Pradesh,UPI,1.34,ACC-000620,ACC-000205,ATM-00065,2026-06-16 15:17:57,2026-06-16 16:17:57
CMP-002944,2026-07-28 09:39:35,Financial Fraud,UPI Related Frauds,3112.07,,Karnataka,UPI,2.28,ACC-000710,ACC-000915,ATM-00048,2026-07-28 12:50:47,2026-07-28 13:50:47
CMP-002945,2026-07-20 14:14:28,Financial Fraud,E-Wallet Related Fraud,604.72,Hyderabad,Telangana,Net Banking,20.21,ACC-001108,ACC-000181,ATM-00383,2026-07-19 21:17:52,2026-07-19 22:17:52
CMP-002947,2026-06-04 03:57:44,Financial Fraud,UPI Related Frauds,2562.06,Hyderabad,Telangana,Net Banking,4.86,ACC-001045,ACC-000055,ATM-00352,2026-06-04 05:21:08,2026-06-04 06:21:08
CMP-002948,2026-08-03 00:46:25,Financial Fraud,UPI Related Frauds,619.05,New Delhi,Delhi,UPI,6.67,ACC-000562,ACC-000055,ATM-00045,2026-08-03 00:21:13,2026-08-03 01:21:13
CMP-002949,2026-06-22 19:18:42,Financial Fraud,UPI Related Frauds,1161.61,Chennai,Tamil Nadu,,34.93,ACC-000752,ACC-000051,ATM-00043,2026-06-21 13:54:54,2026-06-21 14:54:54
CMP-002950,2026-08-11 06:13:49,Other Cyber Crime,Online Matrimonial/Romance Scam,23774.21,Ahmedabad,Gujarat,UPI,2.77,ACC-000559,ACC-000834,ATM-00060,2026-08-11 10:59:37,2026-08-11 11:59:37
CMP-002951,2026-07-22 05:45:41,Financial Fraud,Investment Scam,37469.48,Hyderabad,Telangana,Net Banking,3.95,ACC-000225,ACC-000095,ATM-00379,2026-07-22 11:19:41,2026-07-22 12:19:41
CMP-002952,2026-07-21 12:28:14,Financial Fraud,E-Wallet Related Fraud,3262.45,Ahmedabad,Gujarat,UPI,4.35,ACC-000973,ACC-000062,ATM-00123,2026-07-21 14:57:14,2026-07-21 15:57:14
CMP-002953,2026-06-29 10:53:29,Financial Fraud,UPI Related Frauds,2451.75,Hyderabad,Telangana,Wallet,4.81,ACC-000725,ACC-000142,ATM-00055,2026-06-29 13:50:53,2026-06-29 14:50:53
CMP-002954,2026-07-06 03:26:22,Financial Fraud,UPI Related Frauds,1731.13,New delhi,Delhi,UPI,2.97,ACC-000755,ACC-000209,ATM-00047,2026-07-06 07:02:10,2026-07-06 08:02:10
CMP-002955,2026-08-07 06:58:38,Financial Fraud,UPI Related Frauds,456.13,Jaipur,Rajasthan,UPI,14.42,ACC-000764,ACC-000046,ATM-00058,2026-08-07 00:45:26,2026-08-07 01:45:26
CMP-002956,2026-07-06 03:14:39,Financial Fraud,Investment Scam,145573.61,Chennai,Tamil Nadu,UPI,1.77,ACC-000281,ACC-000104,ATM-00026,2026-07-06 16:30:27,2026-07-06 17:30:27
CMP-002957,2026-07-06 04:12:47,Financial Fraud,Internet Banking Related Fraud,44299.78,Bengaluru Urban,Karnataka,Net Banking,4.97,ACC-000223,ACC-000120,ATM-00004,2026-07-06 14:04:35,2026-07-06 15:04:35
CMP-002958,2026-07-11 15:59:30,Financial Fraud,E-Wallet Related Fraud,872.26,Lucknow,Uttar Pradesh,UPI,12.53,ACC-000783,ACC-000404,ATM-00210,2026-07-11 09:30:42,2026-07-11 10:30:42
CMP-002959,2026-07-23 04:44:09,Financial Fraud,Digital Arrest / Impersonation,96534.7,Jaipur,Rajasthan,UPI,7.2,ACC-000241,ACC-000180,ATM-00186,2026-07-23 02:59:09,2026-07-23 03:59:09
CMP-002960,2026-08-04 15:39:56,Other Cyber Crime,Cyber Bullying/Stalking,0.0,Ahmedabad,Gujarat,,2.69,,,,,
CMP-002962,2026-07-20 00:47:44,Financial Fraud,UPI Related Frauds,4916.48,Pune,Maharashtra,Wallet,0.46,ACC-000323,ACC-000054,ATM-00323,2026-07-20 07:39:08,2026-07-20 08:39:08
CMP-002963,2026-08-15 00:23:35,Financial Fraud,Internet Banking Related Fraud,4298.95,Ahmedabad,Gujarat,UPI,35.4,ACC-000505,ACC-000062,ATM-00027,2026-08-13 17:31:35,2026-08-13 18:31:35
CMP-002964,2026-06-17 04:36:16,Financial Fraud,UPI Related Frauds,1494.64,Lucknow,Uttar Pradesh,,2.17,ACC-001027,ACC-001018,ATM-00017,2026-06-17 07:11:04,2026-06-17 08:11:04
CMP-002965,2026-07-16 14:51:13,Financial Fraud,UPI Related Frauds,1991.88,Noida,Uttar Pradesh,Net Banking,1.04,ACC-000762,ACC-000073,ATM-00011,2026-07-17 07:35:49,2026-07-17 08:35:49
CMP-002966,2026-07-12 21:16:52,Financial Fraud,UPI Related Frauds,408.52,Bengaluru Urban,Karnataka,UPI,3.4,ACC-000585,ACC-000194,ATM-00343,2026-07-13 05:24:52,2026-07-13 06:24:52
CMP-002967,2026-07-20 23:47:49,Financial Fraud,UPI Related Frauds,3368.67,Bengaluru Urban,Karnataka,Wallet,4.21,ACC-001008,ACC-000034,ATM-00041,2026-07-21 00:19:13,2026-07-21 01:19:13
CMP-002968,2026-07-05 09:44:12,Other Cyber Crime,Cyber Bullying/Stalking,0.0,Chennai,Tamil Nadu,,3.77,,,,,
CMP-002969,2026-06-24 10:35:02,Financial Fraud,UPI Related Frauds,3098.7,Ahmedabad,Gujarat,Net Banking,15.29,ACC-000533,ACC-000048,ATM-00025,2026-06-24 07:08:38,2026-06-24 08:08:38
CMP-002970,2026-08-27 05:18:58,Financial Fraud,UPI Related Frauds,2511.41,Chennai,Tamil Nadu,UPI,2.25,ACC-000869,ACC-001122,ATM-00049,2026-08-27 12:16:58,2026-08-27 13:16:58
CMP-002971,2026-08-10 02:48:01,Financial Fraud,E-Wallet Related Fraud,1595.75,Bengaluru Urban,Karnataka,UPI,8.98,ACC-000861,ACC-000151,ATM-00016,2026-08-10 00:23:13,2026-08-10 01:23:13
CMP-002973,2026-07-13 07:13:53,Financial Fraud,E-Wallet Related Fraud,2162.77,New Delhi,Delhi,UPI,6.73,ACC-000898,ACC-000033,ATM-00061,2026-07-13 18:10:05,2026-07-13 19:10:05
CMP-002974,2026-06-18 19:28:16,Financial Fraud,Debit/Credit Card Fraud,1821.51,Bengaluru Urban,Karnataka,,4.59,ACC-000746,ACC-000215,ATM-00054,2026-06-19 03:22:52,2026-06-19 04:22:52
CMP-002975,2026-07-20 10:55:38,Financial Fraud,Internet Banking Related Fraud,1532.0,Hyderabad,Telangana,UPI,0.54,ACC-001017,ACC-000427,ATM-00041,2026-07-20 16:32:14,2026-07-20 17:32:14
CMP-002977,2026-06-18 03:47:33,Financial Fraud,Debit/Credit Card Fraud,6016.62,pune,Maharashtra,Card,4.39,ACC-000974,ACC-000189,ATM-00064,2026-06-18 08:54:09,2026-06-18 09:54:09
CMP-002979,2026-07-21 06:16:34,Financial Fraud,Debit/Credit Card Fraud,1432.1,Bengaluru Urban,Karnataka,Wallet,23.79,ACC-001042,ACC-000207,ATM-00217,2026-07-20 13:42:10,2026-07-20 14:42:10
CMP-002980,2026-07-12 10:15:31,Financial Fraud,Internet Banking Related Fraud,1709.63,Hyderabad,Telangana,UPI,3.54,ACC-000477,ACC-000188,ATM-00012,2026-07-12 21:21:07,2026-07-12 22:21:07
CMP-002981,2026-06-14 21:40:19,Financial Fraud,Debit/Credit Card Fraud,1733.21,New Delhi,Delhi,UPI,8.89,ACC-000946,ACC-000171,ATM-00355,2026-06-15 01:37:55,2026-06-15 02:37:55
CMP-002982,2026-08-10 23:19:05,Other Cyber Crime,Hacking/Damage to Computer,0.0,Chennai,Tamil Nadu,,3.01,,,,,
CMP-002983,2026-07-26 20:10:05,Financial Fraud,UPI Related Frauds,1869.08,Lucknow,Uttar Pradesh,Wallet,12.48,ACC-001111,ACC-000173,ATM-00041,2026-07-26 15:12:17,2026-07-26 16:12:17
CMP-002984,2026-06-17 01:51:30,Financial Fraud,UPI Related Frauds,3060.97,Pune,Maharashtra,UPI,8.33,ACC-000398,ACC-000114,ATM-00044,2026-06-17 06:03:42,2026-06-17 07:03:42
CMP-002985,2026-08-25 23:00:47,Financial Fraud,UPI Related Frauds,1232.51,Lucknow,Uttar Pradesh,UPI,0.83,ACC-000499,ACC-000044,ATM-00010,2026-08-26 02:17:59,2026-08-26 03:17:59
CMP-002986,2026-07-29 20:28:44,Other Cyber Crime,Cyber Bullying/Stalking,0.0,Mumbai,Maharashtra,,5.1,,,,,
CMP-002988,2026-07-20 09:21:09,Financial Fraud,UPI Related Frauds,2774.1,Noida,Uttar Pradesh,Net Banking,5.73,ACC-000568,ACC-000601,ATM-00005,2026-07-20 11:28:21,2026-07-20 12:28:21
CMP-002989,2026-08-26 11:21:07,Financial Fraud,UPI Related Frauds,691.56,Chennai,Tamil Nadu,Card,43.21,ACC-000669,ACC-000141,ATM-00048,2026-08-24 22:32:31,2026-08-24 23:32:31
CMP-002990,2026-08-20 19:52:33,Financial Fraud,Investment Scam,79736.71,Bengaluru Urban,Karnataka,Net Banking,10.35,ACC-000622,ACC-000036,ATM-00026,2026-08-20 22:55:33,2026-08-20 23:55:33
CMP-002992,2026-07-15 01:32:44,Financial Fraud,Debit/Credit Card Fraud,1335.63,,Karnataka,UPI,7.71,ACC-000533,ACC-000894,ATM-00197,2026-07-15 00:11:08,2026-07-15 01:11:08
CMP-002993,2026-08-22 00:23:47,Financial Fraud,UPI Related Frauds,2163.8,Ahmedabad,Gujarat,UPI,4.64,ACC-000742,ACC-000200,ATM-00063,2026-08-22 00:07:23,2026-08-22 01:07:23
CMP-002994,2026-06-09 10:24:26,Financial Fraud,Online Job Fraud,6823.83,Lucknow,Uttar Pradesh,Wallet,1.02,ACC-000235,ACC-000856,ATM-00018,2026-06-09 13:27:14,2026-06-09 14:27:14
CMP-002996,2026-06-22 14:19:36,Financial Fraud,Digital Arrest / Impersonation,742565.06,Delhi,Delhi,Net Banking,3.8,ACC-001029,ACC-000836,ATM-00058,2026-06-22 18:35:36,2026-06-22 19:35:36
CMP-002998,2026-06-08 04:38:19,Financial Fraud,Investment Scam,1232948.82,Ahmedabad,Gujarat,Net Banking,0.55,ACC-001024,ACC-000049,ATM-00007,2026-06-08 07:40:19,2026-06-08 08:40:19
CMP-002999,2026-07-13 01:50:35,Financial Fraud,UPI Related Frauds,3245.94,Chennai,Tamil Nadu,UPI,0.64,ACC-000491,ACC-000080,ATM-00049,2026-07-13 06:12:11,2026-07-13 07:12:11
CMP-003000,2026-06-19 11:39:39,Financial Fraud,Investment Scam,3795.07,Lucknow,Uttar Pradesh,Net Banking,6.4,ACC-000802,ACC-000170,ATM-00012,2026-06-19 19:19:39,2026-06-19 20:19:39
CMP-001802-DUP,2026-07-24 12:36:07,Financial Fraud,UPI Related Frauds,1123.67,bengaluru urban,Karnataka,UPI,1.9,ACC-000737,ACC-000035,ATM-00063,2026-07-23 14:32:07,2026-07-23 15:32:07
CMP-001191-DUP,2026-06-19 12:51:38,Financial Fraud,Debit/Credit Card Fraud,2759.71,Bengaluru Urban,Karnataka,UPI,24.7,ACC-000986,ACC-000056,ATM-00010,2026-06-17 11:32:38,2026-06-17 12:32:38
CMP-001818-DUP,2026-07-27 03:08:32,Financial Fraud,Investment Scam,16781.23,Hyderabad,Telangana,Card,6.6,ACC-000531,ACC-000899,ATM-00020,2026-07-26 23:05:32,2026-07-27 00:05:32
CMP-000252-DUP,2026-08-18 04:08:55,Other Cyber Crime,Cyber Bullying/Stalking,0.0,Bengaluru Urban,Karnataka,,17.18,,,,,
CMP-002506-DUP,2026-06-09 11:58:39,Financial Fraud,E-Wallet Related Fraud,422.24,Poona,Maharashtra,Wallet,5.01,ACC-001035,ACC-000057,ATM-00013,2026-06-09 02:31:03,2026-06-09 03:31:03
CMP-001118-DUP,2026-08-28 03:45:20,Financial Fraud,E-Wallet Related Fraud,2462.62,New Delhi,Delhi,UPI,3.43,ACC-001029,ACC-000095,ATM-00030,2026-08-26 22:27:32,2026-08-26 23:27:32
CMP-001412-DUP,2026-06-13 00:42:32,Financial Fraud,Debit/Credit Card Fraud,8251.72,New Delhi,Delhi,UPI,0.84,ACC-001123,ACC-000177,ATM-00086,2026-06-12 06:02:08,2026-06-12 07:02:08
CMP-000409-DUP,2026-07-13 08:15:51,Financial Fraud,UPI Related Frauds,5099.29,Bengaluru Urban,Karnataka,Card,0.68,ACC-000862,ACC-000071,ATM-00139,2026-07-11 23:11:03,2026-07-12 00:11:03
CMP-002255-DUP,2026-08-17 03:46:30,Financial Fraud,UPI Related Frauds,3656.11,Poona,Maharashtra,Net Banking,3.04,ACC-000310,ACC-000029,ATM-00055,2026-08-16 13:16:06,2026-08-16 14:16:06
CMP-000053-DUP,2026-06-07 17:14:15,Financial Fraud,E-Wallet Related Fraud,1490.53,Ahmedabad,Gujarat,UPI,1.71,ACC-000656,ACC-001185,ATM-00176,2026-06-07 03:12:39,2026-06-07 04:12:39
CMP-000645-DUP,2026-08-10 22:19:40,Financial Fraud,UPI Related Frauds,4365.63,Bengaluru Urban,Karnataka,Net Banking,3.59,ACC-000248,ACC-000187,ATM-00007,2026-08-09 03:40:16,2026-08-09 04:40:16
CMP-001764-DUP,2026-08-14 09:12:45,Financial Fraud,Internet Banking Related Fraud,28670.7,Pune,Maharashtra,Wallet,68.43,ACC-000227,ACC-000010,ATM-00058,2026-08-11 12:09:57,2026-08-11 13:09:57
CMP-002777-DUP,2026-07-05 10:40:44,Financial Fraud,Debit/Credit Card Fraud,979.08,Bengaluru,Karnataka,UPI,1.51,ACC-001184,ACC-000120,ATM-00066,2026-07-05 10:16:08,2026-07-05 11:16:08
CMP-000901-DUP,2026-07-29 15:09:05,Financial Fraud,UPI Related Frauds,5639.26,Ahmedabad,Gujarat,Card,9.38,ACC-000570,ACC-001198,ATM-00049,2026-07-27 22:18:17,2026-07-27 23:18:17
CMP-001074-DUP,2026-08-28 23:37:46,Financial Fraud,E-Wallet Related Fraud,2353.63,Lucknow,Uttar Pradesh,,12.44,ACC-000509,ACC-000097,ATM-00054,2026-08-27 12:25:22,2026-08-27 13:25:22
CMP-000473-DUP,2026-06-09 22:02:22,Financial Fraud,Investment Scam,463349.07,mumbai,Maharashtra,Net Banking,1.68,ACC-000960,ACC-000592,ATM-00197,2026-06-08 08:55:34,2026-06-08 09:55:34
CMP-002547-DUP,2026-06-11 11:45:24,Other Cyber Crime,Hacking/Damage to Computer,0.0,Bombay,Maharashtra,,0.97,,,,,
CMP-000045-DUP,2026-06-08 17:11:28,Financial Fraud,Debit/Credit Card Fraud,11988.06,,Maharashtra,UPI,6.65,ACC-001026,ACC-000024,ATM-00044,2026-06-07 05:38:28,2026-06-07 06:38:28
CMP-000290-DUP,2026-08-07 15:28:13,Other Cyber Crime,Cyber Bullying/Stalking,0.0,Mumbai,Maharashtra,,4.97,,,,,
CMP-000913-DUP,2026-07-12 03:09:03,Financial Fraud,Digital Arrest / Impersonation,187257.1,Mumbai,Maharashtra,Card,8.18,ACC-000891,ACC-000073,ATM-00360,2026-07-11 13:24:15,2026-07-11 14:24:15
CMP-002084-DUP,2026-06-03 06:38:47,Financial Fraud,Investment Scam,269183.55,Ahmedabad,Gujarat,UPI,1.99,ACC-000484,ACC-000177,ATM-00016,2026-06-01 23:31:23,2026-06-02 00:31:23
CMP-002896-DUP,2026-06-29 20:22:15,Financial Fraud,E-Wallet Related Fraud,5083.71,Mumbai,Maharashtra,UPI,28.46,ACC-001100,ACC-000027,ATM-00030,2026-06-28 07:42:39,2026-06-28 08:42:39
CMP-002604-DUP,2026-08-16 09:45:06,Financial Fraud,UPI Related Frauds,23726.45,Mumbai,Maharashtra,Card,1.02,ACC-000487,ACC-000069,ATM-00066,2026-08-15 06:28:54,2026-08-15 07:28:54
CMP-001227-DUP,2026-06-10 15:37:40,Financial Fraud,Online Job Fraud,4069.73,Bengaluru Urban,Karnataka,Net Banking,0.53,ACC-000988,ACC-000076,ATM-00005,2026-06-11 04:32:52,2026-06-11 05:32:52
CMP-000297-DUP,2026-06-22 03:42:41,Financial Fraud,UPI Related Frauds,2185.16,New Delhi,Delhi,Card,18.94,ACC-000609,ACC-000058,ATM-00235,2026-06-20 19:31:17,2026-06-20 20:31:17
CMP-001242-DUP,2026-06-24 07:43:15,Financial Fraud,Online Job Fraud,3001.32,Bengaluru Urban,Karnataka,,1.48,ACC-001046,ACC-001058,ATM-00010,2026-06-23 19:12:27,2026-06-23 20:12:27
CMP-001666-DUP,2026-08-09 03:28:28,Financial Fraud,Debit/Credit Card Fraud,2517.34,Ahmedabad,Gujarat,UPI,1.77,ACC-000840,ACC-000200,ATM-00058,2026-08-08 14:55:16,2026-08-08 15:55:16
CMP-000747-DUP,2026-08-11 22:48:07,Financial Fraud,UPI Related Frauds,1393.69,Poona,Maharashtra,Net Banking,1.28,ACC-000422,ACC-000645,ATM-00161,2026-08-10 22:06:19,2026-08-10 23:06:19
CMP-000292-DUP,2026-07-25 08:41:50,Financial Fraud,UPI Related Frauds,3723.87,Ahmedabad,Gujarat,Wallet,6.72,ACC-000670,ACC-000173,ATM-00344,2026-07-24 00:29:38,2026-07-24 01:29:38
CMP-000782-DUP,2026-08-16 12:59:13,Financial Fraud,UPI Related Frauds,3421.19,Bengaluru Urban,Karnataka,UPI,28.52,ACC-000739,ACC-000718,ATM-00210,2026-08-13 23:53:01,2026-08-14 00:53:01
CMP-002145-DUP,2026-06-28 05:00:41,Financial Fraud,UPI Related Frauds,6831.56,Mumbai City,Maharashtra,Wallet,4.5,ACC-000397,ACC-000834,ATM-00054,2026-06-26 06:49:41,2026-06-26 07:49:41
CMP-000323-DUP,2026-07-28 14:38:51,Financial Fraud,E-Wallet Related Fraud,789.71,Pune,Maharashtra,Card,84.34,ACC-000796,ACC-000248,ATM-00017,2026-07-23 20:01:27,2026-07-23 21:01:27
CMP-001299-DUP,2026-08-17 06:01:11,Financial Fraud,Internet Banking Related Fraud,4973.22,,Uttar Pradesh,Card,11.57,ACC-000428,ACC-000114,ATM-00021,2026-08-15 04:19:59,2026-08-15 05:19:59
CMP-000064-DUP,2026-08-12 09:23:30,Financial Fraud,UPI Related Frauds,865.46,Bengaluru Urban,Karnataka,Card,9.06,ACC-000789,ACC-000942,ATM-00052,2026-08-11 16:41:54,2026-08-11 17:41:54
CMP-000728-DUP,2026-08-14 06:09:58,Financial Fraud,Investment Scam,734279.56,Pune,Maharashtra,UPI,4.66,ACC-000237,ACC-000149,ATM-00065,2026-08-13 00:22:22,2026-08-13 01:22:22
CMP-001584-DUP,2026-08-29 02:54:41,Financial Fraud,UPI Related Frauds,2246.45,Ahmedabad,Gujarat,UPI,7.47,ACC-000901,ACC-000057,ATM-00039,2026-08-27 20:57:29,2026-08-27 21:57:29
CMP-001548-DUP,2026-06-18 17:18:57,Financial Fraud,Investment Scam,522974.9,Mumbai,Maharashtra,Net Banking,1.62,ACC-000683,ACC-000057,ATM-00131,2026-06-18 19:37:45,2026-06-18 20:37:45
CMP-002426-DUP,2026-06-09 07:42:29,Financial Fraud,Digital Arrest / Impersonation,166009.6,Ahmedabad,Gujarat,Net Banking,6.06,ACC-001186,ACC-000187,ATM-00037,2026-06-08 15:25:53,2026-06-08 16:25:53
CMP-000015-DUP,2026-08-06 21:37:16,Financial Fraud,UPI Related Frauds,1740.68,,Maharashtra,UPI,3.16,ACC-000555,ACC-000213,ATM-00048,2026-08-05 00:07:40,2026-08-05 01:07:40
CMP-002568-DUP,2026-06-13 16:16:12,Financial Fraud,E-Wallet Related Fraud,667.3,Bengaluru,Karnataka,UPI,3.54,ACC-000262,ACC-000999,ATM-00035,2026-06-11 16:50:48,2026-06-11 17:50:48
CMP-001601-DUP,2026-07-22 16:57:25,Financial Fraud,UPI Related Frauds,2376.93,Ahmedabad,Gujarat,Card,18.93,ACC-000953,ACC-000106,ATM-00088,2026-07-21 04:10:37,2026-07-21 05:10:37
CMP-001091-DUP,2026-08-08 08:10:24,Financial Fraud,Investment Scam,146414.85,Noida,Uttar Pradesh,Net Banking,9.46,ACC-000863,ACC-000023,ATM-00015,2026-08-08 03:07:48,2026-08-08 04:07:48
CMP-002112-DUP,2026-06-04 09:41:47,Financial Fraud,UPI Related Frauds,503.0,Jaipur,Rajasthan,,2.81,ACC-001147,ACC-000120,ATM-00037,2026-06-04 10:42:11,2026-06-04 11:42:11
CMP-000204-DUP,2026-06-21 10:57:07,Financial Fraud,Internet Banking Related Fraud,9404.93,Hyderabad,Telangana,UPI,42.58,ACC-000227,ACC-000200,ATM-00043,2026-06-18 20:19:19,2026-06-18 21:19:19
CMP-002419-DUP,2026-08-13 07:39:30,Financial Fraud,UPI Related Frauds,2633.0,Pune,Maharashtra,UPI,2.08,ACC-000855,ACC-000104,ATM-00265,2026-08-11 16:22:42,2026-08-11 17:22:42
CMP-000153-DUP,2026-06-09 07:53:32,Other Cyber Crime,Hacking/Damage to Computer,0.0,Mumbai,Maharashtra,,3.49,,,,,
CMP-002902-DUP,2026-06-08 04:49:24,Financial Fraud,Investment Scam,79237.87,Lucknow,Uttar Pradesh,UPI,3.96,ACC-000504,ACC-000010,ATM-00031,2026-06-06 06:31:48,2026-06-06 07:31:48
CMP-001360-DUP,2026-07-17 12:57:10,Financial Fraud,Digital Arrest / Impersonation,125629.47,Mumbai,Maharashtra,UPI,9.99,ACC-000726,ACC-000141,ATM-00044,2026-07-16 18:10:46,2026-07-16 19:10:46
CMP-001002-DUP,2026-08-28 06:57:28,Financial Fraud,Investment Scam,7750.05,,Telangana,,11.0,ACC-000833,ACC-000898,ATM-00142,2026-08-26 12:01:28,2026-08-26 13:01:28
CMP-000719-DUP,2026-07-05 09:27:33,Financial Fraud,UPI Related Frauds,2620.96,Bengaluru Urban,Karnataka,Card,34.95,ACC-000864,ACC-000044,ATM-00384,2026-07-03 17:51:33,2026-07-03 18:51:33
CMP-000843-DUP,2026-06-15 01:07:20,Financial Fraud,Debit/Credit Card Fraud,12163.06,Noida,Uttar Pradesh,Card,4.08,ACC-000759,ACC-000033,ATM-00042,2026-06-15 01:55:32,2026-06-15 02:55:32
CMP-000267-DUP,2026-06-24 01:19:03,Financial Fraud,UPI Related Frauds,1758.94,Hyderabad,Telangana,Card,1.59,ACC-000458,ACC-000081,ATM-00013,2026-06-22 14:12:39,2026-06-22 15:12:39
CMP-000052-DUP,2026-08-11 11:52:11,Financial Fraud,Debit/Credit Card Fraud,1165.59,Lucknow,Uttar Pradesh,UPI,2.71,ACC-000504,ACC-000214,ATM-00030,2026-08-10 21:56:35,2026-08-10 22:56:35
CMP-001196-DUP,2026-07-15 23:33:23,Other Cyber Crime,Hacking/Damage to Computer,0.0,Lucknow,Uttar Pradesh,,9.78,,,,,
CMP-001492-DUP,2026-06-23 20:28:43,Financial Fraud,Investment Scam,34018.19,Lucknow,Uttar Pradesh,UPI,1.55,ACC-001067,ACC-000146,ATM-00061,2026-06-23 02:39:43,2026-06-23 03:39:43
CMP-001583-DUP,2026-06-05 19:09:48,Financial Fraud,E-Wallet Related Fraud,395.62,Bengaluru Urban,Karnataka,Net Banking,18.01,ACC-000254,ACC-000104,ATM-00057,2026-06-04 07:27:12,2026-06-04 08:27:12
CMP-000522-DUP,2026-07-24 08:58:39,Financial Fraud,Debit/Credit Card Fraud,633.77,Mumbai,Maharashtra,,3.33,ACC-001052,ACC-000050,ATM-00025,2026-07-23 13:52:51,2026-07-23 14:52:51
CMP-001695-DUP,2026-07-20 22:43:32,Other Cyber Crime,Cyber Bullying/Stalking,0.0,Pune,Maharashtra,,1.51,,,,,
CMP-002664-DUP,2026-07-03 07:45:39,Financial Fraud,Internet Banking Related Fraud,3403.8,New Delhi,Delhi,UPI,2.25,ACC-000973,ACC-000136,ATM-00028,2026-07-02 03:11:39,2026-07-02 04:11:39
CMP-002749-DUP,2026-08-07 12:06:56,Financial Fraud,UPI Related Frauds,2272.35,Pune,Maharashtra,UPI,12.55,ACC-000724,ACC-000041,ATM-00311,2026-08-06 10:17:56,2026-08-06 11:17:56
CMP-001922-DUP,2026-06-21 01:44:01,Financial Fraud,UPI Related Frauds,10234.11,Pune,Maharashtra,Card,7.45,ACC-000742,ACC-000373,ATM-00127,2026-06-20 09:19:01,2026-06-20 10:19:01
CMP-000103-DUP,2026-06-28 01:40:31,Financial Fraud,UPI Related Frauds,3461.26,Chennai,Tamil Nadu,UPI,4.81,ACC-000992,ACC-000042,ATM-00239,2026-06-26 05:13:55,2026-06-26 06:13:55
CMP-000696-DUP,2026-06-12 17:10:48,Financial Fraud,Debit/Credit Card Fraud,5241.33,pune,Maharashtra,UPI,0.42,ACC-000799,ACC-000015,ATM-00009,2026-06-12 07:45:36,2026-06-12 08:45:36
CMP-002333-DUP,2026-06-27 08:19:04,Financial Fraud,Investment Scam,74401.81,Mumbai,Maharashtra,Net Banking,7.07,ACC-000828,ACC-000833,ATM-00009,2026-06-26 04:09:52,2026-06-26 05:09:52
CMP-002483-DUP,2026-06-13 19:03:10,Financial Fraud,Debit/Credit Card Fraud,3693.45,Chennai,Tamil Nadu,Card,2.77,ACC-000249,ACC-000392,ATM-00256,2026-06-13 21:11:58,2026-06-13 22:11:58
CMP-001843-DUP,2026-07-24 14:40:41,Financial Fraud,Investment Scam,8904.74,Bengaluru Urban,Karnataka,UPI,4.31,ACC-000829,ACC-000792,ATM-00027,2026-07-24 00:35:05,2026-07-24 01:35:05
CMP-001831-DUP,2026-07-18 13:05:37,Financial Fraud,Online Job Fraud,19068.28,Jaipur,Rajasthan,Net Banking,3.96,ACC-001184,ACC-000099,ATM-00033,2026-07-18 10:43:01,2026-07-18 11:43:01
CMP-000795-DUP,2026-08-16 12:19:09,Financial Fraud,Internet Banking Related Fraud,12169.15,,Uttar Pradesh,Net Banking,1.31,ACC-000754,ACC-000047,ATM-00243,2026-08-15 04:36:33,2026-08-15 05:36:33
CMP-001821-DUP,2026-08-02 00:27:11,Financial Fraud,Debit/Credit Card Fraud,2006.01,Noida,Uttar Pradesh,UPI,34.97,ACC-000498,ACC-000151,ATM-00285,2026-07-31 01:02:59,2026-07-31 02:02:59
CMP-002002-DUP,2026-08-27 05:25:56,Financial Fraud,E-Wallet Related Fraud,1978.51,Ahmedabad,Gujarat,Net Banking,3.46,ACC-000784,ACC-000765,ATM-00059,2026-08-26 02:40:20,2026-08-26 03:40:20
CMP-000145-DUP,2026-08-11 01:27:53,Financial Fraud,E-Wallet Related Fraud,2344.6,New Delhi,Delhi,UPI,2.18,ACC-000291,ACC-000724,ATM-00030,2026-08-10 11:57:05,2026-08-10 12:57:05
CMP-002526-DUP,2026-06-02 17:53:40,Financial Fraud,E-Wallet Related Fraud,1236.96,Bengaluru Urban,Karnataka,Wallet,1.33,ACC-000425,ACC-000211,ATM-00029,2026-06-02 06:03:52,2026-06-02 07:03:52
CMP-002478-DUP,2026-06-26 21:48:55,Financial Fraud,E-Wallet Related Fraud,2520.25,,Uttar Pradesh,Wallet,6.36,ACC-000470,ACC-000009,ATM-00042,2026-06-25 13:20:19,2026-06-25 14:20:19
CMP-002882-DUP,2026-06-13 20:40:27,Financial Fraud,UPI Related Frauds,1150.19,Noida,Uttar Pradesh,UPI,4.34,ACC-000970,ACC-000078,ATM-00052,2026-06-13 21:18:03,2026-06-13 22:18:03
