transaction_id,complaint_id,from_account_id,to_account_id,amount,timestamp,hop_number
TXN-0000001,CMP-000001,ACC-000599,ACC-000072,2820.86,2026-06-27 15:31:53,1
TXN-0000002,CMP-000001,ACC-000072,ACC-001001,2708.87,2026-06-27 20:07:53,2
TXN-0000003,CMP-000001,ACC-001001,ACC-000110,2638.55,2026-06-27 21:07:53,3
TXN-0000004,CMP-000002,ACC-001005,ACC-000148,5275.99,2026-08-10 22:03:39,1
TXN-0000005,CMP-000002,ACC-000148,ACC-000054,4876.64,2026-08-11 04:00:39,2
TXN-0000006,CMP-000002,ACC-000054,ACC-000030,4720.97,2026-08-11 04:34:39,3
TXN-0000007,CMP-000003,ACC-000225,ACC-000207,2360.63,2026-06-03 19:47:09,1
TXN-0000008,CMP-000003,ACC-000207,ACC-001151,2268.8,2026-06-03 20:54:09,2
TXN-0000009,CMP-000003,ACC-001151,ACC-000003,2215.41,2026-06-03 21:51:09,3
TXN-0000010,CMP-000003,ACC-000003,ACC-000160,2131.2,2026-06-04 02:25:09,4
TXN-0000011,CMP-000004,ACC-000310,ACC-000143,11439.66,2026-07-25 06:24:08,1
TXN-0000012,CMP-000004,ACC-000143,ACC-000013,10632.36,2026-07-25 11:58:08,2
TXN-0000013,CMP-000004,ACC-000013,ACC-000007,9810.95,2026-07-25 15:31:08,3
TXN-0000014,CMP-000005,ACC-001026,ACC-000517,1335.6,2026-06-22 03:56:25,1
TXN-0000015,CMP-000005,ACC-000517,ACC-000328,1271.92,2026-06-22 08:17:25,2
TXN-0000016,CMP-000005,ACC-000328,ACC-001097,1219.36,2026-06-22 12:50:25,3
TXN-0000017,CMP-000006,ACC-000487,ACC-000428,1887.8,2026-08-13 16:31:21,1
TXN-0000018,CMP-000006,ACC-000428,ACC-000768,1809.42,2026-08-13 21:41:21,2
TXN-0000019,CMP-000006,ACC-000768,ACC-000050,1695.62,2026-08-14 00:59:21,3
TXN-0000020,CMP-000007,ACC-001150,ACC-000729,133478.34,2026-06-16 05:27:36,1
TXN-0000021,CMP-000007,ACC-000729,ACC-001072,128602.92,2026-06-16 07:21:36,2
TXN-0000022,CMP-000008,ACC-001052,ACC-000079,10238.64,2026-07-07 23:34:53,1
TXN-0000023,CMP-000009,ACC-000887,ACC-000154,16930.92,2026-08-18 02:30:54,1
TXN-0000024,CMP-000009,ACC-000154,ACC-000113,16757.98,2026-08-18 04:14:54,2
TXN-0000025,CMP-000010,ACC-000697,ACC-000048,1886.27,2026-07-07 20:09:44,1
TXN-0000026,CMP-000010,ACC-000048,ACC-000185,1747.55,2026-07-07 20:32:44,2
TXN-0000027,CMP-000010,ACC-000185,ACC-000187,1643.7,2026-07-08 01:03:44,3
TXN-0000028,CMP-000011,ACC-001084,ACC-000340,10442.32,2026-08-25 23:16:55,1
TXN-0000029,CMP-000011,ACC-000340,ACC-000188,10150.59,2026-08-26 03:46:55,2
TXN-0000030,CMP-000011,ACC-000188,ACC-000129,9868.85,2026-08-26 07:29:55,3
TXN-0000031,CMP-000012,ACC-000748,ACC-000994,6969.58,2026-06-05 13:07:06,1
TXN-0000032,CMP-000012,ACC-000994,ACC-000176,6455.13,2026-06-05 13:25:06,2
TXN-0000033,CMP-000013,ACC-000423,ACC-000064,47367.09,2026-08-22 22:09:53,1
TXN-0000034,CMP-000013,ACC-000064,ACC-001037,43750.31,2026-08-23 01:54:53,2
TXN-0000035,CMP-000013,ACC-001037,ACC-000140,41586.28,2026-08-23 02:54:53,3
TXN-0000036,CMP-000013,ACC-000140,ACC-000012,39495.04,2026-08-23 07:46:53,4
TXN-0000037,CMP-000014,ACC-001006,ACC-000918,1028.85,2026-08-01 10:38:19,1
TXN-0000038,CMP-000014,ACC-000918,ACC-000066,1011.1,2026-08-01 10:45:19,2
TXN-0000039,CMP-000014,ACC-000066,ACC-000830,985.44,2026-08-01 13:45:19,3
TXN-0000040,CMP-000014,ACC-000830,ACC-000115,966.12,2026-08-01 18:31:19,4
TXN-0000041,CMP-000015,ACC-000555,ACC-000213,1671.94,2026-08-04 23:35:40,1
TXN-0000042,CMP-000017,ACC-000686,ACC-000211,8402.81,2026-06-24 18:56:26,1
TXN-0000043,CMP-000017,ACC-000211,ACC-000136,8203.08,2026-06-24 21:27:26,2
TXN-0000044,CMP-000017,ACC-000136,ACC-000171,7957.2,2026-06-25 01:23:26,3
TXN-0000045,CMP-000018,ACC-001113,ACC-000005,1644.64,2026-08-01 20:41:39,1
TXN-0000046,CMP-000018,ACC-000005,ACC-000191,1579.0,2026-08-01 23:58:39,2
TXN-0000047,CMP-000019,ACC-000376,ACC-001064,964.78,2026-08-14 14:24:25,1
TXN-0000048,CMP-000019,ACC-001064,ACC-000682,918.41,2026-08-14 18:56:25,2
TXN-0000049,CMP-000019,ACC-000682,ACC-000189,895.31,2026-08-14 23:57:25,3
TXN-0000050,CMP-000020,ACC-000630,ACC-000201,487.98,2026-07-01 16:51:55,1
TXN-0000051,CMP-000020,ACC-000201,ACC-000188,482.24,2026-07-01 18:35:55,2
TXN-0000052,CMP-000020,ACC-000188,ACC-000289,450.09,2026-07-01 20:14:55,3
TXN-0000053,CMP-000021,ACC-000453,ACC-001186,3414.57,2026-07-25 15:18:19,1
TXN-0000054,CMP-000022,ACC-000348,ACC-000025,3385.78,2026-07-09 06:19:20,1
TXN-0000055,CMP-000022,ACC-000025,ACC-000064,3292.5,2026-07-09 09:02:20,2
TXN-0000056,CMP-000023,ACC-000697,ACC-000039,1544.62,2026-06-14 18:13:08,1
TXN-0000057,CMP-000023,ACC-000039,ACC-000069,1436.03,2026-06-14 23:05:08,2
TXN-0000058,CMP-000024,ACC-001121,ACC-001018,3121.38,2026-07-27 16:53:14,1
TXN-0000059,CMP-000024,ACC-001018,ACC-000999,3004.95,2026-07-27 19:52:14,2
TXN-0000060,CMP-000024,ACC-000999,ACC-000206,2943.13,2026-07-27 21:12:14,3
TXN-0000061,CMP-000024,ACC-000206,ACC-000207,2781.58,2026-07-28 03:03:14,4
TXN-0000062,CMP-000025,ACC-000304,ACC-000063,18110.23,2026-06-14 04:15:58,1
TXN-0000063,CMP-000025,ACC-000063,ACC-000915,16680.34,2026-06-14 08:26:58,2
TXN-0000064,CMP-000025,ACC-000915,ACC-000275,16130.57,2026-06-14 14:22:58,3
TXN-0000065,CMP-000026,ACC-000445,ACC-000002,566.22,2026-06-11 10:36:27,1
TXN-0000066,CMP-000026,ACC-000002,ACC-000812,542.38,2026-06-11 12:44:27,2
TXN-0000067,CMP-000027,ACC-000941,ACC-000578,1943.57,2026-07-28 21:13:37,1
TXN-0000068,CMP-000027,ACC-000578,ACC-000007,1788.22,2026-07-29 02:59:37,2
TXN-0000069,CMP-000028,ACC-000579,ACC-000169,8409.7,2026-07-21 20:52:08,1
TXN-0000070,CMP-000028,ACC-000169,ACC-000185,7784.73,2026-07-21 22:35:08,2
TXN-0000071,CMP-000028,ACC-000185,ACC-000262,7610.74,2026-07-21 22:53:08,3
TXN-0000072,CMP-000028,ACC-000262,ACC-000136,7201.76,2026-07-21 23:26:08,4
TXN-0000073,CMP-000029,ACC-000948,ACC-000144,15867.97,2026-08-06 03:29:06,1
TXN-0000074,CMP-000029,ACC-000144,ACC-000142,15557.0,2026-08-06 08:01:06,2
TXN-0000075,CMP-000029,ACC-000142,ACC-000125,15346.35,2026-08-06 13:34:06,3
TXN-0000076,CMP-000030,ACC-000438,ACC-000183,60835.03,2026-06-26 19:22:39,1
TXN-0000077,CMP-000030,ACC-000183,ACC-000036,57166.99,2026-06-26 20:50:39,2
TXN-0000078,CMP-000031,ACC-000788,ACC-000465,6935.65,2026-06-16 11:10:51,1
TXN-0000079,CMP-000031,ACC-000465,ACC-000171,6650.47,2026-06-16 12:02:51,2
TXN-0000080,CMP-000031,ACC-000171,ACC-000043,6455.94,2026-06-16 16:09:51,3
TXN-0000081,CMP-000033,ACC-000927,ACC-000099,3855.06,2026-07-20 06:10:50,1
TXN-0000082,CMP-000033,ACC-000099,ACC-000086,3728.71,2026-07-20 08:29:50,2
TXN-0000083,CMP-000033,ACC-000086,ACC-000137,3482.21,2026-07-20 12:26:50,3
TXN-0000084,CMP-000034,ACC-000756,ACC-000063,7444.66,2026-08-01 05:32:24,1
TXN-0000085,CMP-000034,ACC-000063,ACC-000127,7332.26,2026-08-01 09:34:24,2
TXN-0000086,CMP-000034,ACC-000127,ACC-000077,7093.69,2026-08-01 10:19:24,3
TXN-0000087,CMP-000035,ACC-000533,ACC-000190,2670.76,2026-06-16 07:16:47,1
TXN-0000088,CMP-000035,ACC-000190,ACC-000019,2549.78,2026-06-16 12:14:47,2
TXN-0000089,CMP-000036,ACC-000868,ACC-000033,151355.96,2026-06-01 01:57:45,1
TXN-0000090,CMP-000036,ACC-000033,ACC-000211,146939.25,2026-06-01 03:28:45,2
TXN-0000091,CMP-000037,ACC-000725,ACC-000156,6970.48,2026-07-05 02:18:35,1
TXN-0000092,CMP-000037,ACC-000156,ACC-000138,6898.3,2026-07-05 04:24:35,2
TXN-0000093,CMP-000037,ACC-000138,ACC-000153,6467.22,2026-07-05 05:21:35,3
TXN-0000094,CMP-000037,ACC-000153,ACC-000076,5998.86,2026-07-05 06:38:35,4
TXN-0000095,CMP-000038,ACC-001001,ACC-000050,56114.44,2026-06-05 15:12:31,1
TXN-0000096,CMP-000038,ACC-000050,ACC-000043,55137.97,2026-06-05 20:18:31,2
TXN-0000097,CMP-000039,ACC-000993,ACC-000029,450.27,2026-08-10 18:10:53,1
TXN-0000098,CMP-000039,ACC-000029,ACC-000022,429.73,2026-08-11 00:06:53,2
TXN-0000099,CMP-000040,ACC-000374,ACC-000021,3087.69,2026-08-14 06:26:36,1
TXN-0000100,CMP-000040,ACC-000021,ACC-000968,2958.15,2026-08-14 09:14:36,2
TXN-0000101,CMP-000040,ACC-000968,ACC-000006,2768.9,2026-08-14 13:09:36,3
TXN-0000102,CMP-000040,ACC-000006,ACC-000599,2642.91,2026-08-14 18:15:36,4
TXN-0000103,CMP-000041,ACC-001078,ACC-000115,2083.75,2026-06-17 03:52:49,1
TXN-0000104,CMP-000041,ACC-000115,ACC-000517,1951.47,2026-06-17 07:24:49,2
TXN-0000105,CMP-000041,ACC-000517,ACC-000035,1815.37,2026-06-17 07:36:49,3
TXN-0000106,CMP-000041,ACC-000035,ACC-000102,1717.94,2026-06-17 08:54:49,4
TXN-0000107,CMP-000042,ACC-000429,ACC-000084,2766.81,2026-06-21 10:04:44,1
TXN-0000108,CMP-000042,ACC-000084,ACC-000027,2616.36,2026-06-21 13:00:44,2
TXN-0000109,CMP-000042,ACC-000027,ACC-000186,2578.67,2026-06-21 18:56:44,3
TXN-0000110,CMP-000043,ACC-000910,ACC-000683,623685.16,2026-08-09 07:49:53,1
TXN-0000111,CMP-000043,ACC-000683,ACC-000103,591163.18,2026-08-09 11:47:53,2
TXN-0000112,CMP-000044,ACC-000223,ACC-000026,5215.89,2026-07-13 15:39:49,1
TXN-0000113,CMP-000044,ACC-000026,ACC-000065,4998.24,2026-07-13 15:52:49,2
TXN-0000114,CMP-000045,ACC-001026,ACC-000024,12111.49,2026-06-07 04:31:28,1
TXN-0000115,CMP-000046,ACC-000341,ACC-000030,3770.69,2026-06-22 03:27:37,1
TXN-0000116,CMP-000046,ACC-000030,ACC-000340,3692.37,2026-06-22 08:44:37,2
TXN-0000117,CMP-000046,ACC-000340,ACC-000181,3414.04,2026-06-22 09:32:37,3
TXN-0000118,CMP-000047,ACC-000880,ACC-000801,110191.41,2026-06-07 04:43:26,1
TXN-0000119,CMP-000047,ACC-000801,ACC-000124,104129.3,2026-06-07 06:19:26,2
TXN-0000120,CMP-000048,ACC-000862,ACC-000027,1806.02,2026-06-24 04:54:15,1
TXN-0000121,CMP-000048,ACC-000027,ACC-000149,1760.18,2026-06-24 10:13:15,2
TXN-0000122,CMP-000049,ACC-000581,ACC-000199,3254.13,2026-08-10 09:44:49,1
TXN-0000123,CMP-000049,ACC-000199,ACC-000235,3107.06,2026-08-10 11:07:49,2
TXN-0000124,CMP-000050,ACC-000469,ACC-000203,8230.81,2026-08-16 03:43:56,1
TXN-0000125,CMP-000050,ACC-000203,ACC-000153,7874.47,2026-08-16 07:12:56,2
TXN-0000126,CMP-000050,ACC-000153,ACC-000153,7589.13,2026-08-16 09:18:56,3
TXN-0000127,CMP-000051,ACC-000428,ACC-000822,4888.65,2026-08-03 23:29:39,1
TXN-0000128,CMP-000051,ACC-000822,ACC-000083,4732.18,2026-08-04 04:25:39,2
TXN-0000129,CMP-000051,ACC-000083,ACC-000161,4394.95,2026-08-04 06:53:39,3
TXN-0000130,CMP-000052,ACC-000504,ACC-000214,1113.25,2026-08-10 20:42:35,1
TXN-0000131,CMP-000052,ACC-000214,ACC-000143,1054.9,2026-08-10 21:58:35,2
TXN-0000132,CMP-000053,ACC-000656,ACC-001185,1454.15,2026-06-07 00:30:39,1
TXN-0000133,CMP-000053,ACC-001185,ACC-001145,1377.66,2026-06-07 02:28:39,2
TXN-0000134,CMP-000054,ACC-001127,ACC-000157,2433.33,2026-06-24 21:36:52,1
TXN-0000135,CMP-000054,ACC-000157,ACC-000112,2354.58,2026-06-25 00:28:52,2
TXN-0000136,CMP-000054,ACC-000112,ACC-000096,2221.9,2026-06-25 04:40:52,3
TXN-0000137,CMP-000054,ACC-000096,ACC-000105,2104.66,2026-06-25 09:39:52,4
TXN-0000138,CMP-000055,ACC-000735,ACC-000065,42349.63,2026-06-18 14:58:41,1
TXN-0000139,CMP-000055,ACC-000065,ACC-000100,39276.52,2026-06-18 18:23:41,2
TXN-0000140,CMP-000056,ACC-001020,ACC-000806,3681.56,2026-07-13 23:19:10,1
TXN-0000141,CMP-000056,ACC-000806,ACC-000078,3581.86,2026-07-14 05:12:10,2
TXN-0000142,CMP-000057,ACC-000856,ACC-000210,635.47,2026-08-03 07:43:03,1
TXN-0000143,CMP-000057,ACC-000210,ACC-000583,625.84,2026-08-03 08:45:03,2
TXN-0000144,CMP-000058,ACC-000714,ACC-000208,60715.94,2026-08-09 15:53:17,1
TXN-0000145,CMP-000059,ACC-001079,ACC-000175,2363.59,2026-06-21 15:34:38,1
TXN-0000146,CMP-000059,ACC-000175,ACC-000190,2228.73,2026-06-21 16:33:38,2
TXN-0000147,CMP-000061,ACC-001128,ACC-001134,3586.65,2026-08-15 13:54:24,1
TXN-0000148,CMP-000061,ACC-001134,ACC-000162,3406.73,2026-08-15 16:41:24,2
TXN-0000149,CMP-000061,ACC-000162,ACC-000128,3197.57,2026-08-15 18:02:24,3
TXN-0000150,CMP-000061,ACC-000128,ACC-000172,3121.36,2026-08-15 20:32:24,4
TXN-0000151,CMP-000062,ACC-001189,ACC-000018,5612.96,2026-08-10 11:44:14,1
TXN-0000152,CMP-000062,ACC-000018,ACC-000086,5349.72,2026-08-10 12:19:14,2
TXN-0000153,CMP-000063,ACC-000778,ACC-000026,2616.31,2026-06-15 05:08:21,1
TXN-0000154,CMP-000064,ACC-000789,ACC-000942,824.43,2026-08-11 05:03:54,1
TXN-0000155,CMP-000064,ACC-000942,ACC-000085,808.34,2026-08-11 10:06:54,2
TXN-0000156,CMP-000064,ACC-000085,ACC-000188,786.35,2026-08-11 14:46:54,3
TXN-0000157,CMP-000064,ACC-000188,ACC-000098,770.92,2026-08-11 16:01:54,4
TXN-0000158,CMP-000065,ACC-000340,ACC-000739,1630789.22,2026-07-27 18:49:44,1
TXN-0000159,CMP-000065,ACC-000739,ACC-000194,1610432.86,2026-07-27 21:36:44,2
TXN-0000160,CMP-000065,ACC-000194,ACC-001197,1550774.93,2026-07-27 23:12:44,3
TXN-0000161,CMP-000065,ACC-001197,ACC-000066,1530708.46,2026-07-28 00:17:44,4
TXN-0000162,CMP-000068,ACC-000693,ACC-001072,1748.45,2026-08-23 16:53:03,1
TXN-0000163,CMP-000069,ACC-000655,ACC-000910,3129.77,2026-06-24 21:40:24,1
TXN-0000164,CMP-000069,ACC-000910,ACC-000190,3072.86,2026-06-24 22:44:24,2
TXN-0000165,CMP-000069,ACC-000190,ACC-000795,2895.3,2026-06-25 00:35:24,3
TXN-0000166,CMP-000070,ACC-001109,ACC-000194,4377.58,2026-08-03 19:56:01,1
TXN-0000167,CMP-000070,ACC-000194,ACC-000138,4120.3,2026-08-04 00:27:01,2
TXN-0000168,CMP-000071,ACC-000325,ACC-000209,29847.61,2026-06-21 00:10:30,1
TXN-0000169,CMP-000071,ACC-000209,ACC-000290,28343.74,2026-06-21 05:41:30,2
TXN-0000170,CMP-000071,ACC-000290,ACC-000829,27960.02,2026-06-21 11:15:30,3
TXN-0000171,CMP-000072,ACC-001084,ACC-000302,2078.58,2026-06-13 08:17:06,1
TXN-0000172,CMP-000072,ACC-000302,ACC-000055,1988.8,2026-06-13 09:50:06,2
TXN-0000173,CMP-000072,ACC-000055,ACC-000035,1943.35,2026-06-13 11:03:06,3
TXN-0000174,CMP-000073,ACC-000717,ACC-000444,906.31,2026-08-12 20:45:52,1
TXN-0000175,CMP-000073,ACC-000444,ACC-000052,857.73,2026-08-12 20:54:52,2
TXN-0000176,CMP-000073,ACC-000052,ACC-000994,803.81,2026-08-12 23:13:52,3
TXN-0000177,CMP-000074,ACC-000413,ACC-000077,9412.2,2026-07-25 18:44:12,1
TXN-0000178,CMP-000074,ACC-000077,ACC-000175,9097.47,2026-07-25 20:19:12,2
TXN-0000179,CMP-000075,ACC-000708,ACC-000145,3376.73,2026-06-26 14:11:30,1
TXN-0000180,CMP-000075,ACC-000145,ACC-000149,3143.17,2026-06-26 19:08:30,2
TXN-0000181,CMP-000076,ACC-000638,ACC-000578,5825.3,2026-06-24 20:09:14,1
TXN-0000182,CMP-000077,ACC-001048,ACC-000140,881.32,2026-08-08 00:05:12,1
TXN-0000183,CMP-000077,ACC-000140,ACC-000064,814.72,2026-08-08 06:01:12,2
TXN-0000184,CMP-000078,ACC-000978,ACC-000698,17794.99,2026-07-22 04:08:16,1
TXN-0000185,CMP-000078,ACC-000698,ACC-000242,16407.85,2026-07-22 05:46:16,2
TXN-0000186,CMP-000078,ACC-000242,ACC-000053,16192.31,2026-07-22 11:05:16,3
TXN-0000187,CMP-000079,ACC-000266,ACC-000162,85556.21,2026-08-04 12:53:39,1
TXN-0000188,CMP-000079,ACC-000162,ACC-000066,80126.73,2026-08-04 17:39:39,2
TXN-0000189,CMP-000079,ACC-000066,ACC-000077,75540.05,2026-08-04 20:50:39,3
TXN-0000190,CMP-000079,ACC-000077,ACC-000107,73670.78,2026-08-05 01:31:39,4
TXN-0000191,CMP-000080,ACC-001044,ACC-000177,4359.95,2026-08-26 07:05:39,1
TXN-0000192,CMP-000081,ACC-000859,ACC-000073,3184.46,2026-07-28 04:18:20,1
TXN-0000193,CMP-000081,ACC-000073,ACC-000404,3040.74,2026-07-28 05:22:20,2
TXN-0000194,CMP-000081,ACC-000404,ACC-000186,2925.96,2026-07-28 10:25:20,3
TXN-0000195,CMP-000081,ACC-000186,ACC-000040,2808.84,2026-07-28 14:15:20,4
TXN-0000196,CMP-000082,ACC-000672,ACC-000096,4369.41,2026-08-22 22:40:39,1
TXN-0000197,CMP-000082,ACC-000096,ACC-000212,4169.83,2026-08-23 01:32:39,2
TXN-0000198,CMP-000082,ACC-000212,ACC-000106,4112.31,2026-08-23 06:02:39,3
TXN-0000199,CMP-000083,ACC-001081,ACC-000763,9244.42,2026-08-22 05:38:28,1
TXN-0000200,CMP-000083,ACC-000763,ACC-000148,9063.31,2026-08-22 10:23:28,2
TXN-0000201,CMP-000083,ACC-000148,ACC-000044,8898.68,2026-08-22 12:43:28,3
TXN-0000202,CMP-000084,ACC-000711,ACC-000753,3582.72,2026-06-04 17:39:46,1
TXN-0000203,CMP-000084,ACC-000753,ACC-000112,3348.92,2026-06-04 20:54:46,2
TXN-0000204,CMP-000084,ACC-000112,ACC-000010,3124.29,2026-06-05 02:25:46,3
TXN-0000205,CMP-000084,ACC-000010,ACC-000052,3049.02,2026-06-05 02:50:46,4
TXN-0000206,CMP-000085,ACC-000436,ACC-000014,32610.23,2026-06-26 01:07:36,1
TXN-0000207,CMP-000085,ACC-000014,ACC-000025,30153.0,2026-06-26 02:35:36,2
TXN-0000208,CMP-000085,ACC-000025,ACC-000767,29277.27,2026-06-26 03:27:36,3
TXN-0000209,CMP-000085,ACC-000767,ACC-000199,28252.68,2026-06-26 04:57:36,4
TXN-0000210,CMP-000086,ACC-000249,ACC-000004,7080.64,2026-07-25 04:38:15,1
TXN-0000211,CMP-000086,ACC-000004,ACC-000569,6609.77,2026-07-25 09:56:15,2
TXN-0000212,CMP-000086,ACC-000569,ACC-000996,6083.26,2026-07-25 13:33:15,3
TXN-0000213,CMP-000087,ACC-000854,ACC-000129,15286.39,2026-08-27 15:26:58,1
TXN-0000214,CMP-000087,ACC-000129,ACC-000187,14225.9,2026-08-27 17:17:58,2
TXN-0000215,CMP-000087,ACC-000187,ACC-000112,14007.95,2026-08-27 21:17:58,3
TXN-0000216,CMP-000088,ACC-000667,ACC-000175,1403.94,2026-07-24 17:16:12,1
TXN-0000217,CMP-000088,ACC-000175,ACC-000200,1381.38,2026-07-24 17:42:12,2
TXN-0000218,CMP-000088,ACC-000200,ACC-000151,1273.96,2026-07-24 18:56:12,3
TXN-0000219,CMP-000089,ACC-000540,ACC-000191,1390.83,2026-08-27 04:35:19,1
TXN-0000220,CMP-000089,ACC-000191,ACC-000005,1298.3,2026-08-27 07:54:19,2
TXN-0000221,CMP-000089,ACC-000005,ACC-000189,1195.65,2026-08-27 09:30:19,3
TXN-0000222,CMP-000089,ACC-000189,ACC-000033,1167.9,2026-08-27 14:01:19,4
TXN-0000223,CMP-000090,ACC-000309,ACC-000106,18817.65,2026-07-05 16:55:21,1
TXN-0000224,CMP-000091,ACC-000821,ACC-000179,5839.73,2026-08-15 15:46:09,1
TXN-0000225,CMP-000091,ACC-000179,ACC-000171,5715.92,2026-08-15 20:53:09,2
TXN-0000226,CMP-000091,ACC-000171,ACC-000178,5656.59,2026-08-15 23:57:09,3
TXN-0000227,CMP-000092,ACC-001011,ACC-000212,13066.69,2026-08-12 20:04:57,1
TXN-0000228,CMP-000092,ACC-000212,ACC-000032,12734.08,2026-08-13 01:07:57,2
TXN-0000229,CMP-000092,ACC-000032,ACC-000171,12407.39,2026-08-13 03:09:57,3
TXN-0000230,CMP-000094,ACC-000823,ACC-000676,119607.21,2026-06-03 11:21:23,1
TXN-0000231,CMP-000094,ACC-000676,ACC-000207,117775.0,2026-06-03 13:14:23,2
TXN-0000232,CMP-000096,ACC-000231,ACC-000209,105684.8,2026-08-18 14:17:10,1
TXN-0000233,CMP-000096,ACC-000209,ACC-000145,101774.21,2026-08-18 18:27:10,2
TXN-0000234,CMP-000096,ACC-000145,ACC-000168,95612.31,2026-08-18 19:57:10,3
TXN-0000235,CMP-000097,ACC-000829,ACC-000170,5556.6,2026-07-07 19:44:36,1
TXN-0000236,CMP-000097,ACC-000170,ACC-000200,5161.27,2026-07-07 22:13:36,2
TXN-0000237,CMP-000097,ACC-000200,ACC-000159,4872.07,2026-07-08 00:31:36,3
TXN-0000238,CMP-000098,ACC-000684,ACC-000003,3304.53,2026-08-19 07:40:52,1
TXN-0000239,CMP-000098,ACC-000003,ACC-000052,3069.01,2026-08-19 13:00:52,2
TXN-0000240,CMP-000098,ACC-000052,ACC-000182,3028.99,2026-08-19 17:53:52,3
TXN-0000241,CMP-000099,ACC-000303,ACC-000634,704.99,2026-08-24 15:33:35,1
TXN-0000242,CMP-000099,ACC-000634,ACC-000041,697.84,2026-08-24 18:48:35,2
TXN-0000243,CMP-000100,ACC-001165,ACC-000088,6292.98,2026-07-02 19:07:56,1
TXN-0000244,CMP-000100,ACC-000088,ACC-000193,5808.98,2026-07-02 19:42:56,2
TXN-0000245,CMP-000101,ACC-000244,ACC-000375,947.67,2026-07-05 01:30:35,1
TXN-0000246,CMP-000101,ACC-000375,ACC-000042,898.3,2026-07-05 02:21:35,2
TXN-0000247,CMP-000102,ACC-001116,ACC-000092,7014.67,2026-07-23 03:07:23,1
TXN-0000248,CMP-000102,ACC-000092,ACC-000011,6744.55,2026-07-23 04:07:23,2
TXN-0000249,CMP-000103,ACC-000992,ACC-000042,3173.77,2026-06-26 04:23:55,1
TXN-0000250,CMP-000103,ACC-000042,ACC-000216,2993.66,2026-06-26 04:52:55,2
TXN-0000251,CMP-000105,ACC-000742,ACC-000101,9261.01,2026-08-16 01:17:49,1
TXN-0000252,CMP-000105,ACC-000101,ACC-000004,8536.2,2026-08-16 06:11:49,2
TXN-0000253,CMP-000105,ACC-000004,ACC-000146,8171.01,2026-08-16 10:46:49,3
TXN-0000254,CMP-000105,ACC-000146,ACC-000186,7760.94,2026-08-16 14:30:49,4
TXN-0000255,CMP-000106,ACC-000225,ACC-000004,4704.96,2026-07-07 19:29:01,1
TXN-0000256,CMP-000107,ACC-000820,ACC-000121,844.34,2026-07-13 10:04:15,1
TXN-0000257,CMP-000107,ACC-000121,ACC-000199,781.46,2026-07-13 15:08:15,2
TXN-0000258,CMP-000107,ACC-000199,ACC-000048,764.38,2026-07-13 19:16:15,3
TXN-0000259,CMP-000107,ACC-000048,ACC-000169,755.66,2026-07-13 22:47:15,4
TXN-0000260,CMP-000110,ACC-000630,ACC-000055,8025.7,2026-07-16 11:55:33,1
TXN-0000261,CMP-000110,ACC-000055,ACC-000012,7758.1,2026-07-16 13:03:33,2
TXN-0000262,CMP-000110,ACC-000012,ACC-000355,7148.12,2026-07-16 18:43:33,3
TXN-0000263,CMP-000111,ACC-000422,ACC-000037,3026.83,2026-06-12 14:21:16,1
TXN-0000264,CMP-000111,ACC-000037,ACC-000005,2785.32,2026-06-12 16:33:16,2
TXN-0000265,CMP-000111,ACC-000005,ACC-000009,2575.32,2026-06-12 18:06:16,3
TXN-0000266,CMP-000111,ACC-000009,ACC-000155,2479.05,2026-06-12 18:30:16,4
TXN-0000267,CMP-000112,ACC-000247,ACC-000126,6857.6,2026-07-10 10:25:04,1
TXN-0000268,CMP-000112,ACC-000126,ACC-000350,6416.37,2026-07-10 11:03:04,2
TXN-0000269,CMP-000112,ACC-000350,ACC-000143,6100.24,2026-07-10 12:09:04,3
TXN-0000270,CMP-000113,ACC-000501,ACC-000149,64663.02,2026-06-19 05:13:47,1
TXN-0000271,CMP-000113,ACC-000149,ACC-000081,63801.6,2026-06-19 09:26:47,2
TXN-0000272,CMP-000113,ACC-000081,ACC-000093,59806.15,2026-06-19 11:00:47,3
TXN-0000273,CMP-000115,ACC-001006,ACC-000506,2315.7,2026-07-10 10:16:25,1
TXN-0000274,CMP-000115,ACC-000506,ACC-000129,2291.84,2026-07-10 14:09:25,2
TXN-0000275,CMP-000115,ACC-000129,ACC-000462,2222.64,2026-07-10 16:29:25,3
TXN-0000276,CMP-000116,ACC-000467,ACC-000019,2963.65,2026-07-09 21:38:31,1
TXN-0000277,CMP-000116,ACC-000019,ACC-001015,2901.7,2026-07-09 22:37:31,2
TXN-0000278,CMP-000116,ACC-001015,ACC-000169,2840.39,2026-07-10 04:20:31,3
TXN-0000279,CMP-000117,ACC-001190,ACC-000127,442.38,2026-07-13 12:00:33,1
TXN-0000280,CMP-000117,ACC-000127,ACC-000112,428.72,2026-07-13 17:19:33,2
TXN-0000281,CMP-000117,ACC-000112,ACC-000020,409.56,2026-07-13 22:23:33,3
TXN-0000282,CMP-000118,ACC-000768,ACC-000110,678.1,2026-08-27 14:01:48,1
TXN-0000283,CMP-000119,ACC-000733,ACC-000671,401714.93,2026-06-28 11:54:48,1
TXN-0000284,CMP-000120,ACC-000561,ACC-000010,807.04,2026-08-19 11:13:53,1
TXN-0000285,CMP-000120,ACC-000010,ACC-000215,797.42,2026-08-19 14:29:53,2
TXN-0000286,CMP-000121,ACC-000632,ACC-000118,5073.63,2026-08-18 09:40:27,1
TXN-0000287,CMP-000122,ACC-000318,ACC-000196,3353.93,2026-07-17 03:34:04,1
TXN-0000288,CMP-000122,ACC-000196,ACC-000207,3237.74,2026-07-17 04:22:04,2
TXN-0000289,CMP-000123,ACC-000519,ACC-000188,39420.47,2026-08-23 19:55:43,1
TXN-0000290,CMP-000123,ACC-000188,ACC-000100,36681.95,2026-08-23 23:20:43,2
TXN-0000291,CMP-000123,ACC-000100,ACC-000195,36135.94,2026-08-24 03:29:43,3
TXN-0000292,CMP-000124,ACC-000333,ACC-000210,4947.48,2026-07-19 00:25:32,1
TXN-0000293,CMP-000124,ACC-000210,ACC-000239,4590.64,2026-07-19 04:08:32,2
TXN-0000294,CMP-000124,ACC-000239,ACC-000058,4429.8,2026-07-19 05:43:32,3
TXN-0000295,CMP-000125,ACC-000284,ACC-000025,3386.96,2026-08-26 19:43:05,1
TXN-0000296,CMP-000125,ACC-000025,ACC-000126,3159.09,2026-08-27 01:15:05,2
TXN-0000297,CMP-000126,ACC-000774,ACC-000134,286514.31,2026-07-12 07:15:56,1
TXN-0000298,CMP-000126,ACC-000134,ACC-001157,264107.02,2026-07-12 11:11:56,2
TXN-0000299,CMP-000127,ACC-000843,ACC-000157,49408.43,2026-07-15 19:41:34,1
TXN-0000300,CMP-000128,ACC-000914,ACC-000111,6224.54,2026-07-15 07:43:23,1
TXN-0000301,CMP-000128,ACC-000111,ACC-000005,6144.93,2026-07-15 09:41:23,2
TXN-0000302,CMP-000129,ACC-000323,ACC-000074,3269.93,2026-07-25 06:08:37,1
TXN-0000303,CMP-000129,ACC-000074,ACC-000199,3235.08,2026-07-25 10:42:37,2
TXN-0000304,CMP-000131,ACC-000359,ACC-000098,460821.95,2026-07-12 04:07:16,1
TXN-0000305,CMP-000131,ACC-000098,ACC-000113,456027.32,2026-07-12 06:19:16,2
TXN-0000306,CMP-000131,ACC-000113,ACC-000113,451056.4,2026-07-12 11:51:16,3
TXN-0000307,CMP-000132,ACC-000555,ACC-000151,1783.41,2026-08-11 15:26:45,1
TXN-0000308,CMP-000133,ACC-001026,ACC-000141,38901.98,2026-08-20 21:49:08,1
TXN-0000309,CMP-000133,ACC-000141,ACC-000614,38258.15,2026-08-21 00:16:08,2
TXN-0000310,CMP-000134,ACC-001120,ACC-000205,13223.23,2026-07-31 19:38:10,1
TXN-0000311,CMP-000135,ACC-000572,ACC-000136,16625.1,2026-06-23 20:41:22,1
TXN-0000312,CMP-000135,ACC-000136,ACC-000647,16165.03,2026-06-24 01:10:22,2
TXN-0000313,CMP-000135,ACC-000647,ACC-000073,15544.59,2026-06-24 06:08:22,3
TXN-0000314,CMP-000136,ACC-000900,ACC-000440,4358.53,2026-06-14 03:06:05,1
TXN-0000315,CMP-000136,ACC-000440,ACC-000998,4039.41,2026-06-14 03:51:05,2
TXN-0000316,CMP-000137,ACC-001172,ACC-000442,1833.94,2026-06-21 16:01:34,1
TXN-0000317,CMP-000137,ACC-000442,ACC-000474,1735.56,2026-06-21 18:21:34,2
TXN-0000318,CMP-000137,ACC-000474,ACC-000018,1677.28,2026-06-21 23:42:34,3
TXN-0000319,CMP-000137,ACC-000018,ACC-000925,1625.15,2026-06-22 04:44:34,4
TXN-0000320,CMP-000138,ACC-000841,ACC-000104,188.87,2026-07-11 08:21:51,1
TXN-0000321,CMP-000138,ACC-000104,ACC-000051,177.21,2026-07-11 11:06:51,2
TXN-0000322,CMP-000139,ACC-001117,ACC-000163,41240.78,2026-08-14 22:41:14,1
TXN-0000323,CMP-000139,ACC-000163,ACC-000802,38652.83,2026-08-15 02:01:14,2
TXN-0000324,CMP-000139,ACC-000802,ACC-000989,36511.01,2026-08-15 02:42:14,3
TXN-0000325,CMP-000140,ACC-000283,ACC-000842,801663.54,2026-08-14 11:58:16,1
TXN-0000326,CMP-000141,ACC-000619,ACC-000847,2939.8,2026-06-29 23:02:40,1
TXN-0000327,CMP-000141,ACC-000847,ACC-000085,2781.25,2026-06-29 23:35:40,2
TXN-0000328,CMP-000142,ACC-000894,ACC-000066,13008.45,2026-07-11 18:12:25,1
TXN-0000329,CMP-000142,ACC-000066,ACC-000150,12195.62,2026-07-11 18:41:25,2
TXN-0000330,CMP-000142,ACC-000150,ACC-000080,12072.5,2026-07-12 00:35:25,3
TXN-0000331,CMP-000143,ACC-001147,ACC-000085,436718.33,2026-08-27 01:49:43,1
TXN-0000332,CMP-000143,ACC-000085,ACC-000167,425946.76,2026-08-27 04:33:43,2
TXN-0000333,CMP-000144,ACC-000706,ACC-000108,1183.0,2026-06-03 14:31:57,1
TXN-0000334,CMP-000144,ACC-000108,ACC-000838,1104.28,2026-06-03 18:55:57,2
TXN-0000335,CMP-000145,ACC-000291,ACC-000724,2286.73,2026-08-10 08:37:05,1
TXN-0000336,CMP-000145,ACC-000724,ACC-000682,2205.2,2026-08-10 12:16:05,2
TXN-0000337,CMP-000146,ACC-000627,ACC-000176,4976.5,2026-07-31 07:40:37,1
TXN-0000338,CMP-000146,ACC-000176,ACC-000161,4726.6,2026-07-31 09:20:37,2
TXN-0000339,CMP-000148,ACC-000520,ACC-000251,5341.93,2026-06-13 02:17:33,1
TXN-0000340,CMP-000148,ACC-000251,ACC-000075,5030.73,2026-06-13 03:30:33,2
TXN-0000341,CMP-000148,ACC-000075,ACC-000704,4651.98,2026-06-13 03:49:33,3
TXN-0000342,CMP-000148,ACC-000704,ACC-000142,4371.3,2026-06-13 04:45:33,4
TXN-0000343,CMP-000149,ACC-001045,ACC-000350,926.77,2026-06-30 09:25:13,1
TXN-0000344,CMP-000149,ACC-000350,ACC-000189,853.6,2026-06-30 13:32:13,2
TXN-0000345,CMP-000150,ACC-000373,ACC-000004,504.8,2026-07-07 17:14:17,1
TXN-0000346,CMP-000150,ACC-000004,ACC-000010,480.11,2026-07-07 17:25:17,2
TXN-0000347,CMP-000152,ACC-000954,ACC-000061,3760.75,2026-07-23 12:20:02,1
TXN-0000348,CMP-000152,ACC-000061,ACC-000736,3498.66,2026-07-23 13:21:02,2
TXN-0000349,CMP-000152,ACC-000736,ACC-000426,3268.7,2026-07-23 15:34:02,3
TXN-0000350,CMP-000152,ACC-000426,ACC-000096,3209.59,2026-07-23 18:34:02,4
TXN-0000351,CMP-000154,ACC-001054,ACC-000815,48019.85,2026-08-13 08:04:50,1
TXN-0000352,CMP-000154,ACC-000815,ACC-000167,46314.62,2026-08-13 11:17:50,2
TXN-0000353,CMP-000154,ACC-000167,ACC-000956,44276.03,2026-08-13 14:00:50,3
TXN-0000354,CMP-000155,ACC-001095,ACC-000002,6330.74,2026-07-31 03:18:13,1
TXN-0000355,CMP-000155,ACC-000002,ACC-000163,6242.87,2026-07-31 05:33:13,2
TXN-0000356,CMP-000155,ACC-000163,ACC-000008,5868.08,2026-07-31 09:37:13,3
TXN-0000357,CMP-000155,ACC-000008,ACC-000011,5755.95,2026-07-31 10:21:13,4
TXN-0000358,CMP-000156,ACC-001171,ACC-000201,1530.07,2026-07-25 09:13:15,1
TXN-0000359,CMP-000156,ACC-000201,ACC-000128,1486.22,2026-07-25 10:01:15,2
TXN-0000360,CMP-000156,ACC-000128,ACC-000135,1408.74,2026-07-25 11:51:15,3
TXN-0000361,CMP-000157,ACC-000620,ACC-000139,6162.59,2026-07-06 12:30:53,1
TXN-0000362,CMP-000157,ACC-000139,ACC-000112,5742.8,2026-07-06 13:12:53,2
TXN-0000363,CMP-000157,ACC-000112,ACC-000950,5570.49,2026-07-06 18:52:53,3
TXN-0000364,CMP-000158,ACC-000304,ACC-000164,3101.16,2026-06-12 06:43:15,1
TXN-0000365,CMP-000158,ACC-000164,ACC-000134,2985.24,2026-06-12 08:45:15,2
TXN-0000366,CMP-000159,ACC-000998,ACC-000630,1763.34,2026-07-26 20:07:35,1
TXN-0000367,CMP-000159,ACC-000630,ACC-000152,1719.52,2026-07-26 21:05:35,2
TXN-0000368,CMP-000160,ACC-000387,ACC-000055,5054.77,2026-07-07 09:10:30,1
TXN-0000369,CMP-000160,ACC-000055,ACC-000454,4740.3,2026-07-07 14:58:30,2
TXN-0000370,CMP-000161,ACC-000803,ACC-000167,110089.58,2026-08-06 07:39:17,1
TXN-0000371,CMP-000162,ACC-001128,ACC-000058,1623.48,2026-06-30 03:38:54,1
TXN-0000372,CMP-000162,ACC-000058,ACC-000113,1597.06,2026-06-30 09:25:54,2
TXN-0000373,CMP-000163,ACC-000279,ACC-000038,1594.18,2026-07-25 23:56:06,1
TXN-0000374,CMP-000163,ACC-000038,ACC-000206,1536.07,2026-07-26 04:57:06,2
TXN-0000375,CMP-000164,ACC-001135,ACC-000686,7708.47,2026-07-06 14:06:21,1
TXN-0000376,CMP-000164,ACC-000686,ACC-000352,7351.47,2026-07-06 15:19:21,2
TXN-0000377,CMP-000165,ACC-000442,ACC-000080,3586.62,2026-07-10 22:10:16,1
TXN-0000378,CMP-000165,ACC-000080,ACC-000341,3435.38,2026-07-11 01:30:16,2
TXN-0000379,CMP-000166,ACC-000888,ACC-000692,2842.95,2026-08-01 10:46:38,1
TXN-0000380,CMP-000166,ACC-000692,ACC-000026,2662.93,2026-08-01 11:43:38,2
TXN-0000381,CMP-000166,ACC-000026,ACC-000193,2633.57,2026-08-01 17:25:38,3
TXN-0000382,CMP-000166,ACC-000193,ACC-000108,2495.13,2026-08-01 18:50:38,4
TXN-0000383,CMP-000167,ACC-000632,ACC-000211,3494.99,2026-06-18 00:39:07,1
TXN-0000384,CMP-000167,ACC-000211,ACC-000790,3251.04,2026-06-18 01:06:07,2
TXN-0000385,CMP-000170,ACC-000655,ACC-000136,8630.56,2026-06-27 03:05:36,1
TXN-0000386,CMP-000170,ACC-000136,ACC-000149,8009.36,2026-06-27 03:25:36,2
TXN-0000387,CMP-000171,ACC-000250,ACC-000167,18434.88,2026-06-28 03:51:35,1
TXN-0000388,CMP-000172,ACC-001019,ACC-000058,939.77,2026-07-29 14:59:09,1
TXN-0000389,CMP-000172,ACC-000058,ACC-000172,926.65,2026-07-29 20:05:09,2
TXN-0000390,CMP-000172,ACC-000172,ACC-000211,903.51,2026-07-29 22:31:09,3
TXN-0000391,CMP-000172,ACC-000211,ACC-000002,879.7,2026-07-30 03:17:09,4
TXN-0000392,CMP-000173,ACC-000837,ACC-000933,5946.16,2026-07-02 04:46:28,1
TXN-0000393,CMP-000173,ACC-000933,ACC-000004,5775.7,2026-07-02 04:59:28,2
TXN-0000394,CMP-000174,ACC-001121,ACC-000748,4948.72,2026-07-04 01:43:37,1
TXN-0000395,CMP-000174,ACC-000748,ACC-000131,4578.64,2026-07-04 01:58:37,2
TXN-0000396,CMP-000175,ACC-000966,ACC-000194,2539.19,2026-07-24 18:52:37,1
TXN-0000397,CMP-000175,ACC-000194,ACC-000017,2405.91,2026-07-24 22:06:37,2
TXN-0000398,CMP-000175,ACC-000017,ACC-000175,2332.84,2026-07-25 00:06:37,3
TXN-0000399,CMP-000175,ACC-000175,ACC-000866,2278.12,2026-07-25 04:48:37,4
TXN-0000400,CMP-000177,ACC-000955,ACC-000201,12553.22,2026-06-24 04:40:07,1
TXN-0000401,CMP-000177,ACC-000201,ACC-000050,11871.7,2026-06-24 09:32:07,2
TXN-0000402,CMP-000177,ACC-000050,ACC-000450,11270.73,2026-06-24 11:20:07,3
TXN-0000403,CMP-000177,ACC-000450,ACC-000209,10667.23,2026-06-24 16:15:07,4
TXN-0000404,CMP-000178,ACC-000595,ACC-000980,966.69,2026-08-17 00:23:03,1
TXN-0000405,CMP-000178,ACC-000980,ACC-000069,950.1,2026-08-17 05:17:03,2
TXN-0000406,CMP-000178,ACC-000069,ACC-000154,940.27,2026-08-17 11:00:03,3
TXN-0000407,CMP-000179,ACC-000322,ACC-000140,4086.74,2026-06-24 13:23:43,1
TXN-0000408,CMP-000179,ACC-000140,ACC-000080,3766.49,2026-06-24 18:32:43,2
TXN-0000409,CMP-000180,ACC-000888,ACC-000010,2774.98,2026-07-22 12:36:15,1
TXN-0000410,CMP-000180,ACC-000010,ACC-000047,2714.41,2026-07-22 14:16:15,2
TXN-0000411,CMP-000181,ACC-000413,ACC-001065,16791.98,2026-07-05 02:36:16,1
TXN-0000412,CMP-000181,ACC-001065,ACC-000304,15990.48,2026-07-05 05:32:16,2
TXN-0000413,CMP-000181,ACC-000304,ACC-000210,15226.77,2026-07-05 09:30:16,3
TXN-0000414,CMP-000181,ACC-000210,ACC-000124,14723.79,2026-07-05 10:45:16,4
TXN-0000415,CMP-000182,ACC-000334,ACC-000161,1903.74,2026-06-12 16:48:42,1
TXN-0000416,CMP-000182,ACC-000161,ACC-000184,1763.69,2026-06-12 21:56:42,2
TXN-0000417,CMP-000182,ACC-000184,ACC-000089,1676.39,2026-06-12 23:31:42,3
TXN-0000418,CMP-000183,ACC-000651,ACC-000092,785.05,2026-08-14 01:32:01,1
TXN-0000419,CMP-000183,ACC-000092,ACC-000178,736.89,2026-08-14 02:44:01,2
TXN-0000420,CMP-000183,ACC-000178,ACC-000058,695.82,2026-08-14 05:19:01,3
TXN-0000421,CMP-000184,ACC-001147,ACC-000053,1452.05,2026-06-27 20:01:14,1
TXN-0000422,CMP-000184,ACC-000053,ACC-000102,1408.08,2026-06-27 20:15:14,2
TXN-0000423,CMP-000184,ACC-000102,ACC-000995,1301.68,2026-06-27 23:44:14,3
TXN-0000424,CMP-000185,ACC-000362,ACC-000212,18391.8,2026-06-27 11:33:53,1
TXN-0000425,CMP-000185,ACC-000212,ACC-000877,18197.43,2026-06-27 15:55:53,2
TXN-0000426,CMP-000185,ACC-000877,ACC-000047,17519.97,2026-06-27 18:23:53,3
TXN-0000427,CMP-000185,ACC-000047,ACC-000175,16713.76,2026-06-28 00:01:53,4
TXN-0000428,CMP-000186,ACC-000886,ACC-000048,155226.59,2026-07-06 00:51:49,1
TXN-0000429,CMP-000186,ACC-000048,ACC-000118,152850.65,2026-07-06 04:07:49,2
TXN-0000430,CMP-000186,ACC-000118,ACC-000136,141252.99,2026-07-06 07:11:49,3
TXN-0000431,CMP-000187,ACC-000681,ACC-000053,2772.21,2026-06-27 13:55:30,1
TXN-0000432,CMP-000187,ACC-000053,ACC-000177,2722.35,2026-06-27 14:55:30,2
TXN-0000433,CMP-000187,ACC-000177,ACC-000665,2520.98,2026-06-27 16:35:30,3
TXN-0000434,CMP-000187,ACC-000665,ACC-000203,2474.61,2026-06-27 19:45:30,4
TXN-0000435,CMP-000188,ACC-000464,ACC-000024,2792.05,2026-06-13 06:49:57,1
TXN-0000436,CMP-000188,ACC-000024,ACC-000153,2571.56,2026-06-13 11:01:57,2
TXN-0000437,CMP-000188,ACC-000153,ACC-000152,2515.24,2026-06-13 16:40:57,3
TXN-0000438,CMP-000189,ACC-001049,ACC-000054,141238.29,2026-06-02 08:30:13,1
TXN-0000439,CMP-000189,ACC-000054,ACC-000103,135099.11,2026-06-02 12:06:13,2
TXN-0000440,CMP-000190,ACC-000541,ACC-000121,7761.83,2026-06-17 21:29:54,1
TXN-0000441,CMP-000190,ACC-000121,ACC-000311,7595.29,2026-06-17 22:19:54,2
TXN-0000442,CMP-000191,ACC-000387,ACC-000189,2502.4,2026-06-11 19:15:56,1
TXN-0000443,CMP-000191,ACC-000189,ACC-000197,2310.16,2026-06-11 22:20:56,2
TXN-0000444,CMP-000192,ACC-000290,ACC-000166,9162.4,2026-08-01 03:05:41,1
TXN-0000445,CMP-000192,ACC-000166,ACC-000086,8919.38,2026-08-01 05:13:41,2
TXN-0000446,CMP-000192,ACC-000086,ACC-000199,8468.48,2026-08-01 05:48:41,3
TXN-0000447,CMP-000193,ACC-001147,ACC-000137,3505.5,2026-06-30 09:23:17,1
TXN-0000448,CMP-000194,ACC-000553,ACC-000117,3063.66,2026-07-11 09:34:08,1
TXN-0000449,CMP-000194,ACC-000117,ACC-000216,2900.62,2026-07-11 15:01:08,2
TXN-0000450,CMP-000194,ACC-000216,ACC-001046,2750.98,2026-07-11 16:16:08,3
TXN-0000451,CMP-000194,ACC-001046,ACC-000083,2595.22,2026-07-11 20:09:08,4
TXN-0000452,CMP-000195,ACC-000439,ACC-000197,96273.11,2026-07-21 12:42:56,1
TXN-0000453,CMP-000195,ACC-000197,ACC-000957,89959.45,2026-07-21 14:20:56,2
TXN-0000454,CMP-000197,ACC-001109,ACC-000099,36178.15,2026-07-28 20:09:42,1
TXN-0000455,CMP-000197,ACC-000099,ACC-000152,34067.63,2026-07-28 20:28:42,2
TXN-0000456,CMP-000199,ACC-000443,ACC-000082,6224.86,2026-08-04 01:43:44,1
TXN-0000457,CMP-000200,ACC-000854,ACC-000166,20736.12,2026-06-16 06:54:50,1
TXN-0000458,CMP-000201,ACC-000607,ACC-000182,2059.1,2026-06-29 07:44:12,1
TXN-0000459,CMP-000201,ACC-000182,ACC-000352,2012.21,2026-06-29 10:06:12,2
TXN-0000460,CMP-000202,ACC-000968,ACC-000321,409.67,2026-08-23 12:27:55,1
TXN-0000461,CMP-000202,ACC-000321,ACC-000897,399.66,2026-08-23 17:21:55,2
TXN-0000462,CMP-000202,ACC-000897,ACC-000052,367.98,2026-08-23 20:59:55,3
TXN-0000463,CMP-000202,ACC-000052,ACC-001180,362.21,2026-08-23 21:44:55,4
TXN-0000464,CMP-000203,ACC-000564,ACC-000063,36341.43,2026-08-16 12:04:08,1
TXN-0000465,CMP-000203,ACC-000063,ACC-000051,34094.59,2026-08-16 17:33:08,2
TXN-0000466,CMP-000203,ACC-000051,ACC-000552,31443.37,2026-08-16 20:02:08,3
TXN-0000467,CMP-000204,ACC-000227,ACC-000200,8893.25,2026-06-18 15:08:19,1
TXN-0000468,CMP-000204,ACC-000200,ACC-000119,8622.72,2026-06-18 20:15:19,2
TXN-0000469,CMP-000205,ACC-000321,ACC-000045,16968.94,2026-08-28 05:02:43,1
TXN-0000470,CMP-000205,ACC-000045,ACC-000513,15868.27,2026-08-28 07:42:43,2
TXN-0000471,CMP-000205,ACC-000513,ACC-000766,14824.59,2026-08-28 12:43:43,3
TXN-0000472,CMP-000206,ACC-001067,ACC-000251,1226.0,2026-08-16 20:10:06,1
TXN-0000473,CMP-000206,ACC-000251,ACC-000096,1152.31,2026-08-16 20:51:06,2
TXN-0000474,CMP-000206,ACC-000096,ACC-000116,1109.61,2026-08-16 21:44:06,3
TXN-0000475,CMP-000206,ACC-000116,ACC-001063,1047.0,2026-08-17 03:04:06,4
TXN-0000476,CMP-000207,ACC-000945,ACC-000816,16786.99,2026-06-27 13:04:05,1
TXN-0000477,CMP-000207,ACC-000816,ACC-000156,15868.64,2026-06-27 13:45:05,2
TXN-0000478,CMP-000208,ACC-000417,ACC-000171,15151.81,2026-07-10 03:05:46,1
TXN-0000479,CMP-000208,ACC-000171,ACC-000456,14813.88,2026-07-10 03:40:46,2
TXN-0000480,CMP-000208,ACC-000456,ACC-000001,14372.41,2026-07-10 07:49:46,3
TXN-0000481,CMP-000208,ACC-000001,ACC-000041,13922.29,2026-07-10 09:57:46,4
TXN-0000482,CMP-000209,ACC-000735,ACC-000013,1155.91,2026-06-08 01:37:35,1
TXN-0000483,CMP-000209,ACC-000013,ACC-001163,1110.45,2026-06-08 04:53:35,2
TXN-0000484,CMP-000209,ACC-001163,ACC-000571,1021.83,2026-06-08 09:09:35,3
TXN-0000485,CMP-000210,ACC-000371,ACC-000146,3212.04,2026-07-28 19:39:53,1
TXN-0000486,CMP-000211,ACC-001075,ACC-000081,658.29,2026-08-21 06:24:41,1
TXN-0000487,CMP-000212,ACC-000645,ACC-000041,6205.36,2026-08-14 03:14:51,1
TXN-0000488,CMP-000212,ACC-000041,ACC-000141,5739.23,2026-08-14 03:35:51,2
TXN-0000489,CMP-000212,ACC-000141,ACC-000172,5639.67,2026-08-14 07:15:51,3
TXN-0000490,CMP-000213,ACC-000228,ACC-001015,1906.41,2026-08-13 04:22:26,1
TXN-0000491,CMP-000214,ACC-000848,ACC-000134,2161.22,2026-06-27 22:19:18,1
TXN-0000492,CMP-000214,ACC-000134,ACC-001160,2128.64,2026-06-28 00:48:18,2
TXN-0000493,CMP-000214,ACC-001160,ACC-000262,2101.05,2026-06-28 04:46:18,3
TXN-0000494,CMP-000214,ACC-000262,ACC-000196,2014.81,2026-06-28 09:29:18,4
TXN-0000495,CMP-000215,ACC-000266,ACC-000194,7046.96,2026-07-18 12:56:38,1
TXN-0000496,CMP-000215,ACC-000194,ACC-000122,6601.73,2026-07-18 18:44:38,2
TXN-0000497,CMP-000215,ACC-000122,ACC-000985,6442.06,2026-07-19 00:44:38,3
TXN-0000498,CMP-000216,ACC-000367,ACC-000177,9835.47,2026-07-02 08:57:35,1
TXN-0000499,CMP-000216,ACC-000177,ACC-000102,9673.31,2026-07-02 10:00:35,2
TXN-0000500,CMP-000217,ACC-000221,ACC-000412,853.71,2026-08-06 15:22:00,1
TXN-0000501,CMP-000217,ACC-000412,ACC-000139,791.33,2026-08-06 20:38:00,2
TXN-0000502,CMP-000218,ACC-000286,ACC-000097,2493.49,2026-08-13 22:30:46,1
TXN-0000503,CMP-000218,ACC-000097,ACC-000112,2357.9,2026-08-13 23:23:46,2
TXN-0000504,CMP-000218,ACC-000112,ACC-000201,2187.76,2026-08-14 03:11:46,3
TXN-0000505,CMP-000218,ACC-000201,ACC-000213,2063.63,2026-08-14 07:57:46,4
TXN-0000506,CMP-000219,ACC-001183,ACC-000790,22470.28,2026-07-02 05:00:57,1
TXN-0000507,CMP-000219,ACC-000790,ACC-000094,20742.58,2026-07-02 05:30:57,2
TXN-0000508,CMP-000220,ACC-000754,ACC-000911,448180.16,2026-08-19 22:00:34,1
TXN-0000509,CMP-000220,ACC-000911,ACC-000080,431420.89,2026-08-19 23:24:34,2
TXN-0000510,CMP-000221,ACC-000632,ACC-000095,10188.8,2026-07-09 19:47:23,1
TXN-0000511,CMP-000221,ACC-000095,ACC-000204,9472.19,2026-07-09 23:56:23,2
TXN-0000512,CMP-000221,ACC-000204,ACC-000087,8832.19,2026-07-10 01:50:23,3
TXN-0000513,CMP-000222,ACC-000242,ACC-000038,5100.66,2026-07-18 19:46:35,1
TXN-0000514,CMP-000222,ACC-000038,ACC-000184,4792.13,2026-07-18 22:13:35,2
TXN-0000515,CMP-000222,ACC-000184,ACC-000187,4452.93,2026-07-19 02:46:35,3
TXN-0000516,CMP-000223,ACC-001124,ACC-000009,213294.96,2026-07-23 08:46:52,1
TXN-0000517,CMP-000223,ACC-000009,ACC-000144,205597.4,2026-07-23 08:57:52,2
TXN-0000518,CMP-000223,ACC-000144,ACC-000046,192141.06,2026-07-23 09:27:52,3
TXN-0000519,CMP-000223,ACC-000046,ACC-000160,186129.25,2026-07-23 11:24:52,4
TXN-0000520,CMP-000224,ACC-001159,ACC-000928,1211.67,2026-07-17 16:12:01,1
TXN-0000521,CMP-000224,ACC-000928,ACC-000037,1131.19,2026-07-17 17:23:01,2
TXN-0000522,CMP-000225,ACC-001052,ACC-000004,39383.61,2026-06-24 05:37:48,1
TXN-0000523,CMP-000226,ACC-001051,ACC-000125,952.38,2026-07-10 18:57:49,1
TXN-0000524,CMP-000226,ACC-000125,ACC-000099,880.93,2026-07-10 19:13:49,2
TXN-0000525,CMP-000227,ACC-001185,ACC-000123,9190.15,2026-07-15 11:16:05,1
TXN-0000526,CMP-000227,ACC-000123,ACC-000176,8481.23,2026-07-15 12:42:05,2
TXN-0000527,CMP-000227,ACC-000176,ACC-000154,7932.26,2026-07-15 13:01:05,3
TXN-0000528,CMP-000227,ACC-000154,ACC-000122,7833.7,2026-07-15 17:43:05,4
TXN-0000529,CMP-000228,ACC-000760,ACC-000057,6487.93,2026-08-09 10:42:24,1
TXN-0000530,CMP-000228,ACC-000057,ACC-000537,6190.0,2026-08-09 15:03:24,2
TXN-0000531,CMP-000229,ACC-000780,ACC-001197,810175.39,2026-07-17 22:52:43,1
TXN-0000532,CMP-000229,ACC-001197,ACC-000002,795098.76,2026-07-17 23:17:43,2
TXN-0000533,CMP-000230,ACC-000992,ACC-000758,608.33,2026-07-08 04:17:48,1
TXN-0000534,CMP-000230,ACC-000758,ACC-000041,592.16,2026-07-08 06:32:48,2
TXN-0000535,CMP-000230,ACC-000041,ACC-000044,563.07,2026-07-08 10:17:48,3
TXN-0000536,CMP-000231,ACC-000804,ACC-000007,9348.4,2026-06-14 04:47:38,1
TXN-0000537,CMP-000231,ACC-000007,ACC-000017,8996.12,2026-06-14 06:17:38,2
TXN-0000538,CMP-000231,ACC-000017,ACC-000200,8809.5,2026-06-14 09:39:38,3
TXN-0000539,CMP-000232,ACC-000716,ACC-000015,439.97,2026-07-11 04:06:21,1
TXN-0000540,CMP-000232,ACC-000015,ACC-000883,415.35,2026-07-11 09:46:21,2
TXN-0000541,CMP-000232,ACC-000883,ACC-000078,389.87,2026-07-11 11:08:21,3
TXN-0000542,CMP-000232,ACC-000078,ACC-000204,381.88,2026-07-11 16:38:21,4
TXN-0000543,CMP-000233,ACC-000750,ACC-000344,17531.9,2026-05-31 20:53:02,1
TXN-0000544,CMP-000233,ACC-000344,ACC-000070,16310.39,2026-05-31 23:00:02,2
TXN-0000545,CMP-000234,ACC-000218,ACC-000003,3872.81,2026-08-04 03:17:24,1
TXN-0000546,CMP-000234,ACC-000003,ACC-001018,3599.31,2026-08-04 05:46:24,2
TXN-0000547,CMP-000234,ACC-001018,ACC-001096,3358.39,2026-08-04 08:58:24,3
TXN-0000548,CMP-000235,ACC-000436,ACC-000101,1851.74,2026-07-04 11:18:13,1
TXN-0000549,CMP-000235,ACC-000101,ACC-000807,1713.65,2026-07-04 14:30:13,2
TXN-0000550,CMP-000236,ACC-000737,ACC-000238,86067.19,2026-07-01 19:45:44,1
TXN-0000551,CMP-000237,ACC-000876,ACC-000202,4299.46,2026-07-08 01:15:36,1
TXN-0000552,CMP-000237,ACC-000202,ACC-000151,4195.52,2026-07-08 03:37:36,2
TXN-0000553,CMP-000237,ACC-000151,ACC-000046,3958.41,2026-07-08 05:24:36,3
TXN-0000554,CMP-000238,ACC-000959,ACC-000452,46945.81,2026-08-12 10:42:31,1
TXN-0000555,CMP-000238,ACC-000452,ACC-001090,46352.38,2026-08-12 11:19:31,2
TXN-0000556,CMP-000238,ACC-001090,ACC-000184,43054.55,2026-08-12 12:54:31,3
TXN-0000557,CMP-000240,ACC-001126,ACC-000197,25307.05,2026-06-15 21:28:15,1
TXN-0000558,CMP-000240,ACC-000197,ACC-000804,24182.49,2026-06-16 00:27:15,2
TXN-0000559,CMP-000240,ACC-000804,ACC-000091,23256.69,2026-06-16 03:17:15,3
TXN-0000560,CMP-000241,ACC-001111,ACC-000771,941.13,2026-07-26 09:59:12,1
TXN-0000561,CMP-000241,ACC-000771,ACC-000111,874.85,2026-07-26 13:12:12,2
TXN-0000562,CMP-000242,ACC-000967,ACC-000014,2892.5,2026-06-10 20:10:18,1
TXN-0000563,CMP-000242,ACC-000014,ACC-000342,2771.34,2026-06-10 21:55:18,2
TXN-0000564,CMP-000243,ACC-000932,ACC-001052,5732.07,2026-07-10 15:56:57,1
TXN-0000565,CMP-000246,ACC-000727,ACC-000153,10307.45,2026-07-02 19:34:35,1
TXN-0000566,CMP-000246,ACC-000153,ACC-000112,10010.19,2026-07-02 23:52:35,2
TXN-0000567,CMP-000246,ACC-000112,ACC-000609,9459.02,2026-07-03 01:22:35,3
TXN-0000568,CMP-000247,ACC-000303,ACC-000106,2037.6,2026-07-01 16:04:14,1
TXN-0000569,CMP-000247,ACC-000106,ACC-000014,2012.87,2026-07-01 18:32:14,2
TXN-0000570,CMP-000247,ACC-000014,ACC-000142,1912.84,2026-07-01 22:55:14,3
TXN-0000571,CMP-000248,ACC-000710,ACC-001059,423.51,2026-07-23 16:14:43,1
TXN-0000572,CMP-000248,ACC-001059,ACC-000130,415.41,2026-07-23 22:05:43,2
TXN-0000573,CMP-000248,ACC-000130,ACC-000154,394.13,2026-07-24 01:04:43,3
TXN-0000574,CMP-000249,ACC-000338,ACC-000053,9691.43,2026-06-27 19:16:53,1
TXN-0000575,CMP-000249,ACC-000053,ACC-000031,9048.39,2026-06-27 19:22:53,2
TXN-0000576,CMP-000250,ACC-001089,ACC-001174,67486.33,2026-06-10 05:49:20,1
TXN-0000577,CMP-000251,ACC-000894,ACC-000049,141489.88,2026-06-09 15:48:52,1
TXN-0000578,CMP-000251,ACC-000049,ACC-000199,134962.83,2026-06-09 21:42:52,2
TXN-0000579,CMP-000251,ACC-000199,ACC-000032,124786.62,2026-06-09 23:22:52,3
TXN-0000580,CMP-000251,ACC-000032,ACC-000038,122199.51,2026-06-10 01:06:52,4
TXN-0000581,CMP-000253,ACC-000425,ACC-000188,2467.2,2026-07-12 20:05:10,1
TXN-0000582,CMP-000253,ACC-000188,ACC-000445,2409.04,2026-07-13 02:05:10,2
TXN-0000583,CMP-000254,ACC-000921,ACC-000063,1257.06,2026-08-16 18:22:03,1
TXN-0000584,CMP-000255,ACC-000296,ACC-000040,1449.2,2026-07-08 08:02:58,1
TXN-0000585,CMP-000255,ACC-000040,ACC-000304,1358.23,2026-07-08 09:12:58,2
TXN-0000586,CMP-000255,ACC-000304,ACC-000018,1283.06,2026-07-08 14:54:58,3
TXN-0000587,CMP-000256,ACC-000899,ACC-000014,1584.19,2026-06-15 01:36:06,1
TXN-0000588,CMP-000256,ACC-000014,ACC-000069,1524.37,2026-06-15 03:10:06,2
TXN-0000589,CMP-000257,ACC-000387,ACC-000652,7537.79,2026-08-04 08:02:29,1
TXN-0000590,CMP-000257,ACC-000652,ACC-000216,7158.08,2026-08-04 08:51:29,2
TXN-0000591,CMP-000257,ACC-000216,ACC-000024,6820.71,2026-08-04 09:42:29,3
TXN-0000592,CMP-000258,ACC-001173,ACC-000016,57830.57,2026-08-04 17:34:40,1
TXN-0000593,CMP-000258,ACC-000016,ACC-000936,53845.33,2026-08-04 19:21:40,2
TXN-0000594,CMP-000259,ACC-000666,ACC-000119,3084.5,2026-07-28 04:21:04,1
TXN-0000595,CMP-000261,ACC-000534,ACC-000202,111903.69,2026-07-08 10:53:36,1
TXN-0000596,CMP-000261,ACC-000202,ACC-000979,105004.79,2026-07-08 13:10:36,2
TXN-0000597,CMP-000261,ACC-000979,ACC-000778,98076.71,2026-07-08 17:01:36,3
TXN-0000598,CMP-000261,ACC-000778,ACC-000813,91227.07,2026-07-08 18:56:36,4
TXN-0000599,CMP-000262,ACC-000872,ACC-000171,2422.32,2026-07-06 00:07:55,1
TXN-0000600,CMP-000262,ACC-000171,ACC-000060,2287.22,2026-07-06 05:55:55,2
TXN-0000601,CMP-000263,ACC-000978,ACC-000971,2861.04,2026-08-20 02:06:27,1
TXN-0000602,CMP-000263,ACC-000971,ACC-000119,2713.27,2026-08-20 05:24:27,2
TXN-0000603,CMP-000263,ACC-000119,ACC-000128,2684.79,2026-08-20 08:21:27,3
TXN-0000604,CMP-000264,ACC-000546,ACC-001031,16132.27,2026-08-06 15:21:19,1
TXN-0000605,CMP-000264,ACC-001031,ACC-000017,14971.26,2026-08-06 15:54:19,2
TXN-0000606,CMP-000265,ACC-000479,ACC-000195,23378.87,2026-08-12 11:10:37,1
TXN-0000607,CMP-000265,ACC-000195,ACC-001061,21708.26,2026-08-12 16:02:37,2
TXN-0000608,CMP-000265,ACC-001061,ACC-000050,21321.71,2026-08-12 16:43:37,3
TXN-0000609,CMP-000267,ACC-000458,ACC-000081,1690.45,2026-06-22 06:45:39,1
TXN-0000610,CMP-000267,ACC-000081,ACC-000151,1611.25,2026-06-22 09:57:39,2
TXN-0000611,CMP-000267,ACC-000151,ACC-000034,1564.74,2026-06-22 14:05:39,3
TXN-0000612,CMP-000268,ACC-000556,ACC-000116,2007.03,2026-08-10 01:27:05,1
TXN-0000613,CMP-000269,ACC-000740,ACC-000707,132323.78,2026-06-10 08:35:18,1
TXN-0000614,CMP-000269,ACC-000707,ACC-000195,122583.78,2026-06-10 11:52:18,2
TXN-0000615,CMP-000269,ACC-000195,ACC-000212,117847.81,2026-06-10 15:47:18,3
TXN-0000616,CMP-000270,ACC-000334,ACC-000711,1534.31,2026-07-13 19:54:56,1
TXN-0000617,CMP-000271,ACC-000381,ACC-000517,2558.39,2026-08-28 02:12:47,1
TXN-0000618,CMP-000272,ACC-001083,ACC-000037,179872.59,2026-06-13 23:55:52,1
TXN-0000619,CMP-000272,ACC-000037,ACC-000076,172616.0,2026-06-14 03:52:52,2
TXN-0000620,CMP-000273,ACC-000576,ACC-000090,3727.4,2026-07-19 11:26:35,1
TXN-0000621,CMP-000274,ACC-000540,ACC-000108,7690.66,2026-08-19 20:01:59,1
TXN-0000622,CMP-000274,ACC-000108,ACC-000154,7363.3,2026-08-20 00:09:59,2
TXN-0000623,CMP-000274,ACC-000154,ACC-000029,6955.88,2026-08-20 05:40:59,3
TXN-0000624,CMP-000276,ACC-000268,ACC-000095,4654.02,2026-06-08 10:53:12,1
TXN-0000625,CMP-000276,ACC-000095,ACC-000201,4406.22,2026-06-08 13:36:12,2
TXN-0000626,CMP-000276,ACC-000201,ACC-000204,4261.03,2026-06-08 18:37:12,3
TXN-0000627,CMP-000276,ACC-000204,ACC-000140,3989.7,2026-06-08 19:56:12,4
TXN-0000628,CMP-000278,ACC-000382,ACC-000146,518.49,2026-08-22 01:16:38,1
TXN-0000629,CMP-000278,ACC-000146,ACC-000138,497.45,2026-08-22 05:14:38,2
TXN-0000630,CMP-000279,ACC-000856,ACC-000029,6294.42,2026-06-02 10:57:22,1
TXN-0000631,CMP-000279,ACC-000029,ACC-000095,6030.89,2026-06-02 14:44:22,2
TXN-0000632,CMP-000279,ACC-000095,ACC-000098,5790.06,2026-06-02 19:52:22,3
TXN-0000633,CMP-000280,ACC-001083,ACC-001139,5202.59,2026-08-12 20:25:48,1
TXN-0000634,CMP-000281,ACC-000541,ACC-000107,5866.68,2026-07-07 02:29:46,1
TXN-0000635,CMP-000281,ACC-000107,ACC-000044,5639.17,2026-07-07 05:51:46,2
TXN-0000636,CMP-000282,ACC-001160,ACC-000057,1538.09,2026-08-25 21:10:35,1
TXN-0000637,CMP-000282,ACC-000057,ACC-000010,1429.83,2026-08-26 00:29:35,2
TXN-0000638,CMP-000283,ACC-000735,ACC-000045,1281.51,2026-08-02 21:22:33,1
TXN-0000639,CMP-000283,ACC-000045,ACC-000154,1193.44,2026-08-03 00:58:33,2
TXN-0000640,CMP-000284,ACC-001178,ACC-000272,188338.02,2026-06-30 10:27:50,1
TXN-0000641,CMP-000284,ACC-000272,ACC-000047,184351.79,2026-06-30 13:23:50,2
TXN-0000642,CMP-000284,ACC-000047,ACC-000146,181509.5,2026-06-30 16:59:50,3
TXN-0000643,CMP-000284,ACC-000146,ACC-000056,170781.85,2026-06-30 19:53:50,4
TXN-0000644,CMP-000285,ACC-000838,ACC-000079,6168.65,2026-06-04 16:14:01,1
TXN-0000645,CMP-000285,ACC-000079,ACC-000126,5921.02,2026-06-04 21:27:01,2
TXN-0000646,CMP-000286,ACC-000349,ACC-000150,7943.85,2026-08-25 04:11:02,1
TXN-0000647,CMP-000286,ACC-000150,ACC-000183,7796.06,2026-08-25 06:31:02,2
TXN-0000648,CMP-000286,ACC-000183,ACC-000096,7541.3,2026-08-25 12:12:02,3
TXN-0000649,CMP-000286,ACC-000096,ACC-000139,7015.12,2026-08-25 12:41:02,4
TXN-0000650,CMP-000287,ACC-001025,ACC-000013,410.54,2026-08-12 07:42:19,1
TXN-0000651,CMP-000287,ACC-000013,ACC-000991,399.84,2026-08-12 12:14:19,2
TXN-0000652,CMP-000287,ACC-000991,ACC-000183,370.64,2026-08-12 13:39:19,3
TXN-0000653,CMP-000288,ACC-000914,ACC-000104,11012.57,2026-08-10 13:45:19,1
TXN-0000654,CMP-000288,ACC-000104,ACC-000754,10383.51,2026-08-10 18:15:19,2
TXN-0000655,CMP-000288,ACC-000754,ACC-000081,10010.96,2026-08-10 21:51:19,3
TXN-0000656,CMP-000289,ACC-000902,ACC-000355,6675.45,2026-07-18 10:31:28,1
TXN-0000657,CMP-000291,ACC-000924,ACC-000148,4049.61,2026-06-23 08:53:56,1
TXN-0000658,CMP-000291,ACC-000148,ACC-000108,3765.73,2026-06-23 12:00:56,2
TXN-0000659,CMP-000292,ACC-000670,ACC-000173,3674.92,2026-07-23 18:33:38,1
TXN-0000660,CMP-000292,ACC-000173,ACC-000173,3429.88,2026-07-23 23:36:38,2
TXN-0000661,CMP-000292,ACC-000173,ACC-000163,3357.07,2026-07-23 23:42:38,3
TXN-0000662,CMP-000292,ACC-000163,ACC-000174,3316.65,2026-07-24 00:27:38,4
TXN-0000663,CMP-000293,ACC-000253,ACC-000058,1352.3,2026-06-27 18:38:01,1
TXN-0000664,CMP-000294,ACC-000838,ACC-000118,1935.98,2026-07-14 20:51:41,1
TXN-0000665,CMP-000295,ACC-000232,ACC-000195,1983.4,2026-06-02 19:46:59,1
TXN-0000666,CMP-000295,ACC-000195,ACC-000410,1867.77,2026-06-02 22:20:59,2
TXN-0000667,CMP-000296,ACC-000698,ACC-000038,18364.99,2026-08-16 02:03:30,1
TXN-0000668,CMP-000297,ACC-000609,ACC-000058,2168.24,2026-06-20 13:24:17,1
TXN-0000669,CMP-000297,ACC-000058,ACC-000009,2130.95,2026-06-20 18:20:17,2
TXN-0000670,CMP-000298,ACC-001035,ACC-000035,35435.78,2026-08-15 09:37:10,1
TXN-0000671,CMP-000298,ACC-000035,ACC-000012,33687.76,2026-08-15 12:08:10,2
TXN-0000672,CMP-000298,ACC-000012,ACC-000061,31436.83,2026-08-15 12:32:10,3
TXN-0000673,CMP-000298,ACC-000061,ACC-000122,29622.85,2026-08-15 13:56:10,4
TXN-0000674,CMP-000300,ACC-000712,ACC-000184,1620.29,2026-07-23 10:49:11,1
TXN-0000675,CMP-000300,ACC-000184,ACC-000002,1528.86,2026-07-23 12:15:11,2
TXN-0000676,CMP-000301,ACC-000463,ACC-000179,2791.76,2026-06-02 05:27:43,1
TXN-0000677,CMP-000301,ACC-000179,ACC-000159,2610.54,2026-06-02 05:37:43,2
TXN-0000678,CMP-000301,ACC-000159,ACC-000003,2437.75,2026-06-02 09:11:43,3
TXN-0000679,CMP-000302,ACC-000873,ACC-000304,6487.77,2026-07-28 00:50:36,1
TXN-0000680,CMP-000303,ACC-001189,ACC-000002,6143.59,2026-08-12 02:12:30,1
TXN-0000681,CMP-000303,ACC-000002,ACC-000851,5726.74,2026-08-12 07:45:30,2
TXN-0000682,CMP-000304,ACC-000475,ACC-000750,3540.35,2026-07-14 03:32:25,1
TXN-0000683,CMP-000304,ACC-000750,ACC-000935,3315.36,2026-07-14 05:27:25,2
TXN-0000684,CMP-000304,ACC-000935,ACC-000188,3080.72,2026-07-14 06:37:25,3
TXN-0000685,CMP-000304,ACC-000188,ACC-000025,2848.95,2026-07-14 11:39:25,4
TXN-0000686,CMP-000305,ACC-000814,ACC-000471,1475.73,2026-07-19 06:54:57,1
TXN-0000687,CMP-000305,ACC-000471,ACC-000213,1363.71,2026-07-19 10:30:57,2
TXN-0000688,CMP-000305,ACC-000213,ACC-001016,1317.67,2026-07-19 15:14:57,3
TXN-0000689,CMP-000306,ACC-001022,ACC-000168,2468.96,2026-08-28 05:07:29,1
TXN-0000690,CMP-000306,ACC-000168,ACC-000191,2407.4,2026-08-28 10:19:29,2
TXN-0000691,CMP-000307,ACC-000439,ACC-000216,11961.32,2026-06-01 08:03:34,1
TXN-0000692,CMP-000307,ACC-000216,ACC-000163,11397.24,2026-06-01 09:23:34,2
TXN-0000693,CMP-000308,ACC-000276,ACC-000125,5746.11,2026-08-06 11:40:58,1
TXN-0000694,CMP-000308,ACC-000125,ACC-000096,5501.12,2026-08-06 13:55:58,2
TXN-0000695,CMP-000309,ACC-000252,ACC-000005,52909.74,2026-08-27 06:33:24,1
TXN-0000696,CMP-000309,ACC-000005,ACC-000309,49158.41,2026-08-27 07:22:24,2
TXN-0000697,CMP-000310,ACC-001141,ACC-000054,3666.24,2026-06-27 21:11:01,1
TXN-0000698,CMP-000310,ACC-000054,ACC-000035,3608.59,2026-06-28 02:30:01,2
TXN-0000699,CMP-000310,ACC-000035,ACC-000079,3434.69,2026-06-28 03:00:01,3
TXN-0000700,CMP-000310,ACC-000079,ACC-001000,3229.96,2026-06-28 03:23:01,4
TXN-0000701,CMP-000311,ACC-000694,ACC-000128,6864.23,2026-07-08 03:02:29,1
TXN-0000702,CMP-000311,ACC-000128,ACC-000036,6468.05,2026-07-08 04:03:29,2
TXN-0000703,CMP-000312,ACC-000827,ACC-000977,10044.49,2026-07-29 14:00:24,1
TXN-0000704,CMP-000312,ACC-000977,ACC-000140,9355.92,2026-07-29 17:09:24,2
TXN-0000705,CMP-000312,ACC-000140,ACC-000831,8701.98,2026-07-29 20:26:24,3
TXN-0000706,CMP-000312,ACC-000831,ACC-000163,8201.05,2026-07-29 22:44:24,4
TXN-0000707,CMP-000313,ACC-001131,ACC-000144,349946.32,2026-08-03 15:50:42,1
TXN-0000708,CMP-000313,ACC-000144,ACC-000885,345862.91,2026-08-03 18:25:42,2
TXN-0000709,CMP-000314,ACC-000492,ACC-000036,66767.62,2026-06-21 22:33:36,1
TXN-0000710,CMP-000314,ACC-000036,ACC-000177,61523.47,2026-06-22 00:03:36,2
TXN-0000711,CMP-000314,ACC-000177,ACC-000213,59245.22,2026-06-22 03:21:36,3
TXN-0000712,CMP-000315,ACC-000447,ACC-000015,2362.16,2026-08-20 05:17:35,1
TXN-0000713,CMP-000315,ACC-000015,ACC-000152,2322.63,2026-08-20 08:45:35,2
TXN-0000714,CMP-000315,ACC-000152,ACC-000027,2170.83,2026-08-20 13:56:35,3
TXN-0000715,CMP-000316,ACC-000406,ACC-000387,9873.22,2026-07-12 10:29:07,1
TXN-0000716,CMP-000316,ACC-000387,ACC-000010,9475.4,2026-07-12 10:42:07,2
TXN-0000717,CMP-000317,ACC-000721,ACC-000763,6011.17,2026-08-05 20:49:32,1
TXN-0000718,CMP-000318,ACC-000357,ACC-000099,4102.97,2026-06-08 07:03:54,1
TXN-0000719,CMP-000318,ACC-000099,ACC-000205,3865.43,2026-06-08 12:48:54,2
TXN-0000720,CMP-000319,ACC-000502,ACC-000092,33602.45,2026-06-13 17:44:51,1
TXN-0000721,CMP-000319,ACC-000092,ACC-000191,32614.22,2026-06-13 23:29:51,2
TXN-0000722,CMP-000320,ACC-000874,ACC-000073,1079.49,2026-07-01 21:27:02,1
TXN-0000723,CMP-000320,ACC-000073,ACC-000058,1018.8,2026-07-01 23:11:02,2
TXN-0000724,CMP-000321,ACC-000575,ACC-000333,8879.62,2026-08-12 20:43:56,1
TXN-0000725,CMP-000321,ACC-000333,ACC-000429,8607.07,2026-08-12 22:08:56,2
TXN-0000726,CMP-000323,ACC-000796,ACC-000248,791.58,2026-07-23 17:33:27,1
TXN-0000727,CMP-000323,ACC-000248,ACC-000023,764.98,2026-07-23 18:35:27,2
TXN-0000728,CMP-000324,ACC-001147,ACC-000091,3150.55,2026-08-22 01:20:00,1
TXN-0000729,CMP-000324,ACC-000091,ACC-000125,2922.71,2026-08-22 04:12:00,2
TXN-0000730,CMP-000325,ACC-000837,ACC-000952,139981.36,2026-08-13 17:06:11,1
TXN-0000731,CMP-000325,ACC-000952,ACC-000001,130523.7,2026-08-13 21:28:11,2
TXN-0000732,CMP-000325,ACC-000001,ACC-001104,124122.44,2026-08-14 02:01:11,3
TXN-0000733,CMP-000325,ACC-001104,ACC-000022,116918.06,2026-08-14 04:53:11,4
TXN-0000734,CMP-000326,ACC-001138,ACC-000977,3434.02,2026-07-25 10:29:17,1
TXN-0000735,CMP-000326,ACC-000977,ACC-000148,3190.38,2026-07-25 13:05:17,2
TXN-0000736,CMP-000327,ACC-000725,ACC-000011,98312.99,2026-07-31 16:26:03,1
TXN-0000737,CMP-000327,ACC-000011,ACC-000072,95197.69,2026-07-31 16:54:03,2
TXN-0000738,CMP-000327,ACC-000072,ACC-000155,89267.4,2026-07-31 18:50:03,3
TXN-0000739,CMP-000328,ACC-000230,ACC-000103,5710.54,2026-08-06 02:37:05,1
TXN-0000740,CMP-000328,ACC-000103,ACC-000018,5432.19,2026-08-06 06:10:05,2
TXN-0000741,CMP-000329,ACC-000686,ACC-000204,1823.1,2026-06-30 23:37:59,1
TXN-0000742,CMP-000329,ACC-000204,ACC-000110,1684.53,2026-07-01 03:23:59,2
TXN-0000743,CMP-000330,ACC-000288,ACC-000052,3988.78,2026-06-14 18:45:36,1
TXN-0000744,CMP-000330,ACC-000052,ACC-000118,3763.68,2026-06-14 23:28:36,2
TXN-0000745,CMP-000330,ACC-000118,ACC-000141,3463.6,2026-06-15 04:56:36,3
TXN-0000746,CMP-000331,ACC-000228,ACC-000912,14234.27,2026-08-01 13:54:27,1
TXN-0000747,CMP-000331,ACC-000912,ACC-000130,14017.1,2026-08-01 19:14:27,2
TXN-0000748,CMP-000331,ACC-000130,ACC-000041,13449.67,2026-08-02 00:32:27,3
TXN-0000749,CMP-000331,ACC-000041,ACC-000042,12748.51,2026-08-02 04:18:27,4
TXN-0000750,CMP-000332,ACC-000502,ACC-000968,11561.57,2026-07-07 10:43:11,1
TXN-0000751,CMP-000332,ACC-000968,ACC-000702,11129.85,2026-07-07 14:05:11,2
TXN-0000752,CMP-000332,ACC-000702,ACC-000067,10406.57,2026-07-07 18:17:11,3
TXN-0000753,CMP-000332,ACC-000067,ACC-000203,9634.73,2026-07-07 21:14:11,4
TXN-0000754,CMP-000333,ACC-000366,ACC-000058,1910.93,2026-08-10 01:06:37,1
TXN-0000755,CMP-000333,ACC-000058,ACC-000185,1783.45,2026-08-10 06:50:37,2
TXN-0000756,CMP-000335,ACC-000764,ACC-000082,6047.57,2026-07-30 23:11:38,1
TXN-0000757,CMP-000335,ACC-000082,ACC-000007,5711.65,2026-07-31 00:51:38,2
TXN-0000758,CMP-000336,ACC-000476,ACC-001181,920.4,2026-07-12 03:19:33,1
TXN-0000759,CMP-000336,ACC-001181,ACC-000090,878.53,2026-07-12 04:12:33,2
TXN-0000760,CMP-000337,ACC-000604,ACC-000790,3233.47,2026-08-12 02:36:06,1
TXN-0000761,CMP-000337,ACC-000790,ACC-000192,3158.86,2026-08-12 04:47:06,2
TXN-0000762,CMP-000337,ACC-000192,ACC-000513,2934.33,2026-08-12 10:02:06,3
TXN-0000763,CMP-000338,ACC-000960,ACC-000119,2331.32,2026-08-05 23:16:20,1
TXN-0000764,CMP-000338,ACC-000119,ACC-000076,2249.79,2026-08-06 03:58:20,2
TXN-0000765,CMP-000338,ACC-000076,ACC-000146,2173.86,2026-08-06 05:34:20,3
TXN-0000766,CMP-000338,ACC-000146,ACC-000171,2150.7,2026-08-06 06:56:20,4
TXN-0000767,CMP-000339,ACC-000793,ACC-000134,3741.93,2026-06-05 11:54:00,1
TXN-0000768,CMP-000339,ACC-000134,ACC-000691,3659.83,2026-06-05 13:09:00,2
TXN-0000769,CMP-000339,ACC-000691,ACC-000067,3445.96,2026-06-05 17:33:00,3
TXN-0000770,CMP-000339,ACC-000067,ACC-000130,3253.12,2026-06-05 19:32:00,4
TXN-0000771,CMP-000340,ACC-000370,ACC-000098,675.41,2026-06-20 21:09:25,1
TXN-0000772,CMP-000341,ACC-000406,ACC-000128,2297.65,2026-06-25 14:11:24,1
TXN-0000773,CMP-000341,ACC-000128,ACC-000924,2123.96,2026-06-25 18:00:24,2
TXN-0000774,CMP-000341,ACC-000924,ACC-000126,2026.07,2026-06-25 22:52:24,3
TXN-0000775,CMP-000342,ACC-000663,ACC-000119,15237.7,2026-07-12 07:07:44,1
TXN-0000776,CMP-000342,ACC-000119,ACC-000111,14098.97,2026-07-12 11:32:44,2
TXN-0000777,CMP-000342,ACC-000111,ACC-000176,13762.55,2026-07-12 14:11:44,3
TXN-0000778,CMP-000343,ACC-000799,ACC-000181,3545.81,2026-07-19 15:59:20,1
TXN-0000779,CMP-000343,ACC-000181,ACC-000189,3462.8,2026-07-19 16:58:20,2
TXN-0000780,CMP-000343,ACC-000189,ACC-001118,3373.97,2026-07-19 21:36:20,3
TXN-0000781,CMP-000344,ACC-000241,ACC-000158,14968.84,2026-07-09 11:51:58,1
TXN-0000782,CMP-000344,ACC-000158,ACC-000433,14782.32,2026-07-09 12:56:58,2
TXN-0000783,CMP-000344,ACC-000433,ACC-000653,13769.46,2026-07-09 14:12:58,3
TXN-0000784,CMP-000345,ACC-000539,ACC-000052,2780.9,2026-06-08 13:47:58,1
TXN-0000785,CMP-000345,ACC-000052,ACC-000076,2720.69,2026-06-08 16:55:58,2
TXN-0000786,CMP-000346,ACC-000501,ACC-000031,7935.9,2026-08-08 17:54:56,1
TXN-0000787,CMP-000346,ACC-000031,ACC-000072,7671.42,2026-08-08 22:35:56,2
TXN-0000788,CMP-000346,ACC-000072,ACC-000128,7377.22,2026-08-09 02:42:56,3
TXN-0000789,CMP-000346,ACC-000128,ACC-000123,7300.78,2026-08-09 07:30:56,4
TXN-0000790,CMP-000347,ACC-000507,ACC-000008,1750.47,2026-07-02 10:55:04,1
TXN-0000791,CMP-000347,ACC-000008,ACC-000156,1693.71,2026-07-02 14:19:04,2
TXN-0000792,CMP-000347,ACC-000156,ACC-000615,1570.29,2026-07-02 19:29:04,3
TXN-0000793,CMP-000347,ACC-000615,ACC-000067,1446.57,2026-07-02 22:37:04,4
TXN-0000794,CMP-000350,ACC-000600,ACC-000215,1551.35,2026-07-09 21:46:32,1
TXN-0000795,CMP-000350,ACC-000215,ACC-000747,1474.15,2026-07-10 02:42:32,2
TXN-0000796,CMP-000350,ACC-000747,ACC-000096,1405.73,2026-07-10 02:56:32,3
TXN-0000797,CMP-000351,ACC-000221,ACC-000024,3512.26,2026-07-03 01:20:59,1
TXN-0000798,CMP-000351,ACC-000024,ACC-000803,3322.83,2026-07-03 07:17:59,2
TXN-0000799,CMP-000352,ACC-001026,ACC-000300,2922.85,2026-08-01 00:03:37,1
TXN-0000800,CMP-000352,ACC-000300,ACC-000446,2788.04,2026-08-01 05:48:37,2
TXN-0000801,CMP-000353,ACC-001077,ACC-000222,21486.22,2026-07-04 22:08:00,1
TXN-0000802,CMP-000353,ACC-000222,ACC-000015,20937.64,2026-07-04 23:12:00,2
TXN-0000803,CMP-000353,ACC-000015,ACC-000063,20158.54,2026-07-05 03:00:00,3
TXN-0000804,CMP-000353,ACC-000063,ACC-000299,18990.95,2026-07-05 06:42:00,4
TXN-0000805,CMP-000355,ACC-000520,ACC-000026,1995.36,2026-06-20 08:20:47,1
TXN-0000806,CMP-000356,ACC-000611,ACC-000115,1455.17,2026-06-08 09:04:21,1
TXN-0000807,CMP-000357,ACC-001010,ACC-000139,892585.11,2026-08-12 18:15:58,1
TXN-0000808,CMP-000357,ACC-000139,ACC-000034,821559.85,2026-08-12 19:01:58,2
TXN-0000809,CMP-000358,ACC-001150,ACC-000152,23140.35,2026-08-25 09:50:16,1
TXN-0000810,CMP-000358,ACC-000152,ACC-000198,21692.68,2026-08-25 11:00:16,2
TXN-0000811,CMP-000359,ACC-000287,ACC-001169,797.33,2026-08-24 00:59:04,1
TXN-0000812,CMP-000359,ACC-001169,ACC-000177,761.15,2026-08-24 04:41:04,2
TXN-0000813,CMP-000359,ACC-000177,ACC-001126,734.49,2026-08-24 06:52:04,3
TXN-0000814,CMP-000359,ACC-001126,ACC-000106,692.23,2026-08-24 12:42:04,4
TXN-0000815,CMP-000360,ACC-000520,ACC-000153,4532.96,2026-07-16 12:54:07,1
TXN-0000816,CMP-000360,ACC-000153,ACC-000034,4202.5,2026-07-16 13:58:07,2
TXN-0000817,CMP-000360,ACC-000034,ACC-000371,4010.23,2026-07-16 19:17:07,3
TXN-0000818,CMP-000361,ACC-000650,ACC-000158,5228.6,2026-06-06 10:13:49,1
TXN-0000819,CMP-000361,ACC-000158,ACC-000073,4974.37,2026-06-06 12:55:49,2
TXN-0000820,CMP-000361,ACC-000073,ACC-000216,4842.69,2026-06-06 18:26:49,3
TXN-0000821,CMP-000361,ACC-000216,ACC-000201,4503.12,2026-06-06 22:15:49,4
TXN-0000822,CMP-000362,ACC-000855,ACC-000010,2043.68,2026-06-04 10:03:40,1
TXN-0000823,CMP-000362,ACC-000010,ACC-000073,1921.58,2026-06-04 15:16:40,2
TXN-0000824,CMP-000362,ACC-000073,ACC-000197,1798.98,2026-06-04 19:42:40,3
TXN-0000825,CMP-000363,ACC-001117,ACC-000015,94366.74,2026-08-23 20:43:18,1
TXN-0000826,CMP-000363,ACC-000015,ACC-000172,90260.05,2026-08-24 01:55:18,2
TXN-0000827,CMP-000364,ACC-001001,ACC-000064,8266.53,2026-07-08 11:31:20,1
TXN-0000828,CMP-000364,ACC-000064,ACC-000202,7705.95,2026-07-08 16:14:20,2
TXN-0000829,CMP-000365,ACC-001089,ACC-000112,11353.77,2026-08-26 16:01:51,1
TXN-0000830,CMP-000365,ACC-000112,ACC-000120,10688.45,2026-08-26 18:53:51,2
TXN-0000831,CMP-000365,ACC-000120,ACC-000668,10526.63,2026-08-26 20:53:51,3
TXN-0000832,CMP-000367,ACC-000234,ACC-001037,3796.95,2026-06-15 18:40:54,1
TXN-0000833,CMP-000367,ACC-001037,ACC-000184,3724.26,2026-06-15 22:59:54,2
TXN-0000834,CMP-000368,ACC-001176,ACC-000092,11736.29,2026-08-21 04:16:24,1
TXN-0000835,CMP-000368,ACC-000092,ACC-000429,10969.83,2026-08-21 07:43:24,2
TXN-0000836,CMP-000369,ACC-000236,ACC-000105,46215.8,2026-06-17 07:23:41,1
TXN-0000837,CMP-000369,ACC-000105,ACC-000188,42612.33,2026-06-17 07:46:41,2
TXN-0000838,CMP-000369,ACC-000188,ACC-000076,40979.87,2026-06-17 10:45:41,3
TXN-0000839,CMP-000370,ACC-000720,ACC-000745,37292.23,2026-07-21 21:13:17,1
TXN-0000840,CMP-000370,ACC-000745,ACC-000118,35860.64,2026-07-22 02:57:17,2
TXN-0000841,CMP-000371,ACC-000342,ACC-000204,715.56,2026-06-28 04:32:11,1
TXN-0000842,CMP-000371,ACC-000204,ACC-000088,691.87,2026-06-28 08:31:11,2
TXN-0000843,CMP-000372,ACC-000605,ACC-000135,18353.43,2026-06-04 16:05:37,1
TXN-0000844,CMP-000372,ACC-000135,ACC-000005,17332.93,2026-06-04 20:36:37,2
TXN-0000845,CMP-000372,ACC-000005,ACC-000094,16846.44,2026-06-05 01:44:37,3
TXN-0000846,CMP-000372,ACC-000094,ACC-000209,15582.99,2026-06-05 06:47:37,4
TXN-0000847,CMP-000373,ACC-000299,ACC-000158,363.7,2026-06-08 21:49:41,1
TXN-0000848,CMP-000373,ACC-000158,ACC-001041,334.97,2026-06-09 00:42:41,2
TXN-0000849,CMP-000374,ACC-001130,ACC-000711,5625.87,2026-08-22 14:39:11,1
TXN-0000850,CMP-000374,ACC-000711,ACC-000267,5343.35,2026-08-22 16:05:11,2
TXN-0000851,CMP-000374,ACC-000267,ACC-000173,5283.2,2026-08-22 17:03:11,3
TXN-0000852,CMP-000374,ACC-000173,ACC-000148,4941.03,2026-08-22 17:23:11,4
TXN-0000853,CMP-000376,ACC-000580,ACC-000135,3952.3,2026-07-04 21:01:41,1
TXN-0000854,CMP-000376,ACC-000135,ACC-000043,3866.93,2026-07-04 21:46:41,2
TXN-0000855,CMP-000377,ACC-000524,ACC-000202,4652.46,2026-06-13 12:18:20,1
TXN-0000856,CMP-000377,ACC-000202,ACC-000077,4551.68,2026-06-13 16:10:20,2
TXN-0000857,CMP-000377,ACC-000077,ACC-000211,4305.56,2026-06-13 17:30:20,3
TXN-0000858,CMP-000377,ACC-000211,ACC-000194,4239.78,2026-06-13 22:34:20,4
TXN-0000859,CMP-000379,ACC-000993,ACC-000100,1430.65,2026-06-13 05:50:27,1
TXN-0000860,CMP-000379,ACC-000100,ACC-000708,1412.46,2026-06-13 06:01:27,2
TXN-0000861,CMP-000379,ACC-000708,ACC-000825,1330.95,2026-06-13 07:10:27,3
TXN-0000862,CMP-000380,ACC-001114,ACC-000015,83240.75,2026-08-06 12:43:05,1
TXN-0000863,CMP-000381,ACC-000427,ACC-000017,868.77,2026-07-20 00:59:02,1
TXN-0000864,CMP-000381,ACC-000017,ACC-000148,825.21,2026-07-20 05:57:02,2
TXN-0000865,CMP-000381,ACC-000148,ACC-000154,778.15,2026-07-20 10:35:02,3
TXN-0000866,CMP-000381,ACC-000154,ACC-000525,743.26,2026-07-20 11:42:02,4
TXN-0000867,CMP-000382,ACC-000805,ACC-000177,5448.41,2026-06-21 16:10:54,1
TXN-0000868,CMP-000383,ACC-000515,ACC-000215,93579.37,2026-06-14 07:43:01,1
TXN-0000869,CMP-000383,ACC-000215,ACC-000151,90020.63,2026-06-14 12:38:01,2
TXN-0000870,CMP-000384,ACC-000473,ACC-000116,1730.08,2026-07-20 08:03:33,1
TXN-0000871,CMP-000384,ACC-000116,ACC-000801,1693.59,2026-07-20 11:48:33,2
TXN-0000872,CMP-000384,ACC-000801,ACC-000046,1671.39,2026-07-20 15:43:33,3
TXN-0000873,CMP-000385,ACC-000262,ACC-001028,72777.75,2026-06-04 19:29:04,1
TXN-0000874,CMP-000385,ACC-001028,ACC-000063,70979.4,2026-06-04 20:33:04,2
TXN-0000875,CMP-000385,ACC-000063,ACC-000030,66523.81,2026-06-05 02:25:04,3
TXN-0000876,CMP-000385,ACC-000030,ACC-000027,61826.01,2026-06-05 06:50:04,4
TXN-0000877,CMP-000386,ACC-000771,ACC-000548,5055.78,2026-07-29 04:43:18,1
TXN-0000878,CMP-000386,ACC-000548,ACC-000059,4772.75,2026-07-29 06:55:18,2
TXN-0000879,CMP-000387,ACC-000810,ACC-000167,7296.1,2026-08-14 16:29:17,1
TXN-0000880,CMP-000387,ACC-000167,ACC-000157,7030.83,2026-08-14 20:30:17,2
TXN-0000881,CMP-000387,ACC-000157,ACC-000478,6780.69,2026-08-14 22:19:17,3
TXN-0000882,CMP-000389,ACC-000401,ACC-001117,12114.48,2026-06-22 22:11:55,1
TXN-0000883,CMP-000389,ACC-001117,ACC-000102,11260.12,2026-06-23 00:05:55,2
TXN-0000884,CMP-000390,ACC-000537,ACC-000023,4413.31,2026-08-16 04:12:49,1
TXN-0000885,CMP-000390,ACC-000023,ACC-000163,4143.84,2026-08-16 05:16:49,2
TXN-0000886,CMP-000391,ACC-000281,ACC-000545,1750.91,2026-08-18 10:33:36,1
TXN-0000887,CMP-000391,ACC-000545,ACC-000091,1642.72,2026-08-18 16:15:36,2
TXN-0000888,CMP-000391,ACC-000091,ACC-000474,1622.29,2026-08-18 16:21:36,3
TXN-0000889,CMP-000394,ACC-000279,ACC-000018,36723.03,2026-07-19 16:37:51,1
TXN-0000890,CMP-000394,ACC-000018,ACC-001198,36255.33,2026-07-19 17:39:51,2
TXN-0000891,CMP-000394,ACC-001198,ACC-001169,35464.28,2026-07-19 20:32:51,3
TXN-0000892,CMP-000396,ACC-000628,ACC-000004,1128.93,2026-06-06 04:27:27,1
TXN-0000893,CMP-000396,ACC-000004,ACC-000861,1082.87,2026-06-06 05:33:27,2
TXN-0000894,CMP-000397,ACC-000385,ACC-000986,1551.34,2026-06-10 23:57:41,1
TXN-0000895,CMP-000397,ACC-000986,ACC-000068,1491.37,2026-06-11 04:29:41,2
TXN-0000896,CMP-000397,ACC-000068,ACC-001156,1423.57,2026-06-11 09:14:41,3
TXN-0000897,CMP-000398,ACC-000290,ACC-000138,2433.37,2026-06-08 15:29:23,1
TXN-0000898,CMP-000398,ACC-000138,ACC-000214,2254.76,2026-06-08 15:38:23,2
TXN-0000899,CMP-000398,ACC-000214,ACC-000191,2218.5,2026-06-08 18:41:23,3
TXN-0000900,CMP-000399,ACC-001012,ACC-000146,1190.45,2026-06-10 23:19:38,1
TXN-0000901,CMP-000399,ACC-000146,ACC-000565,1117.04,2026-06-11 04:59:38,2
TXN-0000902,CMP-000400,ACC-000622,ACC-000010,4421.73,2026-08-19 02:40:59,1
TXN-0000903,CMP-000400,ACC-000010,ACC-000096,4154.5,2026-08-19 02:55:59,2
TXN-0000904,CMP-000400,ACC-000096,ACC-000104,3966.02,2026-08-19 08:02:59,3
TXN-0000905,CMP-000401,ACC-000927,ACC-000041,1289.76,2026-06-05 22:29:27,1
TXN-0000906,CMP-000401,ACC-000041,ACC-000052,1242.68,2026-06-06 03:49:27,2
TXN-0000907,CMP-000402,ACC-001088,ACC-000363,2656.33,2026-06-08 21:47:52,1
TXN-0000908,CMP-000402,ACC-000363,ACC-000123,2516.3,2026-06-09 00:02:52,2
TXN-0000909,CMP-000403,ACC-000225,ACC-000168,29225.3,2026-08-21 08:43:56,1
TXN-0000910,CMP-000403,ACC-000168,ACC-000050,27429.44,2026-08-21 14:43:56,2
TXN-0000911,CMP-000404,ACC-000537,ACC-000191,7745.63,2026-06-04 17:02:22,1
TXN-0000912,CMP-000405,ACC-001148,ACC-000075,52867.54,2026-06-13 02:37:25,1
TXN-0000913,CMP-000405,ACC-000075,ACC-000120,51053.96,2026-06-13 03:10:25,2
TXN-0000914,CMP-000405,ACC-000120,ACC-000848,49753.74,2026-06-13 03:31:25,3
TXN-0000915,CMP-000406,ACC-000593,ACC-000055,2520.46,2026-08-26 09:06:03,1
TXN-0000916,CMP-000406,ACC-000055,ACC-000127,2421.75,2026-08-26 09:16:03,2
TXN-0000917,CMP-000406,ACC-000127,ACC-000075,2330.56,2026-08-26 09:36:03,3
TXN-0000918,CMP-000407,ACC-000320,ACC-000766,5195.62,2026-07-24 08:32:35,1
TXN-0000919,CMP-000407,ACC-000766,ACC-000177,4812.51,2026-07-24 08:54:35,2
TXN-0000920,CMP-000408,ACC-000414,ACC-000149,3180.31,2026-08-14 22:37:47,1
TXN-0000921,CMP-000409,ACC-000862,ACC-000071,5093.11,2026-07-11 19:49:03,1
TXN-0000922,CMP-000409,ACC-000071,ACC-000009,4961.42,2026-07-11 23:22:03,2
TXN-0000923,CMP-000410,ACC-000417,ACC-000382,1064.58,2026-08-21 02:25:37,1
TXN-0000924,CMP-000410,ACC-000382,ACC-000072,997.66,2026-08-21 02:57:37,2
TXN-0000925,CMP-000411,ACC-001101,ACC-000015,6066.89,2026-07-20 16:40:20,1
TXN-0000926,CMP-000411,ACC-000015,ACC-000209,5620.97,2026-07-20 20:08:20,2
TXN-0000927,CMP-000411,ACC-000209,ACC-000105,5242.54,2026-07-21 01:13:20,3
TXN-0000928,CMP-000412,ACC-000331,ACC-000438,114567.98,2026-06-01 05:08:42,1
TXN-0000929,CMP-000412,ACC-000438,ACC-000021,108979.98,2026-06-01 09:15:42,2
TXN-0000930,CMP-000412,ACC-000021,ACC-000389,104968.61,2026-06-01 11:06:42,3
TXN-0000931,CMP-000413,ACC-000853,ACC-000200,3999.63,2026-08-04 03:31:02,1
TXN-0000932,CMP-000413,ACC-000200,ACC-000039,3908.77,2026-08-04 08:21:02,2
TXN-0000933,CMP-000414,ACC-000956,ACC-000125,11121.97,2026-07-21 10:27:02,1
TXN-0000934,CMP-000414,ACC-000125,ACC-000200,10314.56,2026-07-21 15:26:02,2
TXN-0000935,CMP-000415,ACC-001033,ACC-000035,277312.68,2026-06-02 19:08:08,1
TXN-0000936,CMP-000415,ACC-000035,ACC-000607,260670.45,2026-06-03 00:23:08,2
TXN-0000937,CMP-000415,ACC-000607,ACC-000780,247364.18,2026-06-03 04:33:08,3
TXN-0000938,CMP-000415,ACC-000780,ACC-000188,242792.04,2026-06-03 09:01:08,4
TXN-0000939,CMP-000416,ACC-000592,ACC-000045,4375.63,2026-07-07 07:36:51,1
TXN-0000940,CMP-000416,ACC-000045,ACC-000073,4032.82,2026-07-07 09:39:51,2
TXN-0000941,CMP-000417,ACC-000395,ACC-000128,4297.05,2026-07-04 06:52:52,1
TXN-0000942,CMP-000417,ACC-000128,ACC-000098,3966.4,2026-07-04 10:23:52,2
TXN-0000943,CMP-000417,ACC-000098,ACC-000148,3861.24,2026-07-04 12:11:52,3
TXN-0000944,CMP-000418,ACC-000674,ACC-000454,2378.37,2026-07-27 15:23:46,1
TXN-0000945,CMP-000418,ACC-000454,ACC-000186,2345.35,2026-07-27 15:48:46,2
TXN-0000946,CMP-000418,ACC-000186,ACC-000210,2194.5,2026-07-27 20:23:46,3
TXN-0000947,CMP-000419,ACC-000645,ACC-000416,1041.76,2026-07-23 09:56:39,1
TXN-0000948,CMP-000420,ACC-000700,ACC-000945,1903.4,2026-08-06 01:21:33,1
TXN-0000949,CMP-000420,ACC-000945,ACC-001199,1780.15,2026-08-06 01:57:33,2
TXN-0000950,CMP-000420,ACC-001199,ACC-000117,1702.41,2026-08-06 04:09:33,3
TXN-0000951,CMP-000421,ACC-001028,ACC-000102,97924.65,2026-08-18 19:14:11,1
TXN-0000952,CMP-000421,ACC-000102,ACC-000755,96940.42,2026-08-18 20:21:11,2
TXN-0000953,CMP-000421,ACC-000755,ACC-000182,94602.46,2026-08-18 20:37:11,3
TXN-0000954,CMP-000422,ACC-000755,ACC-000021,313049.64,2026-06-04 17:41:06,1
TXN-0000955,CMP-000422,ACC-000021,ACC-000109,304269.07,2026-06-04 22:43:06,2
TXN-0000956,CMP-000422,ACC-000109,ACC-000201,292220.59,2026-06-05 02:43:06,3
TXN-0000957,CMP-000423,ACC-000850,ACC-000098,3113.91,2026-06-04 23:51:40,1
TXN-0000958,CMP-000423,ACC-000098,ACC-001039,3063.1,2026-06-05 03:33:40,2
TXN-0000959,CMP-000424,ACC-000228,ACC-000020,1970.03,2026-08-19 06:02:37,1
TXN-0000960,CMP-000425,ACC-000461,ACC-000131,3411.67,2026-06-19 14:39:59,1
TXN-0000961,CMP-000426,ACC-001072,ACC-000039,10809.51,2026-08-03 17:40:05,1
TXN-0000962,CMP-000427,ACC-000725,ACC-000837,2344.41,2026-08-26 06:14:49,1
TXN-0000963,CMP-000427,ACC-000837,ACC-000073,2288.95,2026-08-26 11:59:49,2
TXN-0000964,CMP-000427,ACC-000073,ACC-000145,2138.43,2026-08-26 14:06:49,3
TXN-0000965,CMP-000428,ACC-000705,ACC-000697,20091.17,2026-07-03 18:50:33,1
TXN-0000966,CMP-000428,ACC-000697,ACC-000208,18868.29,2026-07-03 22:22:33,2
TXN-0000967,CMP-000429,ACC-000426,ACC-000093,13539.43,2026-08-17 09:17:20,1
TXN-0000968,CMP-000430,ACC-000626,ACC-000314,77177.7,2026-06-08 06:45:59,1
TXN-0000969,CMP-000430,ACC-000314,ACC-000099,72564.71,2026-06-08 06:50:59,2
TXN-0000970,CMP-000431,ACC-001109,ACC-000055,13964.03,2026-06-29 02:22:31,1
TXN-0000971,CMP-000431,ACC-000055,ACC-000179,13303.95,2026-06-29 05:30:31,2
TXN-0000972,CMP-000432,ACC-000723,ACC-000769,1852.13,2026-06-29 18:05:01,1
TXN-0000973,CMP-000432,ACC-000769,ACC-000175,1724.63,2026-06-29 18:58:01,2
TXN-0000974,CMP-000433,ACC-000965,ACC-000129,1897617.6,2026-07-14 00:08:53,1
TXN-0000975,CMP-000433,ACC-000129,ACC-000015,1829698.58,2026-07-14 03:00:53,2
TXN-0000976,CMP-000433,ACC-000015,ACC-000171,1720064.01,2026-07-14 06:28:53,3
TXN-0000977,CMP-000434,ACC-000708,ACC-000061,1896.18,2026-07-04 04:09:57,1
TXN-0000978,CMP-000434,ACC-000061,ACC-000032,1819.02,2026-07-04 08:41:57,2
TXN-0000979,CMP-000434,ACC-000032,ACC-000175,1677.27,2026-07-04 10:15:57,3
TXN-0000980,CMP-000435,ACC-000750,ACC-000055,22528.48,2026-08-16 19:02:13,1
TXN-0000981,CMP-000435,ACC-000055,ACC-000061,22218.83,2026-08-16 22:18:13,2
TXN-0000982,CMP-000435,ACC-000061,ACC-000144,21109.15,2026-08-17 01:09:13,3
TXN-0000983,CMP-000435,ACC-000144,ACC-000014,20561.01,2026-08-17 03:26:13,4
TXN-0000984,CMP-000436,ACC-000317,ACC-001051,1938.81,2026-07-06 05:19:34,1
TXN-0000985,CMP-000436,ACC-001051,ACC-000562,1835.66,2026-07-06 05:36:34,2
TXN-0000986,CMP-000436,ACC-000562,ACC-000175,1731.58,2026-07-06 05:44:34,3
TXN-0000987,CMP-000437,ACC-000837,ACC-000026,16237.76,2026-06-04 02:44:22,1
TXN-0000988,CMP-000437,ACC-000026,ACC-000070,15546.57,2026-06-04 04:12:22,2
TXN-0000989,CMP-000438,ACC-000811,ACC-000140,847.99,2026-06-04 07:24:26,1
TXN-0000990,CMP-000439,ACC-000489,ACC-000054,2816.59,2026-07-05 23:18:55,1
TXN-0000991,CMP-000439,ACC-000054,ACC-000823,2785.18,2026-07-06 04:41:55,2
TXN-0000992,CMP-000440,ACC-000880,ACC-001091,30500.49,2026-08-05 23:33:45,1
TXN-0000993,CMP-000440,ACC-001091,ACC-000022,28232.36,2026-08-06 00:59:45,2
TXN-0000994,CMP-000441,ACC-000381,ACC-000627,12842.04,2026-06-08 10:21:09,1
TXN-0000995,CMP-000442,ACC-000498,ACC-000183,6167.7,2026-08-02 18:12:58,1
TXN-0000996,CMP-000444,ACC-000883,ACC-000193,6703.85,2026-07-25 10:16:20,1
TXN-0000997,CMP-000444,ACC-000193,ACC-000966,6563.36,2026-07-25 15:30:20,2
TXN-0000998,CMP-000444,ACC-000966,ACC-000010,6113.47,2026-07-25 17:46:20,3
TXN-0000999,CMP-000445,ACC-000539,ACC-000138,180693.34,2026-06-21 14:28:43,1
TXN-0001000,CMP-000445,ACC-000138,ACC-000234,174719.73,2026-06-21 19:46:43,2
TXN-0001001,CMP-000445,ACC-000234,ACC-000004,167428.53,2026-06-21 20:32:43,3
TXN-0001002,CMP-000446,ACC-000440,ACC-000072,25422.48,2026-07-18 20:20:57,1
TXN-0001003,CMP-000446,ACC-000072,ACC-000081,24279.26,2026-07-19 00:42:57,2
TXN-0001004,CMP-000446,ACC-000081,ACC-001030,22447.0,2026-07-19 05:11:57,3
TXN-0001005,CMP-000446,ACC-001030,ACC-000206,21310.83,2026-07-19 05:27:57,4
TXN-0001006,CMP-000447,ACC-000892,ACC-000082,1806.23,2026-06-17 16:38:54,1
TXN-0001007,CMP-000447,ACC-000082,ACC-000130,1764.8,2026-06-17 19:52:54,2
TXN-0001008,CMP-000447,ACC-000130,ACC-000027,1716.24,2026-06-17 20:39:54,3
TXN-0001009,CMP-000448,ACC-000564,ACC-000087,2655.87,2026-08-06 07:30:13,1
TXN-0001010,CMP-000449,ACC-000827,ACC-000100,46789.45,2026-08-07 21:15:57,1
TXN-0001011,CMP-000450,ACC-000364,ACC-000190,3604.53,2026-08-22 19:24:02,1
TXN-0001012,CMP-000451,ACC-000534,ACC-000050,170297.1,2026-06-17 23:29:05,1
TXN-0001013,CMP-000451,ACC-000050,ACC-000807,157948.12,2026-06-18 05:27:05,2
TXN-0001014,CMP-000451,ACC-000807,ACC-000082,151832.14,2026-06-18 09:30:05,3
TXN-0001015,CMP-000452,ACC-001173,ACC-000181,12156.25,2026-06-20 07:59:53,1
TXN-0001016,CMP-000452,ACC-000181,ACC-000511,11485.64,2026-06-20 13:19:53,2
TXN-0001017,CMP-000452,ACC-000511,ACC-000550,11147.08,2026-06-20 15:36:53,3
TXN-0001018,CMP-000453,ACC-000370,ACC-000178,750.09,2026-07-05 01:40:59,1
TXN-0001019,CMP-000453,ACC-000178,ACC-000067,740.39,2026-07-05 04:39:59,2
TXN-0001020,CMP-000454,ACC-001036,ACC-000077,28398.29,2026-07-24 17:07:49,1
TXN-0001021,CMP-000455,ACC-001114,ACC-000019,2470.65,2026-07-09 10:00:35,1
TXN-0001022,CMP-000456,ACC-000460,ACC-000058,147649.91,2026-08-14 07:25:11,1
TXN-0001023,CMP-000456,ACC-000058,ACC-000877,145924.82,2026-08-14 08:49:11,2
TXN-0001024,CMP-000457,ACC-000612,ACC-000134,46432.93,2026-07-01 19:22:28,1
TXN-0001025,CMP-000457,ACC-000134,ACC-001126,43361.74,2026-07-01 22:20:28,2
TXN-0001026,CMP-000457,ACC-001126,ACC-001136,41250.83,2026-07-02 01:59:28,3
TXN-0001027,CMP-000457,ACC-001136,ACC-000159,40548.61,2026-07-02 02:07:28,4
TXN-0001028,CMP-000458,ACC-000381,ACC-000178,2156.6,2026-07-04 13:58:03,1
TXN-0001029,CMP-000458,ACC-000178,ACC-000969,1988.82,2026-07-04 15:29:03,2
TXN-0001030,CMP-000458,ACC-000969,ACC-000195,1950.57,2026-07-04 17:13:03,3
TXN-0001031,CMP-000459,ACC-000961,ACC-000190,23125.88,2026-07-28 02:23:50,1
TXN-0001032,CMP-000459,ACC-000190,ACC-000134,22251.09,2026-07-28 05:43:50,2
TXN-0001033,CMP-000461,ACC-000366,ACC-000206,2173.04,2026-07-21 07:18:19,1
TXN-0001034,CMP-000461,ACC-000206,ACC-000074,2093.47,2026-07-21 08:23:19,2
TXN-0001035,CMP-000461,ACC-000074,ACC-000178,2028.13,2026-07-21 09:40:19,3
TXN-0001036,CMP-000462,ACC-000598,ACC-000982,2732.09,2026-08-08 02:54:49,1
TXN-0001037,CMP-000462,ACC-000982,ACC-000045,2555.14,2026-08-08 06:05:49,2
TXN-0001038,CMP-000462,ACC-000045,ACC-000014,2466.77,2026-08-08 08:22:49,3
TXN-0001039,CMP-000464,ACC-001172,ACC-000193,30505.77,2026-08-01 15:16:00,1
TXN-0001040,CMP-000464,ACC-000193,ACC-000081,29222.33,2026-08-01 17:50:00,2
TXN-0001041,CMP-000465,ACC-000241,ACC-000194,7339.71,2026-07-30 06:16:41,1
TXN-0001042,CMP-000465,ACC-000194,ACC-000933,7193.43,2026-07-30 06:44:41,2
TXN-0001043,CMP-000466,ACC-000810,ACC-000035,40792.35,2026-07-27 03:21:27,1
TXN-0001044,CMP-000466,ACC-000035,ACC-000182,39564.67,2026-07-27 05:31:27,2
TXN-0001045,CMP-000467,ACC-000715,ACC-000085,1380.89,2026-07-29 10:03:33,1
TXN-0001046,CMP-000467,ACC-000085,ACC-000823,1358.58,2026-07-29 13:43:33,2
TXN-0001047,CMP-000469,ACC-000235,ACC-000194,6112.65,2026-08-01 23:34:19,1
TXN-0001048,CMP-000469,ACC-000194,ACC-000056,5859.75,2026-08-02 02:23:19,2
TXN-0001049,CMP-000469,ACC-000056,ACC-000193,5447.09,2026-08-02 03:07:19,3
TXN-0001050,CMP-000470,ACC-000936,ACC-000213,7579.53,2026-07-25 23:15:46,1
TXN-0001051,CMP-000471,ACC-001016,ACC-000350,5573.68,2026-07-31 17:26:17,1
TXN-0001052,CMP-000471,ACC-000350,ACC-000229,5190.51,2026-07-31 20:47:17,2
TXN-0001053,CMP-000472,ACC-001118,ACC-000008,1702.72,2026-06-24 16:57:00,1
TXN-0001054,CMP-000472,ACC-000008,ACC-000970,1583.35,2026-06-24 20:05:00,2
TXN-0001055,CMP-000473,ACC-000960,ACC-000592,439924.22,2026-06-08 03:42:34,1
TXN-0001056,CMP-000473,ACC-000592,ACC-001198,424818.85,2026-06-08 08:19:34,2
TXN-0001057,CMP-000474,ACC-001154,ACC-000012,3914.08,2026-07-16 01:26:43,1
TXN-0001058,CMP-000474,ACC-000012,ACC-000135,3651.84,2026-07-16 05:17:43,2
TXN-0001059,CMP-000474,ACC-000135,ACC-000079,3574.56,2026-07-16 09:39:43,3
TXN-0001060,CMP-000475,ACC-000520,ACC-000064,1928.67,2026-08-09 00:33:36,1
TXN-0001061,CMP-000475,ACC-000064,ACC-000182,1906.85,2026-08-09 04:28:36,2
TXN-0001062,CMP-000476,ACC-000562,ACC-000170,15455.51,2026-07-09 12:30:13,1
TXN-0001063,CMP-000476,ACC-000170,ACC-000080,14958.21,2026-07-09 13:48:13,2
TXN-0001064,CMP-000476,ACC-000080,ACC-000055,14661.69,2026-07-09 15:38:13,3
TXN-0001065,CMP-000476,ACC-000055,ACC-000487,14234.51,2026-07-09 19:08:13,4
TXN-0001066,CMP-000477,ACC-000911,ACC-000874,1224.45,2026-07-01 16:45:26,1
TXN-0001067,CMP-000478,ACC-001071,ACC-000661,5245.41,2026-06-12 08:42:43,1
TXN-0001068,CMP-000478,ACC-000661,ACC-000522,5075.25,2026-06-12 10:17:43,2
TXN-0001069,CMP-000478,ACC-000522,ACC-000197,4946.4,2026-06-12 12:22:43,3
TXN-0001070,CMP-000479,ACC-000693,ACC-000911,2201.07,2026-07-30 16:13:12,1
TXN-0001071,CMP-000479,ACC-000911,ACC-000029,2139.34,2026-07-30 19:05:12,2
TXN-0001072,CMP-000479,ACC-000029,ACC-000042,2032.45,2026-07-30 21:21:12,3
TXN-0001073,CMP-000481,ACC-000785,ACC-000042,11392.52,2026-07-01 08:47:42,1
TXN-0001074,CMP-000481,ACC-000042,ACC-000177,10879.71,2026-07-01 11:45:42,2
TXN-0001075,CMP-000481,ACC-000177,ACC-000084,10341.64,2026-07-01 12:29:42,3
TXN-0001076,CMP-000482,ACC-001140,ACC-000140,3653.27,2026-07-16 01:59:05,1
TXN-0001077,CMP-000482,ACC-000140,ACC-000200,3477.48,2026-07-16 03:49:05,2
TXN-0001078,CMP-000482,ACC-000200,ACC-000208,3242.14,2026-07-16 09:23:05,3
TXN-0001079,CMP-000483,ACC-001199,ACC-000008,3404.76,2026-07-09 05:57:02,1
TXN-0001080,CMP-000485,ACC-000926,ACC-000166,7294.0,2026-07-29 03:43:34,1
TXN-0001081,CMP-000485,ACC-000166,ACC-000081,6847.42,2026-07-29 08:30:34,2
TXN-0001082,CMP-000486,ACC-000222,ACC-000194,2193.3,2026-07-23 00:48:00,1
TXN-0001083,CMP-000486,ACC-000194,ACC-000035,2045.34,2026-07-23 01:08:00,2
TXN-0001084,CMP-000487,ACC-000298,ACC-000093,8152.6,2026-06-26 19:00:47,1
TXN-0001085,CMP-000487,ACC-000093,ACC-000022,7544.58,2026-06-26 22:41:47,2
TXN-0001086,CMP-000488,ACC-000708,ACC-000509,44637.25,2026-07-09 15:08:22,1
TXN-0001087,CMP-000488,ACC-000509,ACC-000137,42458.75,2026-07-09 15:33:22,2
TXN-0001088,CMP-000488,ACC-000137,ACC-000639,39094.09,2026-07-09 15:54:22,3
TXN-0001089,CMP-000488,ACC-000639,ACC-000004,36537.63,2026-07-09 19:30:22,4
TXN-0001090,CMP-000489,ACC-000566,ACC-000193,31124.21,2026-06-29 00:11:02,1
TXN-0001091,CMP-000489,ACC-000193,ACC-000184,30339.14,2026-06-29 03:57:02,2
TXN-0001092,CMP-000490,ACC-000887,ACC-000198,3609.16,2026-06-26 11:48:23,1
TXN-0001093,CMP-000490,ACC-000198,ACC-000084,3543.0,2026-06-26 17:08:23,2
TXN-0001094,CMP-000491,ACC-000944,ACC-000007,582.8,2026-06-13 12:54:14,1
TXN-0001095,CMP-000491,ACC-000007,ACC-000496,543.53,2026-06-13 13:43:14,2
TXN-0001096,CMP-000491,ACC-000496,ACC-000005,504.53,2026-06-13 17:06:14,3
TXN-0001097,CMP-000492,ACC-001061,ACC-000032,7464.42,2026-07-03 23:19:33,1
TXN-0001098,CMP-000492,ACC-000032,ACC-000017,7040.28,2026-07-04 00:51:33,2
TXN-0001099,CMP-000492,ACC-000017,ACC-000077,6749.57,2026-07-04 03:31:33,3
TXN-0001100,CMP-000493,ACC-000327,ACC-000051,1674.75,2026-07-29 05:17:01,1
TXN-0001101,CMP-000493,ACC-000051,ACC-000100,1641.49,2026-07-29 09:04:01,2
TXN-0001102,CMP-000494,ACC-000977,ACC-000132,8290.26,2026-06-14 05:18:16,1
TXN-0001103,CMP-000494,ACC-000132,ACC-000127,7632.98,2026-06-14 06:15:16,2
TXN-0001104,CMP-000495,ACC-001002,ACC-000879,12186.94,2026-06-15 00:55:12,1
TXN-0001105,CMP-000495,ACC-000879,ACC-000773,11740.64,2026-06-15 03:23:12,2
TXN-0001106,CMP-000496,ACC-001101,ACC-000137,11913.87,2026-07-30 10:07:20,1
TXN-0001107,CMP-000496,ACC-000137,ACC-000077,11164.82,2026-07-30 10:46:20,2
TXN-0001108,CMP-000497,ACC-000867,ACC-000052,28907.48,2026-08-21 20:09:53,1
TXN-0001109,CMP-000497,ACC-000052,ACC-000257,27259.73,2026-08-22 02:03:53,2
TXN-0001110,CMP-000497,ACC-000257,ACC-000865,26711.05,2026-08-22 07:05:53,3
TXN-0001111,CMP-000498,ACC-000304,ACC-000135,707.8,2026-07-22 15:57:30,1
TXN-0001112,CMP-000498,ACC-000135,ACC-000056,670.7,2026-07-22 17:25:30,2
TXN-0001113,CMP-000499,ACC-001081,ACC-000203,6160.04,2026-06-02 14:21:00,1
TXN-0001114,CMP-000499,ACC-000203,ACC-000032,6025.85,2026-06-02 16:43:00,2
TXN-0001115,CMP-000500,ACC-000805,ACC-000197,1602.34,2026-07-27 12:43:04,1
TXN-0001116,CMP-000500,ACC-000197,ACC-000155,1541.58,2026-07-27 13:56:04,2
TXN-0001117,CMP-000500,ACC-000155,ACC-001103,1433.65,2026-07-27 18:15:04,3
TXN-0001118,CMP-000501,ACC-000532,ACC-000084,1091.39,2026-07-31 01:08:35,1
TXN-0001119,CMP-000501,ACC-000084,ACC-000020,1063.28,2026-07-31 03:30:35,2
TXN-0001120,CMP-000502,ACC-000830,ACC-000275,4350.67,2026-08-15 08:47:06,1
TXN-0001121,CMP-000502,ACC-000275,ACC-000185,4216.71,2026-08-15 09:43:06,2
TXN-0001122,CMP-000503,ACC-000458,ACC-000111,8908.25,2026-06-05 17:16:58,1
TXN-0001123,CMP-000504,ACC-001022,ACC-000209,4824.15,2026-07-31 01:47:08,1
TXN-0001124,CMP-000504,ACC-000209,ACC-000186,4711.29,2026-07-31 03:49:08,2
TXN-0001125,CMP-000505,ACC-001011,ACC-000352,9170.65,2026-06-23 16:39:08,1
TXN-0001126,CMP-000505,ACC-000352,ACC-000077,8889.67,2026-06-23 17:16:08,2
TXN-0001127,CMP-000505,ACC-000077,ACC-000216,8713.69,2026-06-23 20:22:08,3
TXN-0001128,CMP-000505,ACC-000216,ACC-000141,8181.84,2026-06-23 21:38:08,4
TXN-0001129,CMP-000507,ACC-000773,ACC-000133,9526.84,2026-07-11 03:21:48,1
TXN-0001130,CMP-000507,ACC-000133,ACC-000089,8938.7,2026-07-11 08:35:48,2
TXN-0001131,CMP-000507,ACC-000089,ACC-000222,8656.86,2026-07-11 10:48:48,3
TXN-0001132,CMP-000508,ACC-000702,ACC-000121,19998.9,2026-07-16 22:45:49,1
TXN-0001133,CMP-000508,ACC-000121,ACC-000118,19506.63,2026-07-17 03:52:49,2
TXN-0001134,CMP-000509,ACC-001061,ACC-000174,979349.73,2026-06-14 08:49:07,1
TXN-0001135,CMP-000509,ACC-000174,ACC-000921,966926.65,2026-06-14 10:54:07,2
TXN-0001136,CMP-000510,ACC-000617,ACC-000128,1564.18,2026-07-17 06:56:18,1
TXN-0001137,CMP-000510,ACC-000128,ACC-000037,1498.49,2026-07-17 09:29:18,2
TXN-0001138,CMP-000511,ACC-001057,ACC-000015,1574.42,2026-08-28 05:40:48,1
TXN-0001139,CMP-000511,ACC-000015,ACC-000022,1529.89,2026-08-28 07:12:48,2
TXN-0001140,CMP-000512,ACC-001108,ACC-000182,3368.62,2026-08-24 03:23:40,1
TXN-0001141,CMP-000512,ACC-000182,ACC-000093,3192.96,2026-08-24 04:32:40,2
TXN-0001142,CMP-000512,ACC-000093,ACC-000041,2975.14,2026-08-24 07:13:40,3
TXN-0001143,CMP-000513,ACC-001115,ACC-000125,417.53,2026-07-30 07:47:53,1
TXN-0001144,CMP-000513,ACC-000125,ACC-000140,409.54,2026-07-30 07:56:53,2
TXN-0001145,CMP-000513,ACC-000140,ACC-000596,382.03,2026-07-30 13:40:53,3
TXN-0001146,CMP-000515,ACC-001009,ACC-000064,686.97,2026-06-29 12:00:55,1
TXN-0001147,CMP-000515,ACC-000064,ACC-000214,674.37,2026-06-29 17:35:55,2
TXN-0001148,CMP-000515,ACC-000214,ACC-000139,657.85,2026-06-29 19:45:55,3
TXN-0001149,CMP-000515,ACC-000139,ACC-000245,618.46,2026-06-30 00:43:55,4
TXN-0001150,CMP-000516,ACC-000839,ACC-000173,255512.99,2026-07-18 09:59:23,1
TXN-0001151,CMP-000516,ACC-000173,ACC-000179,242403.55,2026-07-18 10:04:23,2
TXN-0001152,CMP-000516,ACC-000179,ACC-000022,238144.49,2026-07-18 10:35:23,3
TXN-0001153,CMP-000517,ACC-000332,ACC-000138,1205.19,2026-08-17 01:25:55,1
TXN-0001154,CMP-000517,ACC-000138,ACC-000018,1115.09,2026-08-17 02:13:55,2
TXN-0001155,CMP-000518,ACC-001003,ACC-000179,2766.95,2026-07-23 20:38:23,1
TXN-0001156,CMP-000518,ACC-000179,ACC-000143,2588.63,2026-07-23 20:45:23,2
TXN-0001157,CMP-000519,ACC-001155,ACC-000027,64420.58,2026-08-14 16:00:49,1
TXN-0001158,CMP-000519,ACC-000027,ACC-000193,63431.26,2026-08-14 19:39:49,2
TXN-0001159,CMP-000520,ACC-000502,ACC-000013,2369.12,2026-08-09 06:32:23,1
TXN-0001160,CMP-000520,ACC-000013,ACC-000005,2233.58,2026-08-09 10:34:23,2
TXN-0001161,CMP-000520,ACC-000005,ACC-000183,2121.13,2026-08-09 14:26:23,3
TXN-0001162,CMP-000520,ACC-000183,ACC-000800,1973.21,2026-08-09 16:25:23,4
TXN-0001163,CMP-000522,ACC-001052,ACC-000050,615.62,2026-07-23 08:59:51,1
TXN-0001164,CMP-000522,ACC-000050,ACC-000160,570.38,2026-07-23 12:46:51,2
TXN-0001165,CMP-000523,ACC-001148,ACC-000167,3153.57,2026-06-11 14:54:58,1
TXN-0001166,CMP-000523,ACC-000167,ACC-000177,3005.01,2026-06-11 18:17:58,2
TXN-0001167,CMP-000524,ACC-001087,ACC-000120,4680.93,2026-08-03 12:17:34,1
TXN-0001168,CMP-000524,ACC-000120,ACC-000140,4510.81,2026-08-03 12:45:34,2
TXN-0001169,CMP-000524,ACC-000140,ACC-000407,4285.27,2026-08-03 13:25:34,3
TXN-0001170,CMP-000524,ACC-000407,ACC-000105,3972.47,2026-08-03 18:11:34,4
TXN-0001171,CMP-000525,ACC-000628,ACC-000031,4946.39,2026-06-10 16:51:05,1
TXN-0001172,CMP-000525,ACC-000031,ACC-000139,4650.06,2026-06-10 18:48:05,2
TXN-0001173,CMP-000526,ACC-000238,ACC-000003,195089.17,2026-08-13 23:43:06,1
TXN-0001174,CMP-000528,ACC-000982,ACC-000103,5077.25,2026-08-25 04:55:34,1
TXN-0001175,CMP-000528,ACC-000103,ACC-000166,4945.7,2026-08-25 08:09:34,2
TXN-0001176,CMP-000529,ACC-001199,ACC-000164,3282.44,2026-06-28 18:12:22,1
TXN-0001177,CMP-000530,ACC-000670,ACC-000050,4042.57,2026-06-09 06:57:30,1
TXN-0001178,CMP-000530,ACC-000050,ACC-000216,3860.9,2026-06-09 09:54:30,2
TXN-0001179,CMP-000530,ACC-000216,ACC-000034,3682.22,2026-06-09 12:16:30,3
TXN-0001180,CMP-000531,ACC-000454,ACC-000923,7061.64,2026-08-22 11:24:35,1
TXN-0001181,CMP-000531,ACC-000923,ACC-000003,6732.48,2026-08-22 12:08:35,2
TXN-0001182,CMP-000533,ACC-000317,ACC-000132,73740.02,2026-06-02 09:11:28,1
TXN-0001183,CMP-000533,ACC-000132,ACC-000100,72776.46,2026-06-02 13:43:28,2
TXN-0001184,CMP-000534,ACC-000550,ACC-000118,2399.71,2026-08-11 10:56:50,1
TXN-0001185,CMP-000534,ACC-000118,ACC-000347,2355.3,2026-08-11 13:12:50,2
TXN-0001186,CMP-000536,ACC-000811,ACC-001186,1590.16,2026-07-03 10:50:40,1
TXN-0001187,CMP-000536,ACC-001186,ACC-000098,1561.15,2026-07-03 11:39:40,2
TXN-0001188,CMP-000536,ACC-000098,ACC-000167,1492.81,2026-07-03 16:55:40,3
TXN-0001189,CMP-000536,ACC-000167,ACC-000052,1388.97,2026-07-03 21:03:40,4
TXN-0001190,CMP-000537,ACC-000649,ACC-000529,8860.61,2026-07-18 19:23:21,1
TXN-0001191,CMP-000538,ACC-000918,ACC-000002,4685.11,2026-06-27 09:52:23,1
TXN-0001192,CMP-000538,ACC-000002,ACC-000044,4385.04,2026-06-27 12:03:23,2
TXN-0001193,CMP-000538,ACC-000044,ACC-000194,4216.0,2026-06-27 14:13:23,3
TXN-0001194,CMP-000538,ACC-000194,ACC-000126,4021.28,2026-06-27 18:03:23,4
TXN-0001195,CMP-000539,ACC-001076,ACC-000338,2707.57,2026-07-13 03:58:53,1
TXN-0001196,CMP-000539,ACC-000338,ACC-000140,2570.69,2026-07-13 08:06:53,2
TXN-0001197,CMP-000540,ACC-001189,ACC-000204,887573.51,2026-07-03 15:33:29,1
TXN-0001198,CMP-000541,ACC-000492,ACC-000035,6738.59,2026-06-17 23:08:10,1
TXN-0001199,CMP-000541,ACC-000035,ACC-000067,6469.62,2026-06-18 00:57:10,2
TXN-0001200,CMP-000541,ACC-000067,ACC-000014,6028.66,2026-06-18 05:25:10,3
TXN-0001201,CMP-000542,ACC-000531,ACC-000034,3185.73,2026-07-12 16:49:38,1
TXN-0001202,CMP-000542,ACC-000034,ACC-000110,3119.05,2026-07-12 22:20:38,2
TXN-0001203,CMP-000542,ACC-000110,ACC-000089,2899.87,2026-07-12 23:25:38,3
TXN-0001204,CMP-000542,ACC-000089,ACC-000052,2721.14,2026-07-13 04:17:38,4
TXN-0001205,CMP-000543,ACC-000864,ACC-000108,2242.81,2026-06-18 23:47:41,1
TXN-0001206,CMP-000543,ACC-000108,ACC-000052,2183.1,2026-06-19 03:17:41,2
TXN-0001207,CMP-000544,ACC-000521,ACC-000092,7037.74,2026-06-01 07:45:31,1
TXN-0001208,CMP-000544,ACC-000092,ACC-000941,6888.2,2026-06-01 08:31:31,2
TXN-0001209,CMP-000544,ACC-000941,ACC-000103,6730.79,2026-06-01 09:57:31,3
TXN-0001210,CMP-000544,ACC-000103,ACC-000047,6264.85,2026-06-01 12:47:31,4
TXN-0001211,CMP-000545,ACC-001143,ACC-000144,1898.86,2026-07-01 18:35:09,1
TXN-0001212,CMP-000545,ACC-000144,ACC-000021,1857.34,2026-07-01 23:52:09,2
TXN-0001213,CMP-000546,ACC-001068,ACC-000054,19286.0,2026-08-03 16:21:21,1
TXN-0001214,CMP-000546,ACC-000054,ACC-001178,19055.98,2026-08-03 17:10:21,2
TXN-0001215,CMP-000547,ACC-001014,ACC-000120,3361.32,2026-07-15 15:11:32,1
TXN-0001216,CMP-000547,ACC-000120,ACC-000196,3236.06,2026-07-15 18:50:32,2
TXN-0001217,CMP-000547,ACC-000196,ACC-000149,3112.82,2026-07-15 19:27:32,3
TXN-0001218,CMP-000548,ACC-000440,ACC-000742,24657.28,2026-08-26 21:35:49,1
TXN-0001219,CMP-000548,ACC-000742,ACC-000204,23966.26,2026-08-27 00:02:49,2
TXN-0001220,CMP-000549,ACC-001192,ACC-001144,388180.29,2026-08-01 20:44:30,1
TXN-0001221,CMP-000549,ACC-001144,ACC-000189,360159.58,2026-08-02 00:50:30,2
TXN-0001222,CMP-000549,ACC-000189,ACC-000059,341087.52,2026-08-02 04:07:30,3
TXN-0001223,CMP-000550,ACC-000290,ACC-000017,2442.12,2026-06-21 18:10:59,1
TXN-0001224,CMP-000550,ACC-000017,ACC-000049,2392.21,2026-06-21 23:12:59,2
TXN-0001225,CMP-000550,ACC-000049,ACC-000727,2224.6,2026-06-22 04:51:59,3
TXN-0001226,CMP-000551,ACC-000717,ACC-000667,8995.81,2026-07-29 23:58:38,1
TXN-0001227,CMP-000551,ACC-000667,ACC-000589,8673.37,2026-07-30 00:24:38,2
TXN-0001228,CMP-000551,ACC-000589,ACC-000211,8103.11,2026-07-30 04:51:38,3
TXN-0001229,CMP-000551,ACC-000211,ACC-000024,7748.44,2026-07-30 05:29:38,4
TXN-0001230,CMP-000552,ACC-000445,ACC-000912,627351.38,2026-08-12 15:52:28,1
TXN-0001231,CMP-000552,ACC-000912,ACC-000318,600287.7,2026-08-12 16:12:28,2
TXN-0001232,CMP-000553,ACC-000835,ACC-000006,1195.19,2026-06-24 19:04:34,1
TXN-0001233,CMP-000553,ACC-000006,ACC-000019,1152.4,2026-06-24 19:54:34,2
TXN-0001234,CMP-000554,ACC-000958,ACC-000036,10676.33,2026-07-21 21:45:21,1
TXN-0001235,CMP-000554,ACC-000036,ACC-000266,10419.96,2026-07-22 01:17:21,2
TXN-0001236,CMP-000554,ACC-000266,ACC-000050,9992.98,2026-07-22 05:53:21,3
TXN-0001237,CMP-000555,ACC-001007,ACC-000113,47128.38,2026-07-25 20:16:30,1
TXN-0001238,CMP-000556,ACC-000312,ACC-001111,55982.27,2026-06-19 22:23:57,1
TXN-0001239,CMP-000556,ACC-001111,ACC-000197,55415.86,2026-06-20 04:16:57,2
TXN-0001240,CMP-000557,ACC-000412,ACC-000203,4573.68,2026-07-21 15:19:49,1
TXN-0001241,CMP-000558,ACC-000789,ACC-000070,258907.26,2026-07-18 15:58:06,1
TXN-0001242,CMP-000558,ACC-000070,ACC-000060,255535.69,2026-07-18 19:57:06,2
TXN-0001243,CMP-000558,ACC-000060,ACC-000045,238359.8,2026-07-18 22:18:06,3
TXN-0001244,CMP-000559,ACC-000403,ACC-000155,19804.11,2026-07-15 03:54:49,1
TXN-0001245,CMP-000559,ACC-000155,ACC-000113,18626.86,2026-07-15 07:11:49,2
TXN-0001246,CMP-000559,ACC-000113,ACC-000207,18298.99,2026-07-15 09:53:49,3
TXN-0001247,CMP-000559,ACC-000207,ACC-000119,17119.83,2026-07-15 13:35:49,4
TXN-0001248,CMP-000560,ACC-000815,ACC-001097,3372.38,2026-07-25 10:47:18,1
TXN-0001249,CMP-000560,ACC-001097,ACC-000107,3308.84,2026-07-25 13:11:18,2
TXN-0001250,CMP-000560,ACC-000107,ACC-000380,3162.26,2026-07-25 14:31:18,3
TXN-0001251,CMP-000561,ACC-000925,ACC-000160,12003.89,2026-07-08 17:56:38,1
TXN-0001252,CMP-000561,ACC-000160,ACC-001127,11150.44,2026-07-08 21:40:38,2
TXN-0001253,CMP-000562,ACC-000592,ACC-000154,1856.12,2026-06-08 00:26:52,1
TXN-0001254,CMP-000562,ACC-000154,ACC-000213,1783.18,2026-06-08 05:21:52,2
TXN-0001255,CMP-000562,ACC-000213,ACC-000996,1747.29,2026-06-08 11:07:52,3
TXN-0001256,CMP-000563,ACC-000439,ACC-000086,2706.49,2026-06-06 13:56:56,1
TXN-0001257,CMP-000563,ACC-000086,ACC-000876,2607.41,2026-06-06 14:06:56,2
TXN-0001258,CMP-000563,ACC-000876,ACC-000126,2412.08,2026-06-06 18:03:56,3
TXN-0001259,CMP-000563,ACC-000126,ACC-000556,2317.62,2026-06-06 19:38:56,4
TXN-0001260,CMP-000564,ACC-001043,ACC-000956,3073.15,2026-06-04 02:23:15,1
TXN-0001261,CMP-000564,ACC-000956,ACC-000144,2957.06,2026-06-04 07:08:15,2
TXN-0001262,CMP-000564,ACC-000144,ACC-000078,2876.05,2026-06-04 11:17:15,3
TXN-0001263,CMP-000564,ACC-000078,ACC-000539,2757.9,2026-06-04 15:19:15,4
TXN-0001264,CMP-000565,ACC-000645,ACC-000766,6876.81,2026-08-02 06:33:53,1
TXN-0001265,CMP-000565,ACC-000766,ACC-000064,6350.18,2026-08-02 08:46:53,2
TXN-0001266,CMP-000566,ACC-000371,ACC-000031,568.49,2026-08-26 15:27:40,1
TXN-0001267,CMP-000566,ACC-000031,ACC-000032,539.03,2026-08-26 15:47:40,2
TXN-0001268,CMP-000567,ACC-001082,ACC-000944,13388.81,2026-07-07 02:22:15,1
TXN-0001269,CMP-000569,ACC-000317,ACC-000024,1482.31,2026-06-18 09:42:25,1
TXN-0001270,CMP-000569,ACC-000024,ACC-000098,1375.99,2026-06-18 11:31:25,2
TXN-0001271,CMP-000569,ACC-000098,ACC-000053,1313.66,2026-06-18 12:53:25,3
TXN-0001272,CMP-000570,ACC-000888,ACC-000074,37844.27,2026-06-22 13:36:56,1
TXN-0001273,CMP-000571,ACC-001049,ACC-000166,169824.28,2026-07-15 10:19:50,1
TXN-0001274,CMP-000571,ACC-000166,ACC-000009,163953.03,2026-07-15 10:52:50,2
TXN-0001275,CMP-000571,ACC-000009,ACC-000028,154702.53,2026-07-15 12:55:50,3
TXN-0001276,CMP-000572,ACC-000251,ACC-000634,8305.89,2026-08-20 00:08:19,1
TXN-0001277,CMP-000572,ACC-000634,ACC-000458,7714.15,2026-08-20 05:04:19,2
TXN-0001278,CMP-000572,ACC-000458,ACC-001089,7516.48,2026-08-20 05:26:19,3
TXN-0001279,CMP-000573,ACC-000596,ACC-000075,3901.77,2026-06-19 05:14:52,1
TXN-0001280,CMP-000574,ACC-000488,ACC-000086,89363.56,2026-08-18 06:24:27,1
TXN-0001281,CMP-000574,ACC-000086,ACC-000463,86954.2,2026-08-18 12:02:27,2
TXN-0001282,CMP-000575,ACC-000918,ACC-000056,2032.32,2026-08-25 23:30:59,1
TXN-0001283,CMP-000575,ACC-000056,ACC-000210,1970.86,2026-08-26 02:17:59,2
TXN-0001284,CMP-000575,ACC-000210,ACC-000079,1903.78,2026-08-26 06:28:59,3
TXN-0001285,CMP-000576,ACC-001076,ACC-000043,2646.54,2026-06-04 06:51:30,1
TXN-0001286,CMP-000577,ACC-001019,ACC-000053,393.23,2026-06-24 06:24:42,1
TXN-0001287,CMP-000577,ACC-000053,ACC-000835,380.9,2026-06-24 11:47:42,2
TXN-0001288,CMP-000578,ACC-000921,ACC-000025,6413.56,2026-06-21 14:03:02,1
TXN-0001289,CMP-000578,ACC-000025,ACC-000092,6032.43,2026-06-21 16:46:02,2
TXN-0001290,CMP-000579,ACC-000912,ACC-000496,2172.8,2026-06-26 22:58:09,1
TXN-0001291,CMP-000579,ACC-000496,ACC-000076,2062.25,2026-06-27 00:08:09,2
TXN-0001292,CMP-000579,ACC-000076,ACC-000352,2039.67,2026-06-27 00:15:09,3
TXN-0001293,CMP-000581,ACC-000679,ACC-000535,19592.78,2026-07-02 07:21:49,1
TXN-0001294,CMP-000582,ACC-001162,ACC-001191,6196.72,2026-07-21 18:27:58,1
TXN-0001295,CMP-000582,ACC-001191,ACC-000093,5853.53,2026-07-21 20:10:58,2
TXN-0001296,CMP-000582,ACC-000093,ACC-000343,5633.15,2026-07-21 20:52:58,3
TXN-0001297,CMP-000583,ACC-000866,ACC-000057,1651.11,2026-07-26 15:00:27,1
TXN-0001298,CMP-000583,ACC-000057,ACC-000131,1571.25,2026-07-26 17:23:27,2
TXN-0001299,CMP-000585,ACC-000568,ACC-000126,7613.0,2026-07-04 02:04:52,1
TXN-0001300,CMP-000585,ACC-000126,ACC-000440,7030.91,2026-07-04 02:14:52,2
TXN-0001301,CMP-000586,ACC-000901,ACC-000118,2790.48,2026-07-01 17:34:06,1
TXN-0001302,CMP-000586,ACC-000118,ACC-000925,2685.26,2026-07-01 22:18:06,2
TXN-0001303,CMP-000587,ACC-000887,ACC-000149,6708.24,2026-06-15 13:44:56,1
TXN-0001304,CMP-000588,ACC-001166,ACC-001122,4398.12,2026-06-30 01:30:59,1
TXN-0001305,CMP-000588,ACC-001122,ACC-000120,4275.25,2026-06-30 07:12:59,2
TXN-0001306,CMP-000589,ACC-000449,ACC-000006,7108.69,2026-06-06 00:43:00,1
TXN-0001307,CMP-000589,ACC-000006,ACC-000074,6892.95,2026-06-06 02:33:00,2
TXN-0001308,CMP-000591,ACC-000481,ACC-000031,8958.39,2026-07-03 04:29:42,1
TXN-0001309,CMP-000591,ACC-000031,ACC-000110,8557.23,2026-07-03 08:53:42,2
TXN-0001310,CMP-000593,ACC-001116,ACC-000617,2010.95,2026-06-05 18:04:56,1
TXN-0001311,CMP-000593,ACC-000617,ACC-000164,1987.89,2026-06-05 19:09:56,2
TXN-0001312,CMP-000594,ACC-000442,ACC-000138,1071.68,2026-08-24 16:16:59,1
TXN-0001313,CMP-000594,ACC-000138,ACC-000153,1050.17,2026-08-24 17:35:59,2
TXN-0001314,CMP-000594,ACC-000153,ACC-000483,973.53,2026-08-24 20:31:59,3
TXN-0001315,CMP-000595,ACC-000378,ACC-000807,82886.01,2026-08-04 23:06:11,1
TXN-0001316,CMP-000595,ACC-000807,ACC-000192,78594.96,2026-08-05 01:42:11,2
TXN-0001317,CMP-000596,ACC-000345,ACC-000062,7250.66,2026-07-02 04:54:59,1
TXN-0001318,CMP-000596,ACC-000062,ACC-000183,6855.03,2026-07-02 07:21:59,2
TXN-0001319,CMP-000599,ACC-000949,ACC-000089,12686.07,2026-07-28 23:25:39,1
TXN-0001320,CMP-000599,ACC-000089,ACC-000002,11727.59,2026-07-29 02:49:39,2
TXN-0001321,CMP-000599,ACC-000002,ACC-000021,11296.38,2026-07-29 05:47:39,3
TXN-0001322,CMP-000600,ACC-000961,ACC-000555,1338.12,2026-07-01 23:47:14,1
TXN-0001323,CMP-000600,ACC-000555,ACC-000085,1296.93,2026-07-02 04:47:14,2
TXN-0001324,CMP-000600,ACC-000085,ACC-000102,1226.16,2026-07-02 04:58:14,3
TXN-0001325,CMP-000601,ACC-001182,ACC-000213,9453.25,2026-07-05 22:48:43,1
TXN-0001326,CMP-000601,ACC-000213,ACC-000412,8839.98,2026-07-06 02:11:43,2
TXN-0001327,CMP-000602,ACC-000601,ACC-000164,18435.39,2026-07-16 04:14:41,1
TXN-0001328,CMP-000602,ACC-000164,ACC-000045,17439.28,2026-07-16 05:25:41,2
TXN-0001329,CMP-000602,ACC-000045,ACC-000172,16151.23,2026-07-16 10:54:41,3
TXN-0001330,CMP-000603,ACC-000880,ACC-000013,14741.49,2026-08-21 14:12:31,1
TXN-0001331,CMP-000603,ACC-000013,ACC-000077,13622.75,2026-08-21 16:18:31,2
TXN-0001332,CMP-000603,ACC-000077,ACC-000209,12880.84,2026-08-21 16:34:31,3
TXN-0001333,CMP-000604,ACC-000626,ACC-001009,2859.72,2026-06-05 13:23:28,1
TXN-0001334,CMP-000604,ACC-001009,ACC-000178,2677.24,2026-06-05 14:25:28,2
TXN-0001335,CMP-000605,ACC-000368,ACC-000174,752.83,2026-06-25 05:18:39,1
TXN-0001336,CMP-000606,ACC-000471,ACC-000787,2734.24,2026-06-29 15:44:16,1
TXN-0001337,CMP-000606,ACC-000787,ACC-000081,2658.51,2026-06-29 20:58:16,2
TXN-0001338,CMP-000607,ACC-001101,ACC-000171,413.82,2026-08-20 20:53:45,1
TXN-0001339,CMP-000607,ACC-000171,ACC-000020,391.99,2026-08-21 02:20:45,2
TXN-0001340,CMP-000608,ACC-001052,ACC-000083,1674.67,2026-07-02 13:57:54,1
TXN-0001341,CMP-000608,ACC-000083,ACC-000077,1610.69,2026-07-02 19:53:54,2
TXN-0001342,CMP-000608,ACC-000077,ACC-000097,1537.46,2026-07-03 00:11:54,3
TXN-0001343,CMP-000609,ACC-000766,ACC-000623,196470.28,2026-08-02 06:33:47,1
TXN-0001344,CMP-000609,ACC-000623,ACC-000194,181171.89,2026-08-02 06:43:47,2
TXN-0001345,CMP-000610,ACC-000282,ACC-000200,43648.0,2026-07-04 14:41:11,1
TXN-0001346,CMP-000610,ACC-000200,ACC-000178,40239.18,2026-07-04 17:57:11,2
TXN-0001347,CMP-000610,ACC-000178,ACC-001078,37032.35,2026-07-04 21:47:11,3
TXN-0001348,CMP-000610,ACC-001078,ACC-000148,35715.35,2026-07-04 22:38:11,4
TXN-0001349,CMP-000611,ACC-000239,ACC-000005,59816.19,2026-08-26 09:19:58,1
TXN-0001350,CMP-000612,ACC-000353,ACC-000133,11987.52,2026-06-04 06:30:54,1
TXN-0001351,CMP-000612,ACC-000133,ACC-000061,11642.69,2026-06-04 09:42:54,2
TXN-0001352,CMP-000613,ACC-000700,ACC-000087,638.91,2026-06-05 05:45:24,1
TXN-0001353,CMP-000613,ACC-000087,ACC-000144,591.37,2026-06-05 11:19:24,2
TXN-0001354,CMP-000613,ACC-000144,ACC-000269,567.89,2026-06-05 14:47:24,3
TXN-0001355,CMP-000613,ACC-000269,ACC-000123,559.7,2026-06-05 18:19:24,4
TXN-0001356,CMP-000614,ACC-000595,ACC-000137,55340.48,2026-06-22 16:55:44,1
TXN-0001357,CMP-000614,ACC-000137,ACC-000116,53510.85,2026-06-22 20:55:44,2
TXN-0001358,CMP-000614,ACC-000116,ACC-000059,50631.85,2026-06-23 00:59:44,3
TXN-0001359,CMP-000614,ACC-000059,ACC-000040,50021.22,2026-06-23 06:59:44,4
TXN-0001360,CMP-000615,ACC-001168,ACC-000059,4834.99,2026-07-14 22:21:46,1
TXN-0001361,CMP-000616,ACC-000923,ACC-000013,3691.1,2026-07-30 10:45:15,1
TXN-0001362,CMP-000616,ACC-000013,ACC-000039,3576.31,2026-07-30 12:38:15,2
TXN-0001363,CMP-000617,ACC-000999,ACC-000073,2309.08,2026-07-22 15:55:53,1
TXN-0001364,CMP-000617,ACC-000073,ACC-000679,2163.16,2026-07-22 17:23:53,2
TXN-0001365,CMP-000617,ACC-000679,ACC-001171,2111.83,2026-07-22 21:23:53,3
TXN-0001366,CMP-000617,ACC-001171,ACC-000143,2039.38,2026-07-22 23:40:53,4
TXN-0001367,CMP-000618,ACC-000513,ACC-000151,2697.76,2026-06-27 17:20:56,1
TXN-0001368,CMP-000618,ACC-000151,ACC-000156,2507.75,2026-06-27 23:16:56,2
TXN-0001369,CMP-000618,ACC-000156,ACC-000053,2323.62,2026-06-28 05:13:56,3
TXN-0001370,CMP-000618,ACC-000053,ACC-000616,2206.58,2026-06-28 06:54:56,4
TXN-0001371,CMP-000619,ACC-000454,ACC-000098,2210.46,2026-08-07 18:13:22,1
TXN-0001372,CMP-000619,ACC-000098,ACC-000086,2056.73,2026-08-07 23:29:22,2
TXN-0001373,CMP-000620,ACC-000660,ACC-000122,49953.67,2026-06-11 10:59:46,1
TXN-0001374,CMP-000620,ACC-000122,ACC-000001,46158.72,2026-06-11 14:50:46,2
TXN-0001375,CMP-000621,ACC-000965,ACC-000102,2134.79,2026-07-31 02:04:02,1
TXN-0001376,CMP-000621,ACC-000102,ACC-001193,1995.9,2026-07-31 03:28:02,2
TXN-0001377,CMP-000621,ACC-001193,ACC-000096,1896.65,2026-07-31 08:53:02,3
TXN-0001378,CMP-000621,ACC-000096,ACC-000199,1866.21,2026-07-31 13:10:02,4
TXN-0001379,CMP-000622,ACC-001042,ACC-000148,304009.89,2026-07-08 23:42:44,1
TXN-0001380,CMP-000622,ACC-000148,ACC-001138,299449.92,2026-07-09 03:51:44,2
TXN-0001381,CMP-000622,ACC-001138,ACC-000206,284778.82,2026-07-09 05:42:44,3
TXN-0001382,CMP-000622,ACC-000206,ACC-000087,266741.73,2026-07-09 06:04:44,4
TXN-0001383,CMP-000624,ACC-000786,ACC-000181,4228.82,2026-08-05 20:28:21,1
TXN-0001384,CMP-000624,ACC-000181,ACC-000188,4100.11,2026-08-05 21:00:21,2
TXN-0001385,CMP-000625,ACC-000345,ACC-000348,1200.08,2026-08-03 02:08:37,1
TXN-0001386,CMP-000625,ACC-000348,ACC-000170,1142.17,2026-08-03 03:23:37,2
TXN-0001387,CMP-000625,ACC-000170,ACC-000102,1118.1,2026-08-03 07:08:37,3
TXN-0001388,CMP-000626,ACC-000738,ACC-000035,4673.28,2026-07-24 17:36:15,1
TXN-0001389,CMP-000626,ACC-000035,ACC-000202,4564.25,2026-07-24 21:07:15,2
TXN-0001390,CMP-000627,ACC-001150,ACC-000093,2047.98,2026-06-09 03:59:21,1
TXN-0001391,CMP-000628,ACC-001053,ACC-000944,2623.31,2026-07-25 21:49:41,1
TXN-0001392,CMP-000628,ACC-000944,ACC-000053,2567.45,2026-07-26 00:16:41,2
TXN-0001393,CMP-000628,ACC-000053,ACC-000341,2503.96,2026-07-26 02:32:41,3
TXN-0001394,CMP-000628,ACC-000341,ACC-000208,2392.35,2026-07-26 02:54:41,4
TXN-0001395,CMP-000629,ACC-000619,ACC-000152,2260.73,2026-06-04 21:24:10,1
TXN-0001396,CMP-000631,ACC-001100,ACC-000200,8302.13,2026-06-08 04:30:00,1
TXN-0001397,CMP-000631,ACC-000200,ACC-000149,7696.91,2026-06-08 05:26:00,2
TXN-0001398,CMP-000632,ACC-001039,ACC-000081,9761.92,2026-08-03 19:15:44,1
TXN-0001399,CMP-000632,ACC-000081,ACC-000171,8983.76,2026-08-03 19:57:44,2
TXN-0001400,CMP-000632,ACC-000171,ACC-000042,8539.83,2026-08-03 21:25:44,3
TXN-0001401,CMP-000632,ACC-000042,ACC-000137,8344.81,2026-08-04 02:01:44,4
TXN-0001402,CMP-000634,ACC-000562,ACC-000269,6982.32,2026-08-08 23:36:16,1
TXN-0001403,CMP-000634,ACC-000269,ACC-000203,6670.08,2026-08-09 03:52:16,2
TXN-0001404,CMP-000636,ACC-000702,ACC-001025,2888.9,2026-07-08 21:26:14,1
TXN-0001405,CMP-000636,ACC-001025,ACC-000049,2755.48,2026-07-09 00:19:14,2
TXN-0001406,CMP-000637,ACC-000595,ACC-000185,3381.8,2026-08-11 20:41:04,1
TXN-0001407,CMP-000637,ACC-000185,ACC-000121,3247.5,2026-08-11 23:55:04,2
TXN-0001408,CMP-000638,ACC-000691,ACC-000452,86725.17,2026-07-19 19:47:18,1
TXN-0001409,CMP-000638,ACC-000452,ACC-000170,83955.94,2026-07-20 01:11:18,2
TXN-0001410,CMP-000638,ACC-000170,ACC-000135,81922.07,2026-07-20 02:54:18,3
TXN-0001411,CMP-000639,ACC-001121,ACC-000358,1487.22,2026-06-23 14:29:41,1
TXN-0001412,CMP-000639,ACC-000358,ACC-000439,1455.63,2026-06-23 15:04:41,2
TXN-0001413,CMP-000639,ACC-000439,ACC-000209,1381.69,2026-06-23 18:25:41,3
TXN-0001414,CMP-000639,ACC-000209,ACC-000059,1280.73,2026-06-23 21:15:41,4
TXN-0001415,CMP-000640,ACC-000891,ACC-000184,6291.09,2026-07-28 22:28:07,1
TXN-0001416,CMP-000640,ACC-000184,ACC-000277,5963.34,2026-07-29 01:20:07,2
TXN-0001417,CMP-000640,ACC-000277,ACC-000945,5857.15,2026-07-29 04:25:07,3
TXN-0001418,CMP-000641,ACC-000877,ACC-000087,473383.11,2026-06-27 14:46:53,1
TXN-0001419,CMP-000641,ACC-000087,ACC-000015,462329.92,2026-06-27 19:22:53,2
TXN-0001420,CMP-000642,ACC-000851,ACC-000119,6092.75,2026-07-24 16:00:52,1
TXN-0001421,CMP-000642,ACC-000119,ACC-000121,5972.79,2026-07-24 18:18:52,2
TXN-0001422,CMP-000643,ACC-000447,ACC-000209,40985.62,2026-08-04 04:11:49,1
TXN-0001423,CMP-000643,ACC-000209,ACC-000070,40323.72,2026-08-04 07:54:49,2
TXN-0001424,CMP-000644,ACC-000421,ACC-000438,136517.34,2026-06-24 12:55:46,1
TXN-0001425,CMP-000644,ACC-000438,ACC-001080,127449.72,2026-06-24 18:18:46,2
TXN-0001426,CMP-000644,ACC-001080,ACC-000093,118626.61,2026-06-24 20:11:46,3
TXN-0001427,CMP-000645,ACC-000248,ACC-000187,3994.69,2026-08-09 04:02:16,1
TXN-0001428,CMP-000646,ACC-000797,ACC-000055,2479.53,2026-07-06 01:33:20,1
TXN-0001429,CMP-000646,ACC-000055,ACC-000125,2414.84,2026-07-06 07:04:20,2
TXN-0001430,CMP-000646,ACC-000125,ACC-000176,2302.05,2026-07-06 11:17:20,3
TXN-0001431,CMP-000647,ACC-000301,ACC-000060,2504.13,2026-07-05 09:26:06,1
TXN-0001432,CMP-000648,ACC-001091,ACC-000164,20760.08,2026-07-12 21:03:18,1
TXN-0001433,CMP-000648,ACC-000164,ACC-000810,20191.78,2026-07-13 01:19:18,2
TXN-0001434,CMP-000649,ACC-000808,ACC-000007,1618.88,2026-06-03 15:00:52,1
TXN-0001435,CMP-000649,ACC-000007,ACC-000006,1555.6,2026-06-03 20:26:52,2
TXN-0001436,CMP-000650,ACC-000727,ACC-000037,84305.65,2026-08-16 04:32:52,1
TXN-0001437,CMP-000650,ACC-000037,ACC-000092,82616.41,2026-08-16 06:36:52,2
TXN-0001438,CMP-000650,ACC-000092,ACC-000950,81277.56,2026-08-16 11:48:52,3
TXN-0001439,CMP-000650,ACC-000950,ACC-000788,76664.95,2026-08-16 14:16:52,4
TXN-0001440,CMP-000651,ACC-000543,ACC-000216,23459.74,2026-07-07 09:54:42,1
TXN-0001441,CMP-000651,ACC-000216,ACC-000062,22052.14,2026-07-07 13:42:42,2
TXN-0001442,CMP-000651,ACC-000062,ACC-000155,20851.86,2026-07-07 14:45:42,3
TXN-0001443,CMP-000652,ACC-000380,ACC-000112,45979.57,2026-06-24 06:11:39,1
TXN-0001444,CMP-000652,ACC-000112,ACC-000180,43981.24,2026-06-24 07:22:39,2
TXN-0001445,CMP-000653,ACC-000620,ACC-000204,12603.04,2026-06-14 11:06:50,1
TXN-0001446,CMP-000653,ACC-000204,ACC-000029,11735.22,2026-06-14 16:42:50,2
TXN-0001447,CMP-000654,ACC-001157,ACC-000151,2378.66,2026-06-17 08:46:29,1
TXN-0001448,CMP-000655,ACC-000606,ACC-000094,1665.2,2026-06-08 13:02:47,1
TXN-0001449,CMP-000655,ACC-000094,ACC-000102,1576.74,2026-06-08 14:40:47,2
TXN-0001450,CMP-000655,ACC-000102,ACC-000775,1523.14,2026-06-08 20:13:47,3
TXN-0001451,CMP-000657,ACC-001070,ACC-000162,6682.39,2026-06-11 11:33:01,1
TXN-0001452,CMP-000657,ACC-000162,ACC-000199,6285.74,2026-06-11 12:53:01,2
TXN-0001453,CMP-000657,ACC-000199,ACC-000982,5942.08,2026-06-11 15:52:01,3
TXN-0001454,CMP-000657,ACC-000982,ACC-000165,5725.79,2026-06-11 21:00:01,4
TXN-0001455,CMP-000658,ACC-000436,ACC-000003,3553.08,2026-08-21 17:29:40,1
TXN-0001456,CMP-000659,ACC-000728,ACC-000603,84874.0,2026-07-03 04:46:06,1
TXN-0001457,CMP-000659,ACC-000603,ACC-000009,82911.59,2026-07-03 08:30:06,2
TXN-0001458,CMP-000659,ACC-000009,ACC-000183,81344.93,2026-07-03 13:12:06,3
TXN-0001459,CMP-000659,ACC-000183,ACC-000186,75154.09,2026-07-03 17:59:06,4
TXN-0001460,CMP-000660,ACC-001177,ACC-000116,5337.87,2026-07-28 13:40:57,1
TXN-0001461,CMP-000660,ACC-000116,ACC-000034,4986.51,2026-07-28 18:13:57,2
TXN-0001462,CMP-000661,ACC-000905,ACC-000136,8501.57,2026-06-20 11:36:04,1
TXN-0001463,CMP-000661,ACC-000136,ACC-000039,7856.01,2026-06-20 16:38:04,2
TXN-0001464,CMP-000661,ACC-000039,ACC-000023,7770.61,2026-06-20 22:04:04,3
TXN-0001465,CMP-000662,ACC-000912,ACC-000204,12773.22,2026-07-01 18:04:04,1
TXN-0001466,CMP-000662,ACC-000204,ACC-000060,12609.26,2026-07-01 23:59:04,2
TXN-0001467,CMP-000663,ACC-000773,ACC-000140,36635.7,2026-07-26 23:10:21,1
TXN-0001468,CMP-000663,ACC-000140,ACC-000923,33776.28,2026-07-27 02:05:21,2
TXN-0001469,CMP-000663,ACC-000923,ACC-000117,33151.24,2026-07-27 06:49:21,3
TXN-0001470,CMP-000664,ACC-000760,ACC-000275,4709.03,2026-08-16 03:30:30,1
TXN-0001471,CMP-000664,ACC-000275,ACC-000728,4546.19,2026-08-16 07:45:30,2
TXN-0001472,CMP-000664,ACC-000728,ACC-000091,4305.98,2026-08-16 12:55:30,3
TXN-0001473,CMP-000665,ACC-000814,ACC-000041,4503.46,2026-07-28 15:19:32,1
TXN-0001474,CMP-000665,ACC-000041,ACC-000058,4334.44,2026-07-28 17:22:32,2
TXN-0001475,CMP-000665,ACC-000058,ACC-000208,4142.84,2026-07-28 21:10:32,3
TXN-0001476,CMP-000666,ACC-000846,ACC-000043,3273.74,2026-06-03 18:19:56,1
TXN-0001477,CMP-000666,ACC-000043,ACC-000094,3191.26,2026-06-03 20:19:56,2
TXN-0001478,CMP-000666,ACC-000094,ACC-000543,3011.54,2026-06-04 02:17:56,3
TXN-0001479,CMP-000667,ACC-000436,ACC-000664,4293.54,2026-07-13 14:05:50,1
TXN-0001480,CMP-000667,ACC-000664,ACC-000083,4052.32,2026-07-13 14:31:50,2
TXN-0001481,CMP-000667,ACC-000083,ACC-000099,3818.42,2026-07-13 20:22:50,3
TXN-0001482,CMP-000668,ACC-001093,ACC-000039,23959.06,2026-08-21 13:42:20,1
TXN-0001483,CMP-000669,ACC-000989,ACC-000842,13680.45,2026-08-01 03:12:11,1
TXN-0001484,CMP-000669,ACC-000842,ACC-000072,13436.16,2026-08-01 03:43:11,2
TXN-0001485,CMP-000670,ACC-000463,ACC-000611,1051.31,2026-07-11 23:23:22,1
TXN-0001486,CMP-000670,ACC-000611,ACC-000189,1040.1,2026-07-12 00:26:22,2
TXN-0001487,CMP-000670,ACC-000189,ACC-000002,985.54,2026-07-12 05:04:22,3
TXN-0001488,CMP-000670,ACC-000002,ACC-000123,909.28,2026-07-12 10:36:22,4
TXN-0001489,CMP-000671,ACC-000705,ACC-000827,8315.81,2026-07-17 10:02:16,1
TXN-0001490,CMP-000671,ACC-000827,ACC-000741,7805.97,2026-07-17 13:45:16,2
TXN-0001491,CMP-000672,ACC-000348,ACC-000096,66739.28,2026-08-24 06:53:48,1
TXN-0001492,CMP-000672,ACC-000096,ACC-000170,65855.95,2026-08-24 07:09:48,2
TXN-0001493,CMP-000672,ACC-000170,ACC-000013,64909.88,2026-08-24 12:27:48,3
TXN-0001494,CMP-000673,ACC-001059,ACC-000210,7595.6,2026-07-05 23:00:27,1
TXN-0001495,CMP-000673,ACC-000210,ACC-000208,7475.51,2026-07-06 04:12:27,2
TXN-0001496,CMP-000674,ACC-001159,ACC-000047,68465.93,2026-08-28 16:49:45,1
TXN-0001497,CMP-000674,ACC-000047,ACC-000179,65696.17,2026-08-28 17:39:45,2
TXN-0001498,CMP-000675,ACC-000471,ACC-000021,231947.57,2026-07-04 22:40:01,1
TXN-0001499,CMP-000675,ACC-000021,ACC-000080,227266.3,2026-07-05 01:55:01,2
TXN-0001500,CMP-000676,ACC-000883,ACC-000174,1039.72,2026-08-02 14:24:17,1
TXN-0001501,CMP-000676,ACC-000174,ACC-000270,971.63,2026-08-02 16:58:17,2
TXN-0001502,CMP-000677,ACC-000757,ACC-000063,761.59,2026-08-17 04:04:46,1
TXN-0001503,CMP-000677,ACC-000063,ACC-000138,735.33,2026-08-17 09:30:46,2
TXN-0001504,CMP-000678,ACC-001023,ACC-000130,1085.34,2026-07-20 14:21:18,1
TXN-0001505,CMP-000678,ACC-000130,ACC-000141,1029.24,2026-07-20 19:08:18,2
TXN-0001506,CMP-000679,ACC-001148,ACC-000952,9189.25,2026-06-18 21:56:52,1
TXN-0001507,CMP-000679,ACC-000952,ACC-000169,8907.75,2026-06-19 00:11:52,2
TXN-0001508,CMP-000680,ACC-000301,ACC-000144,4834.88,2026-07-27 20:22:14,1
TXN-0001509,CMP-000680,ACC-000144,ACC-001110,4490.52,2026-07-27 23:54:14,2
TXN-0001510,CMP-000680,ACC-001110,ACC-000158,4444.65,2026-07-28 01:42:14,3
TXN-0001511,CMP-000681,ACC-000848,ACC-000249,3169.78,2026-07-17 17:17:29,1
TXN-0001512,CMP-000681,ACC-000249,ACC-000017,3046.03,2026-07-17 18:57:29,2
TXN-0001513,CMP-000682,ACC-000810,ACC-000203,11661.14,2026-06-12 06:55:04,1
TXN-0001514,CMP-000682,ACC-000203,ACC-000185,10729.47,2026-06-12 09:40:04,2
TXN-0001515,CMP-000683,ACC-000683,ACC-000763,136331.72,2026-07-04 01:58:47,1
TXN-0001516,CMP-000683,ACC-000763,ACC-000054,134766.55,2026-07-04 04:20:47,2
TXN-0001517,CMP-000683,ACC-000054,ACC-000127,124358.97,2026-07-04 06:11:47,3
TXN-0001518,CMP-000684,ACC-000838,ACC-000128,1587.86,2026-07-16 15:40:56,1
TXN-0001519,CMP-000684,ACC-000128,ACC-000042,1529.11,2026-07-16 18:32:56,2
TXN-0001520,CMP-000684,ACC-000042,ACC-000066,1436.33,2026-07-16 22:03:56,3
TXN-0001521,CMP-000684,ACC-000066,ACC-000166,1324.13,2026-07-16 23:32:56,4
TXN-0001522,CMP-000685,ACC-001141,ACC-000145,74733.2,2026-06-07 13:25:03,1
TXN-0001523,CMP-000685,ACC-000145,ACC-000092,70726.2,2026-06-07 13:56:03,2
TXN-0001524,CMP-000686,ACC-001020,ACC-000055,109394.01,2026-08-22 12:19:46,1
TXN-0001525,CMP-000686,ACC-000055,ACC-000172,103563.03,2026-08-22 17:37:46,2
TXN-0001526,CMP-000686,ACC-000172,ACC-000010,99501.84,2026-08-22 19:02:46,3
TXN-0001527,CMP-000687,ACC-001159,ACC-001081,2832.76,2026-08-11 22:18:08,1
TXN-0001528,CMP-000687,ACC-001081,ACC-000013,2790.02,2026-08-12 03:03:08,2
TXN-0001529,CMP-000688,ACC-000779,ACC-000151,7830.28,2026-07-25 03:00:21,1
TXN-0001530,CMP-000688,ACC-000151,ACC-000777,7578.41,2026-07-25 07:46:21,2
TXN-0001531,CMP-000689,ACC-000596,ACC-000102,4510.72,2026-07-31 17:37:16,1
TXN-0001532,CMP-000689,ACC-000102,ACC-000514,4229.65,2026-07-31 20:46:16,2
TXN-0001533,CMP-000689,ACC-000514,ACC-000187,4110.06,2026-07-31 21:33:16,3
TXN-0001534,CMP-000689,ACC-000187,ACC-000090,3865.38,2026-07-31 23:19:16,4
TXN-0001535,CMP-000690,ACC-000528,ACC-000086,5810.21,2026-06-03 16:22:22,1
TXN-0001536,CMP-000690,ACC-000086,ACC-000775,5371.23,2026-06-03 22:19:22,2
TXN-0001537,CMP-000690,ACC-000775,ACC-000050,5160.79,2026-06-04 00:50:22,3
TXN-0001538,CMP-000691,ACC-001147,ACC-000087,3560.68,2026-07-12 19:16:02,1
TXN-0001539,CMP-000691,ACC-000087,ACC-000052,3300.73,2026-07-12 23:55:02,2
TXN-0001540,CMP-000692,ACC-000723,ACC-000124,24365.68,2026-08-13 00:09:07,1
TXN-0001541,CMP-000692,ACC-000124,ACC-000090,23328.68,2026-08-13 01:41:07,2
TXN-0001542,CMP-000693,ACC-000473,ACC-000141,41261.96,2026-08-17 17:11:43,1
TXN-0001543,CMP-000693,ACC-000141,ACC-000086,38885.51,2026-08-17 19:50:43,2
TXN-0001544,CMP-000694,ACC-000426,ACC-000088,2886.43,2026-07-15 05:26:35,1
TXN-0001545,CMP-000694,ACC-000088,ACC-000665,2695.51,2026-07-15 06:07:35,2
TXN-0001546,CMP-000695,ACC-001036,ACC-000024,1744.51,2026-08-01 18:56:03,1
TXN-0001547,CMP-000695,ACC-000024,ACC-000180,1657.67,2026-08-01 21:52:03,2
TXN-0001548,CMP-000695,ACC-000180,ACC-000686,1634.41,2026-08-01 22:06:03,3
TXN-0001549,CMP-000696,ACC-000799,ACC-000015,4879.0,2026-06-12 05:16:36,1
TXN-0001550,CMP-000696,ACC-000015,ACC-000044,4523.89,2026-06-12 05:59:36,2
TXN-0001551,CMP-000696,ACC-000044,ACC-000198,4348.44,2026-06-12 07:16:36,3
TXN-0001552,CMP-000697,ACC-000593,ACC-000753,18034.84,2026-08-18 21:36:39,1
TXN-0001553,CMP-000697,ACC-000753,ACC-000629,16639.22,2026-08-19 00:24:39,2
TXN-0001554,CMP-000698,ACC-001154,ACC-000089,13542.94,2026-07-27 22:51:55,1
TXN-0001555,CMP-000698,ACC-000089,ACC-000883,13041.53,2026-07-27 23:19:55,2
TXN-0001556,CMP-000699,ACC-001170,ACC-000007,11352.33,2026-06-29 21:57:13,1
TXN-0001557,CMP-000699,ACC-000007,ACC-000064,10733.1,2026-06-30 02:26:13,2
TXN-0001558,CMP-000700,ACC-000554,ACC-000121,3745.78,2026-07-07 17:57:30,1
TXN-0001559,CMP-000700,ACC-000121,ACC-000197,3479.22,2026-07-07 20:37:30,2
TXN-0001560,CMP-000701,ACC-000920,ACC-000170,3324.29,2026-06-18 23:23:50,1
TXN-0001561,CMP-000701,ACC-000170,ACC-000204,3158.42,2026-06-19 01:06:50,2
TXN-0001562,CMP-000701,ACC-000204,ACC-000123,2917.8,2026-06-19 06:09:50,3
TXN-0001563,CMP-000702,ACC-001088,ACC-000116,3532.64,2026-06-17 18:41:46,1
TXN-0001564,CMP-000702,ACC-000116,ACC-000005,3386.07,2026-06-18 00:06:46,2
TXN-0001565,CMP-000703,ACC-000784,ACC-001070,3145.04,2026-07-01 09:06:28,1
TXN-0001566,CMP-000703,ACC-001070,ACC-000861,2982.44,2026-07-01 12:01:28,2
TXN-0001567,CMP-000704,ACC-001133,ACC-000084,2149.14,2026-06-01 20:00:51,1
TXN-0001568,CMP-000704,ACC-000084,ACC-000569,1986.32,2026-06-01 23:38:51,2
TXN-0001569,CMP-000704,ACC-000569,ACC-000157,1864.48,2026-06-02 02:52:51,3
TXN-0001570,CMP-000705,ACC-001033,ACC-000133,4304.15,2026-07-24 20:15:51,1
TXN-0001571,CMP-000705,ACC-000133,ACC-000260,4090.67,2026-07-24 23:02:51,2
TXN-0001572,CMP-000705,ACC-000260,ACC-000006,3823.08,2026-07-25 04:04:51,3
TXN-0001573,CMP-000706,ACC-000979,ACC-000965,12476.09,2026-07-11 09:56:20,1
TXN-0001574,CMP-000706,ACC-000965,ACC-000101,12244.29,2026-07-11 13:19:20,2
TXN-0001575,CMP-000706,ACC-000101,ACC-000143,11393.94,2026-07-11 14:16:20,3
TXN-0001576,CMP-000707,ACC-000620,ACC-000029,377.11,2026-07-25 13:08:20,1
TXN-0001577,CMP-000707,ACC-000029,ACC-000007,355.49,2026-07-25 15:01:20,2
TXN-0001578,CMP-000708,ACC-000394,ACC-000056,16144.05,2026-06-27 13:20:01,1
TXN-0001579,CMP-000708,ACC-000056,ACC-000082,15296.98,2026-06-27 18:00:01,2
TXN-0001580,CMP-000709,ACC-000350,ACC-000096,996.5,2026-07-26 03:13:27,1
TXN-0001581,CMP-000709,ACC-000096,ACC-000141,941.51,2026-07-26 05:12:27,2
TXN-0001582,CMP-000710,ACC-000234,ACC-000698,186349.26,2026-06-11 16:40:38,1
TXN-0001583,CMP-000710,ACC-000698,ACC-000107,171742.93,2026-06-11 18:31:38,2
TXN-0001584,CMP-000711,ACC-000505,ACC-000920,1632.82,2026-07-06 15:31:59,1
TXN-0001585,CMP-000711,ACC-000920,ACC-000018,1550.61,2026-07-06 19:42:59,2
TXN-0001586,CMP-000711,ACC-000018,ACC-000879,1503.8,2026-07-07 00:31:59,3
TXN-0001587,CMP-000712,ACC-000362,ACC-000097,47970.87,2026-07-13 16:45:19,1
TXN-0001588,CMP-000712,ACC-000097,ACC-000357,46712.83,2026-07-13 20:36:19,2
TXN-0001589,CMP-000712,ACC-000357,ACC-000078,45076.53,2026-07-13 21:54:19,3
TXN-0001590,CMP-000713,ACC-000318,ACC-000182,2453.58,2026-08-20 10:19:29,1
TXN-0001591,CMP-000713,ACC-000182,ACC-000025,2281.11,2026-08-20 15:23:29,2
TXN-0001592,CMP-000713,ACC-000025,ACC-001054,2199.32,2026-08-20 18:01:29,3
TXN-0001593,CMP-000714,ACC-000808,ACC-000909,2909.43,2026-06-03 19:08:20,1
TXN-0001594,CMP-000714,ACC-000909,ACC-000132,2819.75,2026-06-03 22:29:20,2
TXN-0001595,CMP-000715,ACC-000751,ACC-000693,3149.77,2026-07-13 18:29:01,1
TXN-0001596,CMP-000715,ACC-000693,ACC-000083,2946.44,2026-07-13 19:30:01,2
TXN-0001597,CMP-000716,ACC-000899,ACC-000363,8120.43,2026-06-21 07:31:29,1
TXN-0001598,CMP-000716,ACC-000363,ACC-000183,7886.53,2026-06-21 07:53:29,2
TXN-0001599,CMP-000717,ACC-000865,ACC-000576,6154.31,2026-08-09 04:28:00,1
TXN-0001600,CMP-000717,ACC-000576,ACC-000090,5944.91,2026-08-09 06:18:00,2
TXN-0001601,CMP-000718,ACC-000298,ACC-000196,3023.0,2026-08-16 09:14:53,1
TXN-0001602,CMP-000719,ACC-000864,ACC-000044,2360.38,2026-07-03 16:43:33,1
TXN-0001603,CMP-000719,ACC-000044,ACC-001004,2188.69,2026-07-03 16:53:33,2
TXN-0001604,CMP-000720,ACC-000518,ACC-000201,1550.94,2026-08-08 10:38:51,1
TXN-0001605,CMP-000720,ACC-000201,ACC-000130,1523.88,2026-08-08 11:02:51,2
TXN-0001606,CMP-000720,ACC-000130,ACC-000047,1490.59,2026-08-08 14:40:51,3
TXN-0001607,CMP-000721,ACC-001130,ACC-000079,28348.4,2026-07-21 00:24:01,1
TXN-0001608,CMP-000721,ACC-000079,ACC-000030,26367.03,2026-07-21 02:11:01,2
TXN-0001609,CMP-000722,ACC-000413,ACC-000052,1093.54,2026-08-12 06:00:09,1
TXN-0001610,CMP-000722,ACC-000052,ACC-000052,1059.28,2026-08-12 10:54:09,2
TXN-0001611,CMP-000724,ACC-000952,ACC-000067,8477.24,2026-06-13 14:24:55,1
TXN-0001612,CMP-000724,ACC-000067,ACC-000078,8266.19,2026-06-13 15:19:55,2
TXN-0001613,CMP-000724,ACC-000078,ACC-001057,7654.89,2026-06-13 19:37:55,3
TXN-0001614,CMP-000724,ACC-001057,ACC-000179,7461.9,2026-06-13 20:32:55,4
TXN-0001615,CMP-000725,ACC-000932,ACC-000177,50613.98,2026-08-11 10:48:31,1
TXN-0001616,CMP-000726,ACC-001190,ACC-000210,2492.24,2026-08-01 03:19:00,1
TXN-0001617,CMP-000726,ACC-000210,ACC-000181,2345.04,2026-08-01 04:33:00,2
TXN-0001618,CMP-000726,ACC-000181,ACC-000563,2271.88,2026-08-01 09:49:00,3
TXN-0001619,CMP-000727,ACC-001107,ACC-000166,6498.37,2026-07-31 16:46:22,1
TXN-0001620,CMP-000727,ACC-000166,ACC-000048,6230.56,2026-07-31 17:31:22,2
TXN-0001621,CMP-000728,ACC-000237,ACC-000149,697900.17,2026-08-12 19:30:22,1
TXN-0001622,CMP-000728,ACC-000149,ACC-000899,654257.16,2026-08-12 20:52:22,2
TXN-0001623,CMP-000728,ACC-000899,ACC-000138,642080.45,2026-08-12 21:35:22,3
TXN-0001624,CMP-000728,ACC-000138,ACC-000114,632067.65,2026-08-12 23:31:22,4
TXN-0001625,CMP-000730,ACC-000400,ACC-000001,4169.85,2026-08-15 06:37:33,1
TXN-0001626,CMP-000730,ACC-000001,ACC-000063,3934.67,2026-08-15 09:27:33,2
TXN-0001627,CMP-000731,ACC-000723,ACC-000046,17256.31,2026-08-01 14:14:20,1
TXN-0001628,CMP-000731,ACC-000046,ACC-000136,17004.31,2026-08-01 18:17:20,2
TXN-0001629,CMP-000731,ACC-000136,ACC-000020,16482.87,2026-08-01 20:43:20,3
TXN-0001630,CMP-000731,ACC-000020,ACC-000010,15655.67,2026-08-02 01:57:20,4
TXN-0001631,CMP-000732,ACC-000322,ACC-000116,3305.17,2026-07-22 18:41:33,1
TXN-0001632,CMP-000732,ACC-000116,ACC-000146,3258.02,2026-07-22 22:11:33,2
TXN-0001633,CMP-000734,ACC-000588,ACC-000040,1182.88,2026-07-03 00:54:47,1
TXN-0001634,CMP-000734,ACC-000040,ACC-000001,1121.72,2026-07-03 06:33:47,2
TXN-0001635,CMP-000735,ACC-001016,ACC-000110,1595.04,2026-08-16 12:23:02,1
TXN-0001636,CMP-000735,ACC-000110,ACC-000192,1570.27,2026-08-16 13:24:02,2
TXN-0001637,CMP-000736,ACC-000483,ACC-000282,194411.39,2026-06-09 23:44:09,1
TXN-0001638,CMP-000736,ACC-000282,ACC-000152,185825.52,2026-06-10 00:41:09,2
TXN-0001639,CMP-000737,ACC-001175,ACC-000052,137207.74,2026-08-22 16:35:47,1
TXN-0001640,CMP-000737,ACC-000052,ACC-000189,127582.66,2026-08-22 20:41:47,2
TXN-0001641,CMP-000738,ACC-000984,ACC-000188,2227.85,2026-07-12 13:18:04,1
TXN-0001642,CMP-000739,ACC-000559,ACC-000189,652954.48,2026-08-03 02:25:47,1
TXN-0001643,CMP-000739,ACC-000189,ACC-000265,609521.47,2026-08-03 07:40:47,2
TXN-0001644,CMP-000739,ACC-000265,ACC-000098,562122.94,2026-08-03 10:04:47,3
TXN-0001645,CMP-000740,ACC-000895,ACC-000065,2693.46,2026-06-09 04:30:16,1
TXN-0001646,CMP-000740,ACC-000065,ACC-000542,2603.74,2026-06-09 07:15:16,2
TXN-0001647,CMP-000740,ACC-000542,ACC-000041,2567.44,2026-06-09 08:34:16,3
TXN-0001648,CMP-000741,ACC-000813,ACC-000074,4623.91,2026-08-27 15:47:26,1
TXN-0001649,CMP-000741,ACC-000074,ACC-000033,4370.32,2026-08-27 20:02:26,2
TXN-0001650,CMP-000741,ACC-000033,ACC-000164,4203.88,2026-08-28 00:04:26,3
TXN-0001651,CMP-000741,ACC-000164,ACC-000108,3905.13,2026-08-28 04:45:26,4
TXN-0001652,CMP-000742,ACC-000648,ACC-000160,20628.5,2026-08-10 11:45:19,1
TXN-0001653,CMP-000742,ACC-000160,ACC-000155,19458.95,2026-08-10 12:54:19,2
TXN-0001654,CMP-000743,ACC-000296,ACC-000081,6547.09,2026-08-08 06:30:07,1
TXN-0001655,CMP-000744,ACC-001057,ACC-000064,3515.01,2026-07-27 15:45:24,1
TXN-0001656,CMP-000744,ACC-000064,ACC-000155,3288.75,2026-07-27 19:07:24,2
TXN-0001657,CMP-000744,ACC-000155,ACC-000063,3140.23,2026-07-27 23:58:24,3
TXN-0001658,CMP-000745,ACC-000833,ACC-000129,2899.91,2026-08-07 05:12:31,1
TXN-0001659,CMP-000745,ACC-000129,ACC-000038,2793.89,2026-08-07 09:04:31,2
TXN-0001660,CMP-000746,ACC-000984,ACC-000205,7646.4,2026-08-07 11:06:10,1
TXN-0001661,CMP-000746,ACC-000205,ACC-000063,7524.42,2026-08-07 14:21:10,2
TXN-0001662,CMP-000747,ACC-000422,ACC-000645,1345.09,2026-08-10 21:36:19,1
TXN-0001663,CMP-000748,ACC-000397,ACC-000010,499.05,2026-06-28 00:58:55,1
TXN-0001664,CMP-000748,ACC-000010,ACC-000127,474.12,2026-06-28 04:16:55,2
TXN-0001665,CMP-000748,ACC-000127,ACC-000211,449.08,2026-06-28 07:56:55,3
TXN-0001666,CMP-000749,ACC-000706,ACC-000156,21779.89,2026-06-13 21:35:47,1
TXN-0001667,CMP-000749,ACC-000156,ACC-000165,20179.64,2026-06-13 23:34:47,2
TXN-0001668,CMP-000750,ACC-000608,ACC-000010,1497.82,2026-07-25 10:20:01,1
TXN-0001669,CMP-000750,ACC-000010,ACC-000137,1428.21,2026-07-25 13:49:01,2
TXN-0001670,CMP-000750,ACC-000137,ACC-000130,1377.95,2026-07-25 17:17:01,3
TXN-0001671,CMP-000750,ACC-000130,ACC-000066,1312.07,2026-07-25 21:37:01,4
TXN-0001672,CMP-000751,ACC-000641,ACC-000138,3711.95,2026-08-09 16:55:55,1
TXN-0001673,CMP-000751,ACC-000138,ACC-000214,3460.23,2026-08-09 19:34:55,2
TXN-0001674,CMP-000751,ACC-000214,ACC-000099,3191.14,2026-08-09 20:19:55,3
TXN-0001675,CMP-000751,ACC-000099,ACC-000032,3004.61,2026-08-09 23:13:55,4
TXN-0001676,CMP-000752,ACC-001098,ACC-000025,43470.23,2026-07-30 20:57:28,1
TXN-0001677,CMP-000752,ACC-000025,ACC-000917,40522.44,2026-07-31 01:17:28,2
TXN-0001678,CMP-000753,ACC-000789,ACC-000052,4398.3,2026-06-10 16:40:14,1
TXN-0001679,CMP-000753,ACC-000052,ACC-000209,4237.5,2026-06-10 19:38:14,2
TXN-0001680,CMP-000754,ACC-000520,ACC-000679,12219.39,2026-07-04 20:19:26,1
TXN-0001681,CMP-000754,ACC-000679,ACC-000007,11281.26,2026-07-04 20:34:26,2
TXN-0001682,CMP-000754,ACC-000007,ACC-000788,10856.6,2026-07-04 23:59:26,3
TXN-0001683,CMP-000754,ACC-000788,ACC-000104,10457.15,2026-07-05 00:50:26,4
TXN-0001684,CMP-000755,ACC-000716,ACC-000022,5366.49,2026-06-27 14:06:05,1
TXN-0001685,CMP-000755,ACC-000022,ACC-000177,5140.62,2026-06-27 15:41:05,2
TXN-0001686,CMP-000755,ACC-000177,ACC-000945,4975.68,2026-06-27 20:48:05,3
TXN-0001687,CMP-000755,ACC-000945,ACC-000182,4710.83,2026-06-27 22:40:05,4
TXN-0001688,CMP-000756,ACC-000838,ACC-000801,7905.03,2026-08-09 20:49:01,1
TXN-0001689,CMP-000756,ACC-000801,ACC-000028,7597.1,2026-08-10 01:10:01,2
TXN-0001690,CMP-000756,ACC-000028,ACC-000076,7404.26,2026-08-10 04:18:01,3
TXN-0001691,CMP-000756,ACC-000076,ACC-000199,6835.29,2026-08-10 05:11:01,4
TXN-0001692,CMP-000757,ACC-001123,ACC-000213,17619.45,2026-08-22 04:44:30,1
TXN-0001693,CMP-000757,ACC-000213,ACC-000114,16954.48,2026-08-22 04:50:30,2
TXN-0001694,CMP-000758,ACC-000745,ACC-000082,1917.28,2026-07-29 21:30:43,1
TXN-0001695,CMP-000758,ACC-000082,ACC-000236,1859.93,2026-07-30 03:21:43,2
TXN-0001696,CMP-000758,ACC-000236,ACC-000168,1719.47,2026-07-30 06:34:43,3
TXN-0001697,CMP-000759,ACC-000226,ACC-001081,207943.47,2026-06-05 13:21:43,1
TXN-0001698,CMP-000759,ACC-001081,ACC-000202,202656.41,2026-06-05 15:17:43,2
TXN-0001699,CMP-000760,ACC-001139,ACC-000065,97161.8,2026-07-08 05:24:18,1
TXN-0001700,CMP-000760,ACC-000065,ACC-000080,91358.69,2026-07-08 07:56:18,2
TXN-0001701,CMP-000760,ACC-000080,ACC-000843,84132.16,2026-07-08 09:01:18,3
TXN-0001702,CMP-000761,ACC-000893,ACC-000776,24957.33,2026-07-22 04:57:00,1
TXN-0001703,CMP-000761,ACC-000776,ACC-000251,24653.94,2026-07-22 08:41:00,2
TXN-0001704,CMP-000761,ACC-000251,ACC-000063,22986.73,2026-07-22 12:47:00,3
TXN-0001705,CMP-000762,ACC-000307,ACC-000058,28701.26,2026-07-01 14:12:17,1
TXN-0001706,CMP-000763,ACC-000654,ACC-000052,694.87,2026-07-06 02:34:09,1
TXN-0001707,CMP-000764,ACC-000778,ACC-000133,3871.85,2026-08-14 03:27:55,1
TXN-0001708,CMP-000764,ACC-000133,ACC-000657,3677.99,2026-08-14 06:23:55,2
TXN-0001709,CMP-000764,ACC-000657,ACC-000199,3434.84,2026-08-14 10:36:55,3
TXN-0001710,CMP-000765,ACC-000276,ACC-000167,12544.52,2026-06-21 21:25:02,1
TXN-0001711,CMP-000766,ACC-000635,ACC-000081,969.83,2026-07-20 06:14:53,1
TXN-0001712,CMP-000766,ACC-000081,ACC-000110,894.96,2026-07-20 08:24:53,2
TXN-0001713,CMP-000766,ACC-000110,ACC-000006,871.78,2026-07-20 10:34:53,3
TXN-0001714,CMP-000766,ACC-000006,ACC-000189,836.49,2026-07-20 11:55:53,4
TXN-0001715,CMP-000767,ACC-001040,ACC-000027,31492.33,2026-07-12 04:05:18,1
TXN-0001716,CMP-000767,ACC-000027,ACC-000068,29252.49,2026-07-12 08:15:18,2
TXN-0001717,CMP-000768,ACC-000724,ACC-000101,4942.03,2026-07-29 14:34:13,1
TXN-0001718,CMP-000769,ACC-001161,ACC-001132,3924.35,2026-06-20 17:19:52,1
TXN-0001719,CMP-000769,ACC-001132,ACC-000685,3849.61,2026-06-20 20:42:52,2
TXN-0001720,CMP-000769,ACC-000685,ACC-000712,3730.36,2026-06-21 00:08:52,3
TXN-0001721,CMP-000769,ACC-000712,ACC-000174,3548.16,2026-06-21 02:05:52,4
TXN-0001722,CMP-000770,ACC-000551,ACC-000184,4190.24,2026-07-27 06:40:27,1
TXN-0001723,CMP-000771,ACC-000806,ACC-000034,28375.27,2026-06-07 09:36:21,1
TXN-0001724,CMP-000771,ACC-000034,ACC-000132,26622.03,2026-06-07 13:26:21,2
TXN-0001725,CMP-000771,ACC-000132,ACC-000051,25285.88,2026-06-07 14:55:21,3
TXN-0001726,CMP-000772,ACC-001099,ACC-000070,4806.86,2026-06-24 05:04:55,1
TXN-0001727,CMP-000772,ACC-000070,ACC-000132,4617.0,2026-06-24 09:59:55,2
TXN-0001728,CMP-000772,ACC-000132,ACC-000134,4420.17,2026-06-24 12:54:55,3
TXN-0001729,CMP-000773,ACC-000408,ACC-000032,5195.86,2026-07-15 00:11:10,1
TXN-0001730,CMP-000774,ACC-000253,ACC-000110,4187.46,2026-08-04 00:53:59,1
TXN-0001731,CMP-000774,ACC-000110,ACC-001151,4053.2,2026-08-04 03:15:59,2
TXN-0001732,CMP-000775,ACC-000545,ACC-000065,1942.38,2026-08-07 16:04:09,1
TXN-0001733,CMP-000776,ACC-000593,ACC-000104,3335.93,2026-07-19 23:23:59,1
TXN-0001734,CMP-000776,ACC-000104,ACC-000059,3136.05,2026-07-20 02:24:59,2
TXN-0001735,CMP-000777,ACC-000541,ACC-000069,55216.33,2026-06-13 07:33:59,1
TXN-0001736,CMP-000777,ACC-000069,ACC-000071,51586.01,2026-06-13 13:10:59,2
TXN-0001737,CMP-000777,ACC-000071,ACC-000179,47797.15,2026-06-13 17:06:59,3
TXN-0001738,CMP-000777,ACC-000179,ACC-000122,47141.3,2026-06-13 18:24:59,4
TXN-0001739,CMP-000778,ACC-000444,ACC-000169,8300.48,2026-06-12 12:39:19,1
TXN-0001740,CMP-000778,ACC-000169,ACC-000037,8172.46,2026-06-12 16:53:19,2
TXN-0001741,CMP-000778,ACC-000037,ACC-000147,7773.39,2026-06-12 20:20:19,3
TXN-0001742,CMP-000779,ACC-000788,ACC-000929,584.48,2026-06-27 10:49:26,1
TXN-0001743,CMP-000779,ACC-000929,ACC-000055,578.16,2026-06-27 12:11:26,2
TXN-0001744,CMP-000779,ACC-000055,ACC-000122,533.89,2026-06-27 18:02:26,3
TXN-0001745,CMP-000780,ACC-001067,ACC-000127,8675.97,2026-07-31 21:49:50,1
TXN-0001746,CMP-000780,ACC-000127,ACC-000042,8392.25,2026-08-01 01:09:50,2
TXN-0001747,CMP-000781,ACC-000700,ACC-000182,60600.89,2026-07-19 15:24:44,1
TXN-0001748,CMP-000781,ACC-000182,ACC-000067,57369.85,2026-07-19 18:20:44,2
TXN-0001749,CMP-000781,ACC-000067,ACC-000214,55216.26,2026-07-19 20:51:44,3
TXN-0001750,CMP-000781,ACC-000214,ACC-000961,54339.35,2026-07-19 22:04:44,4
TXN-0001751,CMP-000782,ACC-000739,ACC-000718,3451.64,2026-08-13 22:47:01,1
TXN-0001752,CMP-000782,ACC-000718,ACC-000008,3360.01,2026-08-13 23:39:01,2
TXN-0001753,CMP-000782,ACC-000008,ACC-000841,3141.81,2026-08-14 00:09:01,3
TXN-0001754,CMP-000783,ACC-001098,ACC-000193,47015.33,2026-06-21 03:37:51,1
TXN-0001755,CMP-000783,ACC-000193,ACC-000009,45367.9,2026-06-21 08:18:51,2
TXN-0001756,CMP-000783,ACC-000009,ACC-000915,44760.7,2026-06-21 12:43:51,3
TXN-0001757,CMP-000783,ACC-000915,ACC-000113,43461.64,2026-06-21 13:06:51,4
TXN-0001758,CMP-000784,ACC-001050,ACC-000146,8387.91,2026-06-01 17:43:47,1
TXN-0001759,CMP-000785,ACC-000630,ACC-000157,8348.29,2026-06-15 07:54:21,1
TXN-0001760,CMP-000785,ACC-000157,ACC-000095,7948.12,2026-06-15 10:59:21,2
TXN-0001761,CMP-000788,ACC-001007,ACC-000182,2841.58,2026-08-28 21:13:46,1
TXN-0001762,CMP-000788,ACC-000182,ACC-000186,2636.13,2026-08-29 01:08:46,2
TXN-0001763,CMP-000788,ACC-000186,ACC-000044,2442.07,2026-08-29 06:24:46,3
TXN-0001764,CMP-000789,ACC-000996,ACC-000176,1897.01,2026-07-06 23:12:57,1
TXN-0001765,CMP-000789,ACC-000176,ACC-000067,1809.48,2026-07-07 00:09:57,2
TXN-0001766,CMP-000789,ACC-000067,ACC-000159,1711.06,2026-07-07 03:33:57,3
TXN-0001767,CMP-000790,ACC-000533,ACC-000190,4197.38,2026-06-22 14:53:43,1
TXN-0001768,CMP-000791,ACC-000400,ACC-000075,66568.25,2026-06-07 18:17:12,1
TXN-0001769,CMP-000791,ACC-000075,ACC-000486,65761.13,2026-06-07 22:56:12,2
TXN-0001770,CMP-000792,ACC-000913,ACC-000146,2904.24,2026-07-01 05:54:41,1
TXN-0001771,CMP-000792,ACC-000146,ACC-000127,2747.04,2026-07-01 09:05:41,2
TXN-0001772,CMP-000792,ACC-000127,ACC-000859,2638.52,2026-07-01 14:13:41,3
TXN-0001773,CMP-000793,ACC-000399,ACC-000209,950.73,2026-06-20 11:43:15,1
TXN-0001774,CMP-000793,ACC-000209,ACC-000156,879.1,2026-06-20 14:37:15,2
TXN-0001775,CMP-000794,ACC-000251,ACC-000068,77549.66,2026-06-23 11:30:42,1
TXN-0001776,CMP-000794,ACC-000068,ACC-000015,74143.73,2026-06-23 13:19:42,2
TXN-0001777,CMP-000795,ACC-000754,ACC-000047,12177.14,2026-08-15 00:58:33,1
TXN-0001778,CMP-000795,ACC-000047,ACC-000055,11746.78,2026-08-15 01:34:33,2
TXN-0001779,CMP-000795,ACC-000055,ACC-000032,11526.35,2026-08-15 04:48:33,3
TXN-0001780,CMP-000796,ACC-000495,ACC-000167,1026150.53,2026-08-16 11:29:10,1
TXN-0001781,CMP-000797,ACC-001052,ACC-000109,4900.64,2026-06-23 13:29:14,1
TXN-0001782,CMP-000797,ACC-000109,ACC-000037,4798.33,2026-06-23 17:41:14,2
TXN-0001783,CMP-000797,ACC-000037,ACC-000508,4567.59,2026-06-23 18:45:14,3
TXN-0001784,CMP-000798,ACC-000788,ACC-000090,895.62,2026-06-01 22:53:15,1
TXN-0001785,CMP-000798,ACC-000090,ACC-000041,861.75,2026-06-01 23:02:15,2
TXN-0001786,CMP-000799,ACC-000910,ACC-000184,7384.58,2026-08-20 17:55:02,1
TXN-0001787,CMP-000800,ACC-000231,ACC-000198,11549.95,2026-06-24 06:27:50,1
TXN-0001788,CMP-000800,ACC-000198,ACC-000062,10701.9,2026-06-24 11:48:50,2
TXN-0001789,CMP-000800,ACC-000062,ACC-000304,10378.99,2026-06-24 15:31:50,3
TXN-0001790,CMP-000802,ACC-000971,ACC-000009,114134.45,2026-06-23 13:53:48,1
TXN-0001791,CMP-000802,ACC-000009,ACC-000615,111152.87,2026-06-23 17:26:48,2
TXN-0001792,CMP-000803,ACC-000578,ACC-000093,8442.29,2026-07-07 05:32:09,1
TXN-0001793,CMP-000803,ACC-000093,ACC-000199,7862.33,2026-07-07 08:01:09,2
TXN-0001794,CMP-000804,ACC-000477,ACC-001007,50306.79,2026-07-20 07:04:19,1
TXN-0001795,CMP-000804,ACC-001007,ACC-000088,46592.99,2026-07-20 07:47:19,2
TXN-0001796,CMP-000805,ACC-000302,ACC-000120,104230.01,2026-07-26 06:33:29,1
TXN-0001797,CMP-000806,ACC-000718,ACC-000325,727.3,2026-06-29 10:23:51,1
TXN-0001798,CMP-000806,ACC-000325,ACC-000152,674.01,2026-06-29 11:03:51,2
TXN-0001799,CMP-000807,ACC-000850,ACC-000091,2746.38,2026-08-06 16:10:08,1
TXN-0001800,CMP-000808,ACC-000970,ACC-000106,13086.09,2026-06-23 15:34:49,1
TXN-0001801,CMP-000808,ACC-000106,ACC-000081,12504.18,2026-06-23 17:24:49,2
TXN-0001802,CMP-000808,ACC-000081,ACC-000175,12029.13,2026-06-23 18:24:49,3
TXN-0001803,CMP-000808,ACC-000175,ACC-000182,11464.24,2026-06-23 19:15:49,4
TXN-0001804,CMP-000809,ACC-000521,ACC-000903,1642.0,2026-07-27 13:05:54,1
TXN-0001805,CMP-000809,ACC-000903,ACC-000048,1604.01,2026-07-27 13:21:54,2
TXN-0001806,CMP-000809,ACC-000048,ACC-001004,1581.5,2026-07-27 17:39:54,3
TXN-0001807,CMP-000810,ACC-000744,ACC-000095,1150.01,2026-07-01 08:13:38,1
TXN-0001808,CMP-000811,ACC-001059,ACC-000164,13940.66,2026-06-20 14:14:14,1
TXN-0001809,CMP-000811,ACC-000164,ACC-000759,13467.35,2026-06-20 14:29:14,2
TXN-0001810,CMP-000811,ACC-000759,ACC-000033,12436.75,2026-06-20 17:09:14,3
TXN-0001811,CMP-000812,ACC-000677,ACC-000047,4328.99,2026-06-09 17:39:09,1
TXN-0001812,CMP-000812,ACC-000047,ACC-000209,4132.82,2026-06-09 18:42:09,2
TXN-0001813,CMP-000813,ACC-000851,ACC-000004,31186.75,2026-08-07 16:59:00,1
TXN-0001814,CMP-000813,ACC-000004,ACC-000973,30122.72,2026-08-07 18:55:00,2
TXN-0001815,CMP-000813,ACC-000973,ACC-000160,29320.97,2026-08-07 20:42:00,3
TXN-0001816,CMP-000813,ACC-000160,ACC-000534,28837.03,2026-08-07 21:16:00,4
TXN-0001817,CMP-000814,ACC-000464,ACC-000058,2312.22,2026-06-15 03:42:34,1
TXN-0001818,CMP-000814,ACC-000058,ACC-000092,2279.47,2026-06-15 08:19:34,2
TXN-0001819,CMP-000814,ACC-000092,ACC-000248,2181.16,2026-06-15 10:22:34,3
TXN-0001820,CMP-000815,ACC-000480,ACC-000706,6326.01,2026-07-21 00:38:15,1
TXN-0001821,CMP-000815,ACC-000706,ACC-000198,5921.83,2026-07-21 02:57:15,2
TXN-0001822,CMP-000816,ACC-000224,ACC-000260,10645.79,2026-06-17 23:28:04,1
TXN-0001823,CMP-000817,ACC-000299,ACC-000055,4543.46,2026-08-12 18:16:08,1
TXN-0001824,CMP-000817,ACC-000055,ACC-000025,4464.35,2026-08-12 20:32:08,2
TXN-0001825,CMP-000817,ACC-000025,ACC-000633,4108.37,2026-08-12 23:34:08,3
TXN-0001826,CMP-000818,ACC-000401,ACC-000146,325.48,2026-08-16 14:38:38,1
TXN-0001827,CMP-000818,ACC-000146,ACC-000198,305.01,2026-08-16 19:56:38,2
TXN-0001828,CMP-000818,ACC-000198,ACC-000101,293.52,2026-08-17 01:17:38,3
TXN-0001829,CMP-000818,ACC-000101,ACC-000089,271.98,2026-08-17 06:21:38,4
TXN-0001830,CMP-000819,ACC-000685,ACC-000070,5619.98,2026-06-22 13:53:08,1
TXN-0001831,CMP-000819,ACC-000070,ACC-000113,5456.96,2026-06-22 17:25:08,2
TXN-0001832,CMP-000820,ACC-001200,ACC-000115,61503.53,2026-07-31 21:31:47,1
TXN-0001833,CMP-000820,ACC-000115,ACC-000118,60072.61,2026-07-31 23:26:47,2
TXN-0001834,CMP-000820,ACC-000118,ACC-000026,57085.26,2026-08-01 04:00:47,3
TXN-0001835,CMP-000820,ACC-000026,ACC-000321,53947.14,2026-08-01 04:49:47,4
TXN-0001836,CMP-000821,ACC-001189,ACC-000091,680.84,2026-08-18 20:53:28,1
TXN-0001837,CMP-000821,ACC-000091,ACC-000174,647.1,2026-08-19 01:21:28,2
TXN-0001838,CMP-000821,ACC-000174,ACC-000484,595.84,2026-08-19 07:18:28,3
TXN-0001839,CMP-000822,ACC-000806,ACC-000899,29865.44,2026-08-02 21:49:06,1
TXN-0001840,CMP-000822,ACC-000899,ACC-000160,28600.47,2026-08-03 03:05:06,2
TXN-0001841,CMP-000823,ACC-000258,ACC-000189,3600.63,2026-08-20 14:29:35,1
TXN-0001842,CMP-000823,ACC-000189,ACC-000115,3433.63,2026-08-20 15:51:35,2
TXN-0001843,CMP-000824,ACC-000558,ACC-000730,4349.93,2026-06-05 22:19:15,1
TXN-0001844,CMP-000825,ACC-001026,ACC-001117,1285.18,2026-07-08 15:17:01,1
TXN-0001845,CMP-000825,ACC-001117,ACC-000453,1217.23,2026-07-08 19:29:01,2
TXN-0001846,CMP-000825,ACC-000453,ACC-000031,1168.56,2026-07-08 20:45:01,3
TXN-0001847,CMP-000826,ACC-000824,ACC-000076,2241.86,2026-07-05 12:38:51,1
TXN-0001848,CMP-000826,ACC-000076,ACC-000072,2144.99,2026-07-05 13:03:51,2
TXN-0001849,CMP-000827,ACC-000333,ACC-000061,3352.45,2026-08-25 06:15:11,1
TXN-0001850,CMP-000828,ACC-000642,ACC-000177,877.21,2026-08-02 20:51:16,1
TXN-0001851,CMP-000828,ACC-000177,ACC-000171,854.56,2026-08-03 01:57:16,2
TXN-0001852,CMP-000828,ACC-000171,ACC-000097,792.28,2026-08-03 03:18:16,3
TXN-0001853,CMP-000828,ACC-000097,ACC-000050,732.44,2026-08-03 07:42:16,4
TXN-0001854,CMP-000829,ACC-000362,ACC-000599,7154.71,2026-06-06 17:21:29,1
TXN-0001855,CMP-000829,ACC-000599,ACC-000199,7080.89,2026-06-06 18:48:29,2
TXN-0001856,CMP-000830,ACC-000895,ACC-000047,5400.53,2026-08-02 08:06:56,1
TXN-0001857,CMP-000830,ACC-000047,ACC-000839,5264.29,2026-08-02 12:26:56,2
TXN-0001858,CMP-000831,ACC-001081,ACC-000134,2800.04,2026-08-17 19:54:01,1
TXN-0001859,CMP-000831,ACC-000134,ACC-000152,2733.81,2026-08-17 23:50:01,2
TXN-0001860,CMP-000832,ACC-000750,ACC-000256,1109.23,2026-08-09 10:26:38,1
TXN-0001861,CMP-000832,ACC-000256,ACC-001200,1027.64,2026-08-09 15:59:38,2
TXN-0001862,CMP-000832,ACC-001200,ACC-000317,973.56,2026-08-09 21:43:38,3
TXN-0001863,CMP-000833,ACC-000555,ACC-001075,9480.12,2026-08-28 04:44:53,1
TXN-0001864,CMP-000833,ACC-001075,ACC-000168,9245.29,2026-08-28 07:54:53,2
TXN-0001865,CMP-000833,ACC-000168,ACC-000214,9113.84,2026-08-28 09:51:53,3
TXN-0001866,CMP-000834,ACC-000306,ACC-000279,343.49,2026-06-03 15:03:04,1
TXN-0001867,CMP-000834,ACC-000279,ACC-000204,320.79,2026-06-03 17:25:04,2
TXN-0001868,CMP-000834,ACC-000204,ACC-000015,301.79,2026-06-03 19:27:04,3
TXN-0001869,CMP-000835,ACC-000457,ACC-000165,5091.09,2026-08-13 11:06:44,1
TXN-0001870,CMP-000835,ACC-000165,ACC-000173,4979.55,2026-08-13 15:36:44,2
TXN-0001871,CMP-000835,ACC-000173,ACC-000060,4591.4,2026-08-13 21:20:44,3
TXN-0001872,CMP-000835,ACC-000060,ACC-000348,4341.37,2026-08-14 01:26:44,4
TXN-0001873,CMP-000836,ACC-000797,ACC-000049,58231.4,2026-07-05 20:17:32,1
TXN-0001874,CMP-000836,ACC-000049,ACC-000027,56952.55,2026-07-05 22:30:32,2
TXN-0001875,CMP-000837,ACC-000686,ACC-000010,10069.23,2026-06-09 20:40:59,1
TXN-0001876,CMP-000837,ACC-000010,ACC-000052,9518.27,2026-06-09 21:01:59,2
TXN-0001877,CMP-000838,ACC-000592,ACC-000550,1586.83,2026-08-16 20:27:46,1
TXN-0001878,CMP-000838,ACC-000550,ACC-000096,1526.92,2026-08-16 22:12:46,2
TXN-0001879,CMP-000839,ACC-000833,ACC-000209,1890.18,2026-06-22 10:57:09,1
TXN-0001880,CMP-000839,ACC-000209,ACC-000046,1843.29,2026-06-22 13:58:09,2
TXN-0001881,CMP-000839,ACC-000046,ACC-000112,1696.44,2026-06-22 18:50:09,3
TXN-0001882,CMP-000839,ACC-000112,ACC-001073,1610.8,2026-06-22 21:46:09,4
TXN-0001883,CMP-000840,ACC-000950,ACC-000054,14747.29,2026-08-20 06:40:22,1
TXN-0001884,CMP-000841,ACC-000334,ACC-000068,3763.8,2026-07-01 18:19:37,1
TXN-0001885,CMP-000841,ACC-000068,ACC-000177,3619.89,2026-07-02 00:14:37,2
TXN-0001886,CMP-000841,ACC-000177,ACC-000112,3389.22,2026-07-02 02:13:37,3
TXN-0001887,CMP-000841,ACC-000112,ACC-000751,3321.75,2026-07-02 05:07:37,4
TXN-0001888,CMP-000842,ACC-000827,ACC-000108,63446.66,2026-06-03 18:32:09,1
TXN-0001889,CMP-000842,ACC-000108,ACC-000040,62301.09,2026-06-03 20:52:09,2
TXN-0001890,CMP-000843,ACC-000759,ACC-000033,11221.21,2026-06-14 21:01:32,1
TXN-0001891,CMP-000843,ACC-000033,ACC-000178,10713.04,2026-06-15 01:36:32,2
TXN-0001892,CMP-000844,ACC-001118,ACC-000181,2465.51,2026-08-16 23:57:17,1
TXN-0001893,CMP-000844,ACC-000181,ACC-000982,2425.12,2026-08-17 00:43:17,2
TXN-0001894,CMP-000845,ACC-001102,ACC-000924,8443.99,2026-06-04 17:46:30,1
TXN-0001895,CMP-000845,ACC-000924,ACC-000112,7898.46,2026-06-04 21:43:30,2
TXN-0001896,CMP-000846,ACC-000387,ACC-000405,1933.29,2026-07-21 11:07:02,1
TXN-0001897,CMP-000846,ACC-000405,ACC-000134,1791.55,2026-07-21 12:23:02,2
TXN-0001898,CMP-000847,ACC-001134,ACC-000151,3212.99,2026-08-18 07:51:14,1
TXN-0001899,CMP-000847,ACC-000151,ACC-001151,3154.54,2026-08-18 09:24:14,2
TXN-0001900,CMP-000848,ACC-001151,ACC-000065,314975.79,2026-08-22 00:43:52,1
TXN-0001901,CMP-000848,ACC-000065,ACC-000051,303479.34,2026-08-22 01:18:52,2
TXN-0001902,CMP-000849,ACC-000923,ACC-000188,15753.72,2026-08-07 23:01:53,1
TXN-0001903,CMP-000849,ACC-000188,ACC-000079,14974.03,2026-08-08 03:18:53,2
TXN-0001904,CMP-000849,ACC-000079,ACC-000901,14127.86,2026-08-08 06:11:53,3
TXN-0001905,CMP-000850,ACC-000307,ACC-000029,52474.5,2026-08-22 22:30:18,1
TXN-0001906,CMP-000850,ACC-000029,ACC-000956,48912.9,2026-08-23 00:25:18,2
TXN-0001907,CMP-000850,ACC-000956,ACC-000216,47834.12,2026-08-23 05:01:18,3
TXN-0001908,CMP-000850,ACC-000216,ACC-000742,47212.7,2026-08-23 07:43:18,4
TXN-0001909,CMP-000851,ACC-001068,ACC-000008,3050.0,2026-08-03 20:34:37,1
TXN-0001910,CMP-000851,ACC-000008,ACC-000178,2815.86,2026-08-04 02:26:37,2
TXN-0001911,CMP-000851,ACC-000178,ACC-000064,2745.41,2026-08-04 04:32:37,3
TXN-0001912,CMP-000852,ACC-000505,ACC-000080,4392.97,2026-06-14 09:35:07,1
TXN-0001913,CMP-000852,ACC-000080,ACC-000193,4262.43,2026-06-14 12:09:07,2
TXN-0001914,CMP-000853,ACC-000724,ACC-000009,39948.26,2026-08-01 12:48:39,1
TXN-0001915,CMP-000853,ACC-000009,ACC-000018,37794.08,2026-08-01 13:36:39,2
TXN-0001916,CMP-000854,ACC-000902,ACC-000172,1417.88,2026-07-25 10:57:31,1
TXN-0001917,CMP-000854,ACC-000172,ACC-000153,1362.47,2026-07-25 16:46:31,2
TXN-0001918,CMP-000856,ACC-000862,ACC-000489,2592.49,2026-07-05 16:22:55,1
TXN-0001919,CMP-000856,ACC-000489,ACC-000130,2477.5,2026-07-05 20:05:55,2
TXN-0001920,CMP-000856,ACC-000130,ACC-000018,2293.76,2026-07-05 20:37:55,3
TXN-0001921,CMP-000856,ACC-000018,ACC-000043,2146.96,2026-07-06 01:58:55,4
TXN-0001922,CMP-000857,ACC-000912,ACC-000185,24027.89,2026-08-10 17:32:21,1
TXN-0001923,CMP-000857,ACC-000185,ACC-000025,22837.56,2026-08-10 21:44:21,2
TXN-0001924,CMP-000858,ACC-000299,ACC-000012,569537.32,2026-08-22 15:54:14,1
TXN-0001925,CMP-000858,ACC-000012,ACC-000020,553495.71,2026-08-22 16:40:14,2
TXN-0001926,CMP-000858,ACC-000020,ACC-000004,511404.34,2026-08-22 19:05:14,3
TXN-0001927,CMP-000860,ACC-000968,ACC-000810,1113.67,2026-07-30 05:38:52,1
TXN-0001928,CMP-000861,ACC-000704,ACC-000095,5307.48,2026-06-14 01:38:34,1
TXN-0001929,CMP-000862,ACC-000539,ACC-000026,8378.59,2026-06-27 20:47:08,1
TXN-0001930,CMP-000862,ACC-000026,ACC-000039,8166.28,2026-06-27 22:37:08,2
TXN-0001931,CMP-000863,ACC-000249,ACC-000160,5954.38,2026-08-08 15:29:48,1
TXN-0001932,CMP-000863,ACC-000160,ACC-000860,5688.51,2026-08-08 15:56:48,2
TXN-0001933,CMP-000864,ACC-000676,ACC-000079,117359.71,2026-06-02 02:22:25,1
TXN-0001934,CMP-000864,ACC-000079,ACC-000107,110277.9,2026-06-02 02:57:25,2
TXN-0001935,CMP-000864,ACC-000107,ACC-000095,102688.33,2026-06-02 03:03:25,3
TXN-0001936,CMP-000865,ACC-000415,ACC-000117,3928.64,2026-06-26 00:49:58,1
TXN-0001937,CMP-000865,ACC-000117,ACC-000002,3799.18,2026-06-26 05:21:58,2
TXN-0001938,CMP-000866,ACC-000405,ACC-000196,118874.87,2026-07-12 21:13:48,1
TXN-0001939,CMP-000866,ACC-000196,ACC-000152,113349.79,2026-07-12 23:23:48,2
TXN-0001940,CMP-000866,ACC-000152,ACC-000036,104382.02,2026-07-13 03:49:48,3
TXN-0001941,CMP-000868,ACC-000252,ACC-000164,9360.63,2026-07-06 14:02:11,1
TXN-0001942,CMP-000868,ACC-000164,ACC-000054,9081.77,2026-07-06 14:32:11,2
TXN-0001943,CMP-000869,ACC-000718,ACC-000178,4284.44,2026-08-03 04:50:08,1
TXN-0001944,CMP-000869,ACC-000178,ACC-001071,4101.58,2026-08-03 10:05:08,2
TXN-0001945,CMP-000870,ACC-000441,ACC-000207,1600.26,2026-08-16 22:04:29,1
TXN-0001946,CMP-000871,ACC-000473,ACC-000178,2772.53,2026-06-11 06:46:37,1
TXN-0001947,CMP-000871,ACC-000178,ACC-000126,2617.51,2026-06-11 10:10:37,2
TXN-0001948,CMP-000871,ACC-000126,ACC-000962,2442.2,2026-06-11 13:54:37,3
TXN-0001949,CMP-000872,ACC-000330,ACC-000288,1841.24,2026-08-10 17:42:31,1
TXN-0001950,CMP-000872,ACC-000288,ACC-000002,1712.16,2026-08-10 21:24:31,2
TXN-0001951,CMP-000872,ACC-000002,ACC-000119,1623.22,2026-08-10 22:37:31,3
TXN-0001952,CMP-000874,ACC-000584,ACC-000313,4939.23,2026-07-17 19:49:05,1
TXN-0001953,CMP-000874,ACC-000313,ACC-000004,4732.34,2026-07-18 00:22:05,2
TXN-0001954,CMP-000875,ACC-001002,ACC-000112,3208.36,2026-07-30 00:12:21,1
TXN-0001955,CMP-000875,ACC-000112,ACC-000055,3019.5,2026-07-30 03:37:21,2
TXN-0001956,CMP-000876,ACC-000224,ACC-000166,12586.09,2026-06-20 20:56:38,1
TXN-0001957,CMP-000876,ACC-000166,ACC-000025,11945.79,2026-06-20 21:50:38,2
TXN-0001958,CMP-000877,ACC-001071,ACC-000023,15535.51,2026-08-09 22:20:33,1
TXN-0001959,CMP-000878,ACC-001018,ACC-000071,4347.44,2026-06-10 08:12:49,1
TXN-0001960,CMP-000878,ACC-000071,ACC-000189,4296.95,2026-06-10 11:35:49,2
TXN-0001961,CMP-000878,ACC-000189,ACC-000090,4232.01,2026-06-10 13:30:49,3
TXN-0001962,CMP-000878,ACC-000090,ACC-000047,4124.34,2026-06-10 15:33:49,4
TXN-0001963,CMP-000879,ACC-000635,ACC-000172,9297.83,2026-06-15 19:33:25,1
TXN-0001964,CMP-000879,ACC-000172,ACC-000057,9052.23,2026-06-16 00:33:25,2
TXN-0001965,CMP-000880,ACC-000331,ACC-000718,1277.14,2026-08-19 18:42:35,1
TXN-0001966,CMP-000880,ACC-000718,ACC-000169,1209.24,2026-08-19 23:53:35,2
TXN-0001967,CMP-000880,ACC-000169,ACC-000136,1116.2,2026-08-20 02:13:35,3
TXN-0001968,CMP-000881,ACC-001187,ACC-000032,743.76,2026-06-02 19:47:42,1
TXN-0001969,CMP-000882,ACC-000678,ACC-000054,1323.93,2026-07-16 21:17:22,1
TXN-0001970,CMP-000883,ACC-000893,ACC-000188,3764.16,2026-07-18 12:54:53,1
TXN-0001971,CMP-000883,ACC-000188,ACC-000131,3614.94,2026-07-18 15:24:53,2
TXN-0001972,CMP-000884,ACC-000962,ACC-000179,4687.76,2026-07-08 13:36:25,1
TXN-0001973,CMP-000885,ACC-000480,ACC-000144,7390.73,2026-07-14 11:12:30,1
TXN-0001974,CMP-000885,ACC-000144,ACC-000157,7314.18,2026-07-14 11:21:30,2
TXN-0001975,CMP-000885,ACC-000157,ACC-000168,6837.21,2026-07-14 17:16:30,3
TXN-0001976,CMP-000885,ACC-000168,ACC-000892,6628.4,2026-07-14 20:49:30,4
TXN-0001977,CMP-000886,ACC-000717,ACC-000177,5513.69,2026-08-19 11:49:29,1
TXN-0001978,CMP-000886,ACC-000177,ACC-000259,5388.3,2026-08-19 15:26:29,2
TXN-0001979,CMP-000886,ACC-000259,ACC-000020,5072.31,2026-08-19 19:01:29,3
TXN-0001980,CMP-000887,ACC-000746,ACC-000265,1187.02,2026-08-04 22:26:27,1
TXN-0001981,CMP-000887,ACC-000265,ACC-000125,1096.51,2026-08-05 03:02:27,2
TXN-0001982,CMP-000887,ACC-000125,ACC-001191,1062.34,2026-08-05 04:05:27,3
TXN-0001983,CMP-000888,ACC-000839,ACC-000168,2846.61,2026-07-11 04:59:55,1
TXN-0001984,CMP-000888,ACC-000168,ACC-000129,2696.4,2026-07-11 10:57:55,2
TXN-0001985,CMP-000889,ACC-000952,ACC-000086,8883.97,2026-08-21 12:09:21,1
TXN-0001986,CMP-000889,ACC-000086,ACC-000156,8366.33,2026-08-21 17:22:21,2
TXN-0001987,CMP-000890,ACC-000408,ACC-000166,11839.77,2026-08-06 02:55:51,1
TXN-0001988,CMP-000890,ACC-000166,ACC-000105,11468.46,2026-08-06 05:00:51,2
TXN-0001989,CMP-000891,ACC-000531,ACC-000591,7124.9,2026-07-17 03:47:41,1
TXN-0001990,CMP-000891,ACC-000591,ACC-000078,6942.53,2026-07-17 06:47:41,2
TXN-0001991,CMP-000891,ACC-000078,ACC-000092,6519.47,2026-07-17 11:59:41,3
TXN-0001992,CMP-000891,ACC-000092,ACC-000040,6145.17,2026-07-17 12:38:41,4
TXN-0001993,CMP-000892,ACC-000496,ACC-000338,9489.31,2026-06-02 14:44:47,1
TXN-0001994,CMP-000892,ACC-000338,ACC-000182,9268.94,2026-06-02 15:51:47,2
TXN-0001995,CMP-000892,ACC-000182,ACC-000126,8678.78,2026-06-02 21:02:47,3
TXN-0001996,CMP-000892,ACC-000126,ACC-000073,8043.81,2026-06-02 22:53:47,4
TXN-0001997,CMP-000894,ACC-000443,ACC-000135,4224.43,2026-08-12 21:36:27,1
TXN-0001998,CMP-000896,ACC-000539,ACC-000135,4358.0,2026-07-11 14:36:42,1
TXN-0001999,CMP-000896,ACC-000135,ACC-000170,4221.61,2026-07-11 17:17:42,2
TXN-0002000,CMP-000897,ACC-000604,ACC-000047,48677.93,2026-08-19 21:58:35,1
TXN-0002001,CMP-000897,ACC-000047,ACC-000142,47177.84,2026-08-20 01:58:35,2
TXN-0002002,CMP-000898,ACC-000342,ACC-001058,84542.5,2026-08-28 05:18:53,1
TXN-0002003,CMP-000898,ACC-001058,ACC-000067,79056.16,2026-08-28 10:41:53,2
TXN-0002004,CMP-000898,ACC-000067,ACC-000170,75237.55,2026-08-28 14:50:53,3
TXN-0002005,CMP-000898,ACC-000170,ACC-000210,71740.32,2026-08-28 16:50:53,4
TXN-0002006,CMP-000899,ACC-001105,ACC-000139,135397.14,2026-07-25 00:08:45,1
TXN-0002007,CMP-000899,ACC-000139,ACC-000018,129543.21,2026-07-25 02:10:45,2
TXN-0002008,CMP-000900,ACC-000818,ACC-000026,4495.77,2026-07-15 11:00:12,1
TXN-0002009,CMP-000900,ACC-000026,ACC-001187,4416.69,2026-07-15 11:56:12,2
TXN-0002010,CMP-000900,ACC-001187,ACC-000095,4153.07,2026-07-15 13:27:12,3
TXN-0002011,CMP-000900,ACC-000095,ACC-000058,4074.51,2026-07-15 15:50:12,4
TXN-0002012,CMP-000901,ACC-000570,ACC-001198,5481.6,2026-07-27 20:58:17,1
TXN-0002013,CMP-000901,ACC-001198,ACC-000132,5177.77,2026-07-27 21:49:17,2
TXN-0002014,CMP-000902,ACC-000727,ACC-000111,1775.42,2026-06-14 21:48:49,1
TXN-0002015,CMP-000903,ACC-000347,ACC-000208,3588.84,2026-06-10 07:23:20,1
TXN-0002016,CMP-000903,ACC-000208,ACC-000205,3379.87,2026-06-10 12:53:20,2
TXN-0002017,CMP-000904,ACC-000490,ACC-000190,8932.4,2026-06-27 02:40:52,1
TXN-0002018,CMP-000904,ACC-000190,ACC-000021,8705.46,2026-06-27 02:58:52,2
TXN-0002019,CMP-000904,ACC-000021,ACC-000205,8242.62,2026-06-27 08:18:52,3
TXN-0002020,CMP-000905,ACC-000922,ACC-000149,2887.63,2026-06-26 16:17:58,1
TXN-0002021,CMP-000905,ACC-000149,ACC-000194,2777.89,2026-06-26 17:47:58,2
TXN-0002022,CMP-000905,ACC-000194,ACC-000028,2600.72,2026-06-26 21:08:58,3
TXN-0002023,CMP-000905,ACC-000028,ACC-000214,2409.57,2026-06-26 21:46:58,4
TXN-0002024,CMP-000906,ACC-000893,ACC-000028,4698.98,2026-06-04 14:52:28,1
TXN-0002025,CMP-000907,ACC-000440,ACC-000204,10632.53,2026-08-06 04:09:08,1
TXN-0002026,CMP-000907,ACC-000204,ACC-000101,10381.78,2026-08-06 09:59:08,2
TXN-0002027,CMP-000908,ACC-001151,ACC-000144,1105.0,2026-07-03 06:59:49,1
TXN-0002028,CMP-000908,ACC-000144,ACC-000757,1073.19,2026-07-03 11:23:49,2
TXN-0002029,CMP-000909,ACC-000319,ACC-000047,6537.06,2026-06-25 20:18:12,1
TXN-0002030,CMP-000909,ACC-000047,ACC-001122,6165.0,2026-06-25 20:33:12,2
TXN-0002031,CMP-000910,ACC-000464,ACC-000063,2527.4,2026-06-30 11:21:33,1
TXN-0002032,CMP-000910,ACC-000063,ACC-000069,2467.97,2026-06-30 14:37:33,2
TXN-0002033,CMP-000910,ACC-000069,ACC-000115,2416.26,2026-06-30 14:46:33,3
TXN-0002034,CMP-000911,ACC-000338,ACC-000257,61404.54,2026-08-05 20:35:03,1
TXN-0002035,CMP-000911,ACC-000257,ACC-000088,60196.84,2026-08-06 00:07:03,2
TXN-0002036,CMP-000911,ACC-000088,ACC-000073,57310.61,2026-08-06 04:53:03,3
TXN-0002037,CMP-000912,ACC-000979,ACC-000111,1468.98,2026-08-12 03:26:54,1
TXN-0002038,CMP-000912,ACC-000111,ACC-000668,1447.56,2026-08-12 05:56:54,2
TXN-0002039,CMP-000912,ACC-000668,ACC-000155,1397.12,2026-08-12 11:42:54,3
TXN-0002040,CMP-000913,ACC-000891,ACC-000073,183695.6,2026-07-11 06:32:15,1
TXN-0002041,CMP-000913,ACC-000073,ACC-000025,178004.64,2026-07-11 12:05:15,2
TXN-0002042,CMP-000913,ACC-000025,ACC-000174,171044.11,2026-07-11 12:53:15,3
TXN-0002043,CMP-000914,ACC-001017,ACC-000096,3305.89,2026-08-28 06:06:09,1
TXN-0002044,CMP-000915,ACC-000650,ACC-001058,2792.71,2026-08-23 21:26:12,1
TXN-0002045,CMP-000915,ACC-001058,ACC-000006,2584.26,2026-08-24 01:49:12,2
TXN-0002046,CMP-000916,ACC-000695,ACC-000073,1587.47,2026-06-07 14:17:55,1
TXN-0002047,CMP-000916,ACC-000073,ACC-000138,1537.62,2026-06-07 17:30:55,2
TXN-0002048,CMP-000917,ACC-000661,ACC-000242,10391.78,2026-08-21 16:34:42,1
TXN-0002049,CMP-000917,ACC-000242,ACC-000065,9857.93,2026-08-21 21:34:42,2
TXN-0002050,CMP-000918,ACC-000582,ACC-000160,5623.01,2026-08-24 11:35:30,1
TXN-0002051,CMP-000918,ACC-000160,ACC-000990,5393.98,2026-08-24 12:16:30,2
TXN-0002052,CMP-000919,ACC-000594,ACC-000024,405804.43,2026-07-14 12:47:32,1
TXN-0002053,CMP-000919,ACC-000024,ACC-000153,397748.63,2026-07-14 17:27:32,2
TXN-0002054,CMP-000919,ACC-000153,ACC-000208,393743.08,2026-07-14 21:11:32,3
TXN-0002055,CMP-000920,ACC-000247,ACC-000535,24424.58,2026-07-06 09:36:07,1
TXN-0002056,CMP-000920,ACC-000535,ACC-000081,23450.23,2026-07-06 13:09:07,2
TXN-0002057,CMP-000921,ACC-001139,ACC-000003,6591.21,2026-06-13 00:47:04,1
TXN-0002058,CMP-000921,ACC-000003,ACC-000057,6456.16,2026-06-13 02:04:04,2
TXN-0002059,CMP-000922,ACC-000701,ACC-000692,2232.53,2026-07-14 08:26:58,1
TXN-0002060,CMP-000923,ACC-000303,ACC-000745,24515.26,2026-07-04 22:26:10,1
TXN-0002061,CMP-000924,ACC-000419,ACC-000011,64111.75,2026-08-20 09:06:40,1
TXN-0002062,CMP-000924,ACC-000011,ACC-000013,60121.5,2026-08-20 14:59:40,2
TXN-0002063,CMP-000925,ACC-000733,ACC-000198,3008.22,2026-06-15 11:24:30,1
TXN-0002064,CMP-000925,ACC-000198,ACC-000079,2909.55,2026-06-15 12:46:30,2
TXN-0002065,CMP-000925,ACC-000079,ACC-000008,2766.35,2026-06-15 16:26:30,3
TXN-0002066,CMP-000926,ACC-001072,ACC-000186,41350.99,2026-06-22 09:14:31,1
TXN-0002067,CMP-000926,ACC-000186,ACC-000170,38543.84,2026-06-22 12:50:31,2
TXN-0002068,CMP-000927,ACC-000857,ACC-000054,1018.18,2026-07-10 22:37:03,1
TXN-0002069,CMP-000927,ACC-000054,ACC-001122,1001.93,2026-07-11 03:51:03,2
TXN-0002070,CMP-000928,ACC-000304,ACC-000222,2021.57,2026-08-06 07:16:02,1
TXN-0002071,CMP-000928,ACC-000222,ACC-000048,1993.0,2026-08-06 11:38:02,2
TXN-0002072,CMP-000930,ACC-000950,ACC-000025,25435.08,2026-07-30 01:01:50,1
TXN-0002073,CMP-000930,ACC-000025,ACC-000304,23827.63,2026-07-30 04:25:50,2
TXN-0002074,CMP-000930,ACC-000304,ACC-000106,22714.22,2026-07-30 04:42:50,3
TXN-0002075,CMP-000931,ACC-001131,ACC-000119,2560.43,2026-08-02 14:07:12,1
TXN-0002076,CMP-000931,ACC-000119,ACC-000101,2409.01,2026-08-02 14:50:12,2
TXN-0002077,CMP-000931,ACC-000101,ACC-000062,2345.55,2026-08-02 20:28:12,3
TXN-0002078,CMP-000931,ACC-000062,ACC-000219,2260.03,2026-08-02 21:02:12,4
TXN-0002079,CMP-000932,ACC-001002,ACC-000024,7040.91,2026-07-15 11:50:34,1
TXN-0002080,CMP-000932,ACC-000024,ACC-000148,6727.14,2026-07-15 13:58:34,2
TXN-0002081,CMP-000932,ACC-000148,ACC-000151,6313.0,2026-07-15 16:08:34,3
TXN-0002082,CMP-000933,ACC-000665,ACC-000140,1125.84,2026-08-20 03:32:36,1
TXN-0002083,CMP-000933,ACC-000140,ACC-000132,1069.65,2026-08-20 03:53:36,2
TXN-0002084,CMP-000934,ACC-001096,ACC-000005,3038.17,2026-08-04 01:29:48,1
TXN-0002085,CMP-000935,ACC-000529,ACC-000758,292436.1,2026-07-28 15:51:13,1
TXN-0002086,CMP-000935,ACC-000758,ACC-000104,284709.01,2026-07-28 20:12:13,2
TXN-0002087,CMP-000935,ACC-000104,ACC-000144,269886.25,2026-07-28 22:57:13,3
TXN-0002088,CMP-000936,ACC-001048,ACC-000013,3214.92,2026-06-07 04:57:04,1
TXN-0002089,CMP-000936,ACC-000013,ACC-000781,3048.15,2026-06-07 05:41:04,2
TXN-0002090,CMP-000936,ACC-000781,ACC-000072,2904.66,2026-06-07 09:23:04,3
TXN-0002091,CMP-000937,ACC-000510,ACC-000195,5018.21,2026-06-27 19:24:55,1
TXN-0002092,CMP-000937,ACC-000195,ACC-000132,4757.23,2026-06-28 01:02:55,2
TXN-0002093,CMP-000937,ACC-000132,ACC-000855,4504.33,2026-06-28 02:22:55,3
TXN-0002094,CMP-000938,ACC-000313,ACC-000105,36710.91,2026-06-30 02:15:25,1
TXN-0002095,CMP-000938,ACC-000105,ACC-000086,35423.58,2026-06-30 02:54:25,2
TXN-0002096,CMP-000938,ACC-000086,ACC-000077,34328.88,2026-06-30 08:53:25,3
TXN-0002097,CMP-000939,ACC-000497,ACC-000081,2932.6,2026-06-05 22:45:40,1
TXN-0002098,CMP-000939,ACC-000081,ACC-000090,2837.67,2026-06-06 04:09:40,2
TXN-0002099,CMP-000940,ACC-000462,ACC-000013,60276.27,2026-08-02 11:53:01,1
TXN-0002100,CMP-000940,ACC-000013,ACC-000024,56755.1,2026-08-02 14:35:01,2
TXN-0002101,CMP-000941,ACC-000376,ACC-000109,2741.65,2026-07-19 09:23:33,1
TXN-0002102,CMP-000941,ACC-000109,ACC-000073,2609.68,2026-07-19 12:02:33,2
TXN-0002103,CMP-000941,ACC-000073,ACC-000440,2435.24,2026-07-19 17:17:33,3
TXN-0002104,CMP-000942,ACC-000841,ACC-001191,751.2,2026-07-08 18:14:10,1
TXN-0002105,CMP-000942,ACC-001191,ACC-000931,725.03,2026-07-08 21:21:10,2
TXN-0002106,CMP-000942,ACC-000931,ACC-000842,713.51,2026-07-09 03:15:10,3
TXN-0002107,CMP-000942,ACC-000842,ACC-000070,677.09,2026-07-09 07:34:10,4
TXN-0002108,CMP-000943,ACC-000904,ACC-000882,1300.13,2026-08-19 00:57:19,1
TXN-0002109,CMP-000943,ACC-000882,ACC-000119,1242.91,2026-08-19 02:42:19,2
TXN-0002110,CMP-000943,ACC-000119,ACC-000029,1210.68,2026-08-19 07:20:19,3
TXN-0002111,CMP-000943,ACC-000029,ACC-000308,1131.63,2026-08-19 12:43:19,4
TXN-0002112,CMP-000944,ACC-000656,ACC-000117,184014.59,2026-07-23 00:07:12,1
TXN-0002113,CMP-000944,ACC-000117,ACC-000936,177278.07,2026-07-23 05:07:12,2
TXN-0002114,CMP-000945,ACC-001122,ACC-000035,11503.12,2026-07-05 17:51:55,1
TXN-0002115,CMP-000945,ACC-000035,ACC-000063,11193.14,2026-07-05 19:27:55,2
TXN-0002116,CMP-000945,ACC-000063,ACC-000067,11036.13,2026-07-05 20:21:55,3
TXN-0002117,CMP-000945,ACC-000067,ACC-000095,10564.61,2026-07-06 01:18:55,4
TXN-0002118,CMP-000946,ACC-000431,ACC-000616,69788.85,2026-08-23 22:43:39,1
TXN-0002119,CMP-000946,ACC-000616,ACC-000032,67642.87,2026-08-24 00:16:39,2
TXN-0002120,CMP-000946,ACC-000032,ACC-000084,62718.18,2026-08-24 05:32:39,3
TXN-0002121,CMP-000946,ACC-000084,ACC-000691,59734.78,2026-08-24 07:40:39,4
TXN-0002122,CMP-000947,ACC-000608,ACC-000136,6388.22,2026-08-11 20:36:58,1
TXN-0002123,CMP-000947,ACC-000136,ACC-000137,6009.17,2026-08-11 21:25:58,2
TXN-0002124,CMP-000947,ACC-000137,ACC-000091,5565.5,2026-08-11 23:37:58,3
TXN-0002125,CMP-000948,ACC-000869,ACC-000423,19226.54,2026-06-18 19:56:24,1
TXN-0002126,CMP-000948,ACC-000423,ACC-000072,18087.91,2026-06-18 23:51:24,2
TXN-0002127,CMP-000948,ACC-000072,ACC-000175,17491.38,2026-06-19 00:47:24,3
TXN-0002128,CMP-000949,ACC-000688,ACC-000066,1842.06,2026-06-22 13:09:29,1
TXN-0002129,CMP-000949,ACC-000066,ACC-000070,1790.3,2026-06-22 16:55:29,2
TXN-0002130,CMP-000950,ACC-001052,ACC-001011,27031.52,2026-08-16 13:43:13,1
TXN-0002131,CMP-000950,ACC-001011,ACC-000209,25638.39,2026-08-16 19:02:13,2
TXN-0002132,CMP-000951,ACC-001161,ACC-000112,4913.26,2026-07-16 02:34:14,1
TXN-0002133,CMP-000951,ACC-000112,ACC-001190,4555.62,2026-07-16 06:13:14,2
TXN-0002134,CMP-000952,ACC-000306,ACC-000052,2521.25,2026-07-27 14:54:14,1
TXN-0002135,CMP-000952,ACC-000052,ACC-000084,2436.76,2026-07-27 16:07:14,2
TXN-0002136,CMP-000952,ACC-000084,ACC-000261,2310.82,2026-07-27 17:24:14,3
TXN-0002137,CMP-000953,ACC-000848,ACC-000016,2688.9,2026-06-20 01:37:35,1
TXN-0002138,CMP-000953,ACC-000016,ACC-000049,2621.01,2026-06-20 06:58:35,2
TXN-0002139,CMP-000953,ACC-000049,ACC-000149,2586.47,2026-06-20 07:18:35,3
TXN-0002140,CMP-000954,ACC-000808,ACC-000123,11929.3,2026-06-29 22:15:21,1
TXN-0002141,CMP-000954,ACC-000123,ACC-000089,11527.8,2026-06-30 03:44:21,2
TXN-0002142,CMP-000954,ACC-000089,ACC-000046,10889.37,2026-06-30 04:55:21,3
TXN-0002143,CMP-000955,ACC-000732,ACC-000011,3414.89,2026-06-20 05:49:41,1
TXN-0002144,CMP-000956,ACC-000552,ACC-000121,16858.47,2026-07-15 00:57:55,1
TXN-0002145,CMP-000956,ACC-000121,ACC-000097,15680.61,2026-07-15 04:01:55,2
TXN-0002146,CMP-000956,ACC-000097,ACC-000197,14630.62,2026-07-15 04:28:55,3
TXN-0002147,CMP-000957,ACC-000777,ACC-000011,4638.88,2026-06-08 22:38:15,1
TXN-0002148,CMP-000957,ACC-000011,ACC-000035,4391.2,2026-06-09 01:10:15,2
TXN-0002149,CMP-000957,ACC-000035,ACC-000064,4283.14,2026-06-09 02:48:15,3
TXN-0002150,CMP-000958,ACC-000945,ACC-000567,2539.12,2026-08-01 16:49:59,1
TXN-0002151,CMP-000958,ACC-000567,ACC-000176,2507.69,2026-08-01 17:15:59,2
TXN-0002152,CMP-000958,ACC-000176,ACC-000110,2352.22,2026-08-01 18:02:59,3
TXN-0002153,CMP-000959,ACC-000502,ACC-000067,5053.61,2026-08-15 01:34:26,1
TXN-0002154,CMP-000959,ACC-000067,ACC-000122,4774.7,2026-08-15 02:47:26,2
TXN-0002155,CMP-000960,ACC-000733,ACC-000149,71123.3,2026-08-14 04:43:18,1
TXN-0002156,CMP-000960,ACC-000149,ACC-000026,65802.2,2026-08-14 08:07:18,2
TXN-0002157,CMP-000960,ACC-000026,ACC-000087,62457.36,2026-08-14 09:17:18,3
TXN-0002158,CMP-000960,ACC-000087,ACC-000561,61147.89,2026-08-14 09:33:18,4
TXN-0002159,CMP-000961,ACC-000226,ACC-000045,539.56,2026-07-12 18:27:37,1
TXN-0002160,CMP-000961,ACC-000045,ACC-000781,521.53,2026-07-12 22:20:37,2
TXN-0002161,CMP-000961,ACC-000781,ACC-000909,507.32,2026-07-13 03:40:37,3
TXN-0002162,CMP-000961,ACC-000909,ACC-000023,467.33,2026-07-13 06:33:37,4
TXN-0002163,CMP-000963,ACC-000367,ACC-000527,7559.2,2026-06-02 12:20:31,1
TXN-0002164,CMP-000963,ACC-000527,ACC-000037,7255.83,2026-06-02 15:02:31,2
TXN-0002165,CMP-000963,ACC-000037,ACC-000160,7058.07,2026-06-02 17:19:31,3
TXN-0002166,CMP-000964,ACC-001074,ACC-000048,491808.14,2026-06-02 17:01:27,1
TXN-0002167,CMP-000964,ACC-000048,ACC-001080,468789.67,2026-06-02 22:33:27,2
TXN-0002168,CMP-000965,ACC-000838,ACC-000168,3994.92,2026-08-07 05:21:59,1
TXN-0002169,CMP-000966,ACC-000661,ACC-000203,1622.89,2026-07-18 10:01:44,1
TXN-0002170,CMP-000966,ACC-000203,ACC-000038,1510.01,2026-07-18 11:31:44,2
TXN-0002171,CMP-000967,ACC-001052,ACC-000978,974.92,2026-06-29 09:26:41,1
TXN-0002172,CMP-000967,ACC-000978,ACC-000637,932.89,2026-06-29 10:49:41,2
TXN-0002173,CMP-000968,ACC-001108,ACC-000170,12798.89,2026-07-21 21:53:57,1
TXN-0002174,CMP-000968,ACC-000170,ACC-000022,12153.42,2026-07-22 01:27:57,2
TXN-0002175,CMP-000968,ACC-000022,ACC-000180,11196.86,2026-07-22 04:56:57,3
TXN-0002176,CMP-000968,ACC-000180,ACC-000206,10733.49,2026-07-22 09:06:57,4
TXN-0002177,CMP-000969,ACC-001092,ACC-000011,11800.02,2026-07-04 06:25:19,1
TXN-0002178,CMP-000969,ACC-000011,ACC-000057,11630.5,2026-07-04 09:15:19,2
TXN-0002179,CMP-000969,ACC-000057,ACC-000490,11341.02,2026-07-04 12:08:19,3
TXN-0002180,CMP-000970,ACC-001180,ACC-000009,6244.89,2026-06-16 20:30:35,1
TXN-0002181,CMP-000970,ACC-000009,ACC-000112,5773.44,2026-06-17 02:00:35,2
TXN-0002182,CMP-000970,ACC-000112,ACC-000086,5467.47,2026-06-17 03:25:35,3
TXN-0002183,CMP-000972,ACC-000934,ACC-000188,5956.45,2026-06-21 04:46:56,1
TXN-0002184,CMP-000972,ACC-000188,ACC-000197,5573.34,2026-06-21 10:04:56,2
TXN-0002185,CMP-000972,ACC-000197,ACC-000015,5251.65,2026-06-21 13:12:56,3
TXN-0002186,CMP-000973,ACC-001018,ACC-000154,1110.58,2026-07-05 18:52:47,1
TXN-0002187,CMP-000974,ACC-000439,ACC-000144,10862.08,2026-08-01 14:14:10,1
TXN-0002188,CMP-000974,ACC-000144,ACC-000193,10294.21,2026-08-01 15:57:10,2
TXN-0002189,CMP-000974,ACC-000193,ACC-000622,10017.32,2026-08-01 18:49:10,3
TXN-0002190,CMP-000975,ACC-001184,ACC-000184,19920.22,2026-06-05 16:27:44,1
TXN-0002191,CMP-000975,ACC-000184,ACC-000038,19163.53,2026-06-05 20:37:44,2
TXN-0002192,CMP-000976,ACC-000993,ACC-000192,1393.31,2026-08-06 22:49:36,1
TXN-0002193,CMP-000976,ACC-000192,ACC-000643,1331.21,2026-08-06 23:11:36,2
TXN-0002194,CMP-000977,ACC-000816,ACC-000088,3884.21,2026-06-25 11:46:22,1
TXN-0002195,CMP-000977,ACC-000088,ACC-000048,3675.36,2026-06-25 16:20:22,2
TXN-0002196,CMP-000978,ACC-000601,ACC-000165,5902.77,2026-07-31 10:09:30,1
TXN-0002197,CMP-000978,ACC-000165,ACC-000060,5799.32,2026-07-31 10:34:30,2
TXN-0002198,CMP-000979,ACC-000525,ACC-000182,19136.27,2026-07-21 11:22:42,1
TXN-0002199,CMP-000979,ACC-000182,ACC-000211,18448.11,2026-07-21 13:12:42,2
TXN-0002200,CMP-000980,ACC-000427,ACC-000060,1639.09,2026-08-20 18:01:16,1
TXN-0002201,CMP-000981,ACC-000702,ACC-000114,2908.87,2026-06-27 23:36:04,1
TXN-0002202,CMP-000981,ACC-000114,ACC-001129,2856.58,2026-06-28 05:13:04,2
TXN-0002203,CMP-000982,ACC-001193,ACC-000109,12042.5,2026-06-20 11:13:47,1
TXN-0002204,CMP-000982,ACC-000109,ACC-000175,11849.74,2026-06-20 14:35:47,2
TXN-0002205,CMP-000982,ACC-000175,ACC-000073,11082.21,2026-06-20 19:50:47,3
TXN-0002206,CMP-000982,ACC-000073,ACC-000115,10693.16,2026-06-20 22:11:47,4
TXN-0002207,CMP-000983,ACC-000330,ACC-000359,28767.01,2026-07-05 16:40:41,1
TXN-0002208,CMP-000983,ACC-000359,ACC-000065,28265.31,2026-07-05 21:36:41,2
TXN-0002209,CMP-000983,ACC-000065,ACC-000697,27003.01,2026-07-06 01:34:41,3
TXN-0002210,CMP-000984,ACC-000463,ACC-000098,3554.75,2026-07-19 05:35:25,1
TXN-0002211,CMP-000984,ACC-000098,ACC-000077,3354.74,2026-07-19 11:24:25,2
TXN-0002212,CMP-000984,ACC-000077,ACC-000111,3231.94,2026-07-19 13:00:25,3
TXN-0002213,CMP-000985,ACC-000453,ACC-000075,160876.24,2026-06-23 19:45:48,1
TXN-0002214,CMP-000985,ACC-000075,ACC-000149,156791.47,2026-06-24 00:48:48,2
TXN-0002215,CMP-000985,ACC-000149,ACC-000931,144453.85,2026-06-24 03:39:48,3
TXN-0002216,CMP-000986,ACC-000611,ACC-000072,1848.0,2026-08-20 21:22:07,1
TXN-0002217,CMP-000986,ACC-000072,ACC-000027,1763.89,2026-08-21 00:19:07,2
TXN-0002218,CMP-000986,ACC-000027,ACC-000988,1692.38,2026-08-21 01:36:07,3
TXN-0002219,CMP-000987,ACC-000704,ACC-000182,4878.48,2026-08-15 19:46:39,1
TXN-0002220,CMP-000987,ACC-000182,ACC-000193,4606.28,2026-08-15 22:55:39,2
TXN-0002221,CMP-000987,ACC-000193,ACC-000019,4278.08,2026-08-15 23:26:39,3
TXN-0002222,CMP-000987,ACC-000019,ACC-000193,3972.69,2026-08-16 02:21:39,4
TXN-0002223,CMP-000988,ACC-000749,ACC-000061,80197.78,2026-06-25 16:55:30,1
TXN-0002224,CMP-000988,ACC-000061,ACC-000354,75255.11,2026-06-25 21:34:30,2
TXN-0002225,CMP-000989,ACC-000857,ACC-000650,3218.54,2026-06-26 13:07:57,1
TXN-0002226,CMP-000989,ACC-000650,ACC-000183,3107.09,2026-06-26 18:36:57,2
TXN-0002227,CMP-000990,ACC-000596,ACC-000019,11749.34,2026-06-04 16:52:20,1
TXN-0002228,CMP-000990,ACC-000019,ACC-000026,11517.28,2026-06-04 21:31:20,2
TXN-0002229,CMP-000991,ACC-000376,ACC-001183,3513.87,2026-07-12 01:19:02,1
TXN-0002230,CMP-000992,ACC-001133,ACC-000192,2093.95,2026-06-04 17:03:33,1
TXN-0002231,CMP-000992,ACC-000192,ACC-000154,2039.8,2026-06-04 19:22:33,2
TXN-0002232,CMP-000993,ACC-000332,ACC-000198,4039.15,2026-07-02 23:24:42,1
TXN-0002233,CMP-000993,ACC-000198,ACC-000102,3801.0,2026-07-03 03:27:42,2
TXN-0002234,CMP-000994,ACC-000734,ACC-000037,7126.77,2026-08-25 10:35:58,1
TXN-0002235,CMP-000994,ACC-000037,ACC-000043,6916.0,2026-08-25 16:35:58,2
TXN-0002236,CMP-000994,ACC-000043,ACC-000030,6422.99,2026-08-25 19:38:58,3
TXN-0002237,CMP-000994,ACC-000030,ACC-000005,6062.04,2026-08-25 20:04:58,4
TXN-0002238,CMP-000995,ACC-000700,ACC-000182,1469.48,2026-06-12 04:11:40,1
TXN-0002239,CMP-000995,ACC-000182,ACC-000176,1436.75,2026-06-12 05:07:40,2
TXN-0002240,CMP-000997,ACC-000488,ACC-000164,913426.71,2026-07-09 09:19:54,1
TXN-0002241,CMP-000997,ACC-000164,ACC-000134,869765.68,2026-07-09 14:54:54,2
TXN-0002242,CMP-000997,ACC-000134,ACC-000024,829949.27,2026-07-09 18:40:54,3
TXN-0002243,CMP-000998,ACC-000858,ACC-000208,210637.03,2026-08-07 09:12:24,1
TXN-0002244,CMP-000998,ACC-000208,ACC-000041,197270.96,2026-08-07 13:58:24,2
TXN-0002245,CMP-000999,ACC-000358,ACC-000004,1796.99,2026-06-11 03:33:44,1
TXN-0002246,CMP-000999,ACC-000004,ACC-001099,1763.82,2026-06-11 06:40:44,2
TXN-0002247,CMP-001000,ACC-000327,ACC-000076,2889.9,2026-08-05 21:01:26,1
TXN-0002248,CMP-001001,ACC-000779,ACC-000137,1681.8,2026-07-30 06:44:42,1
TXN-0002249,CMP-001001,ACC-000137,ACC-000211,1618.32,2026-07-30 09:27:42,2
TXN-0002250,CMP-001002,ACC-000833,ACC-000898,7048.04,2026-08-26 07:07:28,1
TXN-0002251,CMP-001002,ACC-000898,ACC-000147,6764.32,2026-08-26 10:58:28,2
TXN-0002252,CMP-001004,ACC-000406,ACC-000208,6079.21,2026-08-01 13:57:56,1
TXN-0002253,CMP-001004,ACC-000208,ACC-000087,5981.89,2026-08-01 19:46:56,2
TXN-0002254,CMP-001005,ACC-000993,ACC-000014,27806.36,2026-08-14 12:32:05,1
TXN-0002255,CMP-001005,ACC-000014,ACC-000105,25935.08,2026-08-14 18:19:05,2
TXN-0002256,CMP-001006,ACC-000522,ACC-000162,62943.76,2026-08-04 12:27:01,1
TXN-0002257,CMP-001006,ACC-000162,ACC-001053,59628.12,2026-08-04 17:30:01,2
TXN-0002258,CMP-001006,ACC-001053,ACC-000092,55384.86,2026-08-04 18:40:01,3
TXN-0002259,CMP-001006,ACC-000092,ACC-000415,54064.41,2026-08-04 19:23:01,4
TXN-0002260,CMP-001007,ACC-001039,ACC-000159,45186.65,2026-07-31 05:07:52,1
TXN-0002261,CMP-001007,ACC-000159,ACC-000035,44666.62,2026-07-31 08:02:52,2
TXN-0002262,CMP-001008,ACC-000878,ACC-000061,2866.19,2026-07-04 13:29:40,1
TXN-0002263,CMP-001008,ACC-000061,ACC-000213,2777.35,2026-07-04 15:06:40,2
TXN-0002264,CMP-001008,ACC-000213,ACC-000167,2616.8,2026-07-04 17:37:40,3
TXN-0002265,CMP-001009,ACC-000631,ACC-000033,1798.18,2026-08-15 21:41:58,1
TXN-0002266,CMP-001009,ACC-000033,ACC-000149,1770.3,2026-08-15 23:22:58,2
TXN-0002267,CMP-001009,ACC-000149,ACC-000171,1713.83,2026-08-16 00:40:58,3
TXN-0002268,CMP-001010,ACC-000734,ACC-001129,2429.54,2026-08-02 07:47:51,1
TXN-0002269,CMP-001010,ACC-001129,ACC-000279,2367.59,2026-08-02 10:15:51,2
TXN-0002270,CMP-001011,ACC-001090,ACC-000185,9936.58,2026-07-18 15:25:20,1
TXN-0002271,CMP-001011,ACC-000185,ACC-000107,9366.77,2026-07-18 16:00:20,2
TXN-0002272,CMP-001011,ACC-000107,ACC-000637,8738.46,2026-07-18 17:31:20,3
TXN-0002273,CMP-001012,ACC-000869,ACC-000041,3085.31,2026-06-24 05:23:43,1
TXN-0002274,CMP-001013,ACC-000365,ACC-000471,2025.34,2026-07-24 08:20:27,1
TXN-0002275,CMP-001013,ACC-000471,ACC-000127,1896.95,2026-07-24 12:23:27,2
TXN-0002276,CMP-001013,ACC-000127,ACC-000198,1825.36,2026-07-24 12:29:27,3
TXN-0002277,CMP-001014,ACC-001079,ACC-000141,3329.88,2026-07-15 04:45:04,1
TXN-0002278,CMP-001015,ACC-000469,ACC-000098,4250.59,2026-07-19 05:50:13,1
TXN-0002279,CMP-001015,ACC-000098,ACC-000290,3923.85,2026-07-19 11:38:13,2
TXN-0002280,CMP-001016,ACC-000240,ACC-000170,2766.16,2026-08-02 18:09:34,1
TXN-0002281,CMP-001016,ACC-000170,ACC-000114,2622.57,2026-08-02 20:59:34,2
TXN-0002282,CMP-001016,ACC-000114,ACC-000112,2550.95,2026-08-03 02:15:34,3
TXN-0002283,CMP-001017,ACC-000996,ACC-001066,4610.52,2026-07-24 11:11:46,1
TXN-0002284,CMP-001017,ACC-001066,ACC-000216,4337.97,2026-07-24 14:08:46,2
TXN-0002285,CMP-001018,ACC-000612,ACC-000058,8583.48,2026-07-31 04:17:07,1
TXN-0002286,CMP-001018,ACC-000058,ACC-000082,8009.66,2026-07-31 09:00:07,2
TXN-0002287,CMP-001019,ACC-000331,ACC-000210,1995.76,2026-08-03 13:18:45,1
TXN-0002288,CMP-001021,ACC-000217,ACC-000105,4554.1,2026-06-25 07:33:08,1
TXN-0002289,CMP-001021,ACC-000105,ACC-000788,4245.31,2026-06-25 11:14:08,2
TXN-0002290,CMP-001022,ACC-000983,ACC-000111,4446.43,2026-08-03 14:44:02,1
TXN-0002291,CMP-001022,ACC-000111,ACC-000601,4278.55,2026-08-03 16:30:02,2
TXN-0002292,CMP-001023,ACC-000844,ACC-001194,4502.31,2026-08-03 22:26:43,1
TXN-0002293,CMP-001023,ACC-001194,ACC-000059,4270.79,2026-08-04 02:20:43,2
TXN-0002294,CMP-001023,ACC-000059,ACC-000206,4026.67,2026-08-04 03:08:43,3
TXN-0002295,CMP-001024,ACC-000810,ACC-000349,4498.74,2026-08-17 06:30:42,1
TXN-0002296,CMP-001024,ACC-000349,ACC-000750,4164.5,2026-08-17 06:59:42,2
TXN-0002297,CMP-001024,ACC-000750,ACC-000227,3857.12,2026-08-17 11:42:42,3
TXN-0002298,CMP-001025,ACC-000630,ACC-001035,11210.27,2026-06-05 10:34:50,1
TXN-0002299,CMP-001025,ACC-001035,ACC-000003,10579.37,2026-06-05 15:47:50,2
TXN-0002300,CMP-001026,ACC-000937,ACC-000137,3721.06,2026-08-12 02:01:08,1
TXN-0002301,CMP-001026,ACC-000137,ACC-000169,3656.04,2026-08-12 04:41:08,2
TXN-0002302,CMP-001026,ACC-000169,ACC-000214,3596.47,2026-08-12 08:01:08,3
TXN-0002303,CMP-001026,ACC-000214,ACC-000124,3551.23,2026-08-12 10:15:08,4
TXN-0002304,CMP-001027,ACC-000922,ACC-000068,2343.09,2026-06-18 14:54:16,1
TXN-0002305,CMP-001027,ACC-000068,ACC-000129,2279.65,2026-06-18 18:51:16,2
TXN-0002306,CMP-001027,ACC-000129,ACC-001186,2170.28,2026-06-19 00:37:16,3
TXN-0002307,CMP-001028,ACC-000595,ACC-000192,6081.29,2026-08-20 06:18:13,1
TXN-0002308,CMP-001028,ACC-000192,ACC-000814,5882.69,2026-08-20 12:05:13,2
TXN-0002309,CMP-001029,ACC-000979,ACC-000216,216711.83,2026-07-11 02:27:33,1
TXN-0002310,CMP-001029,ACC-000216,ACC-000029,210728.24,2026-07-11 06:23:33,2
TXN-0002311,CMP-001030,ACC-000731,ACC-000041,1811.07,2026-06-13 01:00:41,1
TXN-0002312,CMP-001030,ACC-000041,ACC-000076,1775.06,2026-06-13 06:05:41,2
TXN-0002313,CMP-001030,ACC-000076,ACC-000215,1723.18,2026-06-13 08:01:41,3
TXN-0002314,CMP-001030,ACC-000215,ACC-000860,1596.51,2026-06-13 11:02:41,4
TXN-0002315,CMP-001031,ACC-000523,ACC-000020,14740.37,2026-07-19 13:56:43,1
TXN-0002316,CMP-001031,ACC-000020,ACC-000614,14404.79,2026-07-19 16:34:43,2
TXN-0002317,CMP-001032,ACC-001103,ACC-000053,2162.61,2026-06-05 12:34:48,1
TXN-0002318,CMP-001033,ACC-000818,ACC-000177,1730.73,2026-07-20 12:32:29,1
TXN-0002319,CMP-001033,ACC-000177,ACC-000848,1612.43,2026-07-20 18:26:29,2
TXN-0002320,CMP-001033,ACC-000848,ACC-000166,1540.65,2026-07-20 20:48:29,3
TXN-0002321,CMP-001035,ACC-001042,ACC-000073,298937.7,2026-07-08 03:58:01,1
TXN-0002322,CMP-001035,ACC-000073,ACC-000146,290542.04,2026-07-08 04:08:01,2
TXN-0002323,CMP-001035,ACC-000146,ACC-000713,282014.5,2026-07-08 09:18:01,3
TXN-0002324,CMP-001036,ACC-000591,ACC-000652,2886.87,2026-08-25 03:27:19,1
TXN-0002325,CMP-001036,ACC-000652,ACC-000133,2834.39,2026-08-25 07:25:19,2
TXN-0002326,CMP-001037,ACC-001136,ACC-000196,23159.43,2026-08-14 01:55:54,1
TXN-0002327,CMP-001037,ACC-000196,ACC-000007,22112.4,2026-08-14 07:01:54,2
TXN-0002328,CMP-001037,ACC-000007,ACC-000123,21593.93,2026-08-14 10:53:54,3
TXN-0002329,CMP-001038,ACC-000277,ACC-000010,7029.5,2026-06-29 06:33:50,1
TXN-0002330,CMP-001038,ACC-000010,ACC-000064,6559.37,2026-06-29 06:54:50,2
TXN-0002331,CMP-001039,ACC-000364,ACC-000135,5506.67,2026-08-07 05:46:53,1
TXN-0002332,CMP-001039,ACC-000135,ACC-000051,5424.26,2026-08-07 08:00:53,2
TXN-0002333,CMP-001040,ACC-000458,ACC-000220,13193.24,2026-07-24 00:57:01,1
TXN-0002334,CMP-001040,ACC-000220,ACC-000073,12791.38,2026-07-24 06:50:01,2
TXN-0002335,CMP-001040,ACC-000073,ACC-000812,12316.03,2026-07-24 12:30:01,3
TXN-0002336,CMP-001041,ACC-000842,ACC-000089,381690.8,2026-08-01 06:32:09,1
TXN-0002337,CMP-001041,ACC-000089,ACC-000105,357633.14,2026-08-01 07:01:09,2
TXN-0002338,CMP-001041,ACC-000105,ACC-000149,350589.2,2026-08-01 09:21:09,3
TXN-0002339,CMP-001041,ACC-000149,ACC-000190,336179.3,2026-08-01 11:53:09,4
TXN-0002340,CMP-001042,ACC-000926,ACC-000002,1312.23,2026-08-06 16:44:49,1
TXN-0002341,CMP-001043,ACC-000758,ACC-000209,1053.83,2026-08-03 00:57:15,1
TXN-0002342,CMP-001043,ACC-000209,ACC-000133,999.78,2026-08-03 03:36:15,2
TXN-0002343,CMP-001044,ACC-000988,ACC-000194,2508.89,2026-08-01 23:49:07,1
TXN-0002344,CMP-001045,ACC-000363,ACC-000151,2171.93,2026-07-17 16:03:58,1
TXN-0002345,CMP-001045,ACC-000151,ACC-000056,2133.14,2026-07-17 20:14:58,2
TXN-0002346,CMP-001045,ACC-000056,ACC-000124,2055.28,2026-07-17 23:05:58,3
TXN-0002347,CMP-001047,ACC-000770,ACC-000200,94697.87,2026-06-28 20:40:49,1
TXN-0002348,CMP-001047,ACC-000200,ACC-000135,90330.64,2026-06-29 01:10:49,2
TXN-0002349,CMP-001047,ACC-000135,ACC-000190,88147.41,2026-06-29 01:54:49,3
TXN-0002350,CMP-001048,ACC-000715,ACC-000248,9125.04,2026-06-10 19:19:03,1
TXN-0002351,CMP-001048,ACC-000248,ACC-000033,8763.88,2026-06-10 22:02:03,2
TXN-0002352,CMP-001048,ACC-000033,ACC-000170,8067.89,2026-06-10 23:46:03,3
TXN-0002353,CMP-001049,ACC-000947,ACC-000078,649.22,2026-06-20 08:26:59,1
TXN-0002354,CMP-001050,ACC-000669,ACC-000110,33788.19,2026-08-06 08:23:53,1
TXN-0002355,CMP-001050,ACC-000110,ACC-000192,32864.09,2026-08-06 09:10:53,2
TXN-0002356,CMP-001050,ACC-000192,ACC-000043,31065.1,2026-08-06 12:22:53,3
TXN-0002357,CMP-001051,ACC-000823,ACC-000027,158850.73,2026-06-29 12:49:38,1
TXN-0002358,CMP-001051,ACC-000027,ACC-000093,150654.88,2026-06-29 14:01:38,2
TXN-0002359,CMP-001052,ACC-001182,ACC-000139,4829.55,2026-07-15 04:06:17,1
TXN-0002360,CMP-001053,ACC-000935,ACC-000151,6114.05,2026-08-24 02:24:00,1
TXN-0002361,CMP-001053,ACC-000151,ACC-000099,5771.15,2026-08-24 07:06:00,2
TXN-0002362,CMP-001053,ACC-000099,ACC-000551,5385.66,2026-08-24 07:17:00,3
TXN-0002363,CMP-001054,ACC-000872,ACC-000626,2010.13,2026-07-20 11:45:06,1
TXN-0002364,CMP-001054,ACC-000626,ACC-000172,1850.79,2026-07-20 12:15:06,2
TXN-0002365,CMP-001055,ACC-000330,ACC-000179,548835.5,2026-08-04 12:10:08,1
TXN-0002366,CMP-001055,ACC-000179,ACC-000038,525349.04,2026-08-04 16:31:08,2
TXN-0002367,CMP-001055,ACC-000038,ACC-000128,506645.96,2026-08-04 16:39:08,3
TXN-0002368,CMP-001055,ACC-000128,ACC-000156,491733.18,2026-08-04 21:33:08,4
TXN-0002369,CMP-001056,ACC-000888,ACC-000079,230.36,2026-08-16 07:18:34,1
TXN-0002370,CMP-001057,ACC-001030,ACC-000216,14608.12,2026-06-01 15:17:28,1
TXN-0002371,CMP-001057,ACC-000216,ACC-000102,14289.57,2026-06-01 20:16:28,2
TXN-0002372,CMP-001057,ACC-000102,ACC-000004,13900.56,2026-06-02 01:20:28,3
TXN-0002373,CMP-001058,ACC-000816,ACC-000181,3540.98,2026-08-23 13:20:05,1
TXN-0002374,CMP-001059,ACC-000318,ACC-000133,146017.56,2026-08-08 13:42:53,1
TXN-0002375,CMP-001059,ACC-000133,ACC-000171,143576.53,2026-08-08 17:45:53,2
TXN-0002376,CMP-001060,ACC-000793,ACC-000715,7787.39,2026-08-11 11:07:35,1
TXN-0002377,CMP-001060,ACC-000715,ACC-000019,7615.06,2026-08-11 16:10:35,2
TXN-0002378,CMP-001060,ACC-000019,ACC-000134,7075.3,2026-08-11 21:22:35,3
TXN-0002379,CMP-001060,ACC-000134,ACC-000127,6627.02,2026-08-11 22:02:35,4
TXN-0002380,CMP-001061,ACC-000891,ACC-000461,379792.45,2026-06-24 14:34:13,1
TXN-0002381,CMP-001061,ACC-000461,ACC-000002,356264.99,2026-06-24 16:16:13,2
TXN-0002382,CMP-001062,ACC-001057,ACC-000177,19672.9,2026-06-17 20:01:31,1
TXN-0002383,CMP-001062,ACC-000177,ACC-000080,18597.45,2026-06-17 21:02:31,2
TXN-0002384,CMP-001063,ACC-000373,ACC-000094,2856.79,2026-06-28 07:26:19,1
TXN-0002385,CMP-001063,ACC-000094,ACC-000084,2750.91,2026-06-28 12:23:19,2
TXN-0002386,CMP-001063,ACC-000084,ACC-000035,2574.43,2026-06-28 17:01:19,3
TXN-0002387,CMP-001063,ACC-000035,ACC-000172,2421.97,2026-06-28 19:36:19,4
TXN-0002388,CMP-001064,ACC-000474,ACC-000081,1468.65,2026-06-25 16:07:26,1
TXN-0002389,CMP-001065,ACC-000603,ACC-000077,2759.81,2026-06-04 21:41:17,1
TXN-0002390,CMP-001065,ACC-000077,ACC-001144,2700.01,2026-06-04 22:50:17,2
TXN-0002391,CMP-001066,ACC-000838,ACC-000087,1367.51,2026-07-31 00:47:59,1
TXN-0002392,CMP-001066,ACC-000087,ACC-000093,1346.46,2026-07-31 06:14:59,2
TXN-0002393,CMP-001067,ACC-000486,ACC-000009,1854.55,2026-07-26 14:00:14,1
TXN-0002394,CMP-001068,ACC-000901,ACC-000083,2107.06,2026-07-21 19:02:33,1
TXN-0002395,CMP-001068,ACC-000083,ACC-000922,1948.2,2026-07-21 21:23:33,2
TXN-0002396,CMP-001068,ACC-000922,ACC-000155,1901.06,2026-07-21 23:19:33,3
TXN-0002397,CMP-001068,ACC-000155,ACC-000581,1819.17,2026-07-22 01:43:33,4
TXN-0002398,CMP-001069,ACC-000908,ACC-000131,6111.09,2026-07-20 05:04:56,1
TXN-0002399,CMP-001069,ACC-000131,ACC-001160,5800.7,2026-07-20 08:41:56,2
TXN-0002400,CMP-001069,ACC-001160,ACC-000931,5656.41,2026-07-20 09:28:56,3
TXN-0002401,CMP-001070,ACC-001112,ACC-000174,3345.51,2026-07-04 20:31:28,1
TXN-0002402,CMP-001071,ACC-000233,ACC-000164,861.47,2026-07-06 00:20:23,1
TXN-0002403,CMP-001071,ACC-000164,ACC-000171,827.21,2026-07-06 05:50:23,2
TXN-0002404,CMP-001073,ACC-000526,ACC-000444,32921.81,2026-08-02 20:09:20,1
TXN-0002405,CMP-001073,ACC-000444,ACC-000043,30862.86,2026-08-02 23:00:20,2
TXN-0002406,CMP-001074,ACC-000509,ACC-000097,2211.69,2026-08-27 11:28:22,1
TXN-0002407,CMP-001074,ACC-000097,ACC-000148,2143.95,2026-08-27 12:04:22,2
TXN-0002408,CMP-001076,ACC-000711,ACC-001101,158017.5,2026-08-28 21:00:02,1
TXN-0002409,CMP-001076,ACC-001101,ACC-000490,151731.53,2026-08-29 02:05:02,2
TXN-0002410,CMP-001076,ACC-000490,ACC-000205,148660.03,2026-08-29 07:53:02,3
TXN-0002411,CMP-001076,ACC-000205,ACC-000140,145000.45,2026-08-29 13:50:02,4
TXN-0002412,CMP-001077,ACC-000617,ACC-000004,3548.02,2026-08-10 09:11:19,1
TXN-0002413,CMP-001077,ACC-000004,ACC-000003,3325.34,2026-08-10 13:22:19,2
TXN-0002414,CMP-001077,ACC-000003,ACC-000105,3117.17,2026-08-10 19:14:19,3
TXN-0002415,CMP-001079,ACC-000239,ACC-000463,5455.59,2026-07-17 09:45:37,1
TXN-0002416,CMP-001079,ACC-000463,ACC-000359,5261.09,2026-07-17 14:25:37,2
TXN-0002417,CMP-001080,ACC-000431,ACC-000078,8246.76,2026-07-20 10:40:29,1
TXN-0002418,CMP-001080,ACC-000078,ACC-000056,8061.25,2026-07-20 13:32:29,2
TXN-0002419,CMP-001081,ACC-000745,ACC-001095,8681.82,2026-08-15 01:18:57,1
TXN-0002420,CMP-001082,ACC-000944,ACC-000017,3479.24,2026-08-05 05:41:14,1
TXN-0002421,CMP-001083,ACC-000317,ACC-000084,2121.79,2026-08-20 21:06:38,1
TXN-0002422,CMP-001084,ACC-001074,ACC-001083,21095.96,2026-08-12 00:13:20,1
TXN-0002423,CMP-001084,ACC-001083,ACC-000124,20655.34,2026-08-12 03:14:20,2
TXN-0002424,CMP-001085,ACC-001176,ACC-000155,1376.14,2026-08-12 08:34:06,1
TXN-0002425,CMP-001085,ACC-000155,ACC-000062,1276.65,2026-08-12 14:33:06,2
TXN-0002426,CMP-001086,ACC-000517,ACC-000449,4866.17,2026-06-04 17:32:29,1
TXN-0002427,CMP-001086,ACC-000449,ACC-000204,4692.09,2026-06-04 18:44:29,2
TXN-0002428,CMP-001086,ACC-000204,ACC-001062,4397.53,2026-06-04 22:29:29,3
TXN-0002429,CMP-001086,ACC-001062,ACC-000132,4087.02,2026-06-04 23:12:29,4
TXN-0002430,CMP-001087,ACC-000386,ACC-000200,347.5,2026-07-25 02:12:13,1
TXN-0002431,CMP-001087,ACC-000200,ACC-000079,327.31,2026-07-25 04:45:13,2
TXN-0002432,CMP-001087,ACC-000079,ACC-000034,315.04,2026-07-25 10:27:13,3
TXN-0002433,CMP-001088,ACC-000867,ACC-000185,13027.06,2026-07-10 17:20:47,1
TXN-0002434,CMP-001088,ACC-000185,ACC-000194,12006.76,2026-07-10 21:43:47,2
TXN-0002435,CMP-001089,ACC-000989,ACC-000113,1685.26,2026-06-02 13:39:31,1
TXN-0002436,CMP-001090,ACC-000507,ACC-000180,10565.68,2026-08-09 20:25:26,1
TXN-0002437,CMP-001090,ACC-000180,ACC-000044,9928.29,2026-08-09 23:50:26,2
TXN-0002438,CMP-001091,ACC-000863,ACC-000023,139051.75,2026-08-07 20:21:48,1
TXN-0002439,CMP-001091,ACC-000023,ACC-000175,133061.53,2026-08-08 02:16:48,2
TXN-0002440,CMP-001092,ACC-001173,ACC-000038,1512.9,2026-06-28 14:42:41,1
TXN-0002441,CMP-001092,ACC-000038,ACC-000878,1450.84,2026-06-28 16:09:41,2
TXN-0002442,CMP-001092,ACC-000878,ACC-000142,1387.99,2026-06-28 16:20:41,3
TXN-0002443,CMP-001092,ACC-000142,ACC-000060,1346.37,2026-06-28 17:45:41,4
TXN-0002444,CMP-001093,ACC-000768,ACC-000918,2648.92,2026-08-14 02:39:53,1
TXN-0002445,CMP-001093,ACC-000918,ACC-000068,2502.22,2026-08-14 05:08:53,2
TXN-0002446,CMP-001093,ACC-000068,ACC-000094,2341.15,2026-08-14 05:27:53,3
TXN-0002447,CMP-001094,ACC-000420,ACC-000069,1637.61,2026-06-04 04:11:25,1
TXN-0002448,CMP-001094,ACC-000069,ACC-000103,1549.16,2026-06-04 09:44:25,2
TXN-0002449,CMP-001095,ACC-000394,ACC-000057,14102.59,2026-07-08 20:13:19,1
TXN-0002450,CMP-001095,ACC-000057,ACC-000044,13906.1,2026-07-08 23:32:19,2
TXN-0002451,CMP-001096,ACC-000313,ACC-000207,19358.09,2026-08-01 12:47:12,1
TXN-0002452,CMP-001097,ACC-000874,ACC-000202,4648.93,2026-08-17 06:56:38,1
TXN-0002453,CMP-001098,ACC-000242,ACC-000116,7182.85,2026-06-02 02:19:42,1
TXN-0002454,CMP-001098,ACC-000116,ACC-000011,6616.4,2026-06-02 02:40:42,2
TXN-0002455,CMP-001098,ACC-000011,ACC-000154,6473.77,2026-06-02 05:42:42,3
TXN-0002456,CMP-001099,ACC-000587,ACC-000202,11769.33,2026-06-01 14:33:01,1
TXN-0002457,CMP-001099,ACC-000202,ACC-000080,11235.7,2026-06-01 19:23:01,2
TXN-0002458,CMP-001100,ACC-000405,ACC-000090,8688.59,2026-06-09 04:12:47,1
TXN-0002459,CMP-001101,ACC-001154,ACC-000467,78070.79,2026-07-04 07:28:20,1
TXN-0002460,CMP-001103,ACC-000716,ACC-000123,5634.64,2026-08-21 04:26:04,1
TXN-0002461,CMP-001103,ACC-000123,ACC-000117,5516.34,2026-08-21 09:21:04,2
TXN-0002462,CMP-001103,ACC-000117,ACC-001138,5318.73,2026-08-21 11:27:04,3
TXN-0002463,CMP-001104,ACC-000715,ACC-000050,2266.85,2026-07-26 03:00:39,1
TXN-0002464,CMP-001104,ACC-000050,ACC-000003,2208.07,2026-07-26 03:35:39,2
TXN-0002465,CMP-001105,ACC-000243,ACC-000128,357.59,2026-07-24 03:35:20,1
TXN-0002466,CMP-001105,ACC-000128,ACC-000160,335.94,2026-07-24 07:24:20,2
TXN-0002467,CMP-001106,ACC-000589,ACC-000113,70142.92,2026-06-07 05:55:35,1
TXN-0002468,CMP-001106,ACC-000113,ACC-000120,65487.23,2026-06-07 06:51:35,2
TXN-0002469,CMP-001107,ACC-000998,ACC-000085,2824.93,2026-07-03 00:13:06,1
TXN-0002470,CMP-001107,ACC-000085,ACC-000032,2648.33,2026-07-03 01:24:06,2
TXN-0002471,CMP-001108,ACC-000313,ACC-000157,1897.94,2026-06-28 08:31:39,1
TXN-0002472,CMP-001108,ACC-000157,ACC-000094,1821.02,2026-06-28 08:58:39,2
TXN-0002473,CMP-001110,ACC-000646,ACC-001156,7978.46,2026-08-06 21:29:16,1
TXN-0002474,CMP-001110,ACC-001156,ACC-000132,7565.0,2026-08-06 21:56:16,2
TXN-0002475,CMP-001110,ACC-000132,ACC-000206,7020.57,2026-08-06 23:33:16,3
TXN-0002476,CMP-001111,ACC-000761,ACC-000252,13121.15,2026-07-01 09:53:46,1
TXN-0002477,CMP-001111,ACC-000252,ACC-000149,12805.93,2026-07-01 13:31:46,2
TXN-0002478,CMP-001111,ACC-000149,ACC-000089,12206.03,2026-07-01 18:49:46,3
TXN-0002479,CMP-001112,ACC-000326,ACC-000162,2998.84,2026-08-16 02:40:14,1
TXN-0002480,CMP-001112,ACC-000162,ACC-000214,2871.59,2026-08-16 06:06:14,2
TXN-0002481,CMP-001113,ACC-000795,ACC-000098,201494.48,2026-08-21 12:40:05,1
TXN-0002482,CMP-001113,ACC-000098,ACC-000952,197160.37,2026-08-21 13:41:05,2
TXN-0002483,CMP-001114,ACC-000463,ACC-000051,1233.61,2026-07-17 11:37:49,1
TXN-0002484,CMP-001114,ACC-000051,ACC-000911,1200.74,2026-07-17 17:24:49,2
TXN-0002485,CMP-001115,ACC-000622,ACC-000065,22558.41,2026-07-24 16:49:42,1
TXN-0002486,CMP-001116,ACC-001048,ACC-000488,573.69,2026-06-28 03:11:21,1
TXN-0002487,CMP-001116,ACC-000488,ACC-000483,566.2,2026-06-28 09:02:21,2
TXN-0002488,CMP-001116,ACC-000483,ACC-000066,549.69,2026-06-28 12:36:21,3
TXN-0002489,CMP-001117,ACC-001073,ACC-000057,2932.37,2026-06-26 09:37:40,1
TXN-0002490,CMP-001117,ACC-000057,ACC-000469,2719.06,2026-06-26 14:29:40,2
TXN-0002491,CMP-001117,ACC-000469,ACC-000095,2503.38,2026-06-26 17:29:40,3
TXN-0002492,CMP-001117,ACC-000095,ACC-000256,2426.45,2026-06-26 18:54:40,4
TXN-0002493,CMP-001118,ACC-001029,ACC-000095,2311.1,2026-08-26 15:41:32,1
TXN-0002494,CMP-001118,ACC-000095,ACC-000102,2218.83,2026-08-26 18:06:32,2
TXN-0002495,CMP-001118,ACC-000102,ACC-000936,2196.54,2026-08-26 21:28:32,3
TXN-0002496,CMP-001119,ACC-000955,ACC-000055,27123.01,2026-07-27 12:12:35,1
TXN-0002497,CMP-001119,ACC-000055,ACC-000035,25624.68,2026-07-27 15:36:35,2
TXN-0002498,CMP-001120,ACC-000277,ACC-000038,33231.57,2026-06-04 14:39:19,1
TXN-0002499,CMP-001120,ACC-000038,ACC-000087,31631.46,2026-06-04 17:01:19,2
TXN-0002500,CMP-001120,ACC-000087,ACC-000212,31000.4,2026-06-04 20:56:19,3
TXN-0002501,CMP-001121,ACC-001121,ACC-000176,1189.75,2026-07-16 18:29:06,1
TXN-0002502,CMP-001121,ACC-000176,ACC-000018,1118.63,2026-07-16 20:09:06,2
TXN-0002503,CMP-001121,ACC-000018,ACC-001076,1104.58,2026-07-16 20:50:06,3
TXN-0002504,CMP-001122,ACC-000429,ACC-000834,12559.94,2026-08-26 09:14:00,1
TXN-0002505,CMP-001122,ACC-000834,ACC-000106,11595.12,2026-08-26 13:29:00,2
TXN-0002506,CMP-001123,ACC-000245,ACC-000071,131875.01,2026-07-16 07:03:31,1
TXN-0002507,CMP-001123,ACC-000071,ACC-000197,124051.21,2026-07-16 07:56:31,2
TXN-0002508,CMP-001123,ACC-000197,ACC-000007,117567.24,2026-07-16 11:19:31,3
TXN-0002509,CMP-001124,ACC-000536,ACC-000539,1630.4,2026-06-02 00:27:13,1
TXN-0002510,CMP-001124,ACC-000539,ACC-000483,1588.41,2026-06-02 05:57:13,2
TXN-0002511,CMP-001125,ACC-000722,ACC-000019,37657.29,2026-07-29 23:33:51,1
TXN-0002512,CMP-001125,ACC-000019,ACC-000035,34925.5,2026-07-30 00:05:51,2
TXN-0002513,CMP-001126,ACC-000970,ACC-000012,201065.1,2026-06-16 11:48:06,1
TXN-0002514,CMP-001128,ACC-001017,ACC-000101,184339.3,2026-07-05 02:50:15,1
TXN-0002515,CMP-001128,ACC-000101,ACC-000157,171019.93,2026-07-05 03:32:15,2
TXN-0002516,CMP-001129,ACC-000491,ACC-000071,717974.8,2026-06-26 15:32:00,1
TXN-0002517,CMP-001129,ACC-000071,ACC-000166,664865.61,2026-06-26 18:39:00,2
TXN-0002518,CMP-001129,ACC-000166,ACC-000143,631357.17,2026-06-26 21:07:00,3
TXN-0002519,CMP-001129,ACC-000143,ACC-000028,610264.05,2026-06-27 01:37:00,4
TXN-0002520,CMP-001130,ACC-000777,ACC-001034,1379.01,2026-08-28 03:09:54,1
TXN-0002521,CMP-001130,ACC-001034,ACC-000153,1271.25,2026-08-28 05:02:54,2
TXN-0002522,CMP-001131,ACC-000296,ACC-000431,3662.84,2026-08-25 12:19:30,1
TXN-0002523,CMP-001132,ACC-000917,ACC-000554,38406.17,2026-08-08 04:46:03,1
TXN-0002524,CMP-001132,ACC-000554,ACC-000272,36617.73,2026-08-08 08:44:03,2
TXN-0002525,CMP-001132,ACC-000272,ACC-000109,34243.14,2026-08-08 13:39:03,3
TXN-0002526,CMP-001133,ACC-000730,ACC-000037,1501.59,2026-08-11 21:08:41,1
TXN-0002527,CMP-001133,ACC-000037,ACC-001081,1440.34,2026-08-12 00:11:41,2
TXN-0002528,CMP-001134,ACC-000709,ACC-000191,2678.69,2026-08-01 08:19:49,1
TXN-0002529,CMP-001134,ACC-000191,ACC-000001,2568.16,2026-08-01 14:03:49,2
TXN-0002530,CMP-001134,ACC-000001,ACC-000152,2376.77,2026-08-01 16:11:49,3
TXN-0002531,CMP-001134,ACC-000152,ACC-000101,2318.24,2026-08-01 20:22:49,4
TXN-0002532,CMP-001135,ACC-000958,ACC-000178,1274.91,2026-06-08 08:43:04,1
TXN-0002533,CMP-001136,ACC-000360,ACC-000037,34524.4,2026-07-20 23:56:48,1
TXN-0002534,CMP-001136,ACC-000037,ACC-000173,33448.07,2026-07-21 05:01:48,2
TXN-0002535,CMP-001137,ACC-000959,ACC-000091,44547.91,2026-08-17 01:14:20,1
TXN-0002536,CMP-001137,ACC-000091,ACC-000020,42380.66,2026-08-17 02:11:20,2
TXN-0002537,CMP-001137,ACC-000020,ACC-000654,41889.16,2026-08-17 07:46:20,3
TXN-0002538,CMP-001138,ACC-000633,ACC-000026,1621.63,2026-06-13 13:44:22,1
TXN-0002539,CMP-001138,ACC-000026,ACC-000122,1603.39,2026-06-13 18:25:22,2
TXN-0002540,CMP-001138,ACC-000122,ACC-000366,1582.17,2026-06-13 23:28:22,3
TXN-0002541,CMP-001138,ACC-000366,ACC-000758,1491.28,2026-06-14 04:42:22,4
TXN-0002542,CMP-001139,ACC-000391,ACC-000087,374.84,2026-06-27 07:52:48,1
TXN-0002543,CMP-001139,ACC-000087,ACC-000202,366.34,2026-06-27 13:38:48,2
TXN-0002544,CMP-001139,ACC-000202,ACC-000431,339.17,2026-06-27 16:30:48,3
TXN-0002545,CMP-001140,ACC-000628,ACC-000073,806.95,2026-08-09 17:35:11,1
TXN-0002546,CMP-001140,ACC-000073,ACC-000057,750.26,2026-08-09 18:24:11,2
TXN-0002547,CMP-001140,ACC-000057,ACC-000866,692.7,2026-08-09 23:13:11,3
TXN-0002548,CMP-001141,ACC-000682,ACC-000385,1360.89,2026-07-02 16:54:58,1
TXN-0002549,CMP-001141,ACC-000385,ACC-000854,1342.53,2026-07-02 21:46:58,2
TXN-0002550,CMP-001142,ACC-000544,ACC-000052,932.96,2026-06-21 05:29:32,1
TXN-0002551,CMP-001142,ACC-000052,ACC-000168,902.49,2026-06-21 09:32:32,2
TXN-0002552,CMP-001142,ACC-000168,ACC-000228,869.97,2026-06-21 13:08:32,3
TXN-0002553,CMP-001143,ACC-000798,ACC-000032,9981.98,2026-06-24 19:31:22,1
TXN-0002554,CMP-001143,ACC-000032,ACC-000089,9198.09,2026-06-24 21:25:22,2
TXN-0002555,CMP-001144,ACC-000366,ACC-000134,7413.93,2026-08-01 06:21:19,1
TXN-0002556,CMP-001144,ACC-000134,ACC-000037,6936.73,2026-08-01 06:40:19,2
TXN-0002557,CMP-001144,ACC-000037,ACC-000132,6508.91,2026-08-01 07:44:19,3
TXN-0002558,CMP-001145,ACC-000495,ACC-000116,5142.26,2026-06-16 23:38:48,1
TXN-0002559,CMP-001145,ACC-000116,ACC-000177,4887.3,2026-06-16 23:50:48,2
TXN-0002560,CMP-001146,ACC-000652,ACC-000005,1625.61,2026-07-29 02:15:15,1
TXN-0002561,CMP-001146,ACC-000005,ACC-000105,1511.48,2026-07-29 06:53:15,2
TXN-0002562,CMP-001146,ACC-000105,ACC-000046,1475.74,2026-07-29 10:50:15,3
TXN-0002563,CMP-001147,ACC-000231,ACC-000073,8144.53,2026-08-10 18:08:35,1
TXN-0002564,CMP-001147,ACC-000073,ACC-000077,8026.76,2026-08-10 20:53:35,2
TXN-0002565,CMP-001147,ACC-000077,ACC-000018,7617.5,2026-08-10 23:09:35,3
TXN-0002566,CMP-001148,ACC-000914,ACC-000504,5492.88,2026-07-14 18:28:10,1
TXN-0002567,CMP-001148,ACC-000504,ACC-000193,5388.78,2026-07-14 19:32:10,2
TXN-0002568,CMP-001148,ACC-000193,ACC-000065,5323.99,2026-07-14 21:30:10,3
TXN-0002569,CMP-001148,ACC-000065,ACC-000121,4907.13,2026-07-15 02:01:10,4
TXN-0002570,CMP-001149,ACC-000622,ACC-000146,1815.97,2026-06-22 04:57:17,1
TXN-0002571,CMP-001149,ACC-000146,ACC-000943,1768.69,2026-06-22 08:20:17,2
TXN-0002572,CMP-001149,ACC-000943,ACC-000077,1723.77,2026-06-22 12:56:17,3
TXN-0002573,CMP-001150,ACC-001184,ACC-000199,6033.68,2026-08-19 11:16:28,1
TXN-0002574,CMP-001150,ACC-000199,ACC-001124,5650.4,2026-08-19 12:47:28,2
TXN-0002575,CMP-001151,ACC-001030,ACC-000110,1454.62,2026-06-17 04:02:23,1
TXN-0002576,CMP-001151,ACC-000110,ACC-000098,1345.63,2026-06-17 04:10:23,2
TXN-0002577,CMP-001151,ACC-000098,ACC-000205,1270.45,2026-06-17 09:32:23,3
TXN-0002578,CMP-001151,ACC-000205,ACC-000043,1210.47,2026-06-17 11:33:23,4
TXN-0002579,CMP-001152,ACC-000247,ACC-000150,911.42,2026-07-28 01:57:42,1
TXN-0002580,CMP-001152,ACC-000150,ACC-000172,890.57,2026-07-28 04:12:42,2
TXN-0002581,CMP-001153,ACC-000622,ACC-000013,11747.65,2026-06-02 15:57:01,1
TXN-0002582,CMP-001154,ACC-000430,ACC-000192,2271.52,2026-07-11 15:46:23,1
TXN-0002583,CMP-001154,ACC-000192,ACC-000130,2147.8,2026-07-11 20:35:23,2
TXN-0002584,CMP-001154,ACC-000130,ACC-000130,2006.84,2026-07-11 20:55:23,3
TXN-0002585,CMP-001154,ACC-000130,ACC-000826,1852.33,2026-07-12 00:23:23,4
TXN-0002586,CMP-001155,ACC-000956,ACC-000077,1358.23,2026-08-27 14:16:33,1
TXN-0002587,CMP-001155,ACC-000077,ACC-000023,1293.91,2026-08-27 15:48:33,2
TXN-0002588,CMP-001156,ACC-000719,ACC-000101,18263.88,2026-07-19 23:00:43,1
TXN-0002589,CMP-001156,ACC-000101,ACC-000037,17348.37,2026-07-20 02:05:43,2
TXN-0002590,CMP-001156,ACC-000037,ACC-000918,16622.06,2026-07-20 03:26:43,3
TXN-0002591,CMP-001157,ACC-000412,ACC-000110,2069.66,2026-08-27 12:58:00,1
TXN-0002592,CMP-001158,ACC-000818,ACC-000130,139561.04,2026-08-15 05:43:08,1
TXN-0002593,CMP-001159,ACC-000824,ACC-000187,2493.26,2026-08-24 03:41:30,1
TXN-0002594,CMP-001159,ACC-000187,ACC-000112,2417.61,2026-08-24 03:55:30,2
TXN-0002595,CMP-001160,ACC-001001,ACC-000189,26716.98,2026-08-17 20:28:53,1
TXN-0002596,CMP-001161,ACC-001200,ACC-000045,8631.45,2026-08-17 13:06:34,1
TXN-0002597,CMP-001162,ACC-000907,ACC-000102,39296.07,2026-06-10 01:49:36,1
TXN-0002598,CMP-001162,ACC-000102,ACC-000153,36543.94,2026-06-10 07:21:36,2
TXN-0002599,CMP-001162,ACC-000153,ACC-000109,34466.88,2026-06-10 09:10:36,3
TXN-0002600,CMP-001163,ACC-000808,ACC-000428,496.33,2026-08-27 20:36:21,1
TXN-0002601,CMP-001164,ACC-000261,ACC-000374,964.96,2026-07-10 10:16:45,1
TXN-0002602,CMP-001164,ACC-000374,ACC-000163,908.4,2026-07-10 12:28:45,2
TXN-0002603,CMP-001165,ACC-000530,ACC-000171,2860.27,2026-06-01 18:56:49,1
TXN-0002604,CMP-001165,ACC-000171,ACC-000150,2724.41,2026-06-01 19:16:49,2
TXN-0002605,CMP-001166,ACC-000624,ACC-000082,1948.91,2026-08-03 08:39:34,1
TXN-0002606,CMP-001166,ACC-000082,ACC-000070,1833.83,2026-08-03 13:41:34,2
TXN-0002607,CMP-001166,ACC-000070,ACC-000247,1776.12,2026-08-03 18:10:34,3
TXN-0002608,CMP-001167,ACC-000695,ACC-000167,62634.56,2026-06-11 04:36:00,1
TXN-0002609,CMP-001168,ACC-000808,ACC-000187,9424.06,2026-08-23 01:17:02,1
TXN-0002610,CMP-001168,ACC-000187,ACC-000088,8777.29,2026-08-23 04:11:02,2
TXN-0002611,CMP-001168,ACC-000088,ACC-000054,8225.36,2026-08-23 05:39:02,3
TXN-0002612,CMP-001168,ACC-000054,ACC-000202,8131.37,2026-08-23 06:08:02,4
TXN-0002613,CMP-001169,ACC-000847,ACC-000146,32911.5,2026-08-05 21:24:46,1
TXN-0002614,CMP-001169,ACC-000146,ACC-000646,31921.44,2026-08-06 01:43:46,2
TXN-0002615,CMP-001170,ACC-000504,ACC-000178,1225.7,2026-07-25 03:17:18,1
TXN-0002616,CMP-001170,ACC-000178,ACC-000083,1194.25,2026-07-25 06:08:18,2
TXN-0002617,CMP-001170,ACC-000083,ACC-000112,1135.11,2026-07-25 07:45:18,3
TXN-0002618,CMP-001170,ACC-000112,ACC-000208,1087.47,2026-07-25 12:25:18,4
TXN-0002619,CMP-001171,ACC-000372,ACC-000051,3747.78,2026-06-25 03:54:17,1
TXN-0002620,CMP-001171,ACC-000051,ACC-000010,3658.45,2026-06-25 08:32:17,2
TXN-0002621,CMP-001171,ACC-000010,ACC-001156,3367.56,2026-06-25 13:40:17,3
TXN-0002622,CMP-001171,ACC-001156,ACC-000088,3226.29,2026-06-25 14:19:17,4
TXN-0002623,CMP-001172,ACC-000217,ACC-000003,5523.03,2026-07-08 15:06:46,1
TXN-0002624,CMP-001173,ACC-001168,ACC-001173,929.88,2026-08-12 13:11:48,1
TXN-0002625,CMP-001173,ACC-001173,ACC-000133,876.4,2026-08-12 17:29:48,2
TXN-0002626,CMP-001174,ACC-001085,ACC-000143,18909.41,2026-06-10 12:43:10,1
TXN-0002627,CMP-001174,ACC-000143,ACC-000072,18400.78,2026-06-10 16:47:10,2
TXN-0002628,CMP-001175,ACC-000643,ACC-001185,11063.36,2026-07-24 11:38:08,1
TXN-0002629,CMP-001175,ACC-001185,ACC-000103,10936.39,2026-07-24 14:45:08,2
TXN-0002630,CMP-001176,ACC-000996,ACC-000627,3280.73,2026-07-08 18:41:14,1
TXN-0002631,CMP-001176,ACC-000627,ACC-000790,3059.96,2026-07-08 20:31:14,2
TXN-0002632,CMP-001176,ACC-000790,ACC-000009,2926.91,2026-07-08 23:48:14,3
TXN-0002633,CMP-001176,ACC-000009,ACC-000204,2732.86,2026-07-09 03:47:14,4
TXN-0002634,CMP-001177,ACC-001071,ACC-000094,4244.4,2026-06-14 21:22:35,1
TXN-0002635,CMP-001177,ACC-000094,ACC-000168,3988.27,2026-06-14 22:21:35,2
TXN-0002636,CMP-001178,ACC-000952,ACC-000754,5157.63,2026-06-26 16:57:31,1
TXN-0002637,CMP-001178,ACC-000754,ACC-000157,4973.7,2026-06-26 19:50:31,2
TXN-0002638,CMP-001178,ACC-000157,ACC-000211,4893.45,2026-06-26 21:47:31,3
TXN-0002639,CMP-001179,ACC-001015,ACC-000022,5114.45,2026-07-07 15:59:40,1
TXN-0002640,CMP-001179,ACC-000022,ACC-000047,5013.46,2026-07-07 20:26:40,2
TXN-0002641,CMP-001179,ACC-000047,ACC-000049,4649.2,2026-07-07 22:43:40,3
TXN-0002642,CMP-001179,ACC-000049,ACC-000545,4429.38,2026-07-08 00:52:40,4
TXN-0002643,CMP-001180,ACC-000324,ACC-000138,799.35,2026-06-28 18:14:30,1
TXN-0002644,CMP-001180,ACC-000138,ACC-000857,776.14,2026-06-28 20:51:30,2
TXN-0002645,CMP-001181,ACC-000490,ACC-000162,3773.39,2026-08-19 12:13:41,1
TXN-0002646,CMP-001181,ACC-000162,ACC-000333,3590.88,2026-08-19 17:15:41,2
TXN-0002647,CMP-001181,ACC-000333,ACC-000935,3490.58,2026-08-19 18:29:41,3
TXN-0002648,CMP-001181,ACC-000935,ACC-000201,3437.65,2026-08-19 20:59:41,4
TXN-0002649,CMP-001182,ACC-001188,ACC-000627,6737.32,2026-08-22 11:47:58,1
TXN-0002650,CMP-001182,ACC-000627,ACC-000670,6320.54,2026-08-22 14:46:58,2
TXN-0002651,CMP-001182,ACC-000670,ACC-000204,5907.5,2026-08-22 20:03:58,3
TXN-0002652,CMP-001183,ACC-001081,ACC-001157,25161.7,2026-06-04 04:23:43,1
TXN-0002653,CMP-001183,ACC-001157,ACC-000113,23541.48,2026-06-04 10:12:43,2
TXN-0002654,CMP-001183,ACC-000113,ACC-000165,22755.65,2026-06-04 14:59:43,3
TXN-0002655,CMP-001184,ACC-000837,ACC-000072,2163.78,2026-07-30 20:31:35,1
TXN-0002656,CMP-001184,ACC-000072,ACC-001144,2022.56,2026-07-31 00:22:35,2
TXN-0002657,CMP-001184,ACC-001144,ACC-000082,1974.92,2026-07-31 04:25:35,3
TXN-0002658,CMP-001184,ACC-000082,ACC-000001,1829.91,2026-07-31 10:21:35,4
TXN-0002659,CMP-001185,ACC-000727,ACC-000043,5249.92,2026-06-01 01:28:21,1
TXN-0002660,CMP-001186,ACC-000543,ACC-000078,5102.92,2026-07-09 13:01:16,1
TXN-0002661,CMP-001186,ACC-000078,ACC-001080,4902.45,2026-07-09 18:15:16,2
TXN-0002662,CMP-001187,ACC-000986,ACC-000175,851.83,2026-07-21 05:41:16,1
TXN-0002663,CMP-001188,ACC-000869,ACC-000120,450787.97,2026-07-24 10:09:49,1
TXN-0002664,CMP-001188,ACC-000120,ACC-000292,434385.97,2026-07-24 11:33:49,2
TXN-0002665,CMP-001189,ACC-000788,ACC-000090,32719.93,2026-07-04 13:53:14,1
TXN-0002666,CMP-001189,ACC-000090,ACC-000155,30857.57,2026-07-04 14:15:14,2
TXN-0002667,CMP-001189,ACC-000155,ACC-000009,29159.95,2026-07-04 17:28:14,3
TXN-0002668,CMP-001189,ACC-000009,ACC-000042,28841.19,2026-07-04 17:54:14,4
TXN-0002669,CMP-001190,ACC-001136,ACC-000079,143111.9,2026-06-19 20:40:59,1
TXN-0002670,CMP-001190,ACC-000079,ACC-000188,135273.89,2026-06-19 23:05:59,2
TXN-0002671,CMP-001191,ACC-000986,ACC-000056,2663.18,2026-06-17 04:19:38,1
TXN-0002672,CMP-001191,ACC-000056,ACC-000046,2477.62,2026-06-17 10:10:38,2
TXN-0002673,CMP-001192,ACC-001058,ACC-000182,13219.68,2026-06-29 00:31:47,1
TXN-0002674,CMP-001192,ACC-000182,ACC-000199,13000.82,2026-06-29 05:13:47,2
TXN-0002675,CMP-001193,ACC-000250,ACC-000120,3040.83,2026-06-26 04:34:08,1
TXN-0002676,CMP-001193,ACC-000120,ACC-000121,2876.53,2026-06-26 07:24:08,2
TXN-0002677,CMP-001194,ACC-000486,ACC-000668,21426.58,2026-08-07 04:55:39,1
TXN-0002678,CMP-001195,ACC-000422,ACC-000723,7353.15,2026-06-23 16:41:39,1
TXN-0002679,CMP-001195,ACC-000723,ACC-000089,7016.16,2026-06-23 18:24:39,2
TXN-0002680,CMP-001197,ACC-000246,ACC-000069,877.69,2026-07-17 05:23:54,1
TXN-0002681,CMP-001197,ACC-000069,ACC-000080,851.76,2026-07-17 06:40:54,2
TXN-0002682,CMP-001197,ACC-000080,ACC-000224,836.67,2026-07-17 11:33:54,3
TXN-0002683,CMP-001198,ACC-001019,ACC-000006,1174.45,2026-06-22 10:11:52,1
TXN-0002684,CMP-001198,ACC-000006,ACC-000201,1130.27,2026-06-22 13:57:52,2
TXN-0002685,CMP-001198,ACC-000201,ACC-000177,1041.73,2026-06-22 14:36:52,3
TXN-0002686,CMP-001199,ACC-000244,ACC-000068,3501.17,2026-07-03 10:55:26,1
TXN-0002687,CMP-001200,ACC-001134,ACC-001090,45675.72,2026-06-24 17:54:07,1
TXN-0002688,CMP-001200,ACC-001090,ACC-000137,44214.59,2026-06-24 23:50:07,2
TXN-0002689,CMP-001200,ACC-000137,ACC-001054,42951.31,2026-06-25 00:32:07,3
TXN-0002690,CMP-001200,ACC-001054,ACC-000084,41252.99,2026-06-25 03:50:07,4
TXN-0002691,CMP-001201,ACC-000533,ACC-000071,3902.3,2026-07-03 21:49:28,1
TXN-0002692,CMP-001203,ACC-000892,ACC-000011,2134.86,2026-06-17 08:55:43,1
TXN-0002693,CMP-001204,ACC-000526,ACC-000128,127696.48,2026-07-19 06:52:45,1
TXN-0002694,CMP-001204,ACC-000128,ACC-000189,125428.55,2026-07-19 08:22:45,2
TXN-0002695,CMP-001204,ACC-000189,ACC-000832,116669.94,2026-07-19 11:51:45,3
TXN-0002696,CMP-001205,ACC-001153,ACC-000123,5003.59,2026-06-26 11:45:33,1
TXN-0002697,CMP-001205,ACC-000123,ACC-000790,4750.89,2026-06-26 16:45:33,2
TXN-0002698,CMP-001206,ACC-000405,ACC-000150,5979.08,2026-07-31 01:40:42,1
TXN-0002699,CMP-001206,ACC-000150,ACC-000050,5854.27,2026-07-31 05:18:42,2
TXN-0002700,CMP-001206,ACC-000050,ACC-000609,5393.9,2026-07-31 09:01:42,3
TXN-0002701,CMP-001207,ACC-000276,ACC-000167,47292.62,2026-06-08 15:16:21,1
TXN-0002702,CMP-001207,ACC-000167,ACC-000013,45009.02,2026-06-08 19:19:21,2
TXN-0002703,CMP-001207,ACC-000013,ACC-000062,42967.29,2026-06-08 23:58:21,3
TXN-0002704,CMP-001208,ACC-000820,ACC-000165,2676.15,2026-08-13 21:28:29,1
TXN-0002705,CMP-001208,ACC-000165,ACC-000087,2648.27,2026-08-13 22:17:29,2
TXN-0002706,CMP-001208,ACC-000087,ACC-000018,2531.68,2026-08-14 03:32:29,3
TXN-0002707,CMP-001210,ACC-000804,ACC-000202,7337.56,2026-08-25 12:50:56,1
TXN-0002708,CMP-001210,ACC-000202,ACC-000835,7209.52,2026-08-25 18:46:56,2
TXN-0002709,CMP-001211,ACC-000729,ACC-000004,6517.68,2026-08-14 04:22:01,1
TXN-0002710,CMP-001211,ACC-000004,ACC-000194,6011.45,2026-08-14 07:45:01,2
TXN-0002711,CMP-001212,ACC-000484,ACC-000104,2059.33,2026-07-26 18:56:50,1
TXN-0002712,CMP-001213,ACC-000871,ACC-000136,14423.93,2026-07-23 13:58:50,1
TXN-0002713,CMP-001213,ACC-000136,ACC-000097,14158.65,2026-07-23 16:17:50,2
TXN-0002714,CMP-001213,ACC-000097,ACC-000112,13383.71,2026-07-23 19:33:50,3
TXN-0002715,CMP-001214,ACC-001079,ACC-000053,2689.49,2026-08-15 12:35:26,1
TXN-0002716,CMP-001214,ACC-000053,ACC-000073,2579.04,2026-08-15 17:07:26,2
TXN-0002717,CMP-001215,ACC-000866,ACC-000639,8551.79,2026-07-15 03:56:31,1
TXN-0002718,CMP-001215,ACC-000639,ACC-000164,8154.71,2026-07-15 09:33:31,2
TXN-0002719,CMP-001215,ACC-000164,ACC-000169,7771.36,2026-07-15 12:04:31,3
TXN-0002720,CMP-001216,ACC-000224,ACC-000187,4757.26,2026-07-07 15:16:40,1
TXN-0002721,CMP-001216,ACC-000187,ACC-000199,4592.51,2026-07-07 17:51:40,2
TXN-0002722,CMP-001216,ACC-000199,ACC-000195,4242.38,2026-07-07 18:30:40,3
TXN-0002723,CMP-001216,ACC-000195,ACC-000022,4072.45,2026-07-07 18:35:40,4
TXN-0002724,CMP-001217,ACC-000346,ACC-000145,2874.25,2026-06-26 02:12:35,1
TXN-0002725,CMP-001218,ACC-000249,ACC-000130,1592.74,2026-07-30 07:38:09,1
TXN-0002726,CMP-001218,ACC-000130,ACC-000153,1534.2,2026-07-30 07:59:09,2
TXN-0002727,CMP-001218,ACC-000153,ACC-000161,1429.95,2026-07-30 12:04:09,3
TXN-0002728,CMP-001219,ACC-000847,ACC-000038,4267.93,2026-07-11 11:23:02,1
TXN-0002729,CMP-001219,ACC-000038,ACC-000036,4052.65,2026-07-11 16:32:02,2
TXN-0002730,CMP-001220,ACC-000837,ACC-000762,2702.77,2026-06-28 08:58:38,1
TXN-0002731,CMP-001220,ACC-000762,ACC-000018,2631.01,2026-06-28 11:15:38,2
TXN-0002732,CMP-001221,ACC-001050,ACC-000146,19366.91,2026-08-06 13:53:13,1
TXN-0002733,CMP-001222,ACC-000881,ACC-000031,1284.46,2026-06-23 16:27:57,1
TXN-0002734,CMP-001222,ACC-000031,ACC-000795,1221.64,2026-06-23 20:08:57,2
TXN-0002735,CMP-001222,ACC-000795,ACC-000573,1187.32,2026-06-24 02:04:57,3
TXN-0002736,CMP-001223,ACC-000667,ACC-000852,2518.12,2026-08-17 04:49:56,1
TXN-0002737,CMP-001223,ACC-000852,ACC-000016,2451.84,2026-08-17 08:48:56,2
TXN-0002738,CMP-001223,ACC-000016,ACC-000027,2263.66,2026-08-17 11:58:56,3
TXN-0002739,CMP-001224,ACC-000941,ACC-000155,4791.38,2026-06-17 17:54:41,1
TXN-0002740,CMP-001225,ACC-000458,ACC-000161,823.82,2026-07-31 12:35:08,1
TXN-0002741,CMP-001225,ACC-000161,ACC-000071,790.49,2026-07-31 17:35:08,2
TXN-0002742,CMP-001226,ACC-000724,ACC-000011,137000.01,2026-06-30 05:22:01,1
TXN-0002743,CMP-001226,ACC-000011,ACC-000129,126908.18,2026-06-30 05:56:01,2
TXN-0002744,CMP-001227,ACC-000988,ACC-000076,3883.66,2026-06-10 19:56:52,1
TXN-0002745,CMP-001227,ACC-000076,ACC-000023,3738.71,2026-06-11 01:43:52,2
TXN-0002746,CMP-001227,ACC-000023,ACC-000679,3595.71,2026-06-11 03:12:52,3
TXN-0002747,CMP-001228,ACC-001123,ACC-000068,3977.38,2026-07-17 10:49:02,1
TXN-0002748,CMP-001228,ACC-000068,ACC-000120,3714.47,2026-07-17 13:14:02,2
TXN-0002749,CMP-001229,ACC-000896,ACC-000027,864.79,2026-06-26 06:55:09,1
TXN-0002750,CMP-001230,ACC-001155,ACC-000083,18989.03,2026-06-25 23:52:32,1
TXN-0002751,CMP-001231,ACC-000930,ACC-000394,22338.07,2026-08-06 02:28:23,1
TXN-0002752,CMP-001231,ACC-000394,ACC-000136,21886.18,2026-08-06 04:57:23,2
TXN-0002753,CMP-001231,ACC-000136,ACC-000153,20526.54,2026-08-06 09:38:23,3
TXN-0002754,CMP-001231,ACC-000153,ACC-000072,19439.9,2026-08-06 12:13:23,4
TXN-0002755,CMP-001232,ACC-001131,ACC-000214,620.54,2026-08-03 01:01:53,1
TXN-0002756,CMP-001233,ACC-000441,ACC-000211,50803.57,2026-07-02 12:48:42,1
TXN-0002757,CMP-001233,ACC-000211,ACC-000513,49698.72,2026-07-02 14:25:42,2
TXN-0002758,CMP-001234,ACC-001105,ACC-000109,2730.45,2026-08-26 08:15:49,1
TXN-0002759,CMP-001234,ACC-000109,ACC-000062,2575.21,2026-08-26 10:42:49,2
TXN-0002760,CMP-001235,ACC-001188,ACC-000436,2804.41,2026-06-14 09:27:27,1
TXN-0002761,CMP-001235,ACC-000436,ACC-000242,2775.41,2026-06-14 14:29:27,2
TXN-0002762,CMP-001235,ACC-000242,ACC-000775,2634.19,2026-06-14 14:35:27,3
TXN-0002763,CMP-001236,ACC-000793,ACC-000136,6297.39,2026-07-12 01:01:37,1
TXN-0002764,CMP-001236,ACC-000136,ACC-000080,6188.49,2026-07-12 05:30:37,2
TXN-0002765,CMP-001237,ACC-000664,ACC-000585,1717.76,2026-06-07 23:40:49,1
TXN-0002766,CMP-001237,ACC-000585,ACC-000194,1666.77,2026-06-08 05:27:49,2
TXN-0002767,CMP-001238,ACC-001008,ACC-000206,3572.44,2026-08-03 09:25:14,1
TXN-0002768,CMP-001238,ACC-000206,ACC-000048,3503.66,2026-08-03 10:01:14,2
TXN-0002769,CMP-001238,ACC-000048,ACC-000711,3337.49,2026-08-03 15:42:14,3
TXN-0002770,CMP-001238,ACC-000711,ACC-000018,3129.44,2026-08-03 16:02:14,4
TXN-0002771,CMP-001239,ACC-000483,ACC-000042,1214.9,2026-06-27 03:55:01,1
TXN-0002772,CMP-001240,ACC-000952,ACC-000035,90992.62,2026-08-12 15:41:46,1
TXN-0002773,CMP-001240,ACC-000035,ACC-000043,84142.55,2026-08-12 19:17:46,2
TXN-0002774,CMP-001242,ACC-001046,ACC-001058,2761.32,2026-06-23 17:51:27,1
TXN-0002775,CMP-001242,ACC-001058,ACC-000479,2565.55,2026-06-23 18:35:27,2
TXN-0002776,CMP-001244,ACC-000548,ACC-000012,7248.7,2026-06-10 06:38:58,1
TXN-0002777,CMP-001244,ACC-000012,ACC-001196,6708.17,2026-06-10 09:15:58,2
TXN-0002778,CMP-001244,ACC-001196,ACC-000023,6327.1,2026-06-10 12:45:58,3
TXN-0002779,CMP-001245,ACC-001092,ACC-000069,1553.76,2026-06-03 14:10:40,1
TXN-0002780,CMP-001245,ACC-000069,ACC-000058,1503.49,2026-06-03 15:45:40,2
TXN-0002781,CMP-001245,ACC-000058,ACC-000185,1481.94,2026-06-03 21:29:40,3
TXN-0002782,CMP-001246,ACC-000336,ACC-000220,3417.1,2026-06-11 00:31:14,1
TXN-0002783,CMP-001247,ACC-000715,ACC-000084,800.16,2026-08-26 02:26:03,1
TXN-0002784,CMP-001247,ACC-000084,ACC-000259,785.63,2026-08-26 05:19:03,2
TXN-0002785,CMP-001248,ACC-000506,ACC-000014,1163.2,2026-07-13 23:42:19,1
TXN-0002786,CMP-001248,ACC-000014,ACC-000960,1077.57,2026-07-14 01:12:19,2
TXN-0002787,CMP-001249,ACC-001170,ACC-001053,3016.04,2026-06-03 19:16:45,1
TXN-0002788,CMP-001249,ACC-001053,ACC-000133,2970.99,2026-06-03 23:27:45,2
TXN-0002789,CMP-001249,ACC-000133,ACC-000179,2822.21,2026-06-04 04:09:45,3
TXN-0002790,CMP-001249,ACC-000179,ACC-000041,2663.19,2026-06-04 08:15:45,4
TXN-0002791,CMP-001250,ACC-000483,ACC-000199,5398.72,2026-08-23 23:41:52,1
TXN-0002792,CMP-001250,ACC-000199,ACC-000007,5280.93,2026-08-24 03:30:52,2
TXN-0002793,CMP-001250,ACC-000007,ACC-001045,5133.26,2026-08-24 07:03:52,3
TXN-0002794,CMP-001250,ACC-001045,ACC-000189,4804.37,2026-08-24 09:01:52,4
TXN-0002795,CMP-001251,ACC-000871,ACC-000370,9604.57,2026-06-26 05:32:53,1
TXN-0002796,CMP-001251,ACC-000370,ACC-000194,8952.84,2026-06-26 11:09:53,2
TXN-0002797,CMP-001251,ACC-000194,ACC-000206,8770.17,2026-06-26 15:05:53,3
TXN-0002798,CMP-001252,ACC-000757,ACC-000010,9656.02,2026-07-23 11:46:28,1
TXN-0002799,CMP-001252,ACC-000010,ACC-000032,9408.02,2026-07-23 13:43:28,2
TXN-0002800,CMP-001253,ACC-000912,ACC-000830,14976.05,2026-08-01 06:02:13,1
TXN-0002801,CMP-001253,ACC-000830,ACC-000130,14604.74,2026-08-01 06:28:13,2
TXN-0002802,CMP-001254,ACC-000707,ACC-000367,1500.06,2026-07-22 13:45:13,1
TXN-0002803,CMP-001254,ACC-000367,ACC-000150,1463.61,2026-07-22 17:44:13,2
TXN-0002804,CMP-001255,ACC-000644,ACC-000842,11657.42,2026-08-18 02:36:06,1
TXN-0002805,CMP-001255,ACC-000842,ACC-000125,11068.64,2026-08-18 05:07:06,2
TXN-0002806,CMP-001256,ACC-000980,ACC-001029,1232.32,2026-06-15 16:54:53,1
TXN-0002807,CMP-001256,ACC-001029,ACC-000184,1178.15,2026-06-15 19:14:53,2
TXN-0002808,CMP-001257,ACC-000504,ACC-000142,3667.7,2026-08-21 23:51:06,1
TXN-0002809,CMP-001257,ACC-000142,ACC-000789,3447.05,2026-08-22 05:04:06,2
TXN-0002810,CMP-001258,ACC-000540,ACC-000194,3978.88,2026-08-06 13:34:36,1
TXN-0002811,CMP-001260,ACC-001035,ACC-000184,380237.55,2026-07-28 08:32:46,1
TXN-0002812,CMP-001260,ACC-000184,ACC-000012,360800.05,2026-07-28 14:02:46,2
TXN-0002813,CMP-001260,ACC-000012,ACC-000078,337147.09,2026-07-28 14:50:46,3
TXN-0002814,CMP-001261,ACC-001110,ACC-000108,2348.69,2026-07-10 21:17:50,1
TXN-0002815,CMP-001261,ACC-000108,ACC-000100,2242.8,2026-07-11 00:34:50,2
TXN-0002816,CMP-001261,ACC-000100,ACC-000007,2102.27,2026-07-11 04:16:50,3
TXN-0002817,CMP-001261,ACC-000007,ACC-000087,1981.25,2026-07-11 09:01:50,4
TXN-0002818,CMP-001262,ACC-001015,ACC-000568,1038.91,2026-08-09 03:26:58,1
TXN-0002819,CMP-001262,ACC-000568,ACC-000088,1014.57,2026-08-09 06:17:58,2
TXN-0002820,CMP-001262,ACC-000088,ACC-000110,942.59,2026-08-09 11:57:58,3
TXN-0002821,CMP-001263,ACC-000852,ACC-000242,8244.08,2026-06-26 13:53:42,1
TXN-0002822,CMP-001263,ACC-000242,ACC-000128,7796.97,2026-06-26 18:55:42,2
TXN-0002823,CMP-001264,ACC-001127,ACC-000155,4715.26,2026-08-17 16:15:23,1
TXN-0002824,CMP-001264,ACC-000155,ACC-000105,4445.05,2026-08-17 21:52:23,2
TXN-0002825,CMP-001265,ACC-000499,ACC-000129,110939.68,2026-06-28 17:12:30,1
TXN-0002826,CMP-001265,ACC-000129,ACC-001096,108586.52,2026-06-28 17:55:30,2
TXN-0002827,CMP-001265,ACC-001096,ACC-000191,102521.77,2026-06-28 19:22:30,3
TXN-0002828,CMP-001266,ACC-000557,ACC-000092,6384.64,2026-06-19 06:22:59,1
TXN-0002829,CMP-001266,ACC-000092,ACC-000673,6110.56,2026-06-19 10:43:59,2
TXN-0002830,CMP-001266,ACC-000673,ACC-000096,5653.5,2026-06-19 16:20:59,3
TXN-0002831,CMP-001267,ACC-000604,ACC-000131,3590.97,2026-08-01 21:27:15,1
TXN-0002832,CMP-001267,ACC-000131,ACC-000166,3384.05,2026-08-01 22:02:15,2
TXN-0002833,CMP-001267,ACC-000166,ACC-001136,3300.34,2026-08-02 03:47:15,3
TXN-0002834,CMP-001268,ACC-000634,ACC-000071,4119.26,2026-07-18 11:06:13,1
TXN-0002835,CMP-001268,ACC-000071,ACC-000169,3844.09,2026-07-18 14:16:13,2
TXN-0002836,CMP-001268,ACC-000169,ACC-000048,3582.93,2026-07-18 15:07:13,3
TXN-0002837,CMP-001268,ACC-000048,ACC-000470,3545.1,2026-07-18 17:38:13,4
TXN-0002838,CMP-001269,ACC-000377,ACC-000030,1941.8,2026-07-22 22:11:19,1
TXN-0002839,CMP-001269,ACC-000030,ACC-000124,1810.38,2026-07-22 23:01:19,2
TXN-0002840,CMP-001269,ACC-000124,ACC-000217,1670.46,2026-07-23 04:43:19,3
TXN-0002841,CMP-001269,ACC-000217,ACC-000115,1603.67,2026-07-23 09:46:19,4
TXN-0002842,CMP-001270,ACC-000777,ACC-000214,84785.09,2026-06-12 09:30:32,1
TXN-0002843,CMP-001270,ACC-000214,ACC-000060,79930.65,2026-06-12 13:03:32,2
TXN-0002844,CMP-001270,ACC-000060,ACC-000058,78572.08,2026-06-12 13:52:32,3
TXN-0002845,CMP-001271,ACC-000988,ACC-001074,17264.62,2026-06-15 09:14:06,1
TXN-0002846,CMP-001271,ACC-001074,ACC-000075,15966.42,2026-06-15 11:08:06,2
TXN-0002847,CMP-001272,ACC-001137,ACC-000165,1755.58,2026-08-16 05:00:21,1
TXN-0002848,CMP-001272,ACC-000165,ACC-000167,1630.92,2026-08-16 06:04:21,2
TXN-0002849,CMP-001272,ACC-000167,ACC-000201,1519.33,2026-08-16 06:53:21,3
TXN-0002850,CMP-001272,ACC-000201,ACC-000983,1419.46,2026-08-16 07:40:21,4
TXN-0002851,CMP-001273,ACC-000523,ACC-000024,17198.42,2026-08-16 21:20:23,1
TXN-0002852,CMP-001273,ACC-000024,ACC-000439,16491.98,2026-08-17 02:55:23,2
TXN-0002853,CMP-001273,ACC-000439,ACC-000055,15840.34,2026-08-17 08:46:23,3
TXN-0002854,CMP-001274,ACC-000974,ACC-000163,1413.89,2026-06-15 07:33:57,1
TXN-0002855,CMP-001275,ACC-000828,ACC-000047,29126.77,2026-07-16 15:42:17,1
TXN-0002856,CMP-001275,ACC-000047,ACC-000199,27272.71,2026-07-16 19:27:17,2
TXN-0002857,CMP-001276,ACC-000327,ACC-000160,3364.28,2026-07-07 23:54:23,1
TXN-0002858,CMP-001277,ACC-000541,ACC-000196,5102.36,2026-06-24 02:28:27,1
TXN-0002859,CMP-001277,ACC-000196,ACC-000611,4966.59,2026-06-24 05:01:27,2
TXN-0002860,CMP-001277,ACC-000611,ACC-000014,4870.62,2026-06-24 06:03:27,3
TXN-0002861,CMP-001278,ACC-000658,ACC-000925,6628.12,2026-06-04 02:25:52,1
TXN-0002862,CMP-001279,ACC-001131,ACC-000094,180176.85,2026-08-04 11:25:39,1
TXN-0002863,CMP-001279,ACC-000094,ACC-000190,174787.59,2026-08-04 15:22:39,2
TXN-0002864,CMP-001280,ACC-000983,ACC-000007,4906.33,2026-06-30 23:38:15,1
TXN-0002865,CMP-001280,ACC-000007,ACC-000487,4554.24,2026-06-30 23:56:15,2
TXN-0002866,CMP-001280,ACC-000487,ACC-000654,4348.49,2026-07-01 05:29:15,3
TXN-0002867,CMP-001280,ACC-000654,ACC-000185,4028.87,2026-07-01 11:17:15,4
TXN-0002868,CMP-001281,ACC-000587,ACC-000633,4545.64,2026-08-12 08:00:26,1
TXN-0002869,CMP-001281,ACC-000633,ACC-000427,4376.74,2026-08-12 09:50:26,2
TXN-0002870,CMP-001281,ACC-000427,ACC-000091,4293.04,2026-08-12 10:06:26,3
TXN-0002871,CMP-001281,ACC-000091,ACC-000020,4132.17,2026-08-12 13:37:26,4
TXN-0002872,CMP-001282,ACC-000663,ACC-000299,15649.17,2026-08-01 13:02:34,1
TXN-0002873,CMP-001282,ACC-000299,ACC-000177,14462.16,2026-08-01 17:19:34,2
TXN-0002874,CMP-001282,ACC-000177,ACC-000153,13627.39,2026-08-01 17:28:34,3
TXN-0002875,CMP-001283,ACC-001039,ACC-000211,2197.37,2026-08-04 14:35:17,1
TXN-0002876,CMP-001283,ACC-000211,ACC-000013,2067.46,2026-08-04 14:55:17,2
TXN-0002877,CMP-001283,ACC-000013,ACC-000737,1950.93,2026-08-04 19:33:17,3
TXN-0002878,CMP-001283,ACC-000737,ACC-000948,1833.82,2026-08-05 00:15:17,4
TXN-0002879,CMP-001284,ACC-000613,ACC-000197,5304.12,2026-07-02 08:47:52,1
TXN-0002880,CMP-001284,ACC-000197,ACC-000919,4949.04,2026-07-02 13:20:52,2
TXN-0002881,CMP-001284,ACC-000919,ACC-001095,4869.53,2026-07-02 19:19:52,3
TXN-0002882,CMP-001285,ACC-000460,ACC-000034,394252.13,2026-07-06 06:53:00,1
TXN-0002883,CMP-001285,ACC-000034,ACC-000099,365867.14,2026-07-06 11:52:00,2
TXN-0002884,CMP-001286,ACC-001105,ACC-000659,1429.09,2026-08-16 04:30:46,1
TXN-0002885,CMP-001286,ACC-000659,ACC-000047,1405.68,2026-08-16 09:15:46,2
TXN-0002886,CMP-001287,ACC-000684,ACC-000011,144577.97,2026-08-14 14:03:13,1
TXN-0002887,CMP-001287,ACC-000011,ACC-000073,140044.0,2026-08-14 17:38:13,2
TXN-0002888,CMP-001287,ACC-000073,ACC-000178,133927.12,2026-08-14 21:14:13,3
TXN-0002889,CMP-001288,ACC-000874,ACC-000967,2244.61,2026-07-30 01:58:01,1
TXN-0002890,CMP-001288,ACC-000967,ACC-000175,2085.51,2026-07-30 05:27:01,2
TXN-0002891,CMP-001288,ACC-000175,ACC-000025,1967.27,2026-07-30 06:58:01,3
TXN-0002892,CMP-001290,ACC-000355,ACC-000066,5118.49,2026-08-08 00:59:34,1
TXN-0002893,CMP-001291,ACC-000953,ACC-000127,12998.64,2026-06-29 19:49:47,1
TXN-0002894,CMP-001292,ACC-000382,ACC-000210,33782.36,2026-08-18 06:03:24,1
TXN-0002895,CMP-001293,ACC-000389,ACC-000077,286083.5,2026-07-07 13:42:43,1
TXN-0002896,CMP-001294,ACC-001152,ACC-000146,2814.89,2026-07-17 23:46:57,1
TXN-0002897,CMP-001294,ACC-000146,ACC-000180,2780.79,2026-07-18 03:05:57,2
TXN-0002898,CMP-001294,ACC-000180,ACC-000121,2738.36,2026-07-18 05:08:57,3
TXN-0002899,CMP-001295,ACC-000936,ACC-000162,941.19,2026-07-18 15:03:13,1
TXN-0002900,CMP-001296,ACC-000633,ACC-000015,1521.75,2026-08-11 00:17:28,1
TXN-0002901,CMP-001296,ACC-000015,ACC-000059,1490.68,2026-08-11 01:09:28,2
TXN-0002902,CMP-001296,ACC-000059,ACC-000132,1438.58,2026-08-11 02:24:28,3
TXN-0002903,CMP-001297,ACC-001053,ACC-000093,12923.95,2026-08-23 18:13:43,1
TXN-0002904,CMP-001297,ACC-000093,ACC-000147,12763.87,2026-08-23 22:05:43,2
TXN-0002905,CMP-001298,ACC-000946,ACC-000027,6042.63,2026-06-29 14:18:26,1
TXN-0002906,CMP-001298,ACC-000027,ACC-001095,5913.57,2026-06-29 19:46:26,2
TXN-0002907,CMP-001299,ACC-000428,ACC-000114,4756.71,2026-08-14 23:35:59,1
TXN-0002908,CMP-001299,ACC-000114,ACC-000129,4399.36,2026-08-15 03:10:59,2
TXN-0002909,CMP-001299,ACC-000129,ACC-001031,4127.36,2026-08-15 03:24:59,3
TXN-0002910,CMP-001300,ACC-001165,ACC-000123,6817.55,2026-06-02 14:45:49,1
TXN-0002911,CMP-001300,ACC-000123,ACC-000104,6472.57,2026-06-02 18:59:49,2
TXN-0002912,CMP-001300,ACC-000104,ACC-000630,6277.6,2026-06-02 23:59:49,3
TXN-0002913,CMP-001301,ACC-000711,ACC-001075,12164.32,2026-07-02 03:38:41,1
TXN-0002914,CMP-001301,ACC-001075,ACC-000083,11441.25,2026-07-02 04:26:41,2
TXN-0002915,CMP-001302,ACC-000793,ACC-000074,1137.64,2026-07-08 16:41:56,1
TXN-0002916,CMP-001302,ACC-000074,ACC-000059,1123.65,2026-07-08 17:43:56,2
TXN-0002917,CMP-001302,ACC-000059,ACC-000123,1103.68,2026-07-08 18:22:56,3
TXN-0002918,CMP-001303,ACC-000452,ACC-000065,31729.6,2026-06-09 15:39:08,1
TXN-0002919,CMP-001303,ACC-000065,ACC-000028,29886.53,2026-06-09 16:44:08,2
TXN-0002920,CMP-001304,ACC-000603,ACC-000187,8736.13,2026-06-11 20:44:36,1
TXN-0002921,CMP-001304,ACC-000187,ACC-000112,8621.59,2026-06-11 21:12:36,2
TXN-0002922,CMP-001304,ACC-000112,ACC-000133,7939.56,2026-06-12 02:01:36,3
TXN-0002923,CMP-001305,ACC-001185,ACC-000192,654.61,2026-06-13 09:56:21,1
TXN-0002924,CMP-001305,ACC-000192,ACC-000470,636.08,2026-06-13 10:21:21,2
TXN-0002925,CMP-001305,ACC-000470,ACC-001029,629.68,2026-06-13 15:15:21,3
TXN-0002926,CMP-001306,ACC-000944,ACC-000116,4728.92,2026-06-19 11:21:20,1
TXN-0002927,CMP-001306,ACC-000116,ACC-000988,4431.78,2026-06-19 14:25:20,2
TXN-0002928,CMP-001306,ACC-000988,ACC-000572,4386.36,2026-06-19 19:07:20,3
TXN-0002929,CMP-001306,ACC-000572,ACC-000212,4183.87,2026-06-20 00:57:20,4
TXN-0002930,CMP-001307,ACC-000945,ACC-000005,5087.48,2026-08-03 18:20:27,1
TXN-0002931,CMP-001307,ACC-000005,ACC-000211,5007.51,2026-08-03 21:57:27,2
TXN-0002932,CMP-001307,ACC-000211,ACC-000483,4702.92,2026-08-04 01:55:27,3
TXN-0002933,CMP-001307,ACC-000483,ACC-000719,4358.24,2026-08-04 02:42:27,4
TXN-0002934,CMP-001308,ACC-001150,ACC-000086,2547.03,2026-06-05 17:28:28,1
TXN-0002935,CMP-001308,ACC-000086,ACC-000759,2501.97,2026-06-05 22:37:28,2
TXN-0002936,CMP-001308,ACC-000759,ACC-000151,2465.74,2026-06-06 02:51:28,3
TXN-0002937,CMP-001309,ACC-001196,ACC-000091,317.54,2026-06-21 06:19:42,1
TXN-0002938,CMP-001311,ACC-001035,ACC-000096,70955.35,2026-07-18 14:17:50,1
TXN-0002939,CMP-001311,ACC-000096,ACC-000632,68911.96,2026-07-18 16:56:50,2
TXN-0002940,CMP-001311,ACC-000632,ACC-001020,64425.93,2026-07-18 22:44:50,3
TXN-0002941,CMP-001311,ACC-001020,ACC-000127,63141.18,2026-07-19 01:41:50,4
TXN-0002942,CMP-001312,ACC-000517,ACC-000030,4861.23,2026-08-17 03:57:20,1
TXN-0002943,CMP-001312,ACC-000030,ACC-000169,4631.84,2026-08-17 08:48:20,2
TXN-0002944,CMP-001312,ACC-000169,ACC-000657,4308.96,2026-08-17 10:57:20,3
TXN-0002945,CMP-001312,ACC-000657,ACC-000141,4011.55,2026-08-17 16:34:20,4
TXN-0002946,CMP-001313,ACC-000712,ACC-000005,178813.85,2026-06-04 15:18:43,1
TXN-0002947,CMP-001313,ACC-000005,ACC-000033,169588.96,2026-06-04 15:32:43,2
TXN-0002948,CMP-001313,ACC-000033,ACC-000174,160302.44,2026-06-04 17:21:43,3
TXN-0002949,CMP-001314,ACC-000577,ACC-000136,94036.75,2026-06-21 17:19:12,1
TXN-0002950,CMP-001314,ACC-000136,ACC-000825,89999.98,2026-06-21 18:19:12,2
TXN-0002951,CMP-001314,ACC-000825,ACC-000866,88023.36,2026-06-21 20:00:12,3
TXN-0002952,CMP-001315,ACC-001140,ACC-000110,18050.96,2026-07-22 15:52:36,1
TXN-0002953,CMP-001315,ACC-000110,ACC-000135,16683.67,2026-07-22 21:20:36,2
TXN-0002954,CMP-001315,ACC-000135,ACC-000187,15835.87,2026-07-23 01:07:36,3
TXN-0002955,CMP-001316,ACC-000714,ACC-000298,4440.67,2026-07-26 07:09:26,1
TXN-0002956,CMP-001317,ACC-001086,ACC-000161,4760.59,2026-07-11 09:44:36,1
TXN-0002957,CMP-001317,ACC-000161,ACC-000066,4559.97,2026-07-11 13:18:36,2
TXN-0002958,CMP-001318,ACC-001062,ACC-000473,53938.44,2026-08-05 10:53:53,1
TXN-0002959,CMP-001318,ACC-000473,ACC-000573,50818.98,2026-08-05 12:06:53,2
TXN-0002960,CMP-001319,ACC-000893,ACC-000849,4061.81,2026-06-16 16:09:13,1
TXN-0002961,CMP-001319,ACC-000849,ACC-000051,3814.04,2026-06-16 20:18:13,2
TXN-0002962,CMP-001320,ACC-001105,ACC-000197,1858.37,2026-08-03 16:43:13,1
TXN-0002963,CMP-001320,ACC-000197,ACC-000074,1836.53,2026-08-03 20:11:13,2
TXN-0002964,CMP-001320,ACC-000074,ACC-000007,1697.11,2026-08-03 21:20:13,3
TXN-0002965,CMP-001321,ACC-000770,ACC-000213,6039.31,2026-07-05 05:58:04,1
TXN-0002966,CMP-001321,ACC-000213,ACC-000155,5941.09,2026-07-05 06:19:04,2
TXN-0002967,CMP-001321,ACC-000155,ACC-000229,5779.16,2026-07-05 08:36:04,3
TXN-0002968,CMP-001321,ACC-000229,ACC-000738,5613.13,2026-07-05 10:37:04,4
TXN-0002969,CMP-001322,ACC-000582,ACC-000019,5062.22,2026-08-22 01:43:09,1
TXN-0002970,CMP-001323,ACC-000745,ACC-000046,2222519.51,2026-08-10 04:08:51,1
TXN-0002971,CMP-001323,ACC-000046,ACC-000162,2100439.32,2026-08-10 06:00:51,2
TXN-0002972,CMP-001323,ACC-000162,ACC-000099,1992421.34,2026-08-10 07:51:51,3
TXN-0002973,CMP-001324,ACC-000844,ACC-000199,825.93,2026-07-07 10:46:49,1
TXN-0002974,CMP-001324,ACC-000199,ACC-000084,804.57,2026-07-07 15:17:49,2
TXN-0002975,CMP-001326,ACC-000881,ACC-001104,38372.04,2026-08-10 13:25:45,1
TXN-0002976,CMP-001326,ACC-001104,ACC-000150,35860.7,2026-08-10 13:48:45,2
TXN-0002977,CMP-001326,ACC-000150,ACC-000216,34792.85,2026-08-10 14:20:45,3
TXN-0002978,CMP-001327,ACC-000575,ACC-001109,512.92,2026-06-12 12:20:09,1
TXN-0002979,CMP-001327,ACC-001109,ACC-000004,478.75,2026-06-12 14:05:09,2
TXN-0002980,CMP-001328,ACC-000596,ACC-000099,4181.21,2026-06-22 12:37:12,1
TXN-0002981,CMP-001328,ACC-000099,ACC-000012,4107.45,2026-06-22 18:02:12,2
TXN-0002982,CMP-001329,ACC-000765,ACC-000206,4677.22,2026-08-07 04:23:19,1
TXN-0002983,CMP-001329,ACC-000206,ACC-000112,4524.87,2026-08-07 08:32:19,2
TXN-0002984,CMP-001332,ACC-001139,ACC-000314,11938.85,2026-06-26 18:44:13,1
TXN-0002985,CMP-001332,ACC-000314,ACC-000208,11281.71,2026-06-26 21:23:13,2
TXN-0002986,CMP-001333,ACC-001099,ACC-000188,6762.11,2026-08-18 21:49:35,1
TXN-0002987,CMP-001333,ACC-000188,ACC-000074,6358.11,2026-08-19 00:39:35,2
TXN-0002988,CMP-001334,ACC-000982,ACC-000039,8136.36,2026-06-22 05:44:08,1
TXN-0002989,CMP-001334,ACC-000039,ACC-000067,7635.28,2026-06-22 06:56:08,2
TXN-0002990,CMP-001335,ACC-001190,ACC-000109,55922.26,2026-06-17 22:46:55,1
TXN-0002991,CMP-001335,ACC-000109,ACC-000163,54079.57,2026-06-18 00:42:55,2
TXN-0002992,CMP-001335,ACC-000163,ACC-000057,52378.06,2026-06-18 00:58:55,3
TXN-0002993,CMP-001336,ACC-000849,ACC-000161,6211.4,2026-08-19 04:03:56,1
TXN-0002994,CMP-001336,ACC-000161,ACC-000233,5749.57,2026-08-19 09:58:56,2
TXN-0002995,CMP-001337,ACC-000524,ACC-000144,5065.58,2026-08-10 21:42:21,1
TXN-0002996,CMP-001337,ACC-000144,ACC-000099,4673.39,2026-08-11 03:17:21,2
TXN-0002997,CMP-001338,ACC-001044,ACC-000401,1108.04,2026-08-14 23:04:02,1
TXN-0002998,CMP-001338,ACC-000401,ACC-000056,1030.44,2026-08-15 04:07:02,2
TXN-0002999,CMP-001339,ACC-001168,ACC-000040,3277.31,2026-08-20 02:12:58,1
TXN-0003000,CMP-001340,ACC-001092,ACC-001142,22875.77,2026-08-21 13:18:27,1
TXN-0003001,CMP-001340,ACC-001142,ACC-000005,22129.25,2026-08-21 16:55:27,2
TXN-0003002,CMP-001341,ACC-000650,ACC-000101,7011.09,2026-07-08 00:01:45,1
TXN-0003003,CMP-001341,ACC-000101,ACC-000123,6590.56,2026-07-08 03:11:45,2
TXN-0003004,CMP-001341,ACC-000123,ACC-000038,6364.53,2026-07-08 04:57:45,3
TXN-0003005,CMP-001341,ACC-000038,ACC-000169,6084.16,2026-07-08 06:53:45,4
TXN-0003006,CMP-001342,ACC-001013,ACC-000144,37601.74,2026-07-25 17:24:32,1
TXN-0003007,CMP-001343,ACC-000236,ACC-000077,9247.68,2026-06-05 20:55:10,1
TXN-0003008,CMP-001343,ACC-000077,ACC-000177,8640.5,2026-06-05 22:35:10,2
TXN-0003009,CMP-001344,ACC-001026,ACC-000212,49368.5,2026-08-12 10:10:05,1
TXN-0003010,CMP-001344,ACC-000212,ACC-000173,45436.6,2026-08-12 11:04:05,2
TXN-0003011,CMP-001345,ACC-000241,ACC-000126,3443.61,2026-06-29 02:35:24,1
TXN-0003012,CMP-001345,ACC-000126,ACC-000068,3403.43,2026-06-29 03:58:24,2
TXN-0003013,CMP-001346,ACC-000830,ACC-000005,2393.74,2026-07-17 04:52:06,1
TXN-0003014,CMP-001346,ACC-000005,ACC-000204,2262.13,2026-07-17 08:02:06,2
TXN-0003015,CMP-001346,ACC-000204,ACC-000184,2095.63,2026-07-17 11:47:06,3
TXN-0003016,CMP-001347,ACC-000599,ACC-000165,2647.76,2026-06-08 16:08:30,1
TXN-0003017,CMP-001347,ACC-000165,ACC-000158,2611.94,2026-06-08 17:08:30,2
TXN-0003018,CMP-001347,ACC-000158,ACC-000146,2540.34,2026-06-08 19:19:30,3
TXN-0003019,CMP-001348,ACC-000691,ACC-000168,3034.76,2026-08-14 01:21:19,1
TXN-0003020,CMP-001348,ACC-000168,ACC-000443,2906.6,2026-08-14 06:07:19,2
TXN-0003021,CMP-001348,ACC-000443,ACC-001114,2830.94,2026-08-14 08:58:19,3
TXN-0003022,CMP-001349,ACC-000594,ACC-000175,6740.34,2026-08-02 23:17:20,1
TXN-0003023,CMP-001349,ACC-000175,ACC-000066,6550.33,2026-08-03 03:08:20,2
TXN-0003024,CMP-001350,ACC-000887,ACC-001158,657.36,2026-07-21 21:45:33,1
TXN-0003025,CMP-001350,ACC-001158,ACC-000176,642.48,2026-07-22 02:10:33,2
TXN-0003026,CMP-001351,ACC-001136,ACC-000169,3354.66,2026-07-01 15:09:01,1
TXN-0003027,CMP-001351,ACC-000169,ACC-000005,3237.73,2026-07-01 20:58:01,2
TXN-0003028,CMP-001352,ACC-000435,ACC-000003,3816.73,2026-07-11 05:17:45,1
TXN-0003029,CMP-001352,ACC-000003,ACC-000154,3619.78,2026-07-11 08:10:45,2
TXN-0003030,CMP-001352,ACC-000154,ACC-000193,3377.5,2026-07-11 09:07:45,3
TXN-0003031,CMP-001352,ACC-000193,ACC-000001,3114.91,2026-07-11 11:12:45,4
TXN-0003032,CMP-001353,ACC-000367,ACC-000095,4943.29,2026-07-28 16:17:38,1
TXN-0003033,CMP-001353,ACC-000095,ACC-000102,4860.88,2026-07-28 21:22:38,2
TXN-0003034,CMP-001354,ACC-000615,ACC-000174,20423.53,2026-07-05 01:49:41,1
TXN-0003035,CMP-001354,ACC-000174,ACC-000198,20049.65,2026-07-05 05:32:41,2
TXN-0003036,CMP-001355,ACC-001081,ACC-000773,10588.06,2026-06-15 07:29:42,1
TXN-0003037,CMP-001355,ACC-000773,ACC-000034,10466.64,2026-06-15 12:16:42,2
TXN-0003038,CMP-001357,ACC-000242,ACC-000158,11126.21,2026-08-22 01:02:40,1
TXN-0003039,CMP-001357,ACC-000158,ACC-000069,10705.11,2026-08-22 02:57:40,2
TXN-0003040,CMP-001357,ACC-000069,ACC-000200,10481.98,2026-08-22 06:34:40,3
TXN-0003041,CMP-001358,ACC-000309,ACC-000034,223918.27,2026-07-31 06:12:02,1
TXN-0003042,CMP-001358,ACC-000034,ACC-000006,218315.46,2026-07-31 10:23:02,2
TXN-0003043,CMP-001358,ACC-000006,ACC-000094,201026.91,2026-07-31 10:43:02,3
TXN-0003044,CMP-001359,ACC-000950,ACC-000118,2813.83,2026-06-02 06:49:03,1
TXN-0003045,CMP-001359,ACC-000118,ACC-000134,2735.99,2026-06-02 12:28:03,2
TXN-0003046,CMP-001359,ACC-000134,ACC-000341,2573.65,2026-06-02 17:23:03,3
TXN-0003047,CMP-001359,ACC-000341,ACC-000598,2401.93,2026-06-02 20:53:03,4
TXN-0003048,CMP-001360,ACC-000726,ACC-000141,118779.79,2026-07-16 13:05:46,1
TXN-0003049,CMP-001360,ACC-000141,ACC-000053,112701.22,2026-07-16 16:54:46,2
TXN-0003050,CMP-001361,ACC-001153,ACC-000189,1417.62,2026-06-20 16:40:29,1
TXN-0003051,CMP-001361,ACC-000189,ACC-000011,1363.5,2026-06-20 18:29:29,2
TXN-0003052,CMP-001362,ACC-000500,ACC-000036,169859.78,2026-07-30 11:27:59,1
TXN-0003053,CMP-001362,ACC-000036,ACC-000635,158738.64,2026-07-30 12:43:59,2
TXN-0003054,CMP-001362,ACC-000635,ACC-000137,149144.7,2026-07-30 15:48:59,3
TXN-0003055,CMP-001362,ACC-000137,ACC-000179,137652.56,2026-07-30 18:08:59,4
TXN-0003056,CMP-001363,ACC-000775,ACC-000062,5365.37,2026-06-02 11:49:54,1
TXN-0003057,CMP-001363,ACC-000062,ACC-000134,4994.17,2026-06-02 15:43:54,2
TXN-0003058,CMP-001365,ACC-000539,ACC-000140,10431.98,2026-08-16 08:48:44,1
TXN-0003059,CMP-001366,ACC-000595,ACC-000857,1270.56,2026-05-31 22:03:48,1
TXN-0003060,CMP-001366,ACC-000857,ACC-000124,1183.86,2026-05-31 23:08:48,2
TXN-0003061,CMP-001366,ACC-000124,ACC-000211,1158.05,2026-05-31 23:45:48,3
TXN-0003062,CMP-001367,ACC-000438,ACC-000017,3403.59,2026-08-28 18:22:30,1
TXN-0003063,CMP-001368,ACC-000219,ACC-000123,2259.72,2026-08-24 03:06:46,1
TXN-0003064,CMP-001368,ACC-000123,ACC-000179,2088.36,2026-08-24 04:28:46,2
TXN-0003065,CMP-001369,ACC-000654,ACC-000027,7561.25,2026-07-20 08:32:17,1
TXN-0003066,CMP-001369,ACC-000027,ACC-000403,7012.17,2026-07-20 08:47:17,2
TXN-0003067,CMP-001370,ACC-001098,ACC-000117,3642.67,2026-08-22 19:47:24,1
TXN-0003068,CMP-001370,ACC-000117,ACC-000063,3392.89,2026-08-22 20:25:24,2
TXN-0003069,CMP-001370,ACC-000063,ACC-000211,3321.57,2026-08-23 00:06:24,3
TXN-0003070,CMP-001371,ACC-001049,ACC-000104,7681.17,2026-07-15 05:44:19,1
TXN-0003071,CMP-001371,ACC-000104,ACC-000203,7494.8,2026-07-15 09:17:19,2
TXN-0003072,CMP-001372,ACC-000736,ACC-000157,314790.3,2026-07-22 13:06:37,1
TXN-0003073,CMP-001372,ACC-000157,ACC-001086,298968.83,2026-07-22 15:57:37,2
TXN-0003074,CMP-001372,ACC-001086,ACC-000196,293369.06,2026-07-22 16:17:37,3
TXN-0003075,CMP-001373,ACC-001085,ACC-000022,7196.85,2026-06-01 07:51:37,1
TXN-0003076,CMP-001373,ACC-000022,ACC-000190,6687.45,2026-06-01 11:49:37,2
TXN-0003077,CMP-001373,ACC-000190,ACC-000126,6354.78,2026-06-01 16:39:37,3
TXN-0003078,CMP-001374,ACC-001063,ACC-000176,3907.63,2026-06-23 21:31:37,1
TXN-0003079,CMP-001375,ACC-000751,ACC-000342,6201.06,2026-06-07 03:01:59,1
TXN-0003080,CMP-001375,ACC-000342,ACC-000031,5997.75,2026-06-07 08:27:59,2
TXN-0003081,CMP-001376,ACC-000580,ACC-000036,1754.4,2026-08-19 01:37:17,1
TXN-0003082,CMP-001376,ACC-000036,ACC-000173,1729.26,2026-08-19 04:08:17,2
TXN-0003083,CMP-001378,ACC-000458,ACC-000408,2932.02,2026-08-03 10:01:55,1
TXN-0003084,CMP-001379,ACC-000254,ACC-000176,29616.9,2026-08-04 19:28:33,1
TXN-0003085,CMP-001379,ACC-000176,ACC-000096,28056.57,2026-08-04 20:43:33,2
TXN-0003086,CMP-001379,ACC-000096,ACC-001015,26595.7,2026-08-04 20:52:33,3
TXN-0003087,CMP-001379,ACC-001015,ACC-000529,25579.04,2026-08-04 22:02:33,4
TXN-0003088,CMP-001380,ACC-000394,ACC-000015,2908.36,2026-06-23 20:50:28,1
TXN-0003089,CMP-001380,ACC-000015,ACC-000097,2756.28,2026-06-24 00:08:28,2
TXN-0003090,CMP-001380,ACC-000097,ACC-000016,2679.71,2026-06-24 06:03:28,3
TXN-0003091,CMP-001381,ACC-001065,ACC-000770,2365.6,2026-07-29 06:55:42,1
TXN-0003092,CMP-001381,ACC-000770,ACC-000011,2229.72,2026-07-29 09:20:42,2
TXN-0003093,CMP-001382,ACC-000848,ACC-000022,2053.41,2026-06-14 02:23:00,1
TXN-0003094,CMP-001382,ACC-000022,ACC-000088,1964.24,2026-06-14 07:45:00,2
TXN-0003095,CMP-001383,ACC-001073,ACC-000169,116484.27,2026-06-14 02:27:31,1
TXN-0003096,CMP-001383,ACC-000169,ACC-000145,114570.84,2026-06-14 04:28:31,2
TXN-0003097,CMP-001384,ACC-000829,ACC-000132,19724.4,2026-06-14 06:55:52,1
TXN-0003098,CMP-001387,ACC-000799,ACC-000032,4390.7,2026-08-09 20:40:52,1
TXN-0003099,CMP-001387,ACC-000032,ACC-000114,4310.89,2026-08-10 01:41:52,2
TXN-0003100,CMP-001387,ACC-000114,ACC-000073,4234.32,2026-08-10 03:41:52,3
TXN-0003101,CMP-001388,ACC-000620,ACC-000108,6245.38,2026-08-10 17:51:53,1
TXN-0003102,CMP-001388,ACC-000108,ACC-000252,5969.58,2026-08-10 20:11:53,2
TXN-0003103,CMP-001388,ACC-000252,ACC-000162,5850.6,2026-08-11 02:04:53,3
TXN-0003104,CMP-001389,ACC-000220,ACC-000694,4744.76,2026-07-10 15:27:45,1
TXN-0003105,CMP-001389,ACC-000694,ACC-000199,4397.29,2026-07-10 16:30:45,2
TXN-0003106,CMP-001390,ACC-000603,ACC-000196,39127.86,2026-08-01 15:26:07,1
TXN-0003107,CMP-001391,ACC-000381,ACC-000397,3567.9,2026-06-11 09:10:43,1
TXN-0003108,CMP-001391,ACC-000397,ACC-000070,3368.33,2026-06-11 13:12:43,2
TXN-0003109,CMP-001391,ACC-000070,ACC-000018,3276.84,2026-06-11 16:59:43,3
TXN-0003110,CMP-001391,ACC-000018,ACC-000811,3090.96,2026-06-11 21:22:43,4
TXN-0003111,CMP-001392,ACC-000748,ACC-001044,1124.41,2026-07-30 23:47:34,1
TXN-0003112,CMP-001392,ACC-001044,ACC-000076,1045.77,2026-07-31 04:04:34,2
TXN-0003113,CMP-001392,ACC-000076,ACC-000507,985.14,2026-07-31 06:40:34,3
TXN-0003114,CMP-001392,ACC-000507,ACC-000032,950.42,2026-07-31 08:28:34,4
TXN-0003115,CMP-001393,ACC-000782,ACC-000113,8781.16,2026-06-23 12:37:04,1
TXN-0003116,CMP-001393,ACC-000113,ACC-000056,8233.42,2026-06-23 15:49:04,2
TXN-0003117,CMP-001393,ACC-000056,ACC-000144,7878.63,2026-06-23 20:15:04,3
TXN-0003118,CMP-001393,ACC-000144,ACC-000658,7252.26,2026-06-23 22:34:04,4
TXN-0003119,CMP-001394,ACC-000713,ACC-000076,3017.42,2026-08-15 18:35:24,1
TXN-0003120,CMP-001394,ACC-000076,ACC-000553,2843.82,2026-08-15 22:56:24,2
TXN-0003121,CMP-001394,ACC-000553,ACC-000148,2748.72,2026-08-15 23:29:24,3
TXN-0003122,CMP-001394,ACC-000148,ACC-000034,2568.77,2026-08-16 05:24:24,4
TXN-0003123,CMP-001395,ACC-000996,ACC-000031,12131.33,2026-08-09 01:14:17,1
TXN-0003124,CMP-001395,ACC-000031,ACC-000141,11718.46,2026-08-09 01:36:17,2
TXN-0003125,CMP-001396,ACC-000380,ACC-000061,2072.9,2026-07-16 18:51:12,1
TXN-0003126,CMP-001396,ACC-000061,ACC-000381,2023.92,2026-07-16 19:37:12,2
TXN-0003127,CMP-001396,ACC-000381,ACC-000081,1912.37,2026-07-17 00:44:12,3
TXN-0003128,CMP-001396,ACC-000081,ACC-001010,1810.51,2026-07-17 03:25:12,4
TXN-0003129,CMP-001397,ACC-000452,ACC-000020,3932.18,2026-08-14 03:07:16,1
TXN-0003130,CMP-001397,ACC-000020,ACC-000097,3805.75,2026-08-14 06:17:16,2
TXN-0003131,CMP-001397,ACC-000097,ACC-000167,3566.04,2026-08-14 08:43:16,3
TXN-0003132,CMP-001397,ACC-000167,ACC-000832,3393.32,2026-08-14 14:06:16,4
TXN-0003133,CMP-001399,ACC-001070,ACC-000067,13080.48,2026-08-13 05:17:14,1
TXN-0003134,CMP-001400,ACC-000962,ACC-000118,5013.07,2026-07-13 19:04:19,1
TXN-0003135,CMP-001400,ACC-000118,ACC-000116,4636.17,2026-07-13 23:40:19,2
TXN-0003136,CMP-001401,ACC-001155,ACC-000009,3810.76,2026-07-15 07:03:37,1
TXN-0003137,CMP-001401,ACC-000009,ACC-000005,3663.49,2026-07-15 11:23:37,2
TXN-0003138,CMP-001402,ACC-001108,ACC-000032,4100.24,2026-07-29 20:25:22,1
TXN-0003139,CMP-001402,ACC-000032,ACC-000156,4045.63,2026-07-29 22:17:22,2
TXN-0003140,CMP-001402,ACC-000156,ACC-000130,3769.38,2026-07-30 00:19:22,3
TXN-0003141,CMP-001402,ACC-000130,ACC-000679,3537.5,2026-07-30 00:44:22,4
TXN-0003142,CMP-001403,ACC-000523,ACC-000095,19973.73,2026-07-29 21:02:58,1
TXN-0003143,CMP-001403,ACC-000095,ACC-000126,19152.62,2026-07-29 23:45:58,2
TXN-0003144,CMP-001404,ACC-000412,ACC-000134,1694.6,2026-08-02 00:11:21,1
TXN-0003145,CMP-001404,ACC-000134,ACC-000102,1638.77,2026-08-02 04:06:21,2
TXN-0003146,CMP-001405,ACC-000578,ACC-000934,544707.5,2026-07-14 14:48:47,1
TXN-0003147,CMP-001405,ACC-000934,ACC-000444,521673.79,2026-07-14 15:54:47,2
TXN-0003148,CMP-001405,ACC-000444,ACC-000212,511297.81,2026-07-14 20:16:47,3
TXN-0003149,CMP-001405,ACC-000212,ACC-000189,476300.66,2026-07-15 01:05:47,4
TXN-0003150,CMP-001406,ACC-000374,ACC-000432,9082.02,2026-06-22 18:35:58,1
TXN-0003151,CMP-001406,ACC-000432,ACC-001129,8850.86,2026-06-23 00:09:58,2
TXN-0003152,CMP-001407,ACC-001191,ACC-000091,12969.74,2026-07-25 00:57:50,1
TXN-0003153,CMP-001407,ACC-000091,ACC-000183,12425.21,2026-07-25 03:00:50,2
TXN-0003154,CMP-001407,ACC-000183,ACC-000101,11650.7,2026-07-25 05:20:50,3
TXN-0003155,CMP-001408,ACC-000711,ACC-000047,355818.74,2026-06-19 09:34:12,1
TXN-0003156,CMP-001408,ACC-000047,ACC-000162,338138.03,2026-06-19 10:29:12,2
TXN-0003157,CMP-001408,ACC-000162,ACC-000073,315378.67,2026-06-19 10:48:12,3
TXN-0003158,CMP-001409,ACC-000942,ACC-000009,4637.65,2026-08-20 10:24:24,1
TXN-0003159,CMP-001409,ACC-000009,ACC-000007,4522.87,2026-08-20 12:38:24,2
TXN-0003160,CMP-001409,ACC-000007,ACC-000154,4191.07,2026-08-20 18:35:24,3
TXN-0003161,CMP-001410,ACC-000448,ACC-000167,11671.06,2026-06-06 10:50:22,1
TXN-0003162,CMP-001410,ACC-000167,ACC-000005,11498.84,2026-06-06 12:20:22,2
TXN-0003163,CMP-001410,ACC-000005,ACC-000056,10981.1,2026-06-06 14:06:22,3
TXN-0003164,CMP-001410,ACC-000056,ACC-000487,10689.16,2026-06-06 17:40:22,4
TXN-0003165,CMP-001412,ACC-001123,ACC-000177,7696.37,2026-06-12 03:09:08,1
TXN-0003166,CMP-001412,ACC-000177,ACC-000178,7386.64,2026-06-12 06:18:08,2
TXN-0003167,CMP-001413,ACC-000487,ACC-000012,8987.78,2026-07-24 06:00:39,1
TXN-0003168,CMP-001413,ACC-000012,ACC-000063,8407.21,2026-07-24 10:49:39,2
TXN-0003169,CMP-001413,ACC-000063,ACC-000117,8118.55,2026-07-24 13:26:39,3
TXN-0003170,CMP-001414,ACC-000291,ACC-000050,8888.74,2026-06-18 00:05:50,1
TXN-0003171,CMP-001414,ACC-000050,ACC-000667,8403.7,2026-06-18 00:24:50,2
TXN-0003172,CMP-001415,ACC-000429,ACC-000086,2110.1,2026-08-25 13:59:12,1
TXN-0003173,CMP-001415,ACC-000086,ACC-000203,1970.66,2026-08-25 16:12:12,2
TXN-0003174,CMP-001415,ACC-000203,ACC-000084,1917.59,2026-08-25 18:30:12,3
TXN-0003175,CMP-001416,ACC-000245,ACC-000173,16038.25,2026-08-28 02:45:06,1
TXN-0003176,CMP-001417,ACC-000960,ACC-000088,1108.03,2026-06-08 23:40:15,1
TXN-0003177,CMP-001417,ACC-000088,ACC-000175,1045.96,2026-06-09 03:51:15,2
TXN-0003178,CMP-001417,ACC-000175,ACC-000038,1029.8,2026-06-09 07:11:15,3
TXN-0003179,CMP-001418,ACC-000321,ACC-000044,33613.53,2026-07-21 19:30:58,1
TXN-0003180,CMP-001418,ACC-000044,ACC-000206,31350.86,2026-07-21 21:14:58,2
TXN-0003181,CMP-001419,ACC-000429,ACC-000023,358791.69,2026-07-29 16:43:44,1
TXN-0003182,CMP-001419,ACC-000023,ACC-000084,352586.88,2026-07-29 19:53:44,2
TXN-0003183,CMP-001419,ACC-000084,ACC-000062,326935.86,2026-07-30 01:28:44,3
TXN-0003184,CMP-001420,ACC-000869,ACC-000409,2153.13,2026-08-14 12:44:34,1
TXN-0003185,CMP-001420,ACC-000409,ACC-000072,2083.04,2026-08-14 13:38:34,2
TXN-0003186,CMP-001421,ACC-000519,ACC-000438,8831.87,2026-08-22 11:55:21,1
TXN-0003187,CMP-001421,ACC-000438,ACC-000051,8387.46,2026-08-22 14:54:21,2
TXN-0003188,CMP-001422,ACC-001073,ACC-000582,5844.11,2026-08-09 05:44:51,1
TXN-0003189,CMP-001423,ACC-000483,ACC-000022,17419.44,2026-07-14 10:36:13,1
TXN-0003190,CMP-001423,ACC-000022,ACC-000212,17182.93,2026-07-14 12:20:13,2
TXN-0003191,CMP-001423,ACC-000212,ACC-000351,16137.63,2026-07-14 16:39:13,3
TXN-0003192,CMP-001423,ACC-000351,ACC-000149,15073.41,2026-07-14 20:54:13,4
TXN-0003193,CMP-001424,ACC-000224,ACC-000347,2120.13,2026-06-20 12:15:07,1
TXN-0003194,CMP-001424,ACC-000347,ACC-000094,2016.48,2026-06-20 15:38:07,2
TXN-0003195,CMP-001424,ACC-000094,ACC-000073,1970.8,2026-06-20 21:07:07,3
TXN-0003196,CMP-001424,ACC-000073,ACC-000133,1915.86,2026-06-21 00:10:07,4
TXN-0003197,CMP-001425,ACC-000682,ACC-000205,718655.94,2026-07-19 00:34:58,1
TXN-0003198,CMP-001425,ACC-000205,ACC-000071,700133.08,2026-07-19 02:42:58,2
TXN-0003199,CMP-001426,ACC-000783,ACC-000163,9826.59,2026-08-25 13:35:12,1
TXN-0003200,CMP-001427,ACC-000833,ACC-000071,2903.45,2026-07-14 19:34:38,1
TXN-0003201,CMP-001427,ACC-000071,ACC-000024,2828.25,2026-07-14 23:45:38,2
TXN-0003202,CMP-001427,ACC-000024,ACC-000213,2647.44,2026-07-15 01:40:38,3
TXN-0003203,CMP-001428,ACC-001177,ACC-000210,286.77,2026-06-24 20:16:58,1
TXN-0003204,CMP-001428,ACC-000210,ACC-000198,274.36,2026-06-24 22:42:58,2
TXN-0003205,CMP-001429,ACC-000838,ACC-000206,3634.75,2026-08-19 14:42:28,1
TXN-0003206,CMP-001429,ACC-000206,ACC-000151,3567.85,2026-08-19 16:38:28,2
TXN-0003207,CMP-001430,ACC-000428,ACC-000144,4142.62,2026-08-03 10:17:07,1
TXN-0003208,CMP-001430,ACC-000144,ACC-000216,4063.31,2026-08-03 14:13:07,2
TXN-0003209,CMP-001431,ACC-000364,ACC-000409,13598.46,2026-07-26 01:10:13,1
TXN-0003210,CMP-001431,ACC-000409,ACC-000015,13418.61,2026-07-26 04:36:13,2
TXN-0003211,CMP-001431,ACC-000015,ACC-001064,12380.2,2026-07-26 06:32:13,3
TXN-0003212,CMP-001431,ACC-001064,ACC-000770,11508.07,2026-07-26 10:45:13,4
TXN-0003213,CMP-001432,ACC-000768,ACC-000087,1900.58,2026-06-05 19:29:40,1
TXN-0003214,CMP-001432,ACC-000087,ACC-000014,1757.82,2026-06-05 20:19:40,2
TXN-0003215,CMP-001433,ACC-000989,ACC-000153,12084.12,2026-06-28 14:54:40,1
TXN-0003216,CMP-001433,ACC-000153,ACC-000098,11943.61,2026-06-28 17:13:40,2
TXN-0003217,CMP-001434,ACC-000999,ACC-000004,125893.09,2026-08-16 09:01:34,1
TXN-0003218,CMP-001434,ACC-000004,ACC-000061,118038.97,2026-08-16 11:50:34,2
TXN-0003219,CMP-001434,ACC-000061,ACC-000192,111663.02,2026-08-16 15:57:34,3
TXN-0003220,CMP-001437,ACC-001161,ACC-000769,5078.76,2026-08-19 19:11:43,1
TXN-0003221,CMP-001438,ACC-001012,ACC-000182,11794.73,2026-06-29 12:19:58,1
TXN-0003222,CMP-001438,ACC-000182,ACC-000113,11239.57,2026-06-29 16:30:58,2
TXN-0003223,CMP-001438,ACC-000113,ACC-000152,10766.64,2026-06-29 17:36:58,3
TXN-0003224,CMP-001439,ACC-000495,ACC-000141,3670.35,2026-07-02 16:03:17,1
TXN-0003225,CMP-001439,ACC-000141,ACC-000031,3503.12,2026-07-02 18:17:17,2
TXN-0003226,CMP-001439,ACC-000031,ACC-000017,3367.12,2026-07-02 20:54:17,3
TXN-0003227,CMP-001439,ACC-000017,ACC-001048,3262.71,2026-07-02 22:45:17,4
TXN-0003228,CMP-001440,ACC-000465,ACC-000197,6313.39,2026-07-30 06:50:30,1
TXN-0003229,CMP-001440,ACC-000197,ACC-000524,6024.55,2026-07-30 07:28:30,2
TXN-0003230,CMP-001440,ACC-000524,ACC-000993,5881.08,2026-07-30 11:00:30,3
TXN-0003231,CMP-001440,ACC-000993,ACC-000794,5459.63,2026-07-30 11:20:30,4
TXN-0003232,CMP-001441,ACC-000964,ACC-000067,3852.59,2026-07-22 10:52:41,1
TXN-0003233,CMP-001442,ACC-001168,ACC-000551,3683.31,2026-08-16 13:01:25,1
TXN-0003234,CMP-001442,ACC-000551,ACC-000099,3479.21,2026-08-16 14:55:25,2
TXN-0003235,CMP-001443,ACC-000292,ACC-000030,2495.3,2026-07-01 22:08:18,1
TXN-0003236,CMP-001443,ACC-000030,ACC-000040,2385.47,2026-07-02 03:27:18,2
TXN-0003237,CMP-001443,ACC-000040,ACC-000210,2339.39,2026-07-02 08:15:18,3
TXN-0003238,CMP-001444,ACC-001146,ACC-000121,3804.68,2026-06-13 11:51:24,1
TXN-0003239,CMP-001444,ACC-000121,ACC-000123,3638.6,2026-06-13 17:15:24,2
TXN-0003240,CMP-001444,ACC-000123,ACC-000093,3589.01,2026-06-13 19:36:24,3
TXN-0003241,CMP-001445,ACC-000800,ACC-000123,3656.19,2026-07-19 04:45:15,1
TXN-0003242,CMP-001445,ACC-000123,ACC-000040,3612.39,2026-07-19 05:07:15,2
TXN-0003243,CMP-001445,ACC-000040,ACC-000213,3433.58,2026-07-19 08:07:15,3
TXN-0003244,CMP-001446,ACC-001106,ACC-000049,2601.64,2026-08-08 12:20:27,1
TXN-0003245,CMP-001446,ACC-000049,ACC-000036,2513.41,2026-08-08 15:50:27,2
TXN-0003246,CMP-001447,ACC-000861,ACC-000270,6137.79,2026-07-16 04:41:07,1
TXN-0003247,CMP-001447,ACC-000270,ACC-000102,6067.16,2026-07-16 05:01:07,2
TXN-0003248,CMP-001447,ACC-000102,ACC-000172,5833.71,2026-07-16 08:06:07,3
TXN-0003249,CMP-001448,ACC-000295,ACC-000130,930.48,2026-08-17 15:09:23,1
TXN-0003250,CMP-001448,ACC-000130,ACC-000993,895.72,2026-08-17 17:04:23,2
TXN-0003251,CMP-001448,ACC-000993,ACC-000085,824.34,2026-08-17 19:38:23,3
TXN-0003252,CMP-001449,ACC-000956,ACC-000096,2988.46,2026-07-04 23:09:13,1
TXN-0003253,CMP-001449,ACC-000096,ACC-001067,2918.36,2026-07-04 23:42:13,2
TXN-0003254,CMP-001450,ACC-000570,ACC-000169,1061.6,2026-06-20 14:53:00,1
TXN-0003255,CMP-001451,ACC-000259,ACC-000133,1923.83,2026-06-30 02:21:32,1
TXN-0003256,CMP-001451,ACC-000133,ACC-000067,1848.96,2026-06-30 06:55:32,2
TXN-0003257,CMP-001452,ACC-000247,ACC-000085,4769.49,2026-08-06 12:46:47,1
TXN-0003258,CMP-001452,ACC-000085,ACC-000114,4566.81,2026-08-06 16:59:47,2
TXN-0003259,CMP-001452,ACC-000114,ACC-000163,4261.5,2026-08-06 21:27:47,3
TXN-0003260,CMP-001453,ACC-001013,ACC-000082,3106.6,2026-06-03 20:01:42,1
TXN-0003261,CMP-001454,ACC-000409,ACC-000304,2772.65,2026-08-05 06:06:20,1
TXN-0003262,CMP-001454,ACC-000304,ACC-000006,2665.69,2026-08-05 08:15:20,2
TXN-0003263,CMP-001454,ACC-000006,ACC-000204,2475.56,2026-08-05 11:56:20,3
TXN-0003264,CMP-001455,ACC-000326,ACC-000001,8083.47,2026-06-14 06:45:58,1
TXN-0003265,CMP-001455,ACC-000001,ACC-000009,7868.08,2026-06-14 11:12:58,2
TXN-0003266,CMP-001456,ACC-001047,ACC-000023,1438.74,2026-07-23 02:27:42,1
TXN-0003267,CMP-001456,ACC-000023,ACC-000070,1395.33,2026-07-23 02:53:42,2
TXN-0003268,CMP-001456,ACC-000070,ACC-000197,1286.32,2026-07-23 06:29:42,3
TXN-0003269,CMP-001457,ACC-000304,ACC-000135,5820.36,2026-08-07 12:05:03,1
TXN-0003270,CMP-001457,ACC-000135,ACC-000733,5562.84,2026-08-07 12:41:03,2
TXN-0003271,CMP-001458,ACC-000463,ACC-000562,8954.09,2026-08-05 22:54:30,1
TXN-0003272,CMP-001458,ACC-000562,ACC-000168,8407.94,2026-08-06 03:53:30,2
TXN-0003273,CMP-001459,ACC-000805,ACC-000204,5736.63,2026-08-06 15:19:06,1
TXN-0003274,CMP-001459,ACC-000204,ACC-000092,5603.54,2026-08-06 19:31:06,2
TXN-0003275,CMP-001459,ACC-000092,ACC-000018,5170.37,2026-08-06 23:48:06,3
TXN-0003276,CMP-001462,ACC-000630,ACC-000138,6511.19,2026-07-22 21:20:36,1
TXN-0003277,CMP-001462,ACC-000138,ACC-000144,6179.93,2026-07-22 23:40:36,2
TXN-0003278,CMP-001462,ACC-000144,ACC-000973,6071.67,2026-07-23 03:28:36,3
TXN-0003279,CMP-001462,ACC-000973,ACC-000004,5873.99,2026-07-23 06:27:36,4
TXN-0003280,CMP-001463,ACC-000907,ACC-000105,5803.43,2026-07-28 18:19:27,1
TXN-0003281,CMP-001463,ACC-000105,ACC-000874,5520.64,2026-07-28 23:43:27,2
TXN-0003282,CMP-001464,ACC-000425,ACC-000135,936071.29,2026-08-23 08:04:51,1
TXN-0003283,CMP-001465,ACC-000802,ACC-000138,15157.18,2026-07-18 19:20:38,1
TXN-0003284,CMP-001465,ACC-000138,ACC-000101,14237.77,2026-07-18 23:39:38,2
TXN-0003285,CMP-001466,ACC-000995,ACC-000178,7509.75,2026-06-30 04:19:45,1
TXN-0003286,CMP-001467,ACC-000634,ACC-000794,4183.71,2026-08-16 06:16:43,1
TXN-0003287,CMP-001467,ACC-000794,ACC-000224,4139.56,2026-08-16 12:00:43,2
TXN-0003288,CMP-001467,ACC-000224,ACC-000213,4038.57,2026-08-16 17:41:43,3
TXN-0003289,CMP-001467,ACC-000213,ACC-000207,3832.7,2026-08-16 22:06:43,4
TXN-0003290,CMP-001468,ACC-000856,ACC-001177,2148.6,2026-07-19 19:03:35,1
TXN-0003291,CMP-001468,ACC-001177,ACC-000037,1984.35,2026-07-19 20:50:35,2
TXN-0003292,CMP-001469,ACC-000270,ACC-000078,4556.75,2026-06-19 11:15:43,1
TXN-0003293,CMP-001469,ACC-000078,ACC-000150,4337.91,2026-06-19 13:18:43,2
TXN-0003294,CMP-001470,ACC-001002,ACC-000107,4574.88,2026-06-29 22:19:53,1
TXN-0003295,CMP-001470,ACC-000107,ACC-000044,4376.54,2026-06-30 02:49:53,2
TXN-0003296,CMP-001470,ACC-000044,ACC-000900,4133.72,2026-06-30 08:41:53,3
TXN-0003297,CMP-001471,ACC-000303,ACC-000544,8806.63,2026-08-19 16:25:41,1
TXN-0003298,CMP-001471,ACC-000544,ACC-000122,8228.23,2026-08-19 16:52:41,2
TXN-0003299,CMP-001472,ACC-001066,ACC-000163,16686.92,2026-06-20 21:09:50,1
TXN-0003300,CMP-001472,ACC-000163,ACC-000966,15635.8,2026-06-21 02:14:50,2
TXN-0003301,CMP-001472,ACC-000966,ACC-000102,15113.54,2026-06-21 04:19:50,3
TXN-0003302,CMP-001473,ACC-000899,ACC-001073,857.86,2026-07-21 20:59:18,1
TXN-0003303,CMP-001473,ACC-001073,ACC-000098,806.25,2026-07-22 00:54:18,2
TXN-0003304,CMP-001473,ACC-000098,ACC-000002,784.41,2026-07-22 04:50:18,3
TXN-0003305,CMP-001473,ACC-000002,ACC-000056,762.71,2026-07-22 07:14:18,4
TXN-0003306,CMP-001474,ACC-000821,ACC-000152,11273.92,2026-08-22 07:37:31,1
TXN-0003307,CMP-001474,ACC-000152,ACC-000099,10691.43,2026-08-22 10:11:31,2
TXN-0003308,CMP-001475,ACC-000403,ACC-000108,2246.18,2026-06-05 13:59:00,1
TXN-0003309,CMP-001475,ACC-000108,ACC-000099,2174.07,2026-06-05 15:29:00,2
TXN-0003310,CMP-001476,ACC-000461,ACC-000065,1132973.03,2026-06-02 01:20:34,1
TXN-0003311,CMP-001476,ACC-000065,ACC-000120,1085928.17,2026-06-02 05:12:34,2
TXN-0003312,CMP-001477,ACC-001043,ACC-000086,20887.0,2026-07-02 00:50:19,1
TXN-0003313,CMP-001477,ACC-000086,ACC-000121,19777.52,2026-07-02 06:07:19,2
TXN-0003314,CMP-001477,ACC-000121,ACC-000202,18983.11,2026-07-02 09:03:19,3
TXN-0003315,CMP-001478,ACC-000929,ACC-000209,3631.79,2026-08-15 02:26:40,1
TXN-0003316,CMP-001478,ACC-000209,ACC-000060,3500.55,2026-08-15 07:29:40,2
TXN-0003317,CMP-001479,ACC-000551,ACC-000791,10667.94,2026-06-27 16:10:12,1
TXN-0003318,CMP-001479,ACC-000791,ACC-000035,10202.34,2026-06-27 17:17:12,2
TXN-0003319,CMP-001481,ACC-001132,ACC-000846,1073.21,2026-07-02 01:31:49,1
TXN-0003320,CMP-001481,ACC-000846,ACC-000017,997.6,2026-07-02 04:52:49,2
TXN-0003321,CMP-001481,ACC-000017,ACC-000089,930.76,2026-07-02 05:23:49,3
TXN-0003322,CMP-001483,ACC-000252,ACC-000426,1705.37,2026-07-30 16:29:21,1
TXN-0003323,CMP-001483,ACC-000426,ACC-000067,1630.38,2026-07-30 20:45:21,2
TXN-0003324,CMP-001483,ACC-000067,ACC-001036,1600.75,2026-07-31 01:16:21,3
TXN-0003325,CMP-001484,ACC-000228,ACC-000083,3615.52,2026-06-03 10:44:40,1
TXN-0003326,CMP-001485,ACC-001189,ACC-000167,798.05,2026-06-06 02:46:22,1
TXN-0003327,CMP-001485,ACC-000167,ACC-000960,762.27,2026-06-06 07:38:22,2
TXN-0003328,CMP-001486,ACC-000286,ACC-000813,16350.14,2026-08-26 15:55:12,1
TXN-0003329,CMP-001486,ACC-000813,ACC-000049,15527.8,2026-08-26 21:27:12,2
TXN-0003330,CMP-001487,ACC-000662,ACC-000044,23925.61,2026-07-30 17:42:07,1
TXN-0003331,CMP-001487,ACC-000044,ACC-000074,22606.33,2026-07-30 19:55:07,2
TXN-0003332,CMP-001487,ACC-000074,ACC-000968,20864.78,2026-07-30 22:29:07,3
TXN-0003333,CMP-001487,ACC-000968,ACC-000112,19940.62,2026-07-31 02:20:07,4
TXN-0003334,CMP-001488,ACC-000303,ACC-000114,8310.76,2026-08-13 10:24:45,1
TXN-0003335,CMP-001489,ACC-000828,ACC-000105,3699.81,2026-08-13 06:25:55,1
TXN-0003336,CMP-001489,ACC-000105,ACC-000007,3485.82,2026-08-13 11:10:55,2
TXN-0003337,CMP-001489,ACC-000007,ACC-000127,3228.33,2026-08-13 13:29:55,3
TXN-0003338,CMP-001489,ACC-000127,ACC-000730,3012.01,2026-08-13 15:09:55,4
TXN-0003339,CMP-001490,ACC-000388,ACC-000009,2180.5,2026-08-17 13:07:43,1
TXN-0003340,CMP-001490,ACC-000009,ACC-001071,2096.27,2026-08-17 13:36:43,2
TXN-0003341,CMP-001491,ACC-000225,ACC-000164,7280.03,2026-08-06 12:13:57,1
TXN-0003342,CMP-001491,ACC-000164,ACC-000185,7073.04,2026-08-06 16:29:57,2
TXN-0003343,CMP-001492,ACC-001067,ACC-000146,31596.26,2026-06-22 21:35:43,1
TXN-0003344,CMP-001492,ACC-000146,ACC-001026,29722.07,2026-06-23 01:08:43,2
TXN-0003345,CMP-001492,ACC-001026,ACC-000036,27387.85,2026-06-23 02:20:43,3
TXN-0003346,CMP-001493,ACC-001160,ACC-000193,5751.24,2026-07-05 13:13:30,1
TXN-0003347,CMP-001493,ACC-000193,ACC-000180,5621.92,2026-07-05 13:40:30,2
TXN-0003348,CMP-001493,ACC-000180,ACC-000059,5419.11,2026-07-05 17:50:30,3
TXN-0003349,CMP-001494,ACC-000838,ACC-000020,41927.57,2026-08-16 07:29:03,1
TXN-0003350,CMP-001495,ACC-000552,ACC-000025,422.7,2026-06-07 09:58:31,1
TXN-0003351,CMP-001495,ACC-000025,ACC-000131,393.47,2026-06-07 12:28:31,2
TXN-0003352,CMP-001495,ACC-000131,ACC-000155,365.47,2026-06-07 14:57:31,3
TXN-0003353,CMP-001496,ACC-000311,ACC-000156,4441.86,2026-06-17 14:17:47,1
TXN-0003354,CMP-001496,ACC-000156,ACC-000132,4387.5,2026-06-17 17:15:47,2
TXN-0003355,CMP-001497,ACC-000498,ACC-000006,1194.04,2026-07-20 09:33:54,1
TXN-0003356,CMP-001497,ACC-000006,ACC-001087,1103.04,2026-07-20 11:41:54,2
TXN-0003357,CMP-001498,ACC-000851,ACC-000193,78263.49,2026-07-02 14:52:05,1
TXN-0003358,CMP-001499,ACC-001133,ACC-000205,378.72,2026-07-15 18:30:57,1
TXN-0003359,CMP-001500,ACC-000256,ACC-000526,2627.57,2026-07-24 02:14:13,1
TXN-0003360,CMP-001500,ACC-000526,ACC-000140,2596.11,2026-07-24 05:25:13,2
TXN-0003361,CMP-001501,ACC-001190,ACC-000028,290.15,2026-06-21 06:00:12,1
TXN-0003362,CMP-001501,ACC-000028,ACC-000138,281.85,2026-06-21 08:48:12,2
TXN-0003363,CMP-001502,ACC-000348,ACC-001033,3687.49,2026-07-12 08:03:15,1
TXN-0003364,CMP-001502,ACC-001033,ACC-001036,3528.78,2026-07-12 08:24:15,2
TXN-0003365,CMP-001502,ACC-001036,ACC-000142,3344.28,2026-07-12 10:44:15,3
TXN-0003366,CMP-001503,ACC-000262,ACC-000198,1955.62,2026-06-17 12:30:06,1
TXN-0003367,CMP-001503,ACC-000198,ACC-000024,1840.87,2026-06-17 18:09:06,2
TXN-0003368,CMP-001503,ACC-000024,ACC-000527,1785.1,2026-06-17 22:52:06,3
TXN-0003369,CMP-001504,ACC-000439,ACC-000173,3297.84,2026-07-26 19:47:20,1
TXN-0003370,CMP-001504,ACC-000173,ACC-000165,3080.89,2026-07-26 21:53:20,2
TXN-0003371,CMP-001504,ACC-000165,ACC-000090,2987.25,2026-07-27 01:06:20,3
TXN-0003372,CMP-001505,ACC-001174,ACC-000167,5700.39,2026-07-02 10:52:09,1
TXN-0003373,CMP-001505,ACC-000167,ACC-000201,5639.74,2026-07-02 12:56:09,2
TXN-0003374,CMP-001505,ACC-000201,ACC-000186,5201.59,2026-07-02 18:32:09,3
TXN-0003375,CMP-001505,ACC-000186,ACC-000015,4953.84,2026-07-02 20:55:09,4
TXN-0003376,CMP-001506,ACC-000621,ACC-000191,102679.1,2026-06-19 21:00:40,1
TXN-0003377,CMP-001506,ACC-000191,ACC-000429,100664.8,2026-06-20 02:26:40,2
TXN-0003378,CMP-001507,ACC-000259,ACC-000222,432.45,2026-08-13 10:51:37,1
TXN-0003379,CMP-001507,ACC-000222,ACC-000039,411.31,2026-08-13 11:14:37,2
TXN-0003380,CMP-001507,ACC-000039,ACC-000141,392.62,2026-08-13 13:20:37,3
TXN-0003381,CMP-001508,ACC-000322,ACC-000169,2227.8,2026-06-06 20:06:02,1
TXN-0003382,CMP-001508,ACC-000169,ACC-000791,2062.67,2026-06-06 23:24:02,2
TXN-0003383,CMP-001508,ACC-000791,ACC-000117,1924.98,2026-06-07 05:02:02,3
TXN-0003384,CMP-001509,ACC-000389,ACC-000094,54546.1,2026-08-27 16:18:56,1
TXN-0003385,CMP-001509,ACC-000094,ACC-000156,51655.13,2026-08-27 21:45:56,2
TXN-0003386,CMP-001510,ACC-000507,ACC-000101,29770.92,2026-08-04 00:31:18,1
TXN-0003387,CMP-001510,ACC-000101,ACC-000038,28425.94,2026-08-04 03:51:18,2
TXN-0003388,CMP-001510,ACC-000038,ACC-000412,27299.09,2026-08-04 07:16:18,3
TXN-0003389,CMP-001510,ACC-000412,ACC-000050,26011.34,2026-08-04 12:52:18,4
TXN-0003390,CMP-001511,ACC-000475,ACC-000150,1406.07,2026-07-26 17:04:52,1
TXN-0003391,CMP-001511,ACC-000150,ACC-000096,1306.25,2026-07-26 22:32:52,2
TXN-0003392,CMP-001511,ACC-000096,ACC-000015,1269.38,2026-07-26 23:10:52,3
TXN-0003393,CMP-001512,ACC-000485,ACC-000071,2027.7,2026-06-30 03:14:02,1
TXN-0003394,CMP-001512,ACC-000071,ACC-000102,1948.89,2026-06-30 03:53:02,2
TXN-0003395,CMP-001512,ACC-000102,ACC-000005,1793.45,2026-06-30 08:42:02,3
TXN-0003396,CMP-001512,ACC-000005,ACC-000019,1656.12,2026-06-30 10:27:02,4
TXN-0003397,CMP-001514,ACC-000737,ACC-000063,498428.56,2026-06-09 19:28:41,1
TXN-0003398,CMP-001514,ACC-000063,ACC-000086,474667.6,2026-06-09 23:44:41,2
TXN-0003399,CMP-001514,ACC-000086,ACC-000897,438347.3,2026-06-10 02:11:41,3
TXN-0003400,CMP-001515,ACC-000256,ACC-000082,2468.46,2026-08-22 08:12:36,1
TXN-0003401,CMP-001515,ACC-000082,ACC-000192,2404.54,2026-08-22 13:24:36,2
TXN-0003402,CMP-001516,ACC-000363,ACC-000046,5556.09,2026-07-24 01:56:42,1
TXN-0003403,CMP-001516,ACC-000046,ACC-000054,5422.03,2026-07-24 07:52:42,2
TXN-0003404,CMP-001516,ACC-000054,ACC-000143,5298.52,2026-07-24 09:13:42,3
TXN-0003405,CMP-001516,ACC-000143,ACC-000014,5209.03,2026-07-24 10:19:42,4
TXN-0003406,CMP-001517,ACC-001028,ACC-000103,15506.31,2026-07-05 23:12:14,1
TXN-0003407,CMP-001517,ACC-000103,ACC-000138,15058.84,2026-07-06 05:00:14,2
TXN-0003408,CMP-001517,ACC-000138,ACC-000119,13901.45,2026-07-06 09:18:14,3
TXN-0003409,CMP-001517,ACC-000119,ACC-000194,13243.75,2026-07-06 11:39:14,4
TXN-0003410,CMP-001518,ACC-000350,ACC-000210,5215.95,2026-07-12 17:57:48,1
TXN-0003411,CMP-001518,ACC-000210,ACC-000016,4894.39,2026-07-12 21:52:48,2
TXN-0003412,CMP-001519,ACC-000834,ACC-000018,17689.98,2026-07-08 07:50:28,1
TXN-0003413,CMP-001519,ACC-000018,ACC-000197,17085.38,2026-07-08 10:32:28,2
TXN-0003414,CMP-001519,ACC-000197,ACC-000026,16164.46,2026-07-08 15:46:28,3
TXN-0003415,CMP-001520,ACC-001117,ACC-000044,10134.96,2026-06-17 21:49:29,1
TXN-0003416,CMP-001520,ACC-000044,ACC-000054,9593.73,2026-06-18 00:04:29,2
TXN-0003417,CMP-001521,ACC-001111,ACC-000175,2700.53,2026-07-05 23:35:53,1
TXN-0003418,CMP-001521,ACC-000175,ACC-000068,2554.35,2026-07-06 05:27:53,2
TXN-0003419,CMP-001521,ACC-000068,ACC-000116,2363.65,2026-07-06 10:16:53,3
TXN-0003420,CMP-001522,ACC-000423,ACC-000204,3650.32,2026-08-05 01:37:01,1
TXN-0003421,CMP-001522,ACC-000204,ACC-000026,3442.47,2026-08-05 04:31:01,2
TXN-0003422,CMP-001522,ACC-000026,ACC-000104,3208.44,2026-08-05 05:45:01,3
TXN-0003423,CMP-001523,ACC-000676,ACC-000100,3358.48,2026-06-13 19:25:17,1
TXN-0003424,CMP-001523,ACC-000100,ACC-000182,3228.72,2026-06-14 01:10:17,2
TXN-0003425,CMP-001523,ACC-000182,ACC-000030,3139.03,2026-06-14 02:17:17,3
TXN-0003426,CMP-001523,ACC-000030,ACC-000005,3101.83,2026-06-14 03:27:17,4
TXN-0003427,CMP-001524,ACC-000584,ACC-000197,12948.14,2026-06-13 15:48:37,1
TXN-0003428,CMP-001524,ACC-000197,ACC-000755,12502.36,2026-06-13 21:44:37,2
TXN-0003429,CMP-001524,ACC-000755,ACC-000215,11829.06,2026-06-14 03:18:37,3
TXN-0003430,CMP-001525,ACC-000531,ACC-000090,1352.77,2026-07-15 09:58:01,1
TXN-0003431,CMP-001525,ACC-000090,ACC-000098,1263.85,2026-07-15 11:07:01,2
TXN-0003432,CMP-001525,ACC-000098,ACC-000212,1189.44,2026-07-15 13:55:01,3
TXN-0003433,CMP-001526,ACC-000777,ACC-000083,326268.79,2026-07-30 23:48:15,1
TXN-0003434,CMP-001526,ACC-000083,ACC-000725,320720.66,2026-07-31 03:48:15,2
TXN-0003435,CMP-001526,ACC-000725,ACC-000128,301162.21,2026-07-31 04:10:15,3
TXN-0003436,CMP-001527,ACC-000522,ACC-000172,27330.11,2026-07-14 18:08:45,1
TXN-0003437,CMP-001527,ACC-000172,ACC-000155,25634.57,2026-07-14 19:55:45,2
TXN-0003438,CMP-001527,ACC-000155,ACC-000070,24545.33,2026-07-14 23:55:45,3
TXN-0003439,CMP-001528,ACC-000352,ACC-000096,2276.81,2026-06-01 21:41:59,1
TXN-0003440,CMP-001528,ACC-000096,ACC-000183,2137.06,2026-06-01 22:40:59,2
TXN-0003441,CMP-001529,ACC-000562,ACC-000203,35946.42,2026-07-19 04:35:34,1
TXN-0003442,CMP-001531,ACC-001197,ACC-000102,25065.3,2026-08-08 11:28:31,1
TXN-0003443,CMP-001531,ACC-000102,ACC-000235,24017.54,2026-08-08 17:00:31,2
TXN-0003444,CMP-001531,ACC-000235,ACC-000155,23598.57,2026-08-08 22:23:31,3
TXN-0003445,CMP-001532,ACC-000979,ACC-000107,8676.88,2026-06-08 20:14:50,1
TXN-0003446,CMP-001532,ACC-000107,ACC-000072,8466.55,2026-06-09 01:43:50,2
TXN-0003447,CMP-001532,ACC-000072,ACC-000175,7981.81,2026-06-09 06:03:50,3
TXN-0003448,CMP-001533,ACC-000441,ACC-000124,108178.06,2026-08-13 00:26:47,1
TXN-0003449,CMP-001533,ACC-000124,ACC-000112,100745.8,2026-08-13 02:06:47,2
TXN-0003450,CMP-001534,ACC-000257,ACC-000142,4025.2,2026-08-26 11:04:24,1
TXN-0003451,CMP-001534,ACC-000142,ACC-000214,3926.64,2026-08-26 16:27:24,2
TXN-0003452,CMP-001535,ACC-000400,ACC-000043,8636.21,2026-08-04 00:00:44,1
TXN-0003453,CMP-001535,ACC-000043,ACC-000672,8348.18,2026-08-04 02:02:44,2
TXN-0003454,CMP-001536,ACC-001026,ACC-000105,4438.58,2026-08-16 10:11:13,1
TXN-0003455,CMP-001536,ACC-000105,ACC-000211,4307.43,2026-08-16 10:41:13,2
TXN-0003456,CMP-001536,ACC-000211,ACC-000202,4201.46,2026-08-16 15:38:13,3
TXN-0003457,CMP-001536,ACC-000202,ACC-000185,3880.48,2026-08-16 20:38:13,4
TXN-0003458,CMP-001537,ACC-000579,ACC-000073,901.88,2026-07-21 11:02:16,1
TXN-0003459,CMP-001537,ACC-000073,ACC-000102,887.35,2026-07-21 12:31:16,2
TXN-0003460,CMP-001538,ACC-000669,ACC-000164,12276.39,2026-07-16 12:58:14,1
TXN-0003461,CMP-001538,ACC-000164,ACC-000033,12007.54,2026-07-16 17:33:14,2
TXN-0003462,CMP-001539,ACC-000434,ACC-000074,7848.45,2026-08-17 10:59:17,1
TXN-0003463,CMP-001539,ACC-000074,ACC-000105,7759.27,2026-08-17 16:09:17,2
TXN-0003464,CMP-001540,ACC-000338,ACC-000360,1360.62,2026-07-29 02:15:02,1
TXN-0003465,CMP-001540,ACC-000360,ACC-000082,1315.3,2026-07-29 06:22:02,2
TXN-0003466,CMP-001541,ACC-000709,ACC-000357,46277.96,2026-06-06 22:39:13,1
TXN-0003467,CMP-001541,ACC-000357,ACC-000564,42951.96,2026-06-07 04:35:13,2
TXN-0003468,CMP-001542,ACC-000577,ACC-000180,20915.7,2026-08-03 15:03:46,1
TXN-0003469,CMP-001542,ACC-000180,ACC-000002,19365.56,2026-08-03 19:30:46,2
TXN-0003470,CMP-001542,ACC-000002,ACC-001144,18769.66,2026-08-04 00:30:46,3
TXN-0003471,CMP-001543,ACC-000578,ACC-000059,89883.55,2026-06-28 19:32:08,1
TXN-0003472,CMP-001543,ACC-000059,ACC-000322,83372.84,2026-06-28 22:11:08,2
TXN-0003473,CMP-001544,ACC-001128,ACC-000152,545.22,2026-08-16 01:26:59,1
TXN-0003474,CMP-001544,ACC-000152,ACC-001001,538.25,2026-08-16 04:51:59,2
TXN-0003475,CMP-001544,ACC-001001,ACC-000191,506.39,2026-08-16 05:33:59,3
TXN-0003476,CMP-001544,ACC-000191,ACC-000011,482.3,2026-08-16 10:45:59,4
TXN-0003477,CMP-001545,ACC-001018,ACC-000770,494.38,2026-08-23 06:27:29,1
TXN-0003478,CMP-001545,ACC-000770,ACC-000183,478.84,2026-08-23 11:27:29,2
TXN-0003479,CMP-001545,ACC-000183,ACC-000034,446.95,2026-08-23 12:48:29,3
TXN-0003480,CMP-001546,ACC-000328,ACC-000034,16363.51,2026-08-26 10:02:36,1
TXN-0003481,CMP-001547,ACC-000726,ACC-000026,6365.56,2026-08-18 10:01:54,1
TXN-0003482,CMP-001547,ACC-000026,ACC-000037,6289.8,2026-08-18 11:10:54,2
TXN-0003483,CMP-001548,ACC-000683,ACC-000057,492002.44,2026-06-18 13:06:45,1
TXN-0003484,CMP-001548,ACC-000057,ACC-000089,463426.66,2026-06-18 15:20:45,2
TXN-0003485,CMP-001548,ACC-000089,ACC-000189,440104.17,2026-06-18 15:45:45,3
TXN-0003486,CMP-001548,ACC-000189,ACC-000387,416752.49,2026-06-18 18:29:45,4
TXN-0003487,CMP-001549,ACC-000674,ACC-000038,5737.6,2026-06-09 03:37:10,1
TXN-0003488,CMP-001549,ACC-000038,ACC-000208,5644.05,2026-06-09 07:20:10,2
TXN-0003489,CMP-001549,ACC-000208,ACC-000062,5311.99,2026-06-09 12:01:10,3
TXN-0003490,CMP-001550,ACC-000564,ACC-000049,8152.12,2026-08-20 13:43:09,1
TXN-0003491,CMP-001551,ACC-000807,ACC-000188,28286.79,2026-06-23 20:49:03,1
TXN-0003492,CMP-001551,ACC-000188,ACC-000161,27636.37,2026-06-24 02:00:03,2
TXN-0003493,CMP-001551,ACC-000161,ACC-000168,27295.26,2026-06-24 03:19:03,3
TXN-0003494,CMP-001552,ACC-000299,ACC-000063,10797.19,2026-07-27 01:29:08,1
TXN-0003495,CMP-001552,ACC-000063,ACC-000092,10437.1,2026-07-27 06:06:08,2
TXN-0003496,CMP-001553,ACC-001005,ACC-000580,2590.99,2026-08-13 05:27:42,1
TXN-0003497,CMP-001553,ACC-000580,ACC-000205,2510.55,2026-08-13 07:24:42,2
TXN-0003498,CMP-001554,ACC-000965,ACC-001123,1006.11,2026-07-14 00:04:27,1
TXN-0003499,CMP-001554,ACC-001123,ACC-000195,969.75,2026-07-14 04:04:27,2
TXN-0003500,CMP-001555,ACC-000571,ACC-001026,654056.59,2026-07-22 09:15:00,1
TXN-0003501,CMP-001555,ACC-001026,ACC-000028,617860.92,2026-07-22 13:13:00,2
TXN-0003502,CMP-001556,ACC-000367,ACC-000026,100271.53,2026-06-26 09:15:27,1
TXN-0003503,CMP-001556,ACC-000026,ACC-000153,96310.99,2026-06-26 10:55:27,2
TXN-0003504,CMP-001556,ACC-000153,ACC-000049,89894.93,2026-06-26 13:07:27,3
TXN-0003505,CMP-001557,ACC-000851,ACC-000578,1529.94,2026-08-17 05:02:41,1
TXN-0003506,CMP-001557,ACC-000578,ACC-000213,1408.2,2026-08-17 09:52:41,2
TXN-0003507,CMP-001558,ACC-000399,ACC-000188,2416.27,2026-08-06 07:58:25,1
TXN-0003508,CMP-001558,ACC-000188,ACC-001032,2286.88,2026-08-06 11:36:25,2
TXN-0003509,CMP-001558,ACC-001032,ACC-000165,2123.98,2026-08-06 12:17:25,3
TXN-0003510,CMP-001559,ACC-001092,ACC-000155,3924.97,2026-07-05 07:01:33,1
TXN-0003511,CMP-001559,ACC-000155,ACC-000198,3709.61,2026-07-05 08:33:33,2
TXN-0003512,CMP-001559,ACC-000198,ACC-000008,3564.15,2026-07-05 11:30:33,3
TXN-0003513,CMP-001559,ACC-000008,ACC-000167,3490.11,2026-07-05 13:11:33,4
TXN-0003514,CMP-001560,ACC-000462,ACC-000132,681.66,2026-08-23 12:27:49,1
TXN-0003515,CMP-001560,ACC-000132,ACC-000203,660.72,2026-08-23 13:22:49,2
TXN-0003516,CMP-001561,ACC-000837,ACC-000035,2024.06,2026-06-24 01:51:28,1
TXN-0003517,CMP-001561,ACC-000035,ACC-000010,1966.15,2026-06-24 02:01:28,2
TXN-0003518,CMP-001562,ACC-000322,ACC-000016,8418.51,2026-08-12 17:53:30,1
TXN-0003519,CMP-001562,ACC-000016,ACC-000073,7824.18,2026-08-12 22:07:30,2
TXN-0003520,CMP-001563,ACC-001127,ACC-000921,2894.33,2026-07-21 16:44:36,1
TXN-0003521,CMP-001563,ACC-000921,ACC-000046,2830.04,2026-07-21 17:46:36,2
TXN-0003522,CMP-001563,ACC-000046,ACC-000057,2691.07,2026-07-21 22:20:36,3
TXN-0003523,CMP-001563,ACC-000057,ACC-001063,2612.45,2026-07-22 00:22:36,4
TXN-0003524,CMP-001564,ACC-000574,ACC-000360,395828.48,2026-07-24 02:34:47,1
TXN-0003525,CMP-001564,ACC-000360,ACC-000130,376387.96,2026-07-24 05:21:47,2
TXN-0003526,CMP-001564,ACC-000130,ACC-000239,352710.06,2026-07-24 09:40:47,3
TXN-0003527,CMP-001565,ACC-000245,ACC-000515,2566.6,2026-07-10 01:14:44,1
TXN-0003528,CMP-001565,ACC-000515,ACC-000273,2451.8,2026-07-10 02:41:44,2
TXN-0003529,CMP-001566,ACC-000390,ACC-000150,919.28,2026-06-22 12:15:13,1
TXN-0003530,CMP-001566,ACC-000150,ACC-000728,860.85,2026-06-22 16:52:13,2
TXN-0003531,CMP-001566,ACC-000728,ACC-000206,793.11,2026-06-22 20:30:13,3
TXN-0003532,CMP-001567,ACC-001070,ACC-000271,1630.3,2026-07-30 13:06:12,1
TXN-0003533,CMP-001567,ACC-000271,ACC-000208,1528.73,2026-07-30 17:49:12,2
TXN-0003534,CMP-001567,ACC-000208,ACC-000156,1420.85,2026-07-30 20:08:12,3
TXN-0003535,CMP-001569,ACC-000922,ACC-000172,227.3,2026-06-12 18:53:53,1
TXN-0003536,CMP-001569,ACC-000172,ACC-000136,213.6,2026-06-13 00:08:53,2
TXN-0003537,CMP-001569,ACC-000136,ACC-000045,199.65,2026-06-13 01:18:53,3
TXN-0003538,CMP-001570,ACC-001093,ACC-000212,4754.39,2026-06-12 22:29:09,1
TXN-0003539,CMP-001570,ACC-000212,ACC-000157,4388.48,2026-06-13 01:38:09,2
TXN-0003540,CMP-001571,ACC-000571,ACC-000136,49782.57,2026-08-17 23:25:06,1
TXN-0003541,CMP-001571,ACC-000136,ACC-000097,46616.84,2026-08-18 02:37:06,2
TXN-0003542,CMP-001572,ACC-000326,ACC-000096,10165.41,2026-06-25 15:10:06,1
TXN-0003543,CMP-001573,ACC-000784,ACC-000113,1435.44,2026-07-15 00:57:13,1
TXN-0003544,CMP-001573,ACC-000113,ACC-000027,1329.15,2026-07-15 04:15:13,2
TXN-0003545,CMP-001573,ACC-000027,ACC-000882,1288.95,2026-07-15 09:27:13,3
TXN-0003546,CMP-001574,ACC-001122,ACC-000021,4250.84,2026-08-27 18:18:29,1
TXN-0003547,CMP-001574,ACC-000021,ACC-000215,4183.88,2026-08-27 18:55:29,2
TXN-0003548,CMP-001575,ACC-000665,ACC-000697,98858.12,2026-08-15 23:37:20,1
TXN-0003549,CMP-001576,ACC-001032,ACC-000368,39411.28,2026-07-03 03:33:18,1
TXN-0003550,CMP-001576,ACC-000368,ACC-000111,37254.98,2026-07-03 08:38:18,2
TXN-0003551,CMP-001576,ACC-000111,ACC-000105,36202.47,2026-07-03 12:12:18,3
TXN-0003552,CMP-001577,ACC-000375,ACC-000243,1157.1,2026-06-18 06:27:44,1
TXN-0003553,CMP-001577,ACC-000243,ACC-000112,1067.01,2026-06-18 11:28:44,2
TXN-0003554,CMP-001577,ACC-000112,ACC-000041,1004.93,2026-06-18 17:19:44,3
TXN-0003555,CMP-001578,ACC-000961,ACC-000083,7402.49,2026-07-30 08:04:11,1
TXN-0003556,CMP-001578,ACC-000083,ACC-000118,7140.66,2026-07-30 10:11:11,2
TXN-0003557,CMP-001579,ACC-000758,ACC-000218,2137.59,2026-07-23 12:26:15,1
TXN-0003558,CMP-001579,ACC-000218,ACC-000186,1978.73,2026-07-23 17:19:15,2
TXN-0003559,CMP-001579,ACC-000186,ACC-000108,1951.07,2026-07-23 19:20:15,3
TXN-0003560,CMP-001579,ACC-000108,ACC-000029,1917.41,2026-07-23 19:29:15,4
TXN-0003561,CMP-001580,ACC-000970,ACC-000119,2311.29,2026-08-28 10:03:49,1
TXN-0003562,CMP-001580,ACC-000119,ACC-000040,2135.31,2026-08-28 13:05:49,2
TXN-0003563,CMP-001580,ACC-000040,ACC-000049,2016.54,2026-08-28 16:02:49,3
TXN-0003564,CMP-001580,ACC-000049,ACC-000818,1900.33,2026-08-28 18:31:49,4
TXN-0003565,CMP-001581,ACC-000896,ACC-000143,3321.46,2026-06-07 21:49:09,1
TXN-0003566,CMP-001581,ACC-000143,ACC-000180,3259.07,2026-06-08 02:29:09,2
TXN-0003567,CMP-001581,ACC-000180,ACC-000608,3209.85,2026-06-08 03:58:09,3
TXN-0003568,CMP-001581,ACC-000608,ACC-000147,2983.49,2026-06-08 04:57:09,4
TXN-0003569,CMP-001582,ACC-000244,ACC-000033,3358.03,2026-08-26 16:53:55,1
TXN-0003570,CMP-001582,ACC-000033,ACC-000113,3234.79,2026-08-26 21:11:55,2
TXN-0003571,CMP-001583,ACC-000254,ACC-000104,368.66,2026-06-04 03:56:12,1
TXN-0003572,CMP-001583,ACC-000104,ACC-000120,339.57,2026-06-04 06:24:12,2
TXN-0003573,CMP-001584,ACC-000901,ACC-000057,2106.8,2026-08-27 14:42:29,1
TXN-0003574,CMP-001584,ACC-000057,ACC-000507,2079.82,2026-08-27 15:51:29,2
TXN-0003575,CMP-001584,ACC-000507,ACC-000562,2033.36,2026-08-27 20:10:29,3
TXN-0003576,CMP-001585,ACC-000394,ACC-000035,8065.35,2026-08-14 20:45:42,1
TXN-0003577,CMP-001585,ACC-000035,ACC-000019,7859.69,2026-08-14 22:48:42,2
TXN-0003578,CMP-001586,ACC-001135,ACC-000166,2262.19,2026-08-15 16:51:42,1
TXN-0003579,CMP-001587,ACC-000664,ACC-000154,1412.94,2026-07-07 01:08:57,1
TXN-0003580,CMP-001587,ACC-000154,ACC-000727,1388.14,2026-07-07 06:20:57,2
TXN-0003581,CMP-001588,ACC-000775,ACC-000162,21142.21,2026-07-26 03:55:26,1
TXN-0003582,CMP-001588,ACC-000162,ACC-001190,20137.59,2026-07-26 09:19:26,2
TXN-0003583,CMP-001588,ACC-001190,ACC-000198,19231.7,2026-07-26 14:26:26,3
TXN-0003584,CMP-001589,ACC-001197,ACC-000110,15720.39,2026-06-30 13:09:50,1
TXN-0003585,CMP-001589,ACC-000110,ACC-000153,14673.65,2026-06-30 14:01:50,2
TXN-0003586,CMP-001589,ACC-000153,ACC-000099,14503.9,2026-06-30 16:11:50,3
TXN-0003587,CMP-001590,ACC-000731,ACC-000014,1377.4,2026-06-09 17:08:33,1
TXN-0003588,CMP-001590,ACC-000014,ACC-001191,1311.92,2026-06-09 22:17:33,2
TXN-0003589,CMP-001590,ACC-001191,ACC-000167,1250.55,2026-06-09 22:33:33,3
TXN-0003590,CMP-001590,ACC-000167,ACC-000048,1229.6,2026-06-10 02:33:33,4
TXN-0003591,CMP-001591,ACC-000231,ACC-000166,2487.91,2026-08-21 18:02:06,1
TXN-0003592,CMP-001591,ACC-000166,ACC-000149,2312.92,2026-08-21 18:53:06,2
TXN-0003593,CMP-001592,ACC-000261,ACC-000159,47849.47,2026-06-18 03:52:13,1
TXN-0003594,CMP-001594,ACC-000299,ACC-000157,905926.7,2026-08-01 04:21:51,1
TXN-0003595,CMP-001595,ACC-000304,ACC-001137,5696.47,2026-07-13 08:07:09,1
TXN-0003596,CMP-001596,ACC-000864,ACC-001063,940.66,2026-08-08 12:42:36,1
TXN-0003597,CMP-001596,ACC-001063,ACC-000178,919.16,2026-08-08 17:33:36,2
TXN-0003598,CMP-001597,ACC-000404,ACC-000070,3317.44,2026-08-15 21:22:22,1
TXN-0003599,CMP-001597,ACC-000070,ACC-000207,3196.29,2026-08-16 02:39:22,2
TXN-0003600,CMP-001598,ACC-000263,ACC-000190,1453.38,2026-08-19 10:06:02,1
TXN-0003601,CMP-001598,ACC-000190,ACC-000135,1438.52,2026-08-19 12:53:02,2
TXN-0003602,CMP-001598,ACC-000135,ACC-000060,1363.87,2026-08-19 14:03:02,3
TXN-0003603,CMP-001600,ACC-000596,ACC-001177,4791.81,2026-06-05 03:31:06,1
TXN-0003604,CMP-001601,ACC-000953,ACC-000106,2254.63,2026-07-21 02:03:37,1
TXN-0003605,CMP-001601,ACC-000106,ACC-000569,2083.09,2026-07-21 03:53:37,2
TXN-0003606,CMP-001602,ACC-000613,ACC-000108,2109.39,2026-06-15 14:58:01,1
TXN-0003607,CMP-001602,ACC-000108,ACC-000016,2046.37,2026-06-15 19:23:01,2
TXN-0003608,CMP-001602,ACC-000016,ACC-000112,2009.08,2026-06-16 00:50:01,3
TXN-0003609,CMP-001603,ACC-001016,ACC-000996,1013.44,2026-08-11 07:46:19,1
TXN-0003610,CMP-001603,ACC-000996,ACC-000152,965.95,2026-08-11 12:01:19,2
TXN-0003611,CMP-001603,ACC-000152,ACC-000081,941.32,2026-08-11 14:26:19,3
TXN-0003612,CMP-001604,ACC-000608,ACC-000138,2500.36,2026-07-30 21:12:17,1
TXN-0003613,CMP-001604,ACC-000138,ACC-000134,2399.8,2026-07-31 01:38:17,2
TXN-0003614,CMP-001605,ACC-000900,ACC-001071,458399.41,2026-06-17 20:07:21,1
TXN-0003615,CMP-001605,ACC-001071,ACC-000517,436572.54,2026-06-17 22:08:21,2
TXN-0003616,CMP-001607,ACC-001077,ACC-000206,755.31,2026-07-28 03:07:43,1
TXN-0003617,CMP-001607,ACC-000206,ACC-000097,696.06,2026-07-28 05:22:43,2
TXN-0003618,CMP-001607,ACC-000097,ACC-000084,682.26,2026-07-28 07:36:43,3
TXN-0003619,CMP-001608,ACC-000674,ACC-000113,50805.83,2026-07-28 15:56:40,1
TXN-0003620,CMP-001608,ACC-000113,ACC-000237,49780.08,2026-07-28 17:54:40,2
TXN-0003621,CMP-001608,ACC-000237,ACC-000181,48387.34,2026-07-28 21:58:40,3
TXN-0003622,CMP-001609,ACC-000872,ACC-000202,1270.31,2026-07-11 16:29:04,1
TXN-0003623,CMP-001610,ACC-000260,ACC-000213,193135.18,2026-07-09 17:46:04,1
TXN-0003624,CMP-001610,ACC-000213,ACC-000120,188188.81,2026-07-09 20:23:04,2
TXN-0003625,CMP-001610,ACC-000120,ACC-000046,181004.53,2026-07-10 00:59:04,3
TXN-0003626,CMP-001611,ACC-000532,ACC-000112,11408.78,2026-06-14 02:43:38,1
TXN-0003627,CMP-001611,ACC-000112,ACC-000016,10968.48,2026-06-14 05:03:38,2
TXN-0003628,CMP-001611,ACC-000016,ACC-000148,10292.6,2026-06-14 07:44:38,3
TXN-0003629,CMP-001613,ACC-000786,ACC-000100,15316.53,2026-06-11 10:28:02,1
TXN-0003630,CMP-001613,ACC-000100,ACC-000137,14869.22,2026-06-11 14:45:02,2
TXN-0003631,CMP-001614,ACC-000283,ACC-001159,385547.95,2026-07-07 00:42:23,1
TXN-0003632,CMP-001614,ACC-001159,ACC-000011,379851.19,2026-07-07 03:10:23,2
TXN-0003633,CMP-001614,ACC-000011,ACC-000221,355134.05,2026-07-07 05:01:23,3
TXN-0003634,CMP-001614,ACC-000221,ACC-000033,349450.43,2026-07-07 09:09:23,4
TXN-0003635,CMP-001615,ACC-001026,ACC-000099,6819.15,2026-06-04 22:18:07,1
TXN-0003636,CMP-001615,ACC-000099,ACC-000001,6434.17,2026-06-05 01:30:07,2
TXN-0003637,CMP-001615,ACC-000001,ACC-000130,6168.25,2026-06-05 03:33:07,3
TXN-0003638,CMP-001616,ACC-000448,ACC-000206,193042.03,2026-07-07 09:57:55,1
TXN-0003639,CMP-001617,ACC-000305,ACC-000051,523.51,2026-06-01 18:15:08,1
TXN-0003640,CMP-001617,ACC-000051,ACC-000956,486.57,2026-06-01 21:55:08,2
TXN-0003641,CMP-001619,ACC-000267,ACC-000061,2597.29,2026-08-18 10:23:21,1
TXN-0003642,CMP-001619,ACC-000061,ACC-000407,2472.56,2026-08-18 11:36:21,2
TXN-0003643,CMP-001619,ACC-000407,ACC-000069,2441.5,2026-08-18 16:52:21,3
TXN-0003644,CMP-001620,ACC-000884,ACC-000050,6741.51,2026-06-14 15:26:31,1
TXN-0003645,CMP-001620,ACC-000050,ACC-000113,6280.12,2026-06-14 17:42:31,2
TXN-0003646,CMP-001620,ACC-000113,ACC-000116,6053.19,2026-06-14 22:14:31,3
TXN-0003647,CMP-001620,ACC-000116,ACC-000103,5851.34,2026-06-15 01:34:31,4
TXN-0003648,CMP-001621,ACC-000643,ACC-000010,5208.03,2026-06-17 21:57:06,1
TXN-0003649,CMP-001621,ACC-000010,ACC-001037,4857.56,2026-06-18 02:48:06,2
TXN-0003650,CMP-001622,ACC-000501,ACC-000092,7352.46,2026-07-18 07:19:09,1
TXN-0003651,CMP-001622,ACC-000092,ACC-000191,6872.13,2026-07-18 09:23:09,2
TXN-0003652,CMP-001623,ACC-000291,ACC-000379,1902.56,2026-06-30 04:29:46,1
TXN-0003653,CMP-001623,ACC-000379,ACC-000094,1795.62,2026-06-30 05:55:46,2
TXN-0003654,CMP-001623,ACC-000094,ACC-000109,1736.17,2026-06-30 09:11:46,3
TXN-0003655,CMP-001624,ACC-000507,ACC-000102,4464.4,2026-06-12 10:59:35,1
TXN-0003656,CMP-001624,ACC-000102,ACC-000108,4282.49,2026-06-12 16:25:35,2
TXN-0003657,CMP-001625,ACC-000434,ACC-000454,10822.19,2026-08-23 09:35:08,1
TXN-0003658,CMP-001625,ACC-000454,ACC-000172,10486.46,2026-08-23 14:31:08,2
TXN-0003659,CMP-001626,ACC-001178,ACC-000711,947.1,2026-08-14 02:36:07,1
TXN-0003660,CMP-001626,ACC-000711,ACC-000177,934.05,2026-08-14 03:39:07,2
TXN-0003661,CMP-001627,ACC-000751,ACC-000050,3110.33,2026-06-12 00:36:16,1
TXN-0003662,CMP-001628,ACC-000461,ACC-000399,86648.92,2026-07-17 01:13:55,1
TXN-0003663,CMP-001628,ACC-000399,ACC-000139,85507.93,2026-07-17 03:41:55,2
TXN-0003664,CMP-001628,ACC-000139,ACC-000003,84250.35,2026-07-17 04:10:55,3
TXN-0003665,CMP-001628,ACC-000003,ACC-000116,80731.9,2026-07-17 08:27:55,4
TXN-0003666,CMP-001629,ACC-000652,ACC-000118,592.25,2026-06-05 03:03:36,1
TXN-0003667,CMP-001629,ACC-000118,ACC-000053,576.09,2026-06-05 05:43:36,2
TXN-0003668,CMP-001630,ACC-000401,ACC-000056,2931.05,2026-07-03 08:42:58,1
TXN-0003669,CMP-001630,ACC-000056,ACC-000173,2722.82,2026-07-03 10:18:58,2
TXN-0003670,CMP-001630,ACC-000173,ACC-000006,2524.89,2026-07-03 11:26:58,3
TXN-0003671,CMP-001630,ACC-000006,ACC-000104,2346.64,2026-07-03 14:08:58,4
TXN-0003672,CMP-001631,ACC-000413,ACC-000156,8296.61,2026-06-11 07:56:55,1
TXN-0003673,CMP-001631,ACC-000156,ACC-000091,7717.81,2026-06-11 12:10:55,2
TXN-0003674,CMP-001633,ACC-000332,ACC-000101,2296.19,2026-06-07 11:15:04,1
TXN-0003675,CMP-001633,ACC-000101,ACC-000065,2253.75,2026-06-07 14:33:04,2
TXN-0003676,CMP-001633,ACC-000065,ACC-000024,2143.12,2026-06-07 20:25:04,3
TXN-0003677,CMP-001633,ACC-000024,ACC-000120,2034.6,2026-06-08 00:51:04,4
TXN-0003678,CMP-001634,ACC-000352,ACC-000002,5754.57,2026-07-02 15:02:25,1
TXN-0003679,CMP-001634,ACC-000002,ACC-000074,5478.59,2026-07-02 16:24:25,2
TXN-0003680,CMP-001635,ACC-000588,ACC-000150,42899.64,2026-06-23 05:50:22,1
TXN-0003681,CMP-001635,ACC-000150,ACC-000915,40832.56,2026-06-23 06:21:22,2
TXN-0003682,CMP-001636,ACC-000691,ACC-000874,4422.56,2026-08-11 16:16:25,1
TXN-0003683,CMP-001636,ACC-000874,ACC-000020,4230.21,2026-08-11 17:36:25,2
TXN-0003684,CMP-001637,ACC-000687,ACC-000215,1445.01,2026-06-07 23:49:59,1
TXN-0003685,CMP-001637,ACC-000215,ACC-000051,1349.73,2026-06-08 02:50:59,2
TXN-0003686,CMP-001638,ACC-000705,ACC-001005,1982.87,2026-06-14 18:31:39,1
TXN-0003687,CMP-001638,ACC-001005,ACC-000211,1939.96,2026-06-14 20:28:39,2
TXN-0003688,CMP-001639,ACC-000872,ACC-000016,1380.47,2026-07-07 09:19:35,1
TXN-0003689,CMP-001639,ACC-000016,ACC-000090,1365.72,2026-07-07 10:01:35,2
TXN-0003690,CMP-001640,ACC-000728,ACC-000027,57937.68,2026-06-27 08:07:37,1
TXN-0003691,CMP-001640,ACC-000027,ACC-000051,53769.63,2026-06-27 10:11:37,2
TXN-0003692,CMP-001640,ACC-000051,ACC-000072,50151.69,2026-06-27 13:34:37,3
TXN-0003693,CMP-001641,ACC-000887,ACC-000613,673.67,2026-06-06 22:14:42,1
TXN-0003694,CMP-001641,ACC-000613,ACC-000668,638.98,2026-06-07 03:29:42,2
TXN-0003695,CMP-001641,ACC-000668,ACC-000067,589.24,2026-06-07 05:51:42,3
TXN-0003696,CMP-001642,ACC-000269,ACC-000032,3161.73,2026-07-10 19:17:43,1
TXN-0003697,CMP-001642,ACC-000032,ACC-000189,2967.88,2026-07-11 01:09:43,2
TXN-0003698,CMP-001643,ACC-000984,ACC-000363,3839.12,2026-07-29 12:51:49,1
TXN-0003699,CMP-001643,ACC-000363,ACC-000071,3666.02,2026-07-29 16:09:49,2
TXN-0003700,CMP-001643,ACC-000071,ACC-000184,3574.75,2026-07-29 18:20:49,3
TXN-0003701,CMP-001644,ACC-000304,ACC-000147,175119.78,2026-08-27 23:48:11,1
TXN-0003702,CMP-001644,ACC-000147,ACC-000392,172756.4,2026-08-28 01:33:11,2
TXN-0003703,CMP-001645,ACC-001153,ACC-001077,5890.98,2026-06-09 12:44:47,1
TXN-0003704,CMP-001645,ACC-001077,ACC-000441,5599.77,2026-06-09 13:29:47,2
TXN-0003705,CMP-001645,ACC-000441,ACC-000392,5339.16,2026-06-09 17:44:47,3
TXN-0003706,CMP-001646,ACC-001095,ACC-000180,1093.9,2026-06-21 22:39:16,1
TXN-0003707,CMP-001646,ACC-000180,ACC-000030,1064.61,2026-06-22 02:59:16,2
TXN-0003708,CMP-001647,ACC-000327,ACC-000741,66910.02,2026-08-10 18:04:28,1
TXN-0003709,CMP-001647,ACC-000741,ACC-000039,63913.65,2026-08-10 22:09:28,2
TXN-0003710,CMP-001648,ACC-000724,ACC-000046,2331.87,2026-07-13 04:14:58,1
TXN-0003711,CMP-001648,ACC-000046,ACC-000053,2287.25,2026-07-13 08:47:58,2
TXN-0003712,CMP-001648,ACC-000053,ACC-000932,2251.3,2026-07-13 09:54:58,3
TXN-0003713,CMP-001649,ACC-000229,ACC-000089,6082.49,2026-06-15 10:20:16,1
TXN-0003714,CMP-001649,ACC-000089,ACC-000183,5999.56,2026-06-15 12:37:16,2
TXN-0003715,CMP-001649,ACC-000183,ACC-000347,5695.94,2026-06-15 16:49:16,3
TXN-0003716,CMP-001650,ACC-000670,ACC-000149,6934.95,2026-06-05 08:17:59,1
TXN-0003717,CMP-001650,ACC-000149,ACC-000117,6666.13,2026-06-05 10:20:59,2
TXN-0003718,CMP-001650,ACC-000117,ACC-000082,6320.36,2026-06-05 13:03:59,3
TXN-0003719,CMP-001650,ACC-000082,ACC-000192,5992.0,2026-06-05 18:49:59,4
TXN-0003720,CMP-001651,ACC-000932,ACC-000091,2270.29,2026-06-04 09:45:17,1
TXN-0003721,CMP-001651,ACC-000091,ACC-001002,2178.0,2026-06-04 10:54:17,2
TXN-0003722,CMP-001652,ACC-000620,ACC-000083,2922.1,2026-08-07 02:31:13,1
TXN-0003723,CMP-001653,ACC-000319,ACC-000168,7877.16,2026-07-24 20:00:08,1
TXN-0003724,CMP-001653,ACC-000168,ACC-000012,7796.22,2026-07-25 00:04:08,2
TXN-0003725,CMP-001653,ACC-000012,ACC-000198,7323.08,2026-07-25 01:34:08,3
TXN-0003726,CMP-001654,ACC-001180,ACC-000165,191177.21,2026-06-22 04:20:06,1
TXN-0003727,CMP-001654,ACC-000165,ACC-000189,182138.15,2026-06-22 10:12:06,2
TXN-0003728,CMP-001654,ACC-000189,ACC-000086,173072.34,2026-06-22 16:08:06,3
TXN-0003729,CMP-001655,ACC-000988,ACC-000174,2067.66,2026-06-09 18:03:18,1
TXN-0003730,CMP-001655,ACC-000174,ACC-000162,2027.69,2026-06-09 20:19:18,2
TXN-0003731,CMP-001656,ACC-000548,ACC-000464,5693.91,2026-07-15 15:16:11,1
TXN-0003732,CMP-001656,ACC-000464,ACC-001065,5269.88,2026-07-15 16:18:11,2
TXN-0003733,CMP-001656,ACC-001065,ACC-000733,4945.25,2026-07-15 16:33:11,3
TXN-0003734,CMP-001657,ACC-000949,ACC-000205,298433.33,2026-07-14 17:18:57,1
TXN-0003735,CMP-001657,ACC-000205,ACC-000103,282762.2,2026-07-14 20:18:57,2
TXN-0003736,CMP-001658,ACC-000797,ACC-000109,14998.56,2026-06-19 00:44:53,1
TXN-0003737,CMP-001658,ACC-000109,ACC-000079,14782.91,2026-06-19 05:41:53,2
TXN-0003738,CMP-001659,ACC-000702,ACC-000665,9387.66,2026-07-29 17:42:51,1
TXN-0003739,CMP-001659,ACC-000665,ACC-000467,8915.41,2026-07-29 23:03:51,2
TXN-0003740,CMP-001660,ACC-001042,ACC-000035,1170.67,2026-08-07 05:31:20,1
TXN-0003741,CMP-001660,ACC-000035,ACC-000214,1082.61,2026-08-07 11:10:20,2
TXN-0003742,CMP-001660,ACC-000214,ACC-000209,1020.78,2026-08-07 17:04:20,3
TXN-0003743,CMP-001661,ACC-000329,ACC-000193,534.8,2026-06-26 21:52:53,1
TXN-0003744,CMP-001661,ACC-000193,ACC-000194,526.99,2026-06-27 00:33:53,2
TXN-0003745,CMP-001661,ACC-000194,ACC-000029,510.79,2026-06-27 02:04:53,3
TXN-0003746,CMP-001662,ACC-000780,ACC-000089,420.91,2026-06-21 02:58:58,1
TXN-0003747,CMP-001662,ACC-000089,ACC-001000,415.7,2026-06-21 06:57:58,2
TXN-0003748,CMP-001662,ACC-001000,ACC-000090,398.87,2026-06-21 12:12:58,3
TXN-0003749,CMP-001663,ACC-001175,ACC-000167,4327.79,2026-08-11 05:34:48,1
TXN-0003750,CMP-001663,ACC-000167,ACC-000169,4187.47,2026-08-11 10:56:48,2
TXN-0003751,CMP-001663,ACC-000169,ACC-000151,4069.74,2026-08-11 12:06:48,3
TXN-0003752,CMP-001663,ACC-000151,ACC-000974,3898.0,2026-08-11 17:49:48,4
TXN-0003753,CMP-001664,ACC-001117,ACC-000269,9393.48,2026-07-06 02:44:33,1
TXN-0003754,CMP-001664,ACC-000269,ACC-000119,9122.67,2026-07-06 06:04:33,2
TXN-0003755,CMP-001664,ACC-000119,ACC-000072,8913.63,2026-07-06 08:27:33,3
TXN-0003756,CMP-001665,ACC-000951,ACC-000070,8812.96,2026-07-31 03:20:19,1
TXN-0003757,CMP-001666,ACC-000840,ACC-000200,2364.61,2026-08-08 11:32:16,1
TXN-0003758,CMP-001666,ACC-000200,ACC-000189,2190.56,2026-08-08 13:58:16,2
TXN-0003759,CMP-001667,ACC-000339,ACC-001112,282616.9,2026-07-03 01:44:33,1
TXN-0003760,CMP-001667,ACC-001112,ACC-000111,277693.09,2026-07-03 02:20:33,2
TXN-0003761,CMP-001668,ACC-001082,ACC-000995,4269.14,2026-08-12 09:36:34,1
TXN-0003762,CMP-001668,ACC-000995,ACC-000123,4106.99,2026-08-12 11:47:34,2
TXN-0003763,CMP-001670,ACC-000578,ACC-000927,830048.86,2026-08-26 04:30:20,1
TXN-0003764,CMP-001670,ACC-000927,ACC-000061,779322.98,2026-08-26 07:09:20,2
TXN-0003765,CMP-001670,ACC-000061,ACC-000885,721670.79,2026-08-26 12:31:20,3
TXN-0003766,CMP-001671,ACC-000506,ACC-000083,248949.67,2026-06-05 15:46:27,1
TXN-0003767,CMP-001671,ACC-000083,ACC-000271,242216.67,2026-06-05 20:01:27,2
TXN-0003768,CMP-001671,ACC-000271,ACC-000172,226579.84,2026-06-05 23:49:27,3
TXN-0003769,CMP-001672,ACC-000366,ACC-000010,893.87,2026-08-20 12:37:28,1
TXN-0003770,CMP-001673,ACC-000242,ACC-000141,35394.29,2026-07-22 10:23:35,1
TXN-0003771,CMP-001674,ACC-000419,ACC-000162,1674.97,2026-08-04 22:57:52,1
TXN-0003772,CMP-001674,ACC-000162,ACC-000142,1595.22,2026-08-04 23:28:52,2
TXN-0003773,CMP-001674,ACC-000142,ACC-000382,1506.21,2026-08-05 05:01:52,3
TXN-0003774,CMP-001675,ACC-000682,ACC-000211,294768.68,2026-06-07 02:42:12,1
TXN-0003775,CMP-001675,ACC-000211,ACC-000198,282321.07,2026-06-07 08:00:12,2
TXN-0003776,CMP-001676,ACC-000520,ACC-000348,4386.41,2026-07-09 01:53:10,1
TXN-0003777,CMP-001676,ACC-000348,ACC-000200,4220.65,2026-07-09 07:07:10,2
TXN-0003778,CMP-001676,ACC-000200,ACC-000838,4015.93,2026-07-09 08:09:10,3
TXN-0003779,CMP-001676,ACC-000838,ACC-000193,3736.27,2026-07-09 12:00:10,4
TXN-0003780,CMP-001677,ACC-000323,ACC-000033,1369.39,2026-06-10 21:17:31,1
TXN-0003781,CMP-001677,ACC-000033,ACC-000992,1335.54,2026-06-10 22:07:31,2
TXN-0003782,CMP-001677,ACC-000992,ACC-000161,1246.18,2026-06-10 23:42:31,3
TXN-0003783,CMP-001678,ACC-001063,ACC-000175,5549.79,2026-06-15 12:50:21,1
TXN-0003784,CMP-001678,ACC-000175,ACC-000868,5258.82,2026-06-15 14:45:21,2
TXN-0003785,CMP-001678,ACC-000868,ACC-000030,4930.5,2026-06-15 16:12:21,3
TXN-0003786,CMP-001679,ACC-000414,ACC-000096,4318.51,2026-06-29 10:52:39,1
TXN-0003787,CMP-001679,ACC-000096,ACC-000177,4163.25,2026-06-29 12:21:39,2
TXN-0003788,CMP-001680,ACC-000939,ACC-000177,23446.56,2026-07-15 09:17:30,1
TXN-0003789,CMP-001680,ACC-000177,ACC-000186,23083.65,2026-07-15 12:05:30,2
TXN-0003790,CMP-001681,ACC-000906,ACC-000002,1292.18,2026-06-29 02:04:12,1
TXN-0003791,CMP-001681,ACC-000002,ACC-000051,1192.73,2026-06-29 02:39:12,2
TXN-0003792,CMP-001681,ACC-000051,ACC-000212,1150.26,2026-06-29 03:55:12,3
TXN-0003793,CMP-001681,ACC-000212,ACC-000187,1127.52,2026-06-29 09:30:12,4
TXN-0003794,CMP-001682,ACC-000630,ACC-000132,6853.07,2026-08-21 02:03:43,1
TXN-0003795,CMP-001682,ACC-000132,ACC-000095,6767.23,2026-08-21 07:42:43,2
TXN-0003796,CMP-001683,ACC-001190,ACC-000040,2246.49,2026-07-03 20:15:15,1
TXN-0003797,CMP-001683,ACC-000040,ACC-000015,2219.64,2026-07-04 02:03:15,2
TXN-0003798,CMP-001684,ACC-000976,ACC-000166,97563.68,2026-07-29 21:16:43,1
TXN-0003799,CMP-001684,ACC-000166,ACC-000019,91893.53,2026-07-29 23:05:43,2
TXN-0003800,CMP-001684,ACC-000019,ACC-000113,84979.36,2026-07-30 03:33:43,3
TXN-0003801,CMP-001685,ACC-000556,ACC-000167,7758.05,2026-06-30 01:36:35,1
TXN-0003802,CMP-001685,ACC-000167,ACC-000188,7361.06,2026-06-30 02:02:35,2
TXN-0003803,CMP-001685,ACC-000188,ACC-000774,7247.03,2026-06-30 04:04:35,3
TXN-0003804,CMP-001686,ACC-000352,ACC-000126,3027.95,2026-08-16 08:17:25,1
TXN-0003805,CMP-001686,ACC-000126,ACC-000089,2804.42,2026-08-16 13:10:25,2
TXN-0003806,CMP-001687,ACC-001070,ACC-000115,7520.81,2026-08-14 21:16:12,1
TXN-0003807,CMP-001687,ACC-000115,ACC-000151,7023.36,2026-08-15 02:49:12,2
TXN-0003808,CMP-001687,ACC-000151,ACC-000012,6656.42,2026-08-15 03:17:12,3
TXN-0003809,CMP-001688,ACC-000687,ACC-000040,3528.85,2026-06-17 07:16:26,1
TXN-0003810,CMP-001688,ACC-000040,ACC-000185,3301.05,2026-06-17 11:30:26,2
TXN-0003811,CMP-001689,ACC-000610,ACC-000158,4991.83,2026-06-18 13:04:03,1
TXN-0003812,CMP-001689,ACC-000158,ACC-001071,4658.94,2026-06-18 14:27:03,2
TXN-0003813,CMP-001689,ACC-001071,ACC-000158,4406.66,2026-06-18 15:16:03,3
TXN-0003814,CMP-001690,ACC-000260,ACC-000071,122697.3,2026-08-04 04:32:18,1
TXN-0003815,CMP-001690,ACC-000071,ACC-000033,117963.07,2026-08-04 07:25:18,2
TXN-0003816,CMP-001690,ACC-000033,ACC-000087,116132.32,2026-08-04 11:29:18,3
TXN-0003817,CMP-001690,ACC-000087,ACC-000212,112200.79,2026-08-04 17:10:18,4
TXN-0003818,CMP-001691,ACC-001141,ACC-000215,3964.91,2026-07-01 15:10:30,1
TXN-0003819,CMP-001691,ACC-000215,ACC-000174,3919.86,2026-07-01 18:28:30,2
TXN-0003820,CMP-001691,ACC-000174,ACC-000104,3760.48,2026-07-01 22:13:30,3
TXN-0003821,CMP-001692,ACC-000927,ACC-000070,1945.54,2026-06-21 02:02:11,1
TXN-0003822,CMP-001692,ACC-000070,ACC-000147,1792.13,2026-06-21 04:54:11,2
TXN-0003823,CMP-001692,ACC-000147,ACC-000140,1690.68,2026-06-21 10:23:11,3
TXN-0003824,CMP-001693,ACC-000621,ACC-000011,8107.83,2026-07-03 09:24:05,1
TXN-0003825,CMP-001693,ACC-000011,ACC-000144,7921.54,2026-07-03 13:38:05,2
TXN-0003826,CMP-001694,ACC-001089,ACC-000660,3758.11,2026-07-22 16:13:17,1
TXN-0003827,CMP-001694,ACC-000660,ACC-000169,3648.88,2026-07-22 18:36:17,2
TXN-0003828,CMP-001694,ACC-000169,ACC-000137,3556.44,2026-07-23 00:29:17,3
TXN-0003829,CMP-001694,ACC-000137,ACC-000158,3334.51,2026-07-23 04:14:17,4
TXN-0003830,CMP-001696,ACC-000286,ACC-000432,440284.52,2026-07-01 19:34:06,1
TXN-0003831,CMP-001697,ACC-000871,ACC-000014,108323.02,2026-07-20 09:18:19,1
TXN-0003832,CMP-001697,ACC-000014,ACC-000062,106804.9,2026-07-20 14:38:19,2
TXN-0003833,CMP-001698,ACC-000911,ACC-000171,58746.45,2026-06-29 03:18:34,1
TXN-0003834,CMP-001698,ACC-000171,ACC-000896,56719.74,2026-06-29 08:41:34,2
TXN-0003835,CMP-001698,ACC-000896,ACC-000069,55982.12,2026-06-29 14:04:34,3
TXN-0003836,CMP-001698,ACC-000069,ACC-000165,54638.56,2026-06-29 16:06:34,4
TXN-0003837,CMP-001699,ACC-000796,ACC-000054,220961.94,2026-08-04 15:26:03,1
TXN-0003838,CMP-001699,ACC-000054,ACC-000127,203712.8,2026-08-04 18:53:03,2
TXN-0003839,CMP-001699,ACC-000127,ACC-000031,191235.36,2026-08-04 22:33:03,3
TXN-0003840,CMP-001700,ACC-000385,ACC-000168,2666.38,2026-07-13 11:27:14,1
TXN-0003841,CMP-001700,ACC-000168,ACC-000155,2555.92,2026-07-13 11:33:14,2
TXN-0003842,CMP-001700,ACC-000155,ACC-000161,2508.29,2026-07-13 12:59:14,3
TXN-0003843,CMP-001701,ACC-001139,ACC-000178,5320.22,2026-06-04 20:02:19,1
TXN-0003844,CMP-001701,ACC-000178,ACC-000048,5110.58,2026-06-04 23:13:19,2
TXN-0003845,CMP-001702,ACC-000846,ACC-000096,24907.42,2026-07-09 11:28:55,1
TXN-0003846,CMP-001702,ACC-000096,ACC-000099,22923.32,2026-07-09 16:16:55,2
TXN-0003847,CMP-001702,ACC-000099,ACC-000077,21867.76,2026-07-09 17:54:55,3
TXN-0003848,CMP-001703,ACC-000645,ACC-000191,3176.7,2026-07-02 11:47:32,1
TXN-0003849,CMP-001704,ACC-000400,ACC-000205,2950.59,2026-06-22 17:01:33,1
TXN-0003850,CMP-001704,ACC-000205,ACC-000050,2716.15,2026-06-22 17:08:33,2
TXN-0003851,CMP-001704,ACC-000050,ACC-000192,2609.48,2026-06-22 17:53:33,3
TXN-0003852,CMP-001705,ACC-000707,ACC-000464,99878.95,2026-06-09 05:01:15,1
TXN-0003853,CMP-001705,ACC-000464,ACC-000396,93555.82,2026-06-09 06:57:15,2
TXN-0003854,CMP-001705,ACC-000396,ACC-000849,92028.7,2026-06-09 11:08:15,3
TXN-0003855,CMP-001706,ACC-000292,ACC-000128,10957.79,2026-06-09 14:57:46,1
TXN-0003856,CMP-001706,ACC-000128,ACC-001164,10769.9,2026-06-09 20:55:46,2
TXN-0003857,CMP-001706,ACC-001164,ACC-000045,10008.86,2026-06-09 22:12:46,3
TXN-0003858,CMP-001707,ACC-001066,ACC-000191,20701.08,2026-07-29 14:59:20,1
TXN-0003859,CMP-001707,ACC-000191,ACC-000127,20397.11,2026-07-29 16:47:20,2
TXN-0003860,CMP-001707,ACC-000127,ACC-000160,19576.19,2026-07-29 17:50:20,3
TXN-0003861,CMP-001709,ACC-000533,ACC-000071,2482.42,2026-07-12 14:30:16,1
TXN-0003862,CMP-001709,ACC-000071,ACC-000554,2314.75,2026-07-12 15:13:16,2
TXN-0003863,CMP-001710,ACC-001181,ACC-000042,19225.19,2026-07-05 05:38:11,1
TXN-0003864,CMP-001710,ACC-000042,ACC-000164,18876.9,2026-07-05 06:28:11,2
TXN-0003865,CMP-001710,ACC-000164,ACC-000082,17943.73,2026-07-05 11:21:11,3
TXN-0003866,CMP-001711,ACC-000445,ACC-000077,17311.82,2026-06-21 20:10:10,1
TXN-0003867,CMP-001711,ACC-000077,ACC-000082,16834.9,2026-06-21 20:57:10,2
TXN-0003868,CMP-001711,ACC-000082,ACC-000100,15618.7,2026-06-22 00:43:10,3
TXN-0003869,CMP-001711,ACC-000100,ACC-000970,15238.02,2026-06-22 05:22:10,4
TXN-0003870,CMP-001712,ACC-000856,ACC-000031,1404.53,2026-08-18 01:45:34,1
TXN-0003871,CMP-001712,ACC-000031,ACC-000390,1335.67,2026-08-18 01:58:34,2
TXN-0003872,CMP-001713,ACC-000427,ACC-000035,13277.39,2026-08-27 05:22:27,1
TXN-0003873,CMP-001713,ACC-000035,ACC-000110,12478.14,2026-08-27 11:11:27,2
TXN-0003874,CMP-001714,ACC-000435,ACC-000549,1246.31,2026-07-27 06:59:43,1
TXN-0003875,CMP-001714,ACC-000549,ACC-000202,1174.5,2026-07-27 11:34:43,2
TXN-0003876,CMP-001715,ACC-000457,ACC-000705,3737.02,2026-08-24 08:20:54,1
TXN-0003877,CMP-001715,ACC-000705,ACC-000074,3556.32,2026-08-24 12:36:54,2
TXN-0003878,CMP-001716,ACC-000575,ACC-000342,3446.84,2026-07-28 09:28:17,1
TXN-0003879,CMP-001716,ACC-000342,ACC-000022,3180.83,2026-07-28 13:54:17,2
TXN-0003880,CMP-001716,ACC-000022,ACC-000085,3086.21,2026-07-28 14:02:17,3
TXN-0003881,CMP-001717,ACC-000790,ACC-000133,7522.33,2026-08-28 03:57:39,1
TXN-0003882,CMP-001717,ACC-000133,ACC-000196,6934.13,2026-08-28 09:55:39,2
TXN-0003883,CMP-001718,ACC-000524,ACC-000084,4448.05,2026-07-25 22:08:15,1
TXN-0003884,CMP-001718,ACC-000084,ACC-000170,4371.0,2026-07-26 01:29:15,2
TXN-0003885,CMP-001719,ACC-000560,ACC-000142,13690.66,2026-07-08 00:36:26,1
TXN-0003886,CMP-001719,ACC-000142,ACC-000136,13241.72,2026-07-08 06:07:26,2
TXN-0003887,CMP-001719,ACC-000136,ACC-000183,12975.7,2026-07-08 10:15:26,3
TXN-0003888,CMP-001720,ACC-000995,ACC-000119,1485.89,2026-06-30 03:50:16,1
TXN-0003889,CMP-001720,ACC-000119,ACC-000023,1424.87,2026-06-30 05:34:16,2
TXN-0003890,CMP-001720,ACC-000023,ACC-000175,1327.19,2026-06-30 07:49:16,3
TXN-0003891,CMP-001721,ACC-001153,ACC-000098,18667.64,2026-07-15 23:21:27,1
TXN-0003892,CMP-001721,ACC-000098,ACC-000721,18458.31,2026-07-16 03:52:27,2
TXN-0003893,CMP-001721,ACC-000721,ACC-000052,18162.5,2026-07-16 04:48:27,3
TXN-0003894,CMP-001722,ACC-000456,ACC-000202,59770.12,2026-06-30 00:05:19,1
TXN-0003895,CMP-001722,ACC-000202,ACC-000079,57433.89,2026-06-30 03:03:19,2
TXN-0003896,CMP-001723,ACC-000597,ACC-000060,54738.07,2026-08-03 14:01:52,1
TXN-0003897,CMP-001724,ACC-001155,ACC-000782,7961.64,2026-08-25 00:52:04,1
TXN-0003898,CMP-001724,ACC-000782,ACC-000060,7695.59,2026-08-25 05:41:04,2
TXN-0003899,CMP-001724,ACC-000060,ACC-000208,7610.65,2026-08-25 07:43:04,3
TXN-0003900,CMP-001724,ACC-000208,ACC-000100,7467.4,2026-08-25 11:33:04,4
TXN-0003901,CMP-001725,ACC-001021,ACC-000128,3500.32,2026-06-28 01:57:09,1
TXN-0003902,CMP-001725,ACC-000128,ACC-000104,3265.03,2026-06-28 04:19:09,2
TXN-0003903,CMP-001726,ACC-000436,ACC-000064,2403.23,2026-07-05 22:23:02,1
TXN-0003904,CMP-001726,ACC-000064,ACC-000031,2247.13,2026-07-06 01:21:02,2
TXN-0003905,CMP-001727,ACC-001180,ACC-000014,19264.88,2026-07-31 20:23:24,1
TXN-0003906,CMP-001727,ACC-000014,ACC-000033,18295.05,2026-08-01 01:38:24,2
TXN-0003907,CMP-001727,ACC-000033,ACC-000529,17812.16,2026-08-01 04:09:24,3
TXN-0003908,CMP-001727,ACC-000529,ACC-000093,16555.91,2026-08-01 08:06:24,4
TXN-0003909,CMP-001728,ACC-000284,ACC-000542,12380.56,2026-07-07 05:31:51,1
TXN-0003910,CMP-001728,ACC-000542,ACC-000058,12025.4,2026-07-07 09:09:51,2
TXN-0003911,CMP-001728,ACC-000058,ACC-000182,11203.12,2026-07-07 10:33:51,3
TXN-0003912,CMP-001729,ACC-000865,ACC-000648,2048.13,2026-06-16 10:39:41,1
TXN-0003913,CMP-001729,ACC-000648,ACC-000169,2006.44,2026-06-16 14:14:41,2
TXN-0003914,CMP-001729,ACC-000169,ACC-000107,1883.87,2026-06-16 14:49:41,3
TXN-0003915,CMP-001730,ACC-000222,ACC-000104,6709.5,2026-08-07 08:20:59,1
TXN-0003916,CMP-001730,ACC-000104,ACC-000405,6272.21,2026-08-07 09:52:59,2
TXN-0003917,CMP-001731,ACC-000537,ACC-000178,11870.7,2026-07-11 11:06:30,1
TXN-0003918,CMP-001731,ACC-000178,ACC-000178,11222.74,2026-07-11 12:11:30,2
TXN-0003919,CMP-001733,ACC-000452,ACC-000992,1604.19,2026-07-21 00:35:32,1
TXN-0003920,CMP-001733,ACC-000992,ACC-000053,1505.61,2026-07-21 05:30:32,2
TXN-0003921,CMP-001733,ACC-000053,ACC-000172,1415.6,2026-07-21 06:16:32,3
TXN-0003922,CMP-001733,ACC-000172,ACC-000076,1373.56,2026-07-21 07:52:32,4
TXN-0003923,CMP-001734,ACC-000773,ACC-000583,1651.85,2026-07-28 20:02:39,1
TXN-0003924,CMP-001734,ACC-000583,ACC-000070,1551.28,2026-07-29 00:18:39,2
TXN-0003925,CMP-001735,ACC-001165,ACC-000051,38458.92,2026-08-20 00:31:29,1
TXN-0003926,CMP-001735,ACC-000051,ACC-000248,36063.81,2026-08-20 02:20:29,2
TXN-0003927,CMP-001735,ACC-000248,ACC-000049,35469.44,2026-08-20 07:41:29,3
TXN-0003928,CMP-001736,ACC-000227,ACC-000614,67455.19,2026-08-07 17:10:19,1
TXN-0003929,CMP-001736,ACC-000614,ACC-000034,65881.22,2026-08-07 19:28:19,2
TXN-0003930,CMP-001736,ACC-000034,ACC-000049,60957.96,2026-08-08 00:03:19,3
TXN-0003931,CMP-001737,ACC-001057,ACC-000493,8444.85,2026-08-20 00:01:09,1
TXN-0003932,CMP-001737,ACC-000493,ACC-001175,8294.58,2026-08-20 01:33:09,2
TXN-0003933,CMP-001737,ACC-001175,ACC-000198,7745.15,2026-08-20 02:17:09,3
TXN-0003934,CMP-001738,ACC-000788,ACC-000879,12734.12,2026-08-15 15:42:49,1
TXN-0003935,CMP-001738,ACC-000879,ACC-000153,12451.58,2026-08-15 19:03:49,2
TXN-0003936,CMP-001739,ACC-001114,ACC-000671,12281.7,2026-06-10 17:59:51,1
TXN-0003937,CMP-001740,ACC-000375,ACC-000148,5332.82,2026-08-17 07:28:58,1
TXN-0003938,CMP-001740,ACC-000148,ACC-000107,5186.15,2026-08-17 10:11:58,2
TXN-0003939,CMP-001740,ACC-000107,ACC-000092,4824.64,2026-08-17 10:48:58,3
TXN-0003940,CMP-001741,ACC-000467,ACC-000006,1400.49,2026-07-21 18:06:11,1
TXN-0003941,CMP-001741,ACC-000006,ACC-000967,1331.37,2026-07-21 21:10:11,2
TXN-0003942,CMP-001741,ACC-000967,ACC-000157,1234.88,2026-07-21 22:39:11,3
TXN-0003943,CMP-001742,ACC-000543,ACC-000121,106217.96,2026-08-17 21:36:51,1
TXN-0003944,CMP-001743,ACC-000617,ACC-000165,4061.47,2026-08-19 11:33:35,1
TXN-0003945,CMP-001743,ACC-000165,ACC-000350,3774.55,2026-08-19 13:06:35,2
TXN-0003946,CMP-001743,ACC-000350,ACC-000173,3707.36,2026-08-19 15:26:35,3
TXN-0003947,CMP-001743,ACC-000173,ACC-000018,3552.98,2026-08-19 16:43:35,4
TXN-0003948,CMP-001744,ACC-000573,ACC-000014,423.29,2026-08-06 22:25:41,1
TXN-0003949,CMP-001744,ACC-000014,ACC-000073,394.28,2026-08-06 23:01:41,2
TXN-0003950,CMP-001744,ACC-000073,ACC-000081,365.08,2026-08-07 01:24:41,3
TXN-0003951,CMP-001745,ACC-000991,ACC-000899,17318.82,2026-07-29 04:08:08,1
TXN-0003952,CMP-001745,ACC-000899,ACC-000287,16804.25,2026-07-29 07:14:08,2
TXN-0003953,CMP-001746,ACC-000497,ACC-000036,2024.45,2026-06-30 18:38:44,1
TXN-0003954,CMP-001746,ACC-000036,ACC-000078,1955.98,2026-06-30 22:26:44,2
TXN-0003955,CMP-001746,ACC-000078,ACC-000002,1922.41,2026-07-01 03:42:44,3
TXN-0003956,CMP-001746,ACC-000002,ACC-000143,1799.52,2026-07-01 06:41:44,4
TXN-0003957,CMP-001747,ACC-000508,ACC-000076,11529.35,2026-08-23 04:27:50,1
TXN-0003958,CMP-001747,ACC-000076,ACC-000074,10619.81,2026-08-23 07:11:50,2
TXN-0003959,CMP-001747,ACC-000074,ACC-000082,9800.23,2026-08-23 12:16:50,3
TXN-0003960,CMP-001748,ACC-000408,ACC-000201,1175249.57,2026-06-21 08:37:05,1
TXN-0003961,CMP-001748,ACC-000201,ACC-000026,1109282.82,2026-06-21 12:24:05,2
TXN-0003962,CMP-001749,ACC-001037,ACC-000128,3373.19,2026-08-15 23:01:18,1
TXN-0003963,CMP-001749,ACC-000128,ACC-000050,3305.12,2026-08-16 02:40:18,2
TXN-0003964,CMP-001749,ACC-000050,ACC-000072,3197.23,2026-08-16 06:06:18,3
TXN-0003965,CMP-001750,ACC-000973,ACC-000169,3106.64,2026-07-12 19:20:58,1
TXN-0003966,CMP-001751,ACC-000299,ACC-000337,1000.4,2026-07-19 23:29:59,1
TXN-0003967,CMP-001751,ACC-000337,ACC-000065,929.52,2026-07-20 01:56:59,2
TXN-0003968,CMP-001752,ACC-000702,ACC-000903,28042.4,2026-06-05 07:47:11,1
TXN-0003969,CMP-001752,ACC-000903,ACC-000006,26108.13,2026-06-05 10:13:11,2
TXN-0003970,CMP-001753,ACC-000526,ACC-000630,812.64,2026-08-15 23:44:22,1
TXN-0003971,CMP-001753,ACC-000630,ACC-000165,800.03,2026-08-16 02:54:22,2
TXN-0003972,CMP-001753,ACC-000165,ACC-000527,761.72,2026-08-16 04:53:22,3
TXN-0003973,CMP-001754,ACC-001081,ACC-000147,909.3,2026-06-20 03:16:14,1
TXN-0003974,CMP-001754,ACC-000147,ACC-000139,847.41,2026-06-20 06:10:14,2
TXN-0003975,CMP-001754,ACC-000139,ACC-001114,812.29,2026-06-20 08:43:14,3
TXN-0003976,CMP-001755,ACC-000354,ACC-000139,2324.28,2026-08-19 18:56:48,1
TXN-0003977,CMP-001755,ACC-000139,ACC-000046,2286.03,2026-08-20 00:19:48,2
TXN-0003978,CMP-001756,ACC-000726,ACC-000586,8309.72,2026-07-05 04:46:47,1
TXN-0003979,CMP-001756,ACC-000586,ACC-000344,8189.15,2026-07-05 10:06:47,2
TXN-0003980,CMP-001757,ACC-000429,ACC-000044,17612.46,2026-06-23 19:10:14,1
TXN-0003981,CMP-001757,ACC-000044,ACC-000096,16314.02,2026-06-24 00:07:14,2
TXN-0003982,CMP-001757,ACC-000096,ACC-000032,15331.93,2026-06-24 03:44:14,3
TXN-0003983,CMP-001758,ACC-000379,ACC-000826,1693.68,2026-08-14 02:36:27,1
TXN-0003984,CMP-001758,ACC-000826,ACC-000176,1661.42,2026-08-14 05:53:27,2
TXN-0003985,CMP-001759,ACC-000237,ACC-000200,3104.16,2026-06-27 21:40:26,1
TXN-0003986,CMP-001759,ACC-000200,ACC-000052,2966.89,2026-06-27 22:57:26,2
TXN-0003987,CMP-001760,ACC-000567,ACC-000086,113772.0,2026-08-10 14:04:23,1
TXN-0003988,CMP-001760,ACC-000086,ACC-000186,105816.45,2026-08-10 15:40:23,2
TXN-0003989,CMP-001760,ACC-000186,ACC-000146,104733.1,2026-08-10 17:21:23,3
TXN-0003990,CMP-001760,ACC-000146,ACC-000120,100075.75,2026-08-10 19:52:23,4
TXN-0003991,CMP-001761,ACC-000622,ACC-000310,1432.06,2026-08-08 14:53:28,1
TXN-0003992,CMP-001761,ACC-000310,ACC-000470,1398.03,2026-08-08 16:56:28,2
TXN-0003993,CMP-001761,ACC-000470,ACC-000014,1322.76,2026-08-08 19:25:28,3
TXN-0003994,CMP-001762,ACC-000537,ACC-001192,86474.97,2026-08-03 15:28:43,1
TXN-0003995,CMP-001762,ACC-001192,ACC-000039,85114.04,2026-08-03 16:17:43,2
TXN-0003996,CMP-001762,ACC-000039,ACC-000058,81523.94,2026-08-03 17:43:43,3
TXN-0003997,CMP-001763,ACC-001177,ACC-000148,846.31,2026-07-07 15:56:49,1
TXN-0003998,CMP-001763,ACC-000148,ACC-000025,825.0,2026-07-07 19:53:49,2
TXN-0003999,CMP-001764,ACC-000227,ACC-000010,27775.49,2026-08-11 04:40:57,1
TXN-0004000,CMP-001764,ACC-000010,ACC-000169,25957.92,2026-08-11 09:03:57,2
TXN-0004001,CMP-001764,ACC-000169,ACC-000083,25345.69,2026-08-11 11:16:57,3
TXN-0004002,CMP-001764,ACC-000083,ACC-000201,24629.31,2026-08-11 12:17:57,4
TXN-0004003,CMP-001765,ACC-001111,ACC-000213,1935.6,2026-06-13 21:07:07,1
TXN-0004004,CMP-001765,ACC-000213,ACC-000187,1882.52,2026-06-13 22:50:07,2
TXN-0004005,CMP-001765,ACC-000187,ACC-000031,1817.94,2026-06-13 23:37:07,3
TXN-0004006,CMP-001766,ACC-000575,ACC-000015,8010.79,2026-08-09 21:17:48,1
TXN-0004007,CMP-001766,ACC-000015,ACC-000214,7379.66,2026-08-09 22:32:48,2
TXN-0004008,CMP-001767,ACC-001139,ACC-000205,2629.74,2026-06-28 06:26:09,1
TXN-0004009,CMP-001767,ACC-000205,ACC-000098,2475.64,2026-06-28 10:50:09,2
TXN-0004010,CMP-001768,ACC-001155,ACC-000861,3450.24,2026-08-21 07:53:19,1
TXN-0004011,CMP-001768,ACC-000861,ACC-000121,3333.84,2026-08-21 11:50:19,2
TXN-0004012,CMP-001768,ACC-000121,ACC-000131,3275.18,2026-08-21 15:47:19,3
TXN-0004013,CMP-001768,ACC-000131,ACC-000064,3146.86,2026-08-21 16:19:19,4
TXN-0004014,CMP-001769,ACC-000778,ACC-000033,6942.01,2026-08-22 23:44:59,1
TXN-0004015,CMP-001769,ACC-000033,ACC-000135,6852.08,2026-08-23 04:08:59,2
TXN-0004016,CMP-001769,ACC-000135,ACC-000109,6525.56,2026-08-23 05:10:59,3
TXN-0004017,CMP-001769,ACC-000109,ACC-000127,6086.07,2026-08-23 07:30:59,4
TXN-0004018,CMP-001770,ACC-000506,ACC-000098,22472.4,2026-08-17 22:57:20,1
TXN-0004019,CMP-001770,ACC-000098,ACC-000917,21742.25,2026-08-18 01:52:20,2
TXN-0004020,CMP-001770,ACC-000917,ACC-000055,21143.03,2026-08-18 06:55:20,3
TXN-0004021,CMP-001770,ACC-000055,ACC-000088,20660.02,2026-08-18 12:36:20,4
TXN-0004022,CMP-001771,ACC-001165,ACC-000190,1390.82,2026-08-03 10:20:14,1
TXN-0004023,CMP-001771,ACC-000190,ACC-000008,1296.09,2026-08-03 11:44:14,2
TXN-0004024,CMP-001771,ACC-000008,ACC-000684,1269.87,2026-08-03 16:18:14,3
TXN-0004025,CMP-001772,ACC-001075,ACC-000055,1346.49,2026-08-04 00:17:31,1
TXN-0004026,CMP-001772,ACC-000055,ACC-000432,1303.57,2026-08-04 00:45:31,2
TXN-0004027,CMP-001773,ACC-001188,ACC-000018,2526.71,2026-08-07 01:16:49,1
TXN-0004028,CMP-001773,ACC-000018,ACC-000209,2458.78,2026-08-07 04:16:49,2
TXN-0004029,CMP-001773,ACC-000209,ACC-001176,2284.14,2026-08-07 08:38:49,3
TXN-0004030,CMP-001773,ACC-001176,ACC-000169,2228.91,2026-08-07 11:21:49,4
TXN-0004031,CMP-001774,ACC-000764,ACC-000964,3367.19,2026-06-17 11:53:12,1
TXN-0004032,CMP-001774,ACC-000964,ACC-000056,3122.76,2026-06-17 12:48:12,2
TXN-0004033,CMP-001774,ACC-000056,ACC-000098,2875.69,2026-06-17 17:02:12,3
TXN-0004034,CMP-001775,ACC-000639,ACC-000093,7027.02,2026-07-28 19:01:57,1
TXN-0004035,CMP-001775,ACC-000093,ACC-001133,6634.71,2026-07-29 00:37:57,2
TXN-0004036,CMP-001775,ACC-001133,ACC-000180,6434.44,2026-07-29 06:23:57,3
TXN-0004037,CMP-001776,ACC-001149,ACC-000180,4293.35,2026-07-11 23:00:45,1
TXN-0004038,CMP-001776,ACC-000180,ACC-001085,3965.58,2026-07-12 02:25:45,2
TXN-0004039,CMP-001776,ACC-001085,ACC-000023,3667.83,2026-07-12 05:33:45,3
TXN-0004040,CMP-001777,ACC-001095,ACC-000165,4020.43,2026-07-27 15:06:19,1
TXN-0004041,CMP-001777,ACC-000165,ACC-000125,3949.69,2026-07-27 15:33:19,2
TXN-0004042,CMP-001778,ACC-000495,ACC-000050,371536.94,2026-07-09 17:46:46,1
TXN-0004043,CMP-001778,ACC-000050,ACC-000054,352563.46,2026-07-09 18:27:46,2
TXN-0004044,CMP-001779,ACC-000974,ACC-000213,5959.2,2026-07-17 21:50:12,1
TXN-0004045,CMP-001779,ACC-000213,ACC-000126,5735.67,2026-07-17 22:29:12,2
TXN-0004046,CMP-001780,ACC-000620,ACC-000834,7864.92,2026-06-12 15:37:00,1
TXN-0004047,CMP-001780,ACC-000834,ACC-000096,7620.95,2026-06-12 19:00:00,2
TXN-0004048,CMP-001780,ACC-000096,ACC-000058,7173.54,2026-06-12 23:11:00,3
TXN-0004049,CMP-001781,ACC-000697,ACC-000114,18131.76,2026-06-13 19:15:12,1
TXN-0004050,CMP-001781,ACC-000114,ACC-000130,17309.05,2026-06-13 19:46:12,2
TXN-0004051,CMP-001781,ACC-000130,ACC-000067,16395.27,2026-06-13 21:24:12,3
TXN-0004052,CMP-001781,ACC-000067,ACC-000063,16017.51,2026-06-13 22:09:12,4
TXN-0004053,CMP-001782,ACC-000324,ACC-000138,82430.07,2026-07-16 12:23:42,1
TXN-0004054,CMP-001782,ACC-000138,ACC-000001,77011.61,2026-07-16 13:23:42,2
TXN-0004055,CMP-001782,ACC-000001,ACC-000904,73927.05,2026-07-16 17:45:42,3
TXN-0004056,CMP-001782,ACC-000904,ACC-000987,70427.96,2026-07-16 23:39:42,4
TXN-0004057,CMP-001783,ACC-000685,ACC-000324,33725.86,2026-08-05 15:05:27,1
TXN-0004058,CMP-001783,ACC-000324,ACC-000050,32003.34,2026-08-05 18:08:27,2
TXN-0004059,CMP-001784,ACC-000375,ACC-000173,910.56,2026-08-13 20:55:04,1
TXN-0004060,CMP-001784,ACC-000173,ACC-000176,870.91,2026-08-13 21:33:04,2
TXN-0004061,CMP-001785,ACC-000821,ACC-000013,141518.36,2026-08-16 19:17:29,1
TXN-0004062,CMP-001785,ACC-000013,ACC-000171,132356.48,2026-08-16 20:27:29,2
TXN-0004063,CMP-001785,ACC-000171,ACC-000086,123381.13,2026-08-17 00:19:29,3
TXN-0004064,CMP-001786,ACC-000977,ACC-000148,1605.52,2026-07-19 21:55:49,1
TXN-0004065,CMP-001786,ACC-000148,ACC-001167,1490.11,2026-07-20 02:23:49,2
TXN-0004066,CMP-001786,ACC-001167,ACC-000199,1372.24,2026-07-20 04:32:49,3
TXN-0004067,CMP-001787,ACC-000854,ACC-000408,12070.64,2026-07-23 20:26:49,1
TXN-0004068,CMP-001787,ACC-000408,ACC-000033,11937.23,2026-07-23 21:42:49,2
TXN-0004069,CMP-001787,ACC-000033,ACC-000047,11262.05,2026-07-24 03:19:49,3
TXN-0004070,CMP-001788,ACC-000623,ACC-000492,21800.21,2026-08-25 10:58:17,1
TXN-0004071,CMP-001789,ACC-000700,ACC-000134,2082.11,2026-07-07 13:32:03,1
TXN-0004072,CMP-001789,ACC-000134,ACC-000018,1959.81,2026-07-07 15:06:03,2
TXN-0004073,CMP-001790,ACC-000662,ACC-000204,1930.31,2026-08-03 22:10:32,1
TXN-0004074,CMP-001790,ACC-000204,ACC-000112,1842.28,2026-08-03 22:40:32,2
TXN-0004075,CMP-001790,ACC-000112,ACC-000033,1780.53,2026-08-04 01:07:32,3
TXN-0004076,CMP-001790,ACC-000033,ACC-000322,1741.86,2026-08-04 05:23:32,4
TXN-0004077,CMP-001791,ACC-000626,ACC-000027,899.79,2026-07-18 15:35:49,1
TXN-0004078,CMP-001791,ACC-000027,ACC-000032,881.06,2026-07-18 19:29:49,2
TXN-0004079,CMP-001792,ACC-001188,ACC-000105,1661.83,2026-08-14 06:20:41,1
TXN-0004080,CMP-001792,ACC-000105,ACC-000182,1587.2,2026-08-14 11:09:41,2
TXN-0004081,CMP-001792,ACC-000182,ACC-000188,1467.67,2026-08-14 14:37:41,3
TXN-0004082,CMP-001793,ACC-000682,ACC-000911,9551.74,2026-08-05 23:36:15,1
TXN-0004083,CMP-001793,ACC-000911,ACC-000148,9188.37,2026-08-06 03:59:15,2
TXN-0004084,CMP-001793,ACC-000148,ACC-000180,9031.82,2026-08-06 04:06:15,3
TXN-0004085,CMP-001794,ACC-000934,ACC-000016,3201.28,2026-06-16 04:38:03,1
TXN-0004086,CMP-001794,ACC-000016,ACC-000091,3107.84,2026-06-16 08:12:03,2
TXN-0004087,CMP-001795,ACC-000442,ACC-000077,1503.24,2026-07-06 09:25:32,1
TXN-0004088,CMP-001795,ACC-000077,ACC-000103,1451.96,2026-07-06 15:06:32,2
TXN-0004089,CMP-001796,ACC-001060,ACC-000047,32112.28,2026-07-02 02:24:08,1
TXN-0004090,CMP-001796,ACC-000047,ACC-000868,31051.39,2026-07-02 04:40:08,2
TXN-0004091,CMP-001796,ACC-000868,ACC-000205,29562.83,2026-07-02 08:14:08,3
TXN-0004092,CMP-001796,ACC-000205,ACC-000882,28691.56,2026-07-02 10:20:08,4
TXN-0004093,CMP-001797,ACC-001108,ACC-000135,17938.33,2026-07-06 08:38:02,1
TXN-0004094,CMP-001797,ACC-000135,ACC-000125,17571.62,2026-07-06 11:51:02,2
TXN-0004095,CMP-001798,ACC-000843,ACC-000068,16662.51,2026-08-26 15:52:58,1
TXN-0004096,CMP-001798,ACC-000068,ACC-000897,16220.62,2026-08-26 20:59:58,2
TXN-0004097,CMP-001799,ACC-000381,ACC-000138,5193.39,2026-07-05 19:38:23,1
TXN-0004098,CMP-001799,ACC-000138,ACC-000165,4917.1,2026-07-06 00:30:23,2
TXN-0004099,CMP-001799,ACC-000165,ACC-001071,4602.81,2026-07-06 00:52:23,3
TXN-0004100,CMP-001799,ACC-001071,ACC-000168,4406.93,2026-07-06 04:41:23,4
TXN-0004101,CMP-001800,ACC-001077,ACC-000046,2374.6,2026-06-23 19:27:20,1
TXN-0004102,CMP-001800,ACC-000046,ACC-000309,2341.46,2026-06-23 20:52:20,2
TXN-0004103,CMP-001800,ACC-000309,ACC-000053,2255.4,2026-06-24 00:19:20,3
TXN-0004104,CMP-001800,ACC-000053,ACC-000251,2229.45,2026-06-24 04:10:20,4
TXN-0004105,CMP-001801,ACC-000783,ACC-000214,5844.86,2026-06-07 07:08:23,1
TXN-0004106,CMP-001801,ACC-000214,ACC-000090,5377.66,2026-06-07 12:40:23,2
TXN-0004107,CMP-001802,ACC-000737,ACC-000035,1078.88,2026-07-23 06:26:07,1
TXN-0004108,CMP-001802,ACC-000035,ACC-000043,1028.69,2026-07-23 09:13:07,2
TXN-0004109,CMP-001802,ACC-000043,ACC-000167,978.84,2026-07-23 14:25:07,3
TXN-0004110,CMP-001803,ACC-000940,ACC-000123,1346.12,2026-07-25 15:32:39,1
TXN-0004111,CMP-001803,ACC-000123,ACC-001087,1290.23,2026-07-25 20:09:39,2
TXN-0004112,CMP-001803,ACC-001087,ACC-000048,1251.92,2026-07-25 20:39:39,3
TXN-0004113,CMP-001804,ACC-001157,ACC-000130,564.43,2026-07-15 21:28:24,1
TXN-0004114,CMP-001804,ACC-000130,ACC-000051,550.92,2026-07-16 01:09:24,2
TXN-0004115,CMP-001805,ACC-000933,ACC-000023,60322.02,2026-07-09 00:16:48,1
TXN-0004116,CMP-001805,ACC-000023,ACC-000085,57673.74,2026-07-09 02:57:48,2
TXN-0004117,CMP-001806,ACC-000948,ACC-000435,279.22,2026-08-06 23:06:46,1
TXN-0004118,CMP-001806,ACC-000435,ACC-000079,274.79,2026-08-07 04:54:46,2
TXN-0004119,CMP-001807,ACC-000353,ACC-001151,2665.85,2026-08-14 07:04:30,1
TXN-0004120,CMP-001807,ACC-001151,ACC-000147,2545.17,2026-08-14 09:13:30,2
TXN-0004121,CMP-001808,ACC-000660,ACC-001122,1804.22,2026-07-12 04:47:22,1
TXN-0004122,CMP-001808,ACC-001122,ACC-000053,1726.96,2026-07-12 09:46:22,2
TXN-0004123,CMP-001808,ACC-000053,ACC-000055,1652.11,2026-07-12 11:04:22,3
TXN-0004124,CMP-001809,ACC-000948,ACC-000158,3189.56,2026-06-08 07:35:51,1
TXN-0004125,CMP-001810,ACC-001038,ACC-000164,1253.69,2026-06-05 14:48:33,1
TXN-0004126,CMP-001810,ACC-000164,ACC-000203,1154.66,2026-06-05 17:23:33,2
TXN-0004127,CMP-001810,ACC-000203,ACC-000053,1085.14,2026-06-05 19:00:33,3
TXN-0004128,CMP-001810,ACC-000053,ACC-000186,1045.53,2026-06-06 00:06:33,4
TXN-0004129,CMP-001811,ACC-001061,ACC-000009,5098.27,2026-07-31 10:52:44,1
TXN-0004130,CMP-001812,ACC-000450,ACC-000022,1715.29,2026-06-10 01:00:55,1
TXN-0004131,CMP-001813,ACC-000952,ACC-000022,16019.32,2026-07-22 07:08:52,1
TXN-0004132,CMP-001814,ACC-000591,ACC-000195,2766.15,2026-08-03 04:19:26,1
TXN-0004133,CMP-001814,ACC-000195,ACC-000082,2643.71,2026-08-03 07:52:26,2
TXN-0004134,CMP-001815,ACC-000786,ACC-000349,4275.23,2026-08-03 18:51:10,1
TXN-0004135,CMP-001815,ACC-000349,ACC-000846,4085.78,2026-08-03 18:58:10,2
TXN-0004136,CMP-001815,ACC-000846,ACC-000146,4025.88,2026-08-03 23:49:10,3
TXN-0004137,CMP-001815,ACC-000146,ACC-000085,3736.84,2026-08-04 01:48:10,4
TXN-0004138,CMP-001816,ACC-001175,ACC-000105,1611.31,2026-07-31 15:26:28,1
TXN-0004139,CMP-001816,ACC-000105,ACC-000042,1538.04,2026-07-31 20:34:28,2
TXN-0004140,CMP-001817,ACC-001109,ACC-000060,1992.53,2026-08-25 14:03:16,1
TXN-0004141,CMP-001817,ACC-000060,ACC-000215,1870.76,2026-08-25 17:11:16,2
TXN-0004142,CMP-001817,ACC-000215,ACC-000002,1840.02,2026-08-25 19:17:16,3
TXN-0004143,CMP-001817,ACC-000002,ACC-000050,1719.77,2026-08-25 19:28:16,4
TXN-0004144,CMP-001818,ACC-000531,ACC-000899,15560.2,2026-07-26 22:42:32,1
TXN-0004145,CMP-001819,ACC-000478,ACC-001023,1776.0,2026-07-16 04:14:25,1
TXN-0004146,CMP-001819,ACC-001023,ACC-000122,1685.41,2026-07-16 06:31:25,2
TXN-0004147,CMP-001820,ACC-001114,ACC-000010,1269.47,2026-08-22 02:49:08,1
TXN-0004148,CMP-001820,ACC-000010,ACC-000098,1254.34,2026-08-22 05:26:08,2
TXN-0004149,CMP-001821,ACC-000498,ACC-000151,1941.56,2026-07-30 14:42:59,1
TXN-0004150,CMP-001821,ACC-000151,ACC-000211,1882.35,2026-07-30 19:13:59,2
TXN-0004151,CMP-001821,ACC-000211,ACC-000157,1832.15,2026-07-30 20:10:59,3
TXN-0004152,CMP-001821,ACC-000157,ACC-000352,1779.95,2026-07-31 00:18:59,4
TXN-0004153,CMP-001822,ACC-000864,ACC-000170,581.34,2026-06-24 04:13:42,1
TXN-0004154,CMP-001822,ACC-000170,ACC-000044,561.24,2026-06-24 04:48:42,2
TXN-0004155,CMP-001823,ACC-000548,ACC-000055,179516.82,2026-07-13 06:46:57,1
TXN-0004156,CMP-001823,ACC-000055,ACC-000078,173983.81,2026-07-13 08:21:57,2
TXN-0004157,CMP-001824,ACC-000872,ACC-000116,5019.48,2026-07-31 19:21:53,1
TXN-0004158,CMP-001824,ACC-000116,ACC-000104,4702.62,2026-07-31 21:11:53,2
TXN-0004159,CMP-001825,ACC-000228,ACC-000614,497.84,2026-08-02 12:00:54,1
TXN-0004160,CMP-001825,ACC-000614,ACC-000006,460.7,2026-08-02 14:57:54,2
TXN-0004161,CMP-001826,ACC-000819,ACC-000059,3775.05,2026-06-24 04:05:47,1
TXN-0004162,CMP-001826,ACC-000059,ACC-000312,3736.08,2026-06-24 05:24:47,2
TXN-0004163,CMP-001827,ACC-000938,ACC-000201,12028.35,2026-08-20 11:18:10,1
TXN-0004164,CMP-001827,ACC-000201,ACC-000181,11384.21,2026-08-20 15:19:10,2
TXN-0004165,CMP-001828,ACC-001044,ACC-000013,1465.2,2026-07-11 20:07:45,1
TXN-0004166,CMP-001828,ACC-000013,ACC-000106,1383.32,2026-07-11 22:34:45,2
TXN-0004167,CMP-001828,ACC-000106,ACC-000113,1315.64,2026-07-12 04:34:45,3
TXN-0004168,CMP-001829,ACC-000577,ACC-000097,18705.52,2026-06-14 06:48:23,1
TXN-0004169,CMP-001829,ACC-000097,ACC-000005,18454.86,2026-06-14 07:39:23,2
TXN-0004170,CMP-001829,ACC-000005,ACC-000477,18222.53,2026-06-14 09:38:23,3
TXN-0004171,CMP-001829,ACC-000477,ACC-000002,17654.07,2026-06-14 13:03:23,4
TXN-0004172,CMP-001830,ACC-001055,ACC-000180,23788.98,2026-07-23 11:11:29,1
TXN-0004173,CMP-001830,ACC-000180,ACC-000136,23290.17,2026-07-23 16:29:29,2
TXN-0004174,CMP-001831,ACC-001184,ACC-000099,17833.32,2026-07-18 02:11:01,1
TXN-0004175,CMP-001831,ACC-000099,ACC-000007,16441.6,2026-07-18 03:37:01,2
TXN-0004176,CMP-001831,ACC-000007,ACC-000174,15672.78,2026-07-18 06:29:01,3
TXN-0004177,CMP-001831,ACC-000174,ACC-000155,14428.91,2026-07-18 10:22:01,4
TXN-0004178,CMP-001832,ACC-000574,ACC-000981,939.14,2026-06-29 07:49:52,1
TXN-0004179,CMP-001833,ACC-000430,ACC-000845,14628.82,2026-07-10 03:49:28,1
TXN-0004180,CMP-001833,ACC-000845,ACC-000555,14387.53,2026-07-10 06:34:28,2
TXN-0004181,CMP-001833,ACC-000555,ACC-000116,13448.35,2026-07-10 10:23:28,3
TXN-0004182,CMP-001834,ACC-001029,ACC-000110,1001.88,2026-07-09 11:46:08,1
TXN-0004183,CMP-001834,ACC-000110,ACC-000142,958.24,2026-07-09 17:24:08,2
TXN-0004184,CMP-001834,ACC-000142,ACC-000126,912.89,2026-07-09 23:09:08,3
TXN-0004185,CMP-001834,ACC-000126,ACC-000068,844.85,2026-07-10 00:57:08,4
TXN-0004186,CMP-001835,ACC-000368,ACC-000173,79156.1,2026-06-11 15:31:04,1
TXN-0004187,CMP-001836,ACC-000253,ACC-000723,27252.24,2026-08-04 03:19:29,1
TXN-0004188,CMP-001836,ACC-000723,ACC-000257,26565.55,2026-08-04 09:05:29,2
TXN-0004189,CMP-001838,ACC-000904,ACC-000757,19072.72,2026-07-29 01:07:17,1
TXN-0004190,CMP-001838,ACC-000757,ACC-001085,17593.06,2026-07-29 02:00:17,2
TXN-0004191,CMP-001839,ACC-000465,ACC-000142,135043.0,2026-07-26 16:49:43,1
TXN-0004192,CMP-001839,ACC-000142,ACC-000145,132152.54,2026-07-26 19:30:43,2
TXN-0004193,CMP-001840,ACC-000636,ACC-000080,14679.99,2026-07-12 02:02:58,1
TXN-0004194,CMP-001840,ACC-000080,ACC-000207,14366.24,2026-07-12 07:31:58,2
TXN-0004195,CMP-001841,ACC-000803,ACC-000135,1753.49,2026-06-27 15:30:41,1
TXN-0004196,CMP-001842,ACC-001039,ACC-000029,3915.32,2026-07-15 00:51:53,1
TXN-0004197,CMP-001842,ACC-000029,ACC-000061,3769.96,2026-07-15 03:47:53,2
TXN-0004198,CMP-001843,ACC-000829,ACC-000792,8501.51,2026-07-23 20:04:05,1
TXN-0004199,CMP-001843,ACC-000792,ACC-001196,8052.8,2026-07-24 00:20:05,2
TXN-0004200,CMP-001844,ACC-000877,ACC-000190,211183.91,2026-08-25 04:45:19,1
TXN-0004201,CMP-001844,ACC-000190,ACC-000169,207222.02,2026-08-25 10:39:19,2
TXN-0004202,CMP-001844,ACC-000169,ACC-000212,201874.26,2026-08-25 15:36:19,3
TXN-0004203,CMP-001844,ACC-000212,ACC-000093,196217.24,2026-08-25 15:48:19,4
TXN-0004204,CMP-001845,ACC-000777,ACC-000139,2593.2,2026-07-06 19:13:16,1
TXN-0004205,CMP-001846,ACC-000800,ACC-000203,3389.5,2026-07-29 21:32:26,1
TXN-0004206,CMP-001847,ACC-001015,ACC-000665,5349.53,2026-06-05 13:43:20,1
TXN-0004207,CMP-001847,ACC-000665,ACC-000057,5016.95,2026-06-05 18:42:20,2
TXN-0004208,CMP-001848,ACC-001181,ACC-000162,336501.35,2026-07-24 17:10:45,1
TXN-0004209,CMP-001848,ACC-000162,ACC-000002,327446.29,2026-07-24 18:46:45,2
TXN-0004210,CMP-001848,ACC-000002,ACC-000021,319197.98,2026-07-24 23:10:45,3
TXN-0004211,CMP-001849,ACC-000913,ACC-000023,2306.62,2026-08-27 06:07:18,1
TXN-0004212,CMP-001849,ACC-000023,ACC-000193,2258.49,2026-08-27 09:32:18,2
TXN-0004213,CMP-001849,ACC-000193,ACC-000210,2231.51,2026-08-27 10:57:18,3
TXN-0004214,CMP-001850,ACC-000262,ACC-000896,3370.63,2026-08-22 19:13:09,1
TXN-0004215,CMP-001850,ACC-000896,ACC-000320,3166.7,2026-08-23 00:25:09,2
TXN-0004216,CMP-001850,ACC-000320,ACC-000036,2978.83,2026-08-23 00:57:09,3
TXN-0004217,CMP-001850,ACC-000036,ACC-000104,2897.0,2026-08-23 04:09:09,4
TXN-0004218,CMP-001851,ACC-000494,ACC-000624,2253.67,2026-06-25 02:39:47,1
TXN-0004219,CMP-001851,ACC-000624,ACC-000138,2120.02,2026-06-25 08:31:47,2
TXN-0004220,CMP-001851,ACC-000138,ACC-000531,2045.75,2026-06-25 11:37:47,3
TXN-0004221,CMP-001853,ACC-000649,ACC-000470,3396.16,2026-08-28 22:54:00,1
TXN-0004222,CMP-001853,ACC-000470,ACC-000071,3248.74,2026-08-29 04:26:00,2
TXN-0004223,CMP-001853,ACC-000071,ACC-000141,3054.22,2026-08-29 08:01:00,3
TXN-0004224,CMP-001854,ACC-000692,ACC-000110,3640.5,2026-08-02 12:32:46,1
TXN-0004225,CMP-001855,ACC-000569,ACC-000197,1612.72,2026-08-19 23:16:35,1
TXN-0004226,CMP-001855,ACC-000197,ACC-000032,1586.58,2026-08-20 03:19:35,2
TXN-0004227,CMP-001855,ACC-000032,ACC-000157,1466.25,2026-08-20 03:50:35,3
TXN-0004228,CMP-001855,ACC-000157,ACC-000081,1375.34,2026-08-20 08:48:35,4
TXN-0004229,CMP-001856,ACC-000535,ACC-000214,1657.97,2026-08-19 06:50:22,1
TXN-0004230,CMP-001856,ACC-000214,ACC-000009,1555.07,2026-08-19 10:16:22,2
TXN-0004231,CMP-001857,ACC-000781,ACC-000083,17997.41,2026-06-09 01:16:19,1
TXN-0004232,CMP-001857,ACC-000083,ACC-000754,16927.72,2026-06-09 03:43:19,2
TXN-0004233,CMP-001857,ACC-000754,ACC-000182,16020.27,2026-06-09 03:50:19,3
TXN-0004234,CMP-001857,ACC-000182,ACC-000003,15180.22,2026-06-09 04:24:19,4
TXN-0004235,CMP-001858,ACC-000644,ACC-000127,18526.81,2026-07-05 02:48:16,1
TXN-0004236,CMP-001859,ACC-000350,ACC-000888,17916.31,2026-07-02 21:21:07,1
TXN-0004237,CMP-001859,ACC-000888,ACC-000853,16836.72,2026-07-03 00:02:07,2
TXN-0004238,CMP-001860,ACC-000744,ACC-000126,1255.77,2026-08-01 14:03:44,1
TXN-0004239,CMP-001861,ACC-000888,ACC-000047,3109.41,2026-05-31 19:52:01,1
TXN-0004240,CMP-001861,ACC-000047,ACC-000466,3005.71,2026-05-31 20:47:01,2
TXN-0004241,CMP-001861,ACC-000466,ACC-000091,2864.12,2026-05-31 21:27:01,3
TXN-0004242,CMP-001862,ACC-000220,ACC-000006,3036.07,2026-06-06 03:51:40,1
TXN-0004243,CMP-001862,ACC-000006,ACC-000809,2922.79,2026-06-06 08:19:40,2
TXN-0004244,CMP-001862,ACC-000809,ACC-000155,2734.02,2026-06-06 10:11:40,3
TXN-0004245,CMP-001863,ACC-000432,ACC-000126,726.53,2026-08-13 21:59:41,1
TXN-0004246,CMP-001863,ACC-000126,ACC-000063,677.98,2026-08-14 03:11:41,2
TXN-0004247,CMP-001864,ACC-001169,ACC-000414,405699.93,2026-08-06 17:53:52,1
TXN-0004248,CMP-001864,ACC-000414,ACC-000327,396978.89,2026-08-06 20:33:52,2
TXN-0004249,CMP-001866,ACC-000226,ACC-000192,145399.16,2026-08-06 18:32:14,1
TXN-0004250,CMP-001866,ACC-000192,ACC-000096,139756.58,2026-08-06 23:52:14,2
TXN-0004251,CMP-001867,ACC-000596,ACC-000021,1385.18,2026-06-09 05:43:25,1
TXN-0004252,CMP-001868,ACC-001043,ACC-000653,18227.51,2026-08-21 02:23:11,1
TXN-0004253,CMP-001868,ACC-000653,ACC-000105,17369.18,2026-08-21 05:53:11,2
TXN-0004254,CMP-001869,ACC-000753,ACC-000092,5590.55,2026-07-25 09:34:21,1
TXN-0004255,CMP-001869,ACC-000092,ACC-000034,5311.31,2026-07-25 15:06:21,2
TXN-0004256,CMP-001869,ACC-000034,ACC-000212,4898.19,2026-07-25 16:33:21,3
TXN-0004257,CMP-001869,ACC-000212,ACC-000493,4741.1,2026-07-25 22:16:21,4
TXN-0004258,CMP-001870,ACC-000526,ACC-000194,1056.51,2026-07-15 10:06:29,1
TXN-0004259,CMP-001870,ACC-000194,ACC-000001,995.68,2026-07-15 14:07:29,2
TXN-0004260,CMP-001870,ACC-000001,ACC-000132,933.26,2026-07-15 14:47:29,3
TXN-0004261,CMP-001871,ACC-000749,ACC-001022,16565.25,2026-07-09 23:40:32,1
TXN-0004262,CMP-001871,ACC-001022,ACC-000637,16331.05,2026-07-10 03:02:32,2
TXN-0004263,CMP-001872,ACC-000957,ACC-000209,2009.96,2026-07-06 17:16:45,1
TXN-0004264,CMP-001872,ACC-000209,ACC-001191,1968.68,2026-07-06 22:08:45,2
TXN-0004265,CMP-001873,ACC-000996,ACC-000161,5328.85,2026-07-21 23:28:50,1
TXN-0004266,CMP-001873,ACC-000161,ACC-000693,5140.59,2026-07-22 02:02:50,2
TXN-0004267,CMP-001873,ACC-000693,ACC-000054,4854.45,2026-07-22 06:53:50,3
TXN-0004268,CMP-001875,ACC-000590,ACC-000202,9625.73,2026-06-20 19:57:34,1
TXN-0004269,CMP-001875,ACC-000202,ACC-001042,8939.21,2026-06-20 22:46:34,2
TXN-0004270,CMP-001875,ACC-001042,ACC-000182,8831.64,2026-06-20 23:02:34,3
TXN-0004271,CMP-001876,ACC-000801,ACC-000117,2733.92,2026-06-28 05:05:00,1
TXN-0004272,CMP-001876,ACC-000117,ACC-000072,2515.64,2026-06-28 05:40:00,2
TXN-0004273,CMP-001876,ACC-000072,ACC-000183,2320.77,2026-06-28 09:32:00,3
TXN-0004274,CMP-001877,ACC-000495,ACC-000550,11673.49,2026-06-21 03:18:00,1
TXN-0004275,CMP-001877,ACC-000550,ACC-001136,11102.86,2026-06-21 08:33:00,2
TXN-0004276,CMP-001877,ACC-001136,ACC-000125,10534.16,2026-06-21 10:00:00,3
TXN-0004277,CMP-001878,ACC-000493,ACC-000907,18716.6,2026-08-05 19:22:38,1
TXN-0004278,CMP-001878,ACC-000907,ACC-000073,18522.74,2026-08-05 23:35:38,2
TXN-0004279,CMP-001879,ACC-000743,ACC-000991,3061.01,2026-06-02 03:30:46,1
TXN-0004280,CMP-001879,ACC-000991,ACC-000092,2904.2,2026-06-02 08:58:46,2
TXN-0004281,CMP-001880,ACC-000330,ACC-000131,1209.57,2026-08-28 05:25:40,1
TXN-0004282,CMP-001880,ACC-000131,ACC-000033,1194.72,2026-08-28 07:34:40,2
TXN-0004283,CMP-001880,ACC-000033,ACC-001027,1175.23,2026-08-28 08:09:40,3
TXN-0004284,CMP-001881,ACC-000608,ACC-000017,13815.5,2026-06-09 07:38:08,1
TXN-0004285,CMP-001881,ACC-000017,ACC-000570,13490.3,2026-06-09 11:38:08,2
TXN-0004286,CMP-001881,ACC-000570,ACC-000078,12595.26,2026-06-09 15:08:08,3
TXN-0004287,CMP-001882,ACC-000523,ACC-000121,1558.99,2026-08-06 23:06:30,1
TXN-0004288,CMP-001882,ACC-000121,ACC-000202,1440.7,2026-08-07 01:41:30,2
TXN-0004289,CMP-001882,ACC-000202,ACC-000082,1366.69,2026-08-07 05:09:30,3
TXN-0004290,CMP-001882,ACC-000082,ACC-000590,1291.04,2026-08-07 09:19:30,4
TXN-0004291,CMP-001883,ACC-000637,ACC-000545,1666.68,2026-07-12 04:54:33,1
TXN-0004292,CMP-001883,ACC-000545,ACC-000215,1583.51,2026-07-12 07:45:33,2
TXN-0004293,CMP-001883,ACC-000215,ACC-000202,1541.19,2026-07-12 09:21:33,3
TXN-0004294,CMP-001883,ACC-000202,ACC-000441,1434.86,2026-07-12 14:37:33,4
TXN-0004295,CMP-001884,ACC-000651,ACC-000151,5524.22,2026-06-06 12:56:22,1
TXN-0004296,CMP-001884,ACC-000151,ACC-000077,5410.27,2026-06-06 16:45:22,2
TXN-0004297,CMP-001886,ACC-000672,ACC-000028,8834.07,2026-08-17 17:11:04,1
TXN-0004298,CMP-001886,ACC-000028,ACC-000029,8295.98,2026-08-17 21:23:04,2
TXN-0004299,CMP-001886,ACC-000029,ACC-000029,7663.76,2026-08-17 23:52:04,3
TXN-0004300,CMP-001886,ACC-000029,ACC-000019,7581.13,2026-08-18 04:19:04,4
TXN-0004301,CMP-001887,ACC-000225,ACC-000120,82666.87,2026-06-25 10:06:12,1
TXN-0004302,CMP-001887,ACC-000120,ACC-000152,78084.19,2026-06-25 15:50:12,2
TXN-0004303,CMP-001888,ACC-000773,ACC-000062,2798.31,2026-08-05 01:47:13,1
TXN-0004304,CMP-001888,ACC-000062,ACC-000201,2706.08,2026-08-05 05:33:13,2
TXN-0004305,CMP-001890,ACC-000527,ACC-000028,2806.21,2026-07-18 20:18:36,1
TXN-0004306,CMP-001890,ACC-000028,ACC-000116,2772.58,2026-07-18 21:21:36,2
TXN-0004307,CMP-001891,ACC-000629,ACC-000077,1317.4,2026-07-01 17:38:35,1
TXN-0004308,CMP-001891,ACC-000077,ACC-000079,1255.01,2026-07-01 23:23:35,2
TXN-0004309,CMP-001892,ACC-000753,ACC-000007,5672.99,2026-07-01 00:29:03,1
TXN-0004310,CMP-001893,ACC-000617,ACC-000602,1914.99,2026-08-20 21:02:27,1
TXN-0004311,CMP-001893,ACC-000602,ACC-000213,1779.67,2026-08-20 22:03:27,2
TXN-0004312,CMP-001893,ACC-000213,ACC-000108,1692.17,2026-08-21 01:06:27,3
TXN-0004313,CMP-001894,ACC-000794,ACC-000213,7864.86,2026-08-27 11:30:09,1
TXN-0004314,CMP-001894,ACC-000213,ACC-000162,7382.63,2026-08-27 12:22:09,2
TXN-0004315,CMP-001894,ACC-000162,ACC-000031,6969.62,2026-08-27 18:11:09,3
TXN-0004316,CMP-001894,ACC-000031,ACC-000088,6827.17,2026-08-27 22:55:09,4
TXN-0004317,CMP-001895,ACC-000605,ACC-000091,967.46,2026-06-26 12:59:25,1
TXN-0004318,CMP-001895,ACC-000091,ACC-000134,933.96,2026-06-26 15:55:25,2
TXN-0004319,CMP-001896,ACC-000245,ACC-000608,6939.87,2026-08-11 12:23:35,1
TXN-0004320,CMP-001896,ACC-000608,ACC-000145,6421.38,2026-08-11 17:27:35,2
TXN-0004321,CMP-001897,ACC-001054,ACC-000064,6236.55,2026-08-22 16:02:56,1
TXN-0004322,CMP-001897,ACC-000064,ACC-000214,6090.03,2026-08-22 18:58:56,2
TXN-0004323,CMP-001898,ACC-000514,ACC-000104,10923.88,2026-06-19 07:04:19,1
TXN-0004324,CMP-001898,ACC-000104,ACC-001196,10633.64,2026-06-19 10:32:19,2
TXN-0004325,CMP-001898,ACC-001196,ACC-000080,9840.22,2026-06-19 11:53:19,3
TXN-0004326,CMP-001899,ACC-000480,ACC-000928,1515.94,2026-06-26 01:39:20,1
TXN-0004327,CMP-001899,ACC-000928,ACC-000673,1442.38,2026-06-26 07:30:20,2
TXN-0004328,CMP-001900,ACC-001091,ACC-000125,6518.31,2026-08-26 03:51:33,1
TXN-0004329,CMP-001900,ACC-000125,ACC-000189,6121.17,2026-08-26 08:40:33,2
TXN-0004330,CMP-001901,ACC-000830,ACC-001122,928.88,2026-08-08 14:58:39,1
TXN-0004331,CMP-001901,ACC-001122,ACC-000187,911.9,2026-08-08 16:12:39,2
TXN-0004332,CMP-001901,ACC-000187,ACC-000484,845.97,2026-08-08 21:24:39,3
TXN-0004333,CMP-001902,ACC-001013,ACC-000035,8528.38,2026-08-09 17:34:29,1
TXN-0004334,CMP-001903,ACC-000900,ACC-000013,3799.84,2026-08-23 15:51:11,1
TXN-0004335,CMP-001904,ACC-001079,ACC-000211,160953.52,2026-08-19 21:33:28,1
TXN-0004336,CMP-001904,ACC-000211,ACC-000172,153915.82,2026-08-20 03:14:28,2
TXN-0004337,CMP-001904,ACC-000172,ACC-000206,147973.38,2026-08-20 03:38:28,3
TXN-0004338,CMP-001905,ACC-000436,ACC-000152,7228.86,2026-07-27 14:16:50,1
TXN-0004339,CMP-001905,ACC-000152,ACC-000089,7136.74,2026-07-27 14:59:50,2
TXN-0004340,CMP-001905,ACC-000089,ACC-000030,7018.27,2026-07-27 18:53:50,3
TXN-0004341,CMP-001905,ACC-000030,ACC-001189,6583.7,2026-07-27 23:16:50,4
TXN-0004342,CMP-001906,ACC-000384,ACC-000084,2939.87,2026-06-18 10:12:57,1
TXN-0004343,CMP-001906,ACC-000084,ACC-000021,2819.92,2026-06-18 12:31:57,2
TXN-0004344,CMP-001906,ACC-000021,ACC-000104,2737.32,2026-06-18 17:42:57,3
TXN-0004345,CMP-001906,ACC-000104,ACC-000064,2592.83,2026-06-18 22:43:57,4
TXN-0004346,CMP-001907,ACC-001102,ACC-000174,2462.97,2026-08-05 04:30:52,1
TXN-0004347,CMP-001907,ACC-000174,ACC-000037,2421.36,2026-08-05 05:36:52,2
TXN-0004348,CMP-001907,ACC-000037,ACC-000579,2287.72,2026-08-05 10:03:52,3
TXN-0004349,CMP-001908,ACC-000337,ACC-000169,2602.12,2026-08-06 05:11:05,1
TXN-0004350,CMP-001908,ACC-000169,ACC-000002,2466.1,2026-08-06 10:48:05,2
TXN-0004351,CMP-001908,ACC-000002,ACC-000183,2329.53,2026-08-06 15:23:05,3
TXN-0004352,CMP-001908,ACC-000183,ACC-000148,2258.37,2026-08-06 20:16:05,4
TXN-0004353,CMP-001909,ACC-001018,ACC-000007,3055.91,2026-06-11 02:56:38,1
TXN-0004354,CMP-001910,ACC-001139,ACC-000311,8353.17,2026-08-20 08:21:46,1
TXN-0004355,CMP-001910,ACC-000311,ACC-000103,7897.8,2026-08-20 11:31:46,2
TXN-0004356,CMP-001911,ACC-000586,ACC-000104,1979.02,2026-06-23 15:30:38,1
TXN-0004357,CMP-001912,ACC-000930,ACC-000008,3552.3,2026-08-02 22:44:00,1
TXN-0004358,CMP-001912,ACC-000008,ACC-000759,3427.03,2026-08-03 03:12:00,2
TXN-0004359,CMP-001912,ACC-000759,ACC-000196,3283.78,2026-08-03 07:38:00,3
TXN-0004360,CMP-001912,ACC-000196,ACC-000064,3024.57,2026-08-03 12:56:00,4
TXN-0004361,CMP-001913,ACC-000869,ACC-000036,4007.71,2026-08-10 23:52:18,1
TXN-0004362,CMP-001913,ACC-000036,ACC-000502,3880.2,2026-08-11 01:08:18,2
TXN-0004363,CMP-001914,ACC-000640,ACC-000121,272999.43,2026-08-23 02:05:19,1
TXN-0004364,CMP-001914,ACC-000121,ACC-000176,264607.49,2026-08-23 05:06:19,2
TXN-0004365,CMP-001915,ACC-000642,ACC-000024,4335.92,2026-06-05 21:51:45,1
TXN-0004366,CMP-001915,ACC-000024,ACC-000345,4015.73,2026-06-06 01:48:45,2
TXN-0004367,CMP-001915,ACC-000345,ACC-000163,3968.03,2026-06-06 05:28:45,3
TXN-0004368,CMP-001916,ACC-000393,ACC-000134,4677.73,2026-06-10 02:20:58,1
TXN-0004369,CMP-001916,ACC-000134,ACC-000109,4376.6,2026-06-10 05:31:58,2
TXN-0004370,CMP-001916,ACC-000109,ACC-000184,4055.72,2026-06-10 11:04:58,3
TXN-0004371,CMP-001916,ACC-000184,ACC-000056,3907.65,2026-06-10 11:24:58,4
TXN-0004372,CMP-001917,ACC-001181,ACC-000874,3935.42,2026-08-23 14:47:02,1
TXN-0004373,CMP-001917,ACC-000874,ACC-001060,3778.47,2026-08-23 15:17:02,2
TXN-0004374,CMP-001917,ACC-001060,ACC-001056,3645.4,2026-08-23 17:33:02,3
TXN-0004375,CMP-001918,ACC-000550,ACC-000038,2393.34,2026-07-08 03:47:14,1
TXN-0004376,CMP-001918,ACC-000038,ACC-000216,2287.2,2026-07-08 05:58:14,2
TXN-0004377,CMP-001918,ACC-000216,ACC-000106,2131.99,2026-07-08 06:12:14,3
TXN-0004378,CMP-001919,ACC-000705,ACC-000128,10718.02,2026-08-03 16:09:25,1
TXN-0004379,CMP-001919,ACC-000128,ACC-000203,10560.14,2026-08-03 17:26:25,2
TXN-0004380,CMP-001920,ACC-000865,ACC-000061,1303.87,2026-08-11 11:14:22,1
TXN-0004381,CMP-001920,ACC-000061,ACC-000201,1216.12,2026-08-11 15:12:22,2
TXN-0004382,CMP-001920,ACC-000201,ACC-000186,1176.25,2026-08-11 15:41:22,3
TXN-0004383,CMP-001920,ACC-000186,ACC-000159,1136.36,2026-08-11 20:12:22,4
TXN-0004384,CMP-001921,ACC-000414,ACC-000265,3702.3,2026-06-13 15:53:48,1
TXN-0004385,CMP-001922,ACC-000742,ACC-000373,9800.98,2026-06-20 06:32:01,1
TXN-0004386,CMP-001922,ACC-000373,ACC-000100,9615.96,2026-06-20 08:07:01,2
TXN-0004387,CMP-001923,ACC-000977,ACC-000083,3708.45,2026-07-25 20:38:05,1
TXN-0004388,CMP-001923,ACC-000083,ACC-000051,3612.14,2026-07-25 22:49:05,2
TXN-0004389,CMP-001923,ACC-000051,ACC-000180,3523.32,2026-07-26 01:33:05,3
TXN-0004390,CMP-001924,ACC-000407,ACC-000151,892.1,2026-07-06 17:40:19,1
TXN-0004391,CMP-001924,ACC-000151,ACC-000086,841.98,2026-07-06 18:51:19,2
TXN-0004392,CMP-001925,ACC-000563,ACC-000029,565.0,2026-06-04 12:42:03,1
TXN-0004393,CMP-001925,ACC-000029,ACC-000030,536.08,2026-06-04 16:34:03,2
TXN-0004394,CMP-001926,ACC-000611,ACC-000417,10734.48,2026-07-24 21:14:43,1
TXN-0004395,CMP-001927,ACC-001105,ACC-000005,22431.3,2026-08-01 01:55:48,1
TXN-0004396,CMP-001928,ACC-000902,ACC-000667,2627.26,2026-06-08 04:38:36,1
TXN-0004397,CMP-001929,ACC-000872,ACC-000550,24994.66,2026-06-13 11:36:30,1
TXN-0004398,CMP-001929,ACC-000550,ACC-000168,23847.88,2026-06-13 15:17:30,2
TXN-0004399,CMP-001929,ACC-000168,ACC-000161,22268.41,2026-06-13 20:20:30,3
TXN-0004400,CMP-001930,ACC-000986,ACC-000726,570.06,2026-07-12 14:36:02,1
TXN-0004401,CMP-001930,ACC-000726,ACC-000009,543.56,2026-07-12 20:02:02,2
TXN-0004402,CMP-001930,ACC-000009,ACC-000092,532.99,2026-07-12 21:16:02,3
TXN-0004403,CMP-001930,ACC-000092,ACC-000117,517.14,2026-07-12 22:24:02,4
TXN-0004404,CMP-001931,ACC-001176,ACC-000070,4869.01,2026-06-05 06:06:19,1
TXN-0004405,CMP-001931,ACC-000070,ACC-000140,4588.47,2026-06-05 08:55:19,2
TXN-0004406,CMP-001932,ACC-000411,ACC-001199,17847.82,2026-07-16 05:08:05,1
TXN-0004407,CMP-001932,ACC-001199,ACC-000181,17291.15,2026-07-16 10:56:05,2
TXN-0004408,CMP-001932,ACC-000181,ACC-000424,16711.31,2026-07-16 11:05:05,3
TXN-0004409,CMP-001932,ACC-000424,ACC-000061,16112.73,2026-07-16 14:10:05,4
TXN-0004410,CMP-001933,ACC-000232,ACC-000090,641.43,2026-06-25 10:52:02,1
TXN-0004411,CMP-001933,ACC-000090,ACC-000151,621.2,2026-06-25 14:18:02,2
TXN-0004412,CMP-001934,ACC-001082,ACC-000156,33181.32,2026-08-12 00:08:39,1
TXN-0004413,CMP-001934,ACC-000156,ACC-000097,31888.66,2026-08-12 01:32:39,2
TXN-0004414,CMP-001934,ACC-000097,ACC-000136,29739.46,2026-08-12 03:28:39,3
TXN-0004415,CMP-001935,ACC-000896,ACC-000174,3235.11,2026-07-08 21:52:49,1
TXN-0004416,CMP-001935,ACC-000174,ACC-000090,3089.01,2026-07-08 23:45:49,2
TXN-0004417,CMP-001935,ACC-000090,ACC-000151,3012.07,2026-07-09 00:56:49,3
TXN-0004418,CMP-001935,ACC-000151,ACC-000131,2933.25,2026-07-09 05:33:49,4
TXN-0004419,CMP-001936,ACC-000267,ACC-000009,4199.08,2026-07-01 12:46:28,1
TXN-0004420,CMP-001936,ACC-000009,ACC-000121,3863.45,2026-07-01 16:55:28,2
TXN-0004421,CMP-001936,ACC-000121,ACC-000112,3724.14,2026-07-01 21:21:28,3
TXN-0004422,CMP-001937,ACC-000511,ACC-000044,3996.71,2026-07-31 13:02:48,1
TXN-0004423,CMP-001937,ACC-000044,ACC-000446,3925.24,2026-07-31 16:38:48,2
TXN-0004424,CMP-001937,ACC-000446,ACC-000016,3839.97,2026-07-31 19:02:48,3
TXN-0004425,CMP-001938,ACC-000729,ACC-000099,829.44,2026-08-18 16:57:02,1
TXN-0004426,CMP-001938,ACC-000099,ACC-000027,810.09,2026-08-18 17:27:02,2
TXN-0004427,CMP-001938,ACC-000027,ACC-000146,788.22,2026-08-18 20:50:02,3
TXN-0004428,CMP-001939,ACC-000547,ACC-000076,4532.84,2026-07-29 12:16:18,1
TXN-0004429,CMP-001940,ACC-000241,ACC-000124,2222.27,2026-06-02 22:06:07,1
TXN-0004430,CMP-001940,ACC-000124,ACC-000069,2151.6,2026-06-03 03:45:07,2
TXN-0004431,CMP-001941,ACC-000250,ACC-000203,2449.39,2026-07-17 08:07:23,1
TXN-0004432,CMP-001941,ACC-000203,ACC-000080,2268.56,2026-07-17 13:24:23,2
TXN-0004433,CMP-001942,ACC-001076,ACC-000201,5640.78,2026-08-11 06:54:50,1
TXN-0004434,CMP-001942,ACC-000201,ACC-000566,5363.81,2026-08-11 10:20:50,2
TXN-0004435,CMP-001942,ACC-000566,ACC-000121,5018.42,2026-08-11 10:44:50,3
TXN-0004436,CMP-001943,ACC-000895,ACC-000091,1052.49,2026-07-30 19:06:58,1
TXN-0004437,CMP-001943,ACC-000091,ACC-000173,983.09,2026-07-30 20:25:58,2
TXN-0004438,CMP-001943,ACC-000173,ACC-000210,958.98,2026-07-30 20:57:58,3
TXN-0004439,CMP-001944,ACC-001016,ACC-000198,2567.69,2026-07-08 17:51:36,1
TXN-0004440,CMP-001945,ACC-000816,ACC-000198,1923.27,2026-06-19 12:24:03,1
TXN-0004441,CMP-001945,ACC-000198,ACC-000288,1867.62,2026-06-19 17:52:03,2
TXN-0004442,CMP-001946,ACC-000911,ACC-001162,498.89,2026-08-23 06:02:23,1
TXN-0004443,CMP-001946,ACC-001162,ACC-001112,470.05,2026-08-23 10:45:23,2
TXN-0004444,CMP-001947,ACC-000323,ACC-000094,36417.54,2026-06-24 05:31:19,1
TXN-0004445,CMP-001948,ACC-000608,ACC-000207,1888.49,2026-06-19 07:09:46,1
TXN-0004446,CMP-001948,ACC-000207,ACC-000208,1810.0,2026-06-19 11:18:46,2
TXN-0004447,CMP-001948,ACC-000208,ACC-000027,1681.33,2026-06-19 13:29:46,3
TXN-0004448,CMP-001948,ACC-000027,ACC-000054,1643.96,2026-06-19 15:22:46,4
TXN-0004449,CMP-001949,ACC-000268,ACC-000606,89652.59,2026-07-11 21:58:35,1
TXN-0004450,CMP-001949,ACC-000606,ACC-000096,85900.77,2026-07-12 02:37:35,2
TXN-0004451,CMP-001950,ACC-000531,ACC-000176,6187.3,2026-08-08 03:51:32,1
TXN-0004452,CMP-001951,ACC-001129,ACC-000580,4631.69,2026-07-14 17:51:31,1
TXN-0004453,CMP-001951,ACC-000580,ACC-000178,4370.09,2026-07-14 23:03:31,2
TXN-0004454,CMP-001951,ACC-000178,ACC-000003,4232.39,2026-07-15 02:13:31,3
TXN-0004455,CMP-001952,ACC-000501,ACC-000074,8995.69,2026-08-20 18:48:04,1
TXN-0004456,CMP-001952,ACC-000074,ACC-000011,8620.44,2026-08-20 20:23:04,2
TXN-0004457,CMP-001953,ACC-000436,ACC-000215,1734.22,2026-08-21 20:31:35,1
TXN-0004458,CMP-001953,ACC-000215,ACC-000148,1703.98,2026-08-21 23:35:35,2
TXN-0004459,CMP-001954,ACC-001062,ACC-000351,7394.94,2026-08-11 14:29:01,1
TXN-0004460,CMP-001954,ACC-000351,ACC-001059,6941.08,2026-08-11 16:55:01,2
TXN-0004461,CMP-001955,ACC-000814,ACC-001193,34091.0,2026-06-04 13:52:58,1
TXN-0004462,CMP-001955,ACC-001193,ACC-000329,33747.01,2026-06-04 16:57:58,2
TXN-0004463,CMP-001955,ACC-000329,ACC-000211,32290.61,2026-06-04 17:27:58,3
TXN-0004464,CMP-001956,ACC-000615,ACC-000475,7438.98,2026-07-30 08:41:14,1
TXN-0004465,CMP-001956,ACC-000475,ACC-000006,7126.58,2026-07-30 14:19:14,2
TXN-0004466,CMP-001956,ACC-000006,ACC-000154,6561.71,2026-07-30 14:24:14,3
TXN-0004467,CMP-001958,ACC-001094,ACC-000411,6346.5,2026-07-11 20:03:06,1
TXN-0004468,CMP-001958,ACC-000411,ACC-000186,6074.85,2026-07-12 00:48:06,2
TXN-0004469,CMP-001959,ACC-000836,ACC-000001,5556.45,2026-08-02 21:46:08,1
TXN-0004470,CMP-001959,ACC-000001,ACC-000443,5228.76,2026-08-03 01:38:08,2
TXN-0004471,CMP-001960,ACC-000921,ACC-000011,1613.01,2026-08-02 22:35:29,1
TXN-0004472,CMP-001960,ACC-000011,ACC-000139,1540.65,2026-08-03 03:55:29,2
TXN-0004473,CMP-001960,ACC-000139,ACC-000870,1417.45,2026-08-03 05:51:29,3
TXN-0004474,CMP-001960,ACC-000870,ACC-000067,1358.57,2026-08-03 11:23:29,4
TXN-0004475,CMP-001961,ACC-000439,ACC-000036,169754.59,2026-06-28 23:36:13,1
TXN-0004476,CMP-001961,ACC-000036,ACC-001121,159174.62,2026-06-29 00:47:13,2
TXN-0004477,CMP-001962,ACC-000778,ACC-000170,6281.51,2026-07-20 06:02:38,1
TXN-0004478,CMP-001962,ACC-000170,ACC-000051,5993.04,2026-07-20 08:07:38,2
TXN-0004479,CMP-001962,ACC-000051,ACC-001062,5672.03,2026-07-20 13:04:38,3
TXN-0004480,CMP-001962,ACC-001062,ACC-000198,5589.82,2026-07-20 18:06:38,4
TXN-0004481,CMP-001964,ACC-000801,ACC-000784,11144.79,2026-07-16 05:43:52,1
TXN-0004482,CMP-001964,ACC-000784,ACC-000215,10756.82,2026-07-16 10:17:52,2
TXN-0004483,CMP-001965,ACC-000553,ACC-000153,1941.97,2026-07-11 10:55:24,1
TXN-0004484,CMP-001965,ACC-000153,ACC-000905,1802.44,2026-07-11 11:57:24,2
TXN-0004485,CMP-001966,ACC-000411,ACC-000188,1599.78,2026-08-17 05:37:50,1
TXN-0004486,CMP-001966,ACC-000188,ACC-000074,1499.03,2026-08-17 10:31:50,2
TXN-0004487,CMP-001966,ACC-000074,ACC-000006,1429.36,2026-08-17 14:40:50,3
TXN-0004488,CMP-001966,ACC-000006,ACC-000184,1338.72,2026-08-17 20:12:50,4
TXN-0004489,CMP-001967,ACC-001156,ACC-000008,8841.46,2026-06-20 23:51:03,1
TXN-0004490,CMP-001967,ACC-000008,ACC-001022,8518.38,2026-06-21 04:36:03,2
TXN-0004491,CMP-001968,ACC-000486,ACC-000195,124548.33,2026-06-13 13:25:24,1
TXN-0004492,CMP-001968,ACC-000195,ACC-000040,121681.02,2026-06-13 13:50:24,2
TXN-0004493,CMP-001969,ACC-000478,ACC-000146,1161.03,2026-08-17 03:54:53,1
TXN-0004494,CMP-001969,ACC-000146,ACC-000078,1112.89,2026-08-17 06:24:53,2
TXN-0004495,CMP-001969,ACC-000078,ACC-000147,1068.05,2026-08-17 11:21:53,3
TXN-0004496,CMP-001970,ACC-000918,ACC-001182,2253.86,2026-06-21 07:55:26,1
TXN-0004497,CMP-001970,ACC-001182,ACC-000974,2169.8,2026-06-21 10:06:26,2
TXN-0004498,CMP-001971,ACC-001003,ACC-000213,15625.25,2026-06-26 07:55:12,1
TXN-0004499,CMP-001971,ACC-000213,ACC-000303,15045.2,2026-06-26 12:01:12,2
TXN-0004500,CMP-001972,ACC-000824,ACC-000040,4596.01,2026-08-26 16:40:01,1
TXN-0004501,CMP-001972,ACC-000040,ACC-000102,4397.34,2026-08-26 21:31:01,2
TXN-0004502,CMP-001972,ACC-000102,ACC-000181,4145.66,2026-08-27 01:36:01,3
TXN-0004503,CMP-001972,ACC-000181,ACC-000058,3856.46,2026-08-27 05:44:01,4
TXN-0004504,CMP-001973,ACC-000700,ACC-000062,5369.53,2026-06-11 20:45:39,1
TXN-0004505,CMP-001973,ACC-000062,ACC-000204,5212.37,2026-06-12 00:33:39,2
TXN-0004506,CMP-001974,ACC-000556,ACC-000016,5907.12,2026-06-26 02:15:32,1
TXN-0004507,CMP-001974,ACC-000016,ACC-000524,5761.61,2026-06-26 02:48:32,2
TXN-0004508,CMP-001975,ACC-000794,ACC-000089,163988.56,2026-08-14 18:16:04,1
TXN-0004509,CMP-001975,ACC-000089,ACC-000648,162038.93,2026-08-14 18:34:04,2
TXN-0004510,CMP-001975,ACC-000648,ACC-000171,159614.11,2026-08-14 23:52:04,3
TXN-0004511,CMP-001976,ACC-000806,ACC-000186,3112.22,2026-08-07 02:10:08,1
TXN-0004512,CMP-001977,ACC-000486,ACC-000144,449.67,2026-06-05 22:59:42,1
TXN-0004513,CMP-001977,ACC-000144,ACC-000025,427.61,2026-06-06 00:48:42,2
TXN-0004514,CMP-001977,ACC-000025,ACC-000122,416.47,2026-06-06 04:39:42,3
TXN-0004515,CMP-001978,ACC-000904,ACC-000058,4135.3,2026-08-21 14:38:59,1
TXN-0004516,CMP-001978,ACC-000058,ACC-001071,3949.45,2026-08-21 14:46:59,2
TXN-0004517,CMP-001978,ACC-001071,ACC-000160,3720.7,2026-08-21 16:33:59,3
TXN-0004518,CMP-001979,ACC-000869,ACC-000116,3462.86,2026-07-30 05:37:51,1
TXN-0004519,CMP-001979,ACC-000116,ACC-000128,3415.03,2026-07-30 05:59:51,2
TXN-0004520,CMP-001979,ACC-000128,ACC-000688,3308.74,2026-07-30 06:16:51,3
TXN-0004521,CMP-001981,ACC-001173,ACC-000140,5864.34,2026-06-12 06:41:05,1
TXN-0004522,CMP-001981,ACC-000140,ACC-000205,5554.52,2026-06-12 08:50:05,2
TXN-0004523,CMP-001983,ACC-000647,ACC-000367,446283.28,2026-07-19 10:13:42,1
TXN-0004524,CMP-001983,ACC-000367,ACC-000014,427973.27,2026-07-19 11:37:42,2
TXN-0004525,CMP-001984,ACC-000992,ACC-000048,4253.99,2026-07-02 20:53:55,1
TXN-0004526,CMP-001984,ACC-000048,ACC-000196,3924.19,2026-07-03 01:28:55,2
TXN-0004527,CMP-001985,ACC-000555,ACC-000180,4293.48,2026-07-11 08:57:26,1
TXN-0004528,CMP-001985,ACC-000180,ACC-001003,4105.05,2026-07-11 10:05:26,2
TXN-0004529,CMP-001985,ACC-001003,ACC-000130,3833.82,2026-07-11 13:32:26,3
TXN-0004530,CMP-001986,ACC-000563,ACC-000146,1777.88,2026-07-16 12:04:32,1
TXN-0004531,CMP-001986,ACC-000146,ACC-000750,1749.4,2026-07-16 14:56:32,2
TXN-0004532,CMP-001987,ACC-000748,ACC-000133,1524.8,2026-07-07 08:08:22,1
TXN-0004533,CMP-001987,ACC-000133,ACC-000050,1434.16,2026-07-07 09:44:22,2
TXN-0004534,CMP-001987,ACC-000050,ACC-000190,1400.05,2026-07-07 14:21:22,3
TXN-0004535,CMP-001988,ACC-000616,ACC-000205,3224.63,2026-06-24 04:44:10,1
TXN-0004536,CMP-001989,ACC-001000,ACC-000897,154144.51,2026-06-23 03:39:09,1
TXN-0004537,CMP-001989,ACC-000897,ACC-000110,143462.93,2026-06-23 04:42:09,2
TXN-0004538,CMP-001990,ACC-000255,ACC-000207,3391.75,2026-08-27 04:40:13,1
TXN-0004539,CMP-001991,ACC-001053,ACC-000153,1878.98,2026-07-05 13:18:07,1
TXN-0004540,CMP-001991,ACC-000153,ACC-000178,1811.48,2026-07-05 17:06:07,2
TXN-0004541,CMP-001991,ACC-000178,ACC-000017,1702.64,2026-07-05 19:32:07,3
TXN-0004542,CMP-001992,ACC-001116,ACC-000480,1195.14,2026-08-08 09:39:56,1
TXN-0004543,CMP-001994,ACC-000561,ACC-000182,14355.27,2026-07-13 05:50:30,1
TXN-0004544,CMP-001995,ACC-000917,ACC-000786,76110.44,2026-08-02 09:43:24,1
TXN-0004545,CMP-001995,ACC-000786,ACC-000198,73729.77,2026-08-02 15:20:24,2
TXN-0004546,CMP-001996,ACC-001101,ACC-000047,3671.56,2026-08-09 00:44:17,1
TXN-0004547,CMP-001996,ACC-000047,ACC-000077,3456.07,2026-08-09 03:35:17,2
TXN-0004548,CMP-001996,ACC-000077,ACC-000566,3359.53,2026-08-09 07:48:17,3
TXN-0004549,CMP-001997,ACC-000308,ACC-000558,11467.31,2026-07-11 21:37:43,1
TXN-0004550,CMP-001998,ACC-000370,ACC-000022,59521.19,2026-06-30 12:53:02,1
TXN-0004551,CMP-001998,ACC-000022,ACC-000195,57290.5,2026-06-30 13:18:02,2
TXN-0004552,CMP-001998,ACC-000195,ACC-000073,54138.81,2026-06-30 18:25:02,3
TXN-0004553,CMP-001998,ACC-000073,ACC-000518,51887.4,2026-06-30 20:49:02,4
TXN-0004554,CMP-001999,ACC-000657,ACC-000066,781.48,2026-08-20 02:55:52,1
TXN-0004555,CMP-001999,ACC-000066,ACC-000198,742.9,2026-08-20 07:49:52,2
TXN-0004556,CMP-002000,ACC-000293,ACC-000143,3071.88,2026-08-07 21:19:56,1
TXN-0004557,CMP-002000,ACC-000143,ACC-000437,3032.4,2026-08-08 02:11:56,2
TXN-0004558,CMP-002001,ACC-000541,ACC-000039,1291.15,2026-07-31 14:44:24,1
TXN-0004559,CMP-002001,ACC-000039,ACC-000178,1192.8,2026-07-31 18:04:24,2
TXN-0004560,CMP-002001,ACC-000178,ACC-000073,1174.82,2026-07-31 21:26:24,3
TXN-0004561,CMP-002002,ACC-000784,ACC-000765,1886.67,2026-08-26 02:08:20,1
TXN-0004562,CMP-002003,ACC-000573,ACC-000881,1443.83,2026-08-25 16:00:59,1
TXN-0004563,CMP-002003,ACC-000881,ACC-000016,1408.35,2026-08-25 21:32:59,2
TXN-0004564,CMP-002004,ACC-000739,ACC-000181,3813.16,2026-08-09 05:23:08,1
TXN-0004565,CMP-002004,ACC-000181,ACC-000042,3540.07,2026-08-09 07:26:08,2
TXN-0004566,CMP-002005,ACC-000650,ACC-000194,3809.74,2026-07-22 23:46:21,1
TXN-0004567,CMP-002005,ACC-000194,ACC-000190,3526.96,2026-07-23 02:00:21,2
TXN-0004568,CMP-002005,ACC-000190,ACC-000165,3327.01,2026-07-23 04:20:21,3
TXN-0004569,CMP-002006,ACC-000334,ACC-000063,825.52,2026-07-21 13:43:50,1
TXN-0004570,CMP-002006,ACC-000063,ACC-000209,794.13,2026-07-21 17:20:50,2
TXN-0004571,CMP-002007,ACC-000303,ACC-000088,797.45,2026-08-26 10:53:03,1
TXN-0004572,CMP-002007,ACC-000088,ACC-001155,774.42,2026-08-26 14:55:03,2
TXN-0004573,CMP-002008,ACC-000947,ACC-000110,3047.58,2026-08-14 13:56:18,1
TXN-0004574,CMP-002008,ACC-000110,ACC-000843,2856.37,2026-08-14 17:21:18,2
TXN-0004575,CMP-002009,ACC-000380,ACC-000165,11693.86,2026-08-10 23:52:05,1
TXN-0004576,CMP-002009,ACC-000165,ACC-000163,10857.45,2026-08-11 03:40:05,2
TXN-0004577,CMP-002010,ACC-000415,ACC-000031,1002.62,2026-07-05 08:55:33,1
TXN-0004578,CMP-002010,ACC-000031,ACC-000119,946.38,2026-07-05 09:44:33,2
TXN-0004579,CMP-002011,ACC-000253,ACC-000175,136559.71,2026-07-14 10:21:09,1
TXN-0004580,CMP-002011,ACC-000175,ACC-000564,132210.99,2026-07-14 13:22:09,2
TXN-0004581,CMP-002012,ACC-000685,ACC-000398,8872.7,2026-06-23 23:46:23,1
TXN-0004582,CMP-002012,ACC-000398,ACC-001039,8461.78,2026-06-23 23:54:23,2
TXN-0004583,CMP-002013,ACC-001019,ACC-000086,12258.57,2026-08-26 11:36:50,1
TXN-0004584,CMP-002013,ACC-000086,ACC-000062,11339.51,2026-08-26 15:01:50,2
TXN-0004585,CMP-002014,ACC-000873,ACC-000212,329.06,2026-06-23 14:09:30,1
TXN-0004586,CMP-002014,ACC-000212,ACC-000056,306.22,2026-06-23 18:14:30,2
TXN-0004587,CMP-002014,ACC-000056,ACC-000056,286.95,2026-06-23 21:48:30,3
TXN-0004588,CMP-002015,ACC-001157,ACC-000018,3198.98,2026-08-09 01:42:41,1
TXN-0004589,CMP-002015,ACC-000018,ACC-001110,2970.74,2026-08-09 07:11:41,2
TXN-0004590,CMP-002016,ACC-000705,ACC-000166,5343.49,2026-08-11 06:52:29,1
TXN-0004591,CMP-002016,ACC-000166,ACC-000523,5016.44,2026-08-11 12:09:29,2
TXN-0004592,CMP-002016,ACC-000523,ACC-000079,4685.8,2026-08-11 16:24:29,3
TXN-0004593,CMP-002017,ACC-001039,ACC-000615,1376.52,2026-08-19 23:12:45,1
TXN-0004594,CMP-002017,ACC-000615,ACC-000039,1359.28,2026-08-19 23:19:45,2
TXN-0004595,CMP-002017,ACC-000039,ACC-000630,1272.41,2026-08-20 04:56:45,3
TXN-0004596,CMP-002018,ACC-000702,ACC-000031,3069.61,2026-07-11 18:09:28,1
TXN-0004597,CMP-002018,ACC-000031,ACC-000373,2991.01,2026-07-11 19:08:28,2
TXN-0004598,CMP-002019,ACC-000987,ACC-001122,10109.34,2026-08-25 21:50:00,1
TXN-0004599,CMP-002019,ACC-001122,ACC-000157,9763.53,2026-08-26 03:35:00,2
TXN-0004600,CMP-002020,ACC-000610,ACC-000118,4287.21,2026-08-05 11:27:26,1
TXN-0004601,CMP-002021,ACC-001164,ACC-000290,3633.28,2026-07-09 10:03:47,1
TXN-0004602,CMP-002021,ACC-000290,ACC-000018,3506.52,2026-07-09 13:15:47,2
TXN-0004603,CMP-002021,ACC-000018,ACC-000535,3253.08,2026-07-09 15:41:47,3
TXN-0004604,CMP-002021,ACC-000535,ACC-000825,3196.43,2026-07-09 20:34:47,4
TXN-0004605,CMP-002022,ACC-001000,ACC-001110,33175.27,2026-07-13 16:48:38,1
TXN-0004606,CMP-002022,ACC-001110,ACC-000080,32320.77,2026-07-13 16:59:38,2
TXN-0004607,CMP-002024,ACC-000547,ACC-000126,37536.24,2026-06-12 11:30:49,1
TXN-0004608,CMP-002024,ACC-000126,ACC-000192,34992.08,2026-06-12 12:48:49,2
TXN-0004609,CMP-002025,ACC-000350,ACC-000006,1116.27,2026-07-20 15:31:31,1
TXN-0004610,CMP-002025,ACC-000006,ACC-000498,1094.86,2026-07-20 19:14:31,2
TXN-0004611,CMP-002025,ACC-000498,ACC-001148,1079.52,2026-07-20 21:24:31,3
TXN-0004612,CMP-002026,ACC-000616,ACC-000185,1447.81,2026-07-17 02:20:42,1
TXN-0004613,CMP-002027,ACC-000898,ACC-000009,3494.83,2026-06-12 02:14:41,1
TXN-0004614,CMP-002027,ACC-000009,ACC-000196,3459.6,2026-06-12 06:23:41,2
TXN-0004615,CMP-002027,ACC-000196,ACC-000040,3392.86,2026-06-12 10:04:41,3
TXN-0004616,CMP-002028,ACC-000995,ACC-000058,1956.13,2026-07-26 14:59:06,1
TXN-0004617,CMP-002028,ACC-000058,ACC-000092,1891.88,2026-07-26 16:27:06,2
TXN-0004618,CMP-002028,ACC-000092,ACC-000164,1799.13,2026-07-26 18:27:06,3
TXN-0004619,CMP-002028,ACC-000164,ACC-000004,1661.99,2026-07-27 00:23:06,4
TXN-0004620,CMP-002029,ACC-001198,ACC-000128,5572.15,2026-06-30 11:53:08,1
TXN-0004621,CMP-002029,ACC-000128,ACC-000087,5259.5,2026-06-30 17:38:08,2
TXN-0004622,CMP-002030,ACC-000738,ACC-000049,4812.08,2026-08-16 09:54:41,1
TXN-0004623,CMP-002030,ACC-000049,ACC-000190,4537.05,2026-08-16 15:33:41,2
TXN-0004624,CMP-002031,ACC-000273,ACC-000136,85545.59,2026-08-25 06:14:13,1
TXN-0004625,CMP-002031,ACC-000136,ACC-000210,84029.98,2026-08-25 07:48:13,2
TXN-0004626,CMP-002031,ACC-000210,ACC-000065,82167.25,2026-08-25 09:21:13,3
TXN-0004627,CMP-002032,ACC-000811,ACC-000696,3365.24,2026-08-11 19:10:24,1
TXN-0004628,CMP-002032,ACC-000696,ACC-000163,3154.63,2026-08-12 01:05:24,2
TXN-0004629,CMP-002033,ACC-000587,ACC-000172,647.22,2026-08-24 13:37:15,1
TXN-0004630,CMP-002033,ACC-000172,ACC-000095,611.8,2026-08-24 15:59:15,2
TXN-0004631,CMP-002033,ACC-000095,ACC-000087,565.32,2026-08-24 21:26:15,3
TXN-0004632,CMP-002033,ACC-000087,ACC-000427,526.97,2026-08-24 23:49:15,4
TXN-0004633,CMP-002034,ACC-000351,ACC-001142,3347.47,2026-07-14 10:59:07,1
TXN-0004634,CMP-002034,ACC-001142,ACC-000158,3231.88,2026-07-14 16:35:07,2
TXN-0004635,CMP-002034,ACC-000158,ACC-000022,3181.04,2026-07-14 21:18:07,3
TXN-0004636,CMP-002034,ACC-000022,ACC-000168,3006.91,2026-07-14 21:29:07,4
TXN-0004637,CMP-002035,ACC-000708,ACC-000087,174910.33,2026-08-09 21:46:34,1
TXN-0004638,CMP-002035,ACC-000087,ACC-000011,162080.53,2026-08-09 22:30:34,2
TXN-0004639,CMP-002035,ACC-000011,ACC-000986,153227.67,2026-08-10 03:35:34,3
TXN-0004640,CMP-002035,ACC-000986,ACC-000102,144002.25,2026-08-10 05:27:34,4
TXN-0004641,CMP-002036,ACC-000606,ACC-000129,3214.25,2026-08-01 11:45:47,1
TXN-0004642,CMP-002036,ACC-000129,ACC-000124,3156.61,2026-08-01 17:36:47,2
TXN-0004643,CMP-002036,ACC-000124,ACC-000068,2976.31,2026-08-01 17:44:47,3
TXN-0004644,CMP-002037,ACC-000683,ACC-000112,21739.58,2026-08-23 14:27:53,1
TXN-0004645,CMP-002037,ACC-000112,ACC-001106,20420.92,2026-08-23 17:49:53,2
TXN-0004646,CMP-002037,ACC-001106,ACC-000216,19117.6,2026-08-23 21:08:53,3
TXN-0004647,CMP-002038,ACC-000676,ACC-000059,5465.57,2026-07-31 09:02:55,1
TXN-0004648,CMP-002038,ACC-000059,ACC-000210,5258.67,2026-07-31 14:05:55,2
TXN-0004649,CMP-002038,ACC-000210,ACC-000019,5177.09,2026-07-31 16:18:55,3
TXN-0004650,CMP-002038,ACC-000019,ACC-000207,4802.84,2026-07-31 22:03:55,4
TXN-0004651,CMP-002039,ACC-001122,ACC-000524,3891.43,2026-07-22 19:27:18,1
TXN-0004652,CMP-002040,ACC-000489,ACC-000206,653.04,2026-06-27 21:22:50,1
TXN-0004653,CMP-002040,ACC-000206,ACC-000008,604.78,2026-06-28 01:08:50,2
TXN-0004654,CMP-002041,ACC-000395,ACC-000831,1760.8,2026-07-26 10:21:04,1
TXN-0004655,CMP-002041,ACC-000831,ACC-000236,1678.97,2026-07-26 11:16:04,2
TXN-0004656,CMP-002042,ACC-001176,ACC-000150,455239.76,2026-08-02 14:51:27,1
TXN-0004657,CMP-002042,ACC-000150,ACC-000186,432851.54,2026-08-02 17:23:27,2
TXN-0004658,CMP-002043,ACC-000333,ACC-000006,567.25,2026-07-31 00:07:17,1
TXN-0004659,CMP-002043,ACC-000006,ACC-000153,546.65,2026-07-31 05:28:17,2
TXN-0004660,CMP-002044,ACC-000263,ACC-000173,320105.66,2026-07-21 10:00:04,1
TXN-0004661,CMP-002044,ACC-000173,ACC-000069,308489.43,2026-07-21 14:33:04,2
TXN-0004662,CMP-002044,ACC-000069,ACC-000160,286301.09,2026-07-21 19:21:04,3
TXN-0004663,CMP-002045,ACC-000472,ACC-000414,6973.45,2026-06-12 14:32:48,1
TXN-0004664,CMP-002045,ACC-000414,ACC-000129,6492.32,2026-06-12 18:53:48,2
TXN-0004665,CMP-002046,ACC-000317,ACC-000185,1816.95,2026-06-27 10:12:20,1
TXN-0004666,CMP-002046,ACC-000185,ACC-000198,1731.37,2026-06-27 12:32:20,2
TXN-0004667,CMP-002046,ACC-000198,ACC-000102,1675.56,2026-06-27 16:02:20,3
TXN-0004668,CMP-002046,ACC-000102,ACC-000095,1647.63,2026-06-27 18:49:20,4
TXN-0004669,CMP-002047,ACC-000688,ACC-000059,1382.27,2026-08-23 20:23:04,1
TXN-0004670,CMP-002047,ACC-000059,ACC-000904,1361.98,2026-08-23 23:54:04,2
TXN-0004671,CMP-002047,ACC-000904,ACC-000534,1297.02,2026-08-24 03:17:04,3
TXN-0004672,CMP-002048,ACC-000644,ACC-000076,4660.13,2026-07-02 01:16:43,1
TXN-0004673,CMP-002048,ACC-000076,ACC-000069,4493.31,2026-07-02 06:53:43,2
TXN-0004674,CMP-002048,ACC-000069,ACC-000130,4143.16,2026-07-02 09:03:43,3
TXN-0004675,CMP-002049,ACC-000306,ACC-001016,1583.36,2026-06-03 02:48:50,1
TXN-0004676,CMP-002049,ACC-001016,ACC-000033,1542.54,2026-06-03 08:25:50,2
TXN-0004677,CMP-002050,ACC-000525,ACC-000169,2330.06,2026-07-21 16:47:48,1
TXN-0004678,CMP-002051,ACC-000918,ACC-000184,3294.23,2026-06-10 19:33:14,1
TXN-0004679,CMP-002052,ACC-000329,ACC-000281,16037.06,2026-08-14 15:13:46,1
TXN-0004680,CMP-002052,ACC-000281,ACC-000074,14916.3,2026-08-14 19:48:46,2
TXN-0004681,CMP-002053,ACC-001019,ACC-001072,5600.92,2026-06-17 08:47:01,1
TXN-0004682,CMP-002053,ACC-001072,ACC-001056,5513.77,2026-06-17 11:05:01,2
TXN-0004683,CMP-002053,ACC-001056,ACC-000007,5272.8,2026-06-17 16:15:01,3
TXN-0004684,CMP-002055,ACC-000889,ACC-000184,3882.48,2026-07-02 04:58:26,1
TXN-0004685,CMP-002055,ACC-000184,ACC-000011,3589.45,2026-07-02 09:16:26,2
TXN-0004686,CMP-002056,ACC-000974,ACC-000174,21720.48,2026-08-19 14:04:14,1
TXN-0004687,CMP-002056,ACC-000174,ACC-000034,19997.36,2026-08-19 14:26:14,2
TXN-0004688,CMP-002056,ACC-000034,ACC-000972,19547.56,2026-08-19 15:23:14,3
TXN-0004689,CMP-002057,ACC-000601,ACC-000991,2016.61,2026-07-29 03:28:53,1
TXN-0004690,CMP-002057,ACC-000991,ACC-000188,1889.46,2026-07-29 04:26:53,2
TXN-0004691,CMP-002057,ACC-000188,ACC-000766,1863.49,2026-07-29 09:09:53,3
TXN-0004692,CMP-002058,ACC-001027,ACC-000112,6765.78,2026-07-08 08:11:30,1
TXN-0004693,CMP-002058,ACC-000112,ACC-000087,6277.31,2026-07-08 12:45:30,2
TXN-0004694,CMP-002059,ACC-000926,ACC-000184,3960.7,2026-07-24 15:28:31,1
TXN-0004695,CMP-002059,ACC-000184,ACC-000016,3710.51,2026-07-24 17:49:31,2
TXN-0004696,CMP-002059,ACC-000016,ACC-000213,3669.7,2026-07-24 23:28:31,3
TXN-0004697,CMP-002060,ACC-000390,ACC-000141,7880.98,2026-06-22 19:34:17,1
TXN-0004698,CMP-002060,ACC-000141,ACC-000276,7711.75,2026-06-22 22:44:17,2
TXN-0004699,CMP-002060,ACC-000276,ACC-000882,7454.2,2026-06-23 02:56:17,3
TXN-0004700,CMP-002061,ACC-000757,ACC-000554,4737.79,2026-07-27 21:23:40,1
TXN-0004701,CMP-002061,ACC-000554,ACC-000598,4530.67,2026-07-28 02:46:40,2
TXN-0004702,CMP-002061,ACC-000598,ACC-000005,4389.12,2026-07-28 05:08:40,3
TXN-0004703,CMP-002061,ACC-000005,ACC-000144,4228.53,2026-07-28 06:39:40,4
TXN-0004704,CMP-002062,ACC-000572,ACC-000036,9597.08,2026-08-15 02:31:54,1
TXN-0004705,CMP-002062,ACC-000036,ACC-000055,9185.79,2026-08-15 06:24:54,2
TXN-0004706,CMP-002062,ACC-000055,ACC-000001,8706.98,2026-08-15 06:54:54,3
TXN-0004707,CMP-002063,ACC-000684,ACC-000064,145852.78,2026-08-22 06:31:37,1
TXN-0004708,CMP-002063,ACC-000064,ACC-000328,135107.36,2026-08-22 09:33:37,2
TXN-0004709,CMP-002063,ACC-000328,ACC-000951,131982.98,2026-08-22 15:03:37,3
TXN-0004710,CMP-002064,ACC-001182,ACC-000155,3419.27,2026-07-07 10:06:39,1
TXN-0004711,CMP-002064,ACC-000155,ACC-001064,3302.77,2026-07-07 13:32:39,2
TXN-0004712,CMP-002065,ACC-000979,ACC-000609,4552.23,2026-07-12 06:08:41,1
TXN-0004713,CMP-002066,ACC-001122,ACC-000886,42441.89,2026-08-18 20:35:37,1
TXN-0004714,CMP-002067,ACC-001059,ACC-000104,7647.23,2026-06-17 05:22:39,1
TXN-0004715,CMP-002069,ACC-000392,ACC-000104,5580.57,2026-07-05 03:32:59,1
TXN-0004716,CMP-002069,ACC-000104,ACC-000600,5170.04,2026-07-05 05:59:59,2
TXN-0004717,CMP-002070,ACC-000745,ACC-000034,2952.9,2026-06-28 09:11:58,1
TXN-0004718,CMP-002070,ACC-000034,ACC-000121,2753.85,2026-06-28 10:07:58,2
TXN-0004719,CMP-002071,ACC-000694,ACC-000024,61889.69,2026-06-28 22:27:17,1
TXN-0004720,CMP-002072,ACC-000255,ACC-000128,152969.68,2026-08-10 10:29:15,1
TXN-0004721,CMP-002072,ACC-000128,ACC-000211,151199.42,2026-08-10 16:13:15,2
TXN-0004722,CMP-002072,ACC-000211,ACC-000103,140542.27,2026-08-10 19:06:15,3
TXN-0004723,CMP-002073,ACC-000986,ACC-000198,2805.29,2026-07-30 06:07:38,1
TXN-0004724,CMP-002073,ACC-000198,ACC-000162,2770.91,2026-07-30 11:22:38,2
TXN-0004725,CMP-002073,ACC-000162,ACC-000166,2679.47,2026-07-30 13:00:38,3
TXN-0004726,CMP-002074,ACC-000249,ACC-000151,101759.41,2026-07-04 09:12:40,1
TXN-0004727,CMP-002074,ACC-000151,ACC-000897,100061.41,2026-07-04 10:22:40,2
TXN-0004728,CMP-002075,ACC-000423,ACC-000046,23718.97,2026-06-27 17:39:48,1
TXN-0004729,CMP-002076,ACC-000361,ACC-000207,6463.53,2026-07-15 14:31:12,1
TXN-0004730,CMP-002076,ACC-000207,ACC-001076,6387.29,2026-07-15 16:58:12,2
TXN-0004731,CMP-002077,ACC-000365,ACC-000089,5153.0,2026-06-13 20:08:36,1
TXN-0004732,CMP-002077,ACC-000089,ACC-000139,5067.69,2026-06-14 00:58:36,2
TXN-0004733,CMP-002077,ACC-000139,ACC-000056,4848.06,2026-06-14 03:47:36,3
TXN-0004734,CMP-002077,ACC-000056,ACC-001110,4733.52,2026-06-14 04:22:36,4
TXN-0004735,CMP-002078,ACC-001170,ACC-000925,802.3,2026-08-27 15:42:56,1
TXN-0004736,CMP-002078,ACC-000925,ACC-001149,787.42,2026-08-27 20:12:56,2
TXN-0004737,CMP-002078,ACC-001149,ACC-000128,733.77,2026-08-27 22:12:56,3
TXN-0004738,CMP-002079,ACC-000403,ACC-000089,3373.22,2026-08-07 11:23:33,1
TXN-0004739,CMP-002079,ACC-000089,ACC-000128,3338.43,2026-08-07 16:33:33,2
TXN-0004740,CMP-002079,ACC-000128,ACC-000055,3158.38,2026-08-07 21:57:33,3
TXN-0004741,CMP-002079,ACC-000055,ACC-000186,3091.96,2026-08-08 00:36:33,4
TXN-0004742,CMP-002080,ACC-001121,ACC-000049,44201.57,2026-08-16 10:05:02,1
TXN-0004743,CMP-002080,ACC-000049,ACC-000141,41356.46,2026-08-16 11:56:02,2
TXN-0004744,CMP-002081,ACC-000967,ACC-000178,3284.93,2026-08-26 13:46:02,1
TXN-0004745,CMP-002081,ACC-000178,ACC-000012,3225.02,2026-08-26 13:58:02,2
TXN-0004746,CMP-002082,ACC-000679,ACC-000200,1824.57,2026-07-02 20:17:26,1
TXN-0004747,CMP-002082,ACC-000200,ACC-000082,1763.81,2026-07-03 00:43:26,2
TXN-0004748,CMP-002082,ACC-000082,ACC-000106,1722.85,2026-07-03 05:37:26,3
TXN-0004749,CMP-002083,ACC-000679,ACC-001150,1164.37,2026-07-08 15:10:18,1
TXN-0004750,CMP-002084,ACC-000484,ACC-000177,252864.31,2026-06-01 20:54:23,1
TXN-0004751,CMP-002084,ACC-000177,ACC-000166,234410.79,2026-06-01 22:59:23,2
TXN-0004752,CMP-002085,ACC-001061,ACC-000153,3512.3,2026-06-01 20:39:29,1
TXN-0004753,CMP-002086,ACC-000227,ACC-000005,2300.96,2026-08-07 14:41:50,1
TXN-0004754,CMP-002086,ACC-000005,ACC-000054,2131.91,2026-08-07 15:39:50,2
TXN-0004755,CMP-002086,ACC-000054,ACC-000223,2010.96,2026-08-07 17:36:50,3
TXN-0004756,CMP-002086,ACC-000223,ACC-000107,1919.07,2026-08-07 18:39:50,4
TXN-0004757,CMP-002087,ACC-000851,ACC-000185,6062.76,2026-06-29 21:59:49,1
TXN-0004758,CMP-002087,ACC-000185,ACC-000576,5783.84,2026-06-30 03:27:49,2
TXN-0004759,CMP-002088,ACC-000631,ACC-000087,818.91,2026-07-06 07:14:09,1
TXN-0004760,CMP-002088,ACC-000087,ACC-000959,783.05,2026-07-06 07:42:09,2
TXN-0004761,CMP-002088,ACC-000959,ACC-000035,725.7,2026-07-06 09:20:09,3
TXN-0004762,CMP-002089,ACC-001046,ACC-000183,283.16,2026-07-29 20:35:42,1
TXN-0004763,CMP-002090,ACC-000422,ACC-000179,6771.72,2026-07-09 07:52:03,1
TXN-0004764,CMP-002090,ACC-000179,ACC-000037,6652.39,2026-07-09 11:13:03,2
TXN-0004765,CMP-002091,ACC-000636,ACC-000042,2415.45,2026-06-17 09:14:49,1
TXN-0004766,CMP-002092,ACC-001175,ACC-000028,1084.75,2026-08-06 03:09:20,1
TXN-0004767,CMP-002092,ACC-000028,ACC-000189,1005.47,2026-08-06 08:23:20,2
TXN-0004768,CMP-002092,ACC-000189,ACC-001145,993.11,2026-08-06 12:00:20,3
TXN-0004769,CMP-002093,ACC-000679,ACC-000705,5879.12,2026-08-12 14:16:14,1
TXN-0004770,CMP-002093,ACC-000705,ACC-000884,5708.86,2026-08-12 16:35:14,2
TXN-0004771,CMP-002094,ACC-000352,ACC-000370,3690.21,2026-06-22 14:16:38,1
TXN-0004772,CMP-002094,ACC-000370,ACC-000509,3490.54,2026-06-22 20:14:38,2
TXN-0004773,CMP-002095,ACC-000946,ACC-000015,53645.99,2026-08-21 21:53:03,1
TXN-0004774,CMP-002095,ACC-000015,ACC-000017,51225.97,2026-08-22 00:39:03,2
TXN-0004775,CMP-002095,ACC-000017,ACC-000020,49564.65,2026-08-22 01:02:03,3
TXN-0004776,CMP-002095,ACC-000020,ACC-000391,45847.74,2026-08-22 03:18:03,4
TXN-0004777,CMP-002096,ACC-001029,ACC-000189,272855.97,2026-07-22 19:20:37,1
TXN-0004778,CMP-002097,ACC-000757,ACC-000174,155576.42,2026-06-01 07:12:19,1
TXN-0004779,CMP-002097,ACC-000174,ACC-000211,143277.89,2026-06-01 09:47:19,2
TXN-0004780,CMP-002097,ACC-000211,ACC-000030,138968.77,2026-06-01 12:02:19,3
TXN-0004781,CMP-002098,ACC-001041,ACC-000716,2243.53,2026-06-05 21:42:32,1
TXN-0004782,CMP-002098,ACC-000716,ACC-000347,2090.81,2026-06-06 01:15:32,2
TXN-0004783,CMP-002099,ACC-001050,ACC-000133,3373.09,2026-07-10 11:33:10,1
TXN-0004784,CMP-002099,ACC-000133,ACC-000742,3112.57,2026-07-10 15:38:10,2
TXN-0004785,CMP-002100,ACC-001156,ACC-000159,125925.8,2026-07-05 03:43:49,1
TXN-0004786,CMP-002101,ACC-000942,ACC-000083,4294.76,2026-06-05 01:54:56,1
TXN-0004787,CMP-002101,ACC-000083,ACC-000006,4233.8,2026-06-05 05:43:56,2
TXN-0004788,CMP-002101,ACC-000006,ACC-000388,4147.1,2026-06-05 10:02:56,3
TXN-0004789,CMP-002102,ACC-000362,ACC-001060,3775.43,2026-06-01 06:43:07,1
TXN-0004790,CMP-002102,ACC-001060,ACC-000031,3689.72,2026-06-01 07:39:07,2
TXN-0004791,CMP-002103,ACC-000752,ACC-000125,3649.17,2026-08-18 12:41:03,1
TXN-0004792,CMP-002103,ACC-000125,ACC-000145,3435.73,2026-08-18 15:58:03,2
TXN-0004793,CMP-002104,ACC-000776,ACC-000029,140363.26,2026-07-12 07:46:45,1
TXN-0004794,CMP-002104,ACC-000029,ACC-000096,130902.91,2026-07-12 13:40:45,2
TXN-0004795,CMP-002106,ACC-000733,ACC-000175,3463.81,2026-06-10 05:07:17,1
TXN-0004796,CMP-002106,ACC-000175,ACC-000657,3217.5,2026-06-10 11:01:17,2
TXN-0004797,CMP-002106,ACC-000657,ACC-000099,3071.16,2026-06-10 16:10:17,3
TXN-0004798,CMP-002106,ACC-000099,ACC-000809,2993.4,2026-06-10 20:09:17,4
TXN-0004799,CMP-002107,ACC-001070,ACC-000131,1407.98,2026-08-16 22:22:45,1
TXN-0004800,CMP-002107,ACC-000131,ACC-000545,1393.16,2026-08-16 22:37:45,2
TXN-0004801,CMP-002107,ACC-000545,ACC-000691,1346.12,2026-08-17 01:58:45,3
TXN-0004802,CMP-002108,ACC-001076,ACC-001055,4643.04,2026-06-11 11:55:00,1
TXN-0004803,CMP-002108,ACC-001055,ACC-000122,4531.79,2026-06-11 16:13:00,2
TXN-0004804,CMP-002110,ACC-000987,ACC-000161,2554.7,2026-06-08 02:55:28,1
TXN-0004805,CMP-002110,ACC-000161,ACC-000682,2452.64,2026-06-08 04:45:28,2
TXN-0004806,CMP-002111,ACC-000925,ACC-000193,2098.69,2026-07-31 18:56:05,1
TXN-0004807,CMP-002111,ACC-000193,ACC-000194,1949.42,2026-07-31 23:36:05,2
TXN-0004808,CMP-002112,ACC-001147,ACC-000120,482.86,2026-06-04 03:27:11,1
TXN-0004809,CMP-002112,ACC-000120,ACC-000057,464.12,2026-06-04 08:39:11,2
TXN-0004810,CMP-002112,ACC-000057,ACC-000178,432.31,2026-06-04 10:53:11,3
TXN-0004811,CMP-002113,ACC-000259,ACC-000050,2646.96,2026-08-15 17:12:28,1
TXN-0004812,CMP-002113,ACC-000050,ACC-000186,2494.23,2026-08-15 18:16:28,2
TXN-0004813,CMP-002115,ACC-000314,ACC-000415,7518.75,2026-06-11 01:56:31,1
TXN-0004814,CMP-002115,ACC-000415,ACC-000190,7433.19,2026-06-11 06:09:31,2
TXN-0004815,CMP-002116,ACC-000629,ACC-000090,24226.68,2026-07-07 22:27:08,1
TXN-0004816,CMP-002116,ACC-000090,ACC-000119,23653.65,2026-07-08 02:31:08,2
TXN-0004817,CMP-002116,ACC-000119,ACC-000431,21984.5,2026-07-08 05:42:08,3
TXN-0004818,CMP-002117,ACC-000622,ACC-000696,3828.44,2026-08-23 18:04:37,1
TXN-0004819,CMP-002117,ACC-000696,ACC-000065,3688.56,2026-08-23 23:27:37,2
TXN-0004820,CMP-002118,ACC-001081,ACC-000181,4649.89,2026-07-08 06:03:42,1
TXN-0004821,CMP-002118,ACC-000181,ACC-000238,4581.84,2026-07-08 10:49:42,2
TXN-0004822,CMP-002119,ACC-000650,ACC-000001,1615.23,2026-06-10 01:09:40,1
TXN-0004823,CMP-002119,ACC-000001,ACC-000048,1579.64,2026-06-10 07:07:40,2
TXN-0004824,CMP-002119,ACC-000048,ACC-000040,1453.63,2026-06-10 10:02:40,3
TXN-0004825,CMP-002121,ACC-000453,ACC-000062,8155.45,2026-06-10 20:02:12,1
TXN-0004826,CMP-002122,ACC-000546,ACC-000106,2257.13,2026-08-16 11:07:48,1
TXN-0004827,CMP-002122,ACC-000106,ACC-000183,2209.52,2026-08-16 12:32:48,2
TXN-0004828,CMP-002122,ACC-000183,ACC-000017,2184.72,2026-08-16 16:03:48,3
TXN-0004829,CMP-002124,ACC-000711,ACC-000046,2469.63,2026-08-10 07:38:14,1
TXN-0004830,CMP-002124,ACC-000046,ACC-000072,2317.73,2026-08-10 09:11:14,2
TXN-0004831,CMP-002124,ACC-000072,ACC-000201,2229.67,2026-08-10 11:42:14,3
TXN-0004832,CMP-002125,ACC-000943,ACC-000126,754.19,2026-06-05 08:41:56,1
TXN-0004833,CMP-002125,ACC-000126,ACC-000115,720.03,2026-06-05 12:45:56,2
TXN-0004834,CMP-002125,ACC-000115,ACC-000121,669.46,2026-06-05 17:01:56,3
TXN-0004835,CMP-002125,ACC-000121,ACC-000081,642.35,2026-06-05 17:39:56,4
TXN-0004836,CMP-002126,ACC-000253,ACC-000110,9853.44,2026-08-02 23:32:09,1
TXN-0004837,CMP-002126,ACC-000110,ACC-000064,9301.82,2026-08-03 01:07:09,2
TXN-0004838,CMP-002126,ACC-000064,ACC-000082,8810.44,2026-08-03 01:49:09,3
TXN-0004839,CMP-002127,ACC-001019,ACC-000068,2602.69,2026-08-15 06:49:09,1
TXN-0004840,CMP-002127,ACC-000068,ACC-000086,2406.01,2026-08-15 08:44:09,2
TXN-0004841,CMP-002128,ACC-000375,ACC-000201,3492.14,2026-06-28 09:26:53,1
TXN-0004842,CMP-002128,ACC-000201,ACC-000174,3353.14,2026-06-28 11:00:53,2
TXN-0004843,CMP-002128,ACC-000174,ACC-000454,3231.24,2026-06-28 11:55:53,3
TXN-0004844,CMP-002129,ACC-000713,ACC-000155,2396.83,2026-08-05 15:43:03,1
TXN-0004845,CMP-002129,ACC-000155,ACC-000064,2301.11,2026-08-05 18:21:03,2
TXN-0004846,CMP-002129,ACC-000064,ACC-000061,2123.37,2026-08-05 19:00:03,3
TXN-0004847,CMP-002130,ACC-000413,ACC-000141,7846.88,2026-07-25 08:58:10,1
TXN-0004848,CMP-002130,ACC-000141,ACC-000141,7755.93,2026-07-25 14:37:10,2
TXN-0004849,CMP-002131,ACC-000844,ACC-000219,23114.79,2026-06-20 15:24:25,1
TXN-0004850,CMP-002131,ACC-000219,ACC-000390,22365.83,2026-06-20 20:59:25,2
TXN-0004851,CMP-002131,ACC-000390,ACC-000060,20916.05,2026-06-20 23:32:25,3
TXN-0004852,CMP-002132,ACC-001170,ACC-000163,12562.79,2026-06-19 08:52:37,1
TXN-0004853,CMP-002132,ACC-000163,ACC-000396,11998.26,2026-06-19 12:14:37,2
TXN-0004854,CMP-002132,ACC-000396,ACC-000151,11440.99,2026-06-19 14:55:37,3
TXN-0004855,CMP-002133,ACC-000750,ACC-001168,67148.44,2026-07-29 08:59:14,1
TXN-0004856,CMP-002133,ACC-001168,ACC-000179,64990.62,2026-07-29 09:44:14,2
TXN-0004857,CMP-002134,ACC-000963,ACC-000156,2385.12,2026-07-03 15:44:20,1
TXN-0004858,CMP-002135,ACC-000843,ACC-000122,2585.26,2026-07-15 01:29:02,1
TXN-0004859,CMP-002135,ACC-000122,ACC-000152,2470.92,2026-07-15 07:27:02,2
TXN-0004860,CMP-002135,ACC-000152,ACC-000126,2438.28,2026-07-15 11:28:02,3
TXN-0004861,CMP-002137,ACC-000780,ACC-000033,2257.42,2026-07-16 02:59:45,1
TXN-0004862,CMP-002137,ACC-000033,ACC-000909,2203.45,2026-07-16 07:33:45,2
TXN-0004863,CMP-002138,ACC-000947,ACC-000015,1065.07,2026-08-19 06:03:05,1
TXN-0004864,CMP-002138,ACC-000015,ACC-000166,981.21,2026-08-19 09:22:05,2
TXN-0004865,CMP-002139,ACC-000810,ACC-001111,963698.57,2026-06-18 21:57:14,1
TXN-0004866,CMP-002139,ACC-001111,ACC-000205,919392.9,2026-06-18 22:40:14,2
TXN-0004867,CMP-002139,ACC-000205,ACC-000211,854898.21,2026-06-19 01:11:14,3
TXN-0004868,CMP-002139,ACC-000211,ACC-000185,828657.6,2026-06-19 01:20:14,4
TXN-0004869,CMP-002140,ACC-000382,ACC-000739,12406.81,2026-07-05 20:32:10,1
TXN-0004870,CMP-002141,ACC-001056,ACC-000082,2809.0,2026-06-19 08:15:10,1
TXN-0004871,CMP-002141,ACC-000082,ACC-000010,2646.78,2026-06-19 09:00:10,2
TXN-0004872,CMP-002143,ACC-001077,ACC-000129,2618.01,2026-06-22 07:48:08,1
TXN-0004873,CMP-002144,ACC-000649,ACC-001175,85857.14,2026-07-24 13:56:12,1
TXN-0004874,CMP-002144,ACC-001175,ACC-000148,83179.66,2026-07-24 14:34:12,2
TXN-0004875,CMP-002145,ACC-000397,ACC-000834,6284.08,2026-06-26 05:49:41,1
TXN-0004876,CMP-002145,ACC-000834,ACC-001074,5784.35,2026-06-26 06:47:41,2
TXN-0004877,CMP-002146,ACC-000526,ACC-000931,5082.28,2026-07-06 16:38:38,1
TXN-0004878,CMP-002146,ACC-000931,ACC-000122,4990.77,2026-07-06 16:45:38,2
TXN-0004879,CMP-002147,ACC-000266,ACC-000162,5072.95,2026-06-21 08:42:42,1
TXN-0004880,CMP-002147,ACC-000162,ACC-001105,4974.31,2026-06-21 14:33:42,2
TXN-0004881,CMP-002148,ACC-000405,ACC-000197,713.32,2026-08-04 09:49:20,1
TXN-0004882,CMP-002149,ACC-000266,ACC-000114,9668.38,2026-07-31 10:33:12,1
TXN-0004883,CMP-002149,ACC-000114,ACC-000118,9383.46,2026-07-31 12:59:12,2
TXN-0004884,CMP-002149,ACC-000118,ACC-000890,8674.92,2026-07-31 17:49:12,3
TXN-0004885,CMP-002149,ACC-000890,ACC-000108,8584.47,2026-07-31 18:10:12,4
TXN-0004886,CMP-002150,ACC-000372,ACC-000055,2221.11,2026-06-14 23:30:05,1
TXN-0004887,CMP-002150,ACC-000055,ACC-000581,2193.77,2026-06-15 04:56:05,2
TXN-0004888,CMP-002150,ACC-000581,ACC-000022,2166.32,2026-06-15 09:07:05,3
TXN-0004889,CMP-002150,ACC-000022,ACC-000041,2021.91,2026-06-15 11:32:05,4
TXN-0004890,CMP-002151,ACC-000697,ACC-000085,2648.1,2026-07-22 03:57:32,1
TXN-0004891,CMP-002151,ACC-000085,ACC-000486,2505.95,2026-07-22 06:44:32,2
TXN-0004892,CMP-002152,ACC-001086,ACC-000073,5212.1,2026-08-01 19:52:25,1
TXN-0004893,CMP-002152,ACC-000073,ACC-000061,5037.0,2026-08-02 01:51:25,2
TXN-0004894,CMP-002153,ACC-001150,ACC-000073,7133.55,2026-06-19 09:41:23,1
TXN-0004895,CMP-002153,ACC-000073,ACC-000135,6812.04,2026-06-19 10:45:23,2
TXN-0004896,CMP-002153,ACC-000135,ACC-000106,6661.59,2026-06-19 11:39:23,3
TXN-0004897,CMP-002154,ACC-000571,ACC-000195,4668.36,2026-06-25 00:19:18,1
TXN-0004898,CMP-002154,ACC-000195,ACC-000043,4308.63,2026-06-25 01:51:18,2
TXN-0004899,CMP-002154,ACC-000043,ACC-000144,4129.34,2026-06-25 04:42:18,3
TXN-0004900,CMP-002154,ACC-000144,ACC-001120,3877.28,2026-06-25 07:15:18,4
TXN-0004901,CMP-002155,ACC-000454,ACC-000073,41294.03,2026-08-22 14:43:05,1
TXN-0004902,CMP-002155,ACC-000073,ACC-000181,38044.8,2026-08-22 19:23:05,2
TXN-0004903,CMP-002155,ACC-000181,ACC-000063,37259.69,2026-08-22 20:01:05,3
TXN-0004904,CMP-002156,ACC-000540,ACC-000201,6597.19,2026-08-10 10:20:30,1
TXN-0004905,CMP-002156,ACC-000201,ACC-000128,6506.91,2026-08-10 14:12:30,2
TXN-0004906,CMP-002156,ACC-000128,ACC-000209,6102.41,2026-08-10 17:47:30,3
TXN-0004907,CMP-002157,ACC-000747,ACC-000975,3573.47,2026-06-07 10:00:30,1
TXN-0004908,CMP-002158,ACC-001063,ACC-000185,3134.42,2026-08-12 12:36:15,1
TXN-0004909,CMP-002159,ACC-001071,ACC-000049,3559.54,2026-07-02 05:59:20,1
TXN-0004910,CMP-002159,ACC-000049,ACC-000157,3445.0,2026-07-02 08:44:20,2
TXN-0004911,CMP-002159,ACC-000157,ACC-000025,3358.32,2026-07-02 11:34:20,3
TXN-0004912,CMP-002159,ACC-000025,ACC-000202,3205.86,2026-07-02 11:46:20,4
TXN-0004913,CMP-002160,ACC-001009,ACC-000189,17463.12,2026-07-18 23:09:20,1
TXN-0004914,CMP-002160,ACC-000189,ACC-000730,16644.58,2026-07-19 01:22:20,2
TXN-0004915,CMP-002160,ACC-000730,ACC-000138,16447.75,2026-07-19 04:32:20,3
TXN-0004916,CMP-002160,ACC-000138,ACC-000157,15741.54,2026-07-19 08:16:20,4
TXN-0004917,CMP-002161,ACC-001173,ACC-000104,1313.99,2026-08-16 16:01:18,1
TXN-0004918,CMP-002161,ACC-000104,ACC-000968,1259.76,2026-08-16 18:05:18,2
TXN-0004919,CMP-002162,ACC-000515,ACC-000202,1794.15,2026-06-20 18:46:55,1
TXN-0004920,CMP-002163,ACC-000794,ACC-000004,2417.39,2026-07-12 02:19:42,1
TXN-0004921,CMP-002163,ACC-000004,ACC-000536,2356.86,2026-07-12 02:51:42,2
TXN-0004922,CMP-002163,ACC-000536,ACC-000246,2263.38,2026-07-12 04:23:42,3
TXN-0004923,CMP-002164,ACC-000734,ACC-000081,6363.66,2026-07-07 06:41:11,1
TXN-0004924,CMP-002164,ACC-000081,ACC-000579,6117.79,2026-07-07 11:19:11,2
TXN-0004925,CMP-002164,ACC-000579,ACC-000887,5640.9,2026-07-07 12:54:11,3
TXN-0004926,CMP-002165,ACC-000822,ACC-000076,14256.96,2026-06-29 13:26:30,1
TXN-0004927,CMP-002165,ACC-000076,ACC-000047,13655.03,2026-06-29 14:47:30,2
TXN-0004928,CMP-002166,ACC-001008,ACC-000416,6298.93,2026-07-16 07:20:17,1
TXN-0004929,CMP-002166,ACC-000416,ACC-000048,5996.82,2026-07-16 09:20:17,2
TXN-0004930,CMP-002166,ACC-000048,ACC-000316,5658.56,2026-07-16 12:25:17,3
TXN-0004931,CMP-002167,ACC-000421,ACC-000080,1353.74,2026-07-13 01:23:28,1
TXN-0004932,CMP-002168,ACC-000737,ACC-000860,33039.73,2026-07-07 21:48:19,1
TXN-0004933,CMP-002168,ACC-000860,ACC-000087,30703.58,2026-07-08 00:57:19,2
TXN-0004934,CMP-002168,ACC-000087,ACC-000080,29350.79,2026-07-08 02:38:19,3
TXN-0004935,CMP-002168,ACC-000080,ACC-000489,27127.26,2026-07-08 03:58:19,4
TXN-0004936,CMP-002169,ACC-001002,ACC-000402,47438.33,2026-06-08 12:14:58,1
TXN-0004937,CMP-002169,ACC-000402,ACC-000155,45101.69,2026-06-08 16:16:58,2
TXN-0004938,CMP-002169,ACC-000155,ACC-000752,44519.99,2026-06-08 21:53:58,3
TXN-0004939,CMP-002170,ACC-000932,ACC-000370,2012.42,2026-07-20 15:49:22,1
TXN-0004940,CMP-002170,ACC-000370,ACC-000550,1941.54,2026-07-20 19:37:22,2
TXN-0004941,CMP-002170,ACC-000550,ACC-000118,1826.02,2026-07-20 22:09:22,3
TXN-0004942,CMP-002171,ACC-000373,ACC-000844,4200.49,2026-06-22 20:38:34,1
TXN-0004943,CMP-002171,ACC-000844,ACC-000052,3930.65,2026-06-22 23:23:34,2
TXN-0004944,CMP-002171,ACC-000052,ACC-000512,3730.13,2026-06-23 04:01:34,3
TXN-0004945,CMP-002172,ACC-000244,ACC-000153,8873.04,2026-06-20 13:45:29,1
TXN-0004946,CMP-002172,ACC-000153,ACC-000059,8339.98,2026-06-20 17:49:29,2
TXN-0004947,CMP-002173,ACC-000247,ACC-000021,277.37,2026-08-12 08:18:53,1
TXN-0004948,CMP-002173,ACC-000021,ACC-000032,264.67,2026-08-12 12:54:53,2
TXN-0004949,CMP-002173,ACC-000032,ACC-000084,259.22,2026-08-12 16:36:53,3
TXN-0004950,CMP-002173,ACC-000084,ACC-000129,256.59,2026-08-12 16:43:53,4
TXN-0004951,CMP-002174,ACC-000509,ACC-000210,403927.07,2026-08-08 16:19:11,1
TXN-0004952,CMP-002174,ACC-000210,ACC-000371,397500.18,2026-08-08 19:12:11,2
TXN-0004953,CMP-002174,ACC-000371,ACC-000068,390823.46,2026-08-08 23:37:11,3
TXN-0004954,CMP-002175,ACC-000295,ACC-000084,190.16,2026-08-09 08:17:34,1
TXN-0004955,CMP-002175,ACC-000084,ACC-000102,180.86,2026-08-09 11:18:34,2
TXN-0004956,CMP-002177,ACC-000959,ACC-000802,1033.77,2026-07-10 06:48:41,1
TXN-0004957,CMP-002177,ACC-000802,ACC-000482,964.71,2026-07-10 08:13:41,2
TXN-0004958,CMP-002177,ACC-000482,ACC-000057,893.74,2026-07-10 12:02:41,3
TXN-0004959,CMP-002178,ACC-001199,ACC-000151,17677.64,2026-06-02 00:26:14,1
TXN-0004960,CMP-002178,ACC-000151,ACC-000634,17186.77,2026-06-02 01:32:14,2
TXN-0004961,CMP-002178,ACC-000634,ACC-000636,16133.33,2026-06-02 05:59:14,3
TXN-0004962,CMP-002178,ACC-000636,ACC-000203,14947.23,2026-06-02 08:32:14,4
TXN-0004963,CMP-002179,ACC-000687,ACC-000181,3492.31,2026-06-15 06:09:24,1
TXN-0004964,CMP-002179,ACC-000181,ACC-000213,3229.49,2026-06-15 09:53:24,2
TXN-0004965,CMP-002179,ACC-000213,ACC-000088,3019.25,2026-06-15 11:16:24,3
TXN-0004966,CMP-002180,ACC-000673,ACC-000125,214.31,2026-06-21 09:26:39,1
TXN-0004967,CMP-002180,ACC-000125,ACC-000088,206.34,2026-06-21 09:52:39,2
TXN-0004968,CMP-002181,ACC-000255,ACC-000211,2035.98,2026-08-13 10:36:44,1
TXN-0004969,CMP-002181,ACC-000211,ACC-000004,1931.74,2026-08-13 11:04:44,2
TXN-0004970,CMP-002182,ACC-000836,ACC-000115,29332.53,2026-06-08 23:03:06,1
TXN-0004971,CMP-002182,ACC-000115,ACC-000089,28310.66,2026-06-09 03:42:06,2
TXN-0004972,CMP-002182,ACC-000089,ACC-001008,27170.43,2026-06-09 07:27:06,3
TXN-0004973,CMP-002183,ACC-000868,ACC-000170,528.21,2026-08-07 19:34:27,1
TXN-0004974,CMP-002183,ACC-000170,ACC-000027,497.28,2026-08-07 22:20:27,2
TXN-0004975,CMP-002184,ACC-000872,ACC-001099,7921.74,2026-06-02 09:16:27,1
TXN-0004976,CMP-002184,ACC-001099,ACC-000159,7796.02,2026-06-02 12:36:27,2
TXN-0004977,CMP-002185,ACC-000830,ACC-000132,3994.14,2026-08-11 10:42:25,1
TXN-0004978,CMP-002185,ACC-000132,ACC-000896,3687.57,2026-08-11 12:28:25,2
TXN-0004979,CMP-002185,ACC-000896,ACC-000060,3601.77,2026-08-11 14:20:25,3
TXN-0004980,CMP-002186,ACC-000680,ACC-000644,6641.43,2026-07-04 02:57:35,1
TXN-0004981,CMP-002186,ACC-000644,ACC-000011,6260.93,2026-07-04 08:14:35,2
TXN-0004982,CMP-002187,ACC-000610,ACC-000095,10720.08,2026-08-14 01:49:58,1
TXN-0004983,CMP-002187,ACC-000095,ACC-000388,10147.28,2026-08-14 06:17:58,2
TXN-0004984,CMP-002188,ACC-000519,ACC-000144,20075.3,2026-06-03 08:03:33,1
TXN-0004985,CMP-002188,ACC-000144,ACC-000100,19320.84,2026-06-03 11:46:33,2
TXN-0004986,CMP-002188,ACC-000100,ACC-000180,17814.32,2026-06-03 13:36:33,3
TXN-0004987,CMP-002189,ACC-000396,ACC-000086,4704.01,2026-07-01 08:39:46,1
TXN-0004988,CMP-002190,ACC-000960,ACC-000150,163186.29,2026-07-26 13:34:03,1
TXN-0004989,CMP-002191,ACC-000854,ACC-000120,13277.75,2026-07-08 22:49:05,1
TXN-0004990,CMP-002191,ACC-000120,ACC-000196,12686.77,2026-07-09 04:14:05,2
TXN-0004991,CMP-002192,ACC-000974,ACC-000112,17771.18,2026-07-03 01:43:21,1
TXN-0004992,CMP-002192,ACC-000112,ACC-000194,17026.76,2026-07-03 06:41:21,2
TXN-0004993,CMP-002193,ACC-000404,ACC-000188,7775.61,2026-06-10 05:07:42,1
TXN-0004994,CMP-002193,ACC-000188,ACC-000084,7418.27,2026-06-10 05:36:42,2
TXN-0004995,CMP-002193,ACC-000084,ACC-000130,7016.67,2026-06-10 10:19:42,3
TXN-0004996,CMP-002193,ACC-000130,ACC-000080,6613.75,2026-06-10 10:35:42,4
TXN-0004997,CMP-002194,ACC-000891,ACC-000081,721.04,2026-08-19 10:01:45,1
TXN-0004998,CMP-002194,ACC-000081,ACC-000109,713.5,2026-08-19 13:52:45,2
TXN-0004999,CMP-002194,ACC-000109,ACC-000097,658.48,2026-08-19 14:28:45,3
TXN-0005000,CMP-002195,ACC-000798,ACC-000063,3410.05,2026-06-06 18:34:45,1
TXN-0005001,CMP-002196,ACC-000965,ACC-000473,4482.15,2026-06-29 10:28:06,1
TXN-0005002,CMP-002196,ACC-000473,ACC-000121,4254.25,2026-06-29 13:15:06,2
TXN-0005003,CMP-002196,ACC-000121,ACC-000120,4050.26,2026-06-29 18:44:06,3
TXN-0005004,CMP-002197,ACC-000309,ACC-000100,6441.29,2026-07-21 09:44:23,1
TXN-0005005,CMP-002197,ACC-000100,ACC-000203,6253.84,2026-07-21 12:21:23,2
TXN-0005006,CMP-002198,ACC-000490,ACC-000154,5338.4,2026-07-08 23:32:16,1
TXN-0005007,CMP-002198,ACC-000154,ACC-000152,4990.42,2026-07-09 04:05:16,2
TXN-0005008,CMP-002199,ACC-001184,ACC-000032,705.67,2026-07-17 09:30:45,1
TXN-0005009,CMP-002199,ACC-000032,ACC-000110,663.41,2026-07-17 10:16:45,2
TXN-0005010,CMP-002199,ACC-000110,ACC-000205,632.93,2026-07-17 15:46:45,3
TXN-0005011,CMP-002200,ACC-000512,ACC-000729,43254.11,2026-06-20 22:48:57,1
TXN-0005012,CMP-002201,ACC-000931,ACC-000151,2654.06,2026-08-08 07:06:52,1
TXN-0005013,CMP-002201,ACC-000151,ACC-000517,2623.07,2026-08-08 08:32:52,2
TXN-0005014,CMP-002201,ACC-000517,ACC-000151,2561.44,2026-08-08 11:37:52,3
TXN-0005015,CMP-002202,ACC-001147,ACC-000190,3318.57,2026-07-01 01:09:24,1
TXN-0005016,CMP-002203,ACC-001065,ACC-000133,2118.76,2026-06-27 15:26:38,1
TXN-0005017,CMP-002204,ACC-000962,ACC-000038,39316.93,2026-08-20 03:29:36,1
TXN-0005018,CMP-002204,ACC-000038,ACC-000032,37041.53,2026-08-20 06:29:36,2
TXN-0005019,CMP-002204,ACC-000032,ACC-000098,34466.34,2026-08-20 09:25:36,3
TXN-0005020,CMP-002205,ACC-000814,ACC-000176,305644.12,2026-08-28 09:10:55,1
TXN-0005021,CMP-002205,ACC-000176,ACC-000037,290179.03,2026-08-28 14:30:55,2
TXN-0005022,CMP-002206,ACC-000391,ACC-000528,1875.71,2026-06-04 08:43:02,1
TXN-0005023,CMP-002207,ACC-000437,ACC-000026,2217.91,2026-07-14 21:55:17,1
TXN-0005024,CMP-002207,ACC-000026,ACC-000321,2157.01,2026-07-15 02:28:17,2
TXN-0005025,CMP-002207,ACC-000321,ACC-000060,2038.53,2026-07-15 04:42:17,3
TXN-0005026,CMP-002208,ACC-000282,ACC-000174,41715.73,2026-07-08 19:43:11,1
TXN-0005027,CMP-002208,ACC-000174,ACC-000091,39467.45,2026-07-08 22:05:11,2
TXN-0005028,CMP-002209,ACC-000402,ACC-000057,104947.69,2026-06-25 03:11:34,1
TXN-0005029,CMP-002209,ACC-000057,ACC-000011,100085.76,2026-06-25 08:36:34,2
TXN-0005030,CMP-002210,ACC-000491,ACC-000170,384.17,2026-07-08 09:40:51,1
TXN-0005031,CMP-002210,ACC-000170,ACC-000370,375.7,2026-07-08 14:44:51,2
TXN-0005032,CMP-002210,ACC-000370,ACC-000736,353.13,2026-07-08 15:07:51,3
TXN-0005033,CMP-002211,ACC-000378,ACC-000010,6732.15,2026-07-09 06:21:15,1
TXN-0005034,CMP-002211,ACC-000010,ACC-000837,6353.72,2026-07-09 09:05:15,2
TXN-0005035,CMP-002211,ACC-000837,ACC-000925,5862.65,2026-07-09 09:59:15,3
TXN-0005036,CMP-002212,ACC-000312,ACC-000144,1824.94,2026-06-16 09:44:43,1
TXN-0005037,CMP-002212,ACC-000144,ACC-000342,1767.2,2026-06-16 09:51:43,2
TXN-0005038,CMP-002212,ACC-000342,ACC-000352,1648.2,2026-06-16 11:02:43,3
TXN-0005039,CMP-002212,ACC-000352,ACC-000161,1579.79,2026-06-16 15:26:43,4
TXN-0005040,CMP-002213,ACC-000841,ACC-000135,831.48,2026-08-29 00:08:30,1
TXN-0005041,CMP-002213,ACC-000135,ACC-000126,786.7,2026-08-29 03:37:30,2
TXN-0005042,CMP-002213,ACC-000126,ACC-000159,726.29,2026-08-29 07:31:30,3
TXN-0005043,CMP-002214,ACC-001017,ACC-000168,80179.27,2026-08-28 09:06:10,1
TXN-0005044,CMP-002215,ACC-000835,ACC-000437,4331.58,2026-07-06 16:24:40,1
TXN-0005045,CMP-002215,ACC-000437,ACC-000606,4260.42,2026-07-06 18:40:40,2
TXN-0005046,CMP-002216,ACC-001071,ACC-000174,4000.53,2026-06-30 11:31:56,1
TXN-0005047,CMP-002216,ACC-000174,ACC-000205,3953.01,2026-06-30 14:01:56,2
TXN-0005048,CMP-002217,ACC-000796,ACC-000132,704.19,2026-06-04 18:24:14,1
TXN-0005049,CMP-002217,ACC-000132,ACC-000005,691.1,2026-06-04 20:07:14,2
TXN-0005050,CMP-002218,ACC-000945,ACC-000496,7046.49,2026-08-12 22:08:06,1
TXN-0005051,CMP-002218,ACC-000496,ACC-000645,6512.04,2026-08-12 22:48:06,2
TXN-0005052,CMP-002218,ACC-000645,ACC-000078,6065.68,2026-08-13 03:24:06,3
TXN-0005053,CMP-002219,ACC-000603,ACC-000812,3524.33,2026-06-19 20:49:11,1
TXN-0005054,CMP-002220,ACC-000672,ACC-000923,3477.97,2026-06-13 06:35:46,1
TXN-0005055,CMP-002220,ACC-000923,ACC-000166,3356.37,2026-06-13 09:07:46,2
TXN-0005056,CMP-002220,ACC-000166,ACC-000135,3256.45,2026-06-13 10:26:46,3
TXN-0005057,CMP-002221,ACC-000811,ACC-000016,210093.54,2026-06-07 09:14:14,1
TXN-0005058,CMP-002221,ACC-000016,ACC-001192,197623.53,2026-06-07 13:20:14,2
TXN-0005059,CMP-002222,ACC-000370,ACC-000111,1393.49,2026-07-13 15:23:36,1
TXN-0005060,CMP-002222,ACC-000111,ACC-000188,1354.07,2026-07-13 19:49:36,2
TXN-0005061,CMP-002222,ACC-000188,ACC-000135,1273.78,2026-07-14 00:42:36,3
TXN-0005062,CMP-002223,ACC-000741,ACC-000185,42963.77,2026-06-16 23:35:53,1
TXN-0005063,CMP-002223,ACC-000185,ACC-000047,40403.57,2026-06-17 01:08:53,2
TXN-0005064,CMP-002223,ACC-000047,ACC-000077,38808.67,2026-06-17 03:19:53,3
TXN-0005065,CMP-002223,ACC-000077,ACC-000046,36409.41,2026-06-17 04:26:53,4
TXN-0005066,CMP-002224,ACC-001037,ACC-000877,581.77,2026-06-13 00:32:01,1
TXN-0005067,CMP-002224,ACC-000877,ACC-001039,566.44,2026-06-13 03:02:01,2
TXN-0005068,CMP-002225,ACC-000707,ACC-000005,5351.79,2026-08-14 05:05:17,1
TXN-0005069,CMP-002225,ACC-000005,ACC-000401,5121.75,2026-08-14 07:23:17,2
TXN-0005070,CMP-002225,ACC-000401,ACC-000163,5066.22,2026-08-14 10:41:17,3
TXN-0005071,CMP-002226,ACC-000835,ACC-000067,1437.9,2026-06-18 06:20:50,1
TXN-0005072,CMP-002226,ACC-000067,ACC-000019,1392.5,2026-06-18 10:48:50,2
TXN-0005073,CMP-002226,ACC-000019,ACC-000662,1364.28,2026-06-18 12:43:50,3
TXN-0005074,CMP-002226,ACC-000662,ACC-000187,1277.99,2026-06-18 15:36:50,4
TXN-0005075,CMP-002227,ACC-000527,ACC-000065,842.41,2026-06-22 00:40:52,1
TXN-0005076,CMP-002227,ACC-000065,ACC-001128,776.23,2026-06-22 04:46:52,2
TXN-0005077,CMP-002227,ACC-001128,ACC-000104,753.7,2026-06-22 05:54:52,3
TXN-0005078,CMP-002227,ACC-000104,ACC-000130,697.27,2026-06-22 06:50:52,4
TXN-0005079,CMP-002228,ACC-000529,ACC-000027,5365.99,2026-07-21 20:15:20,1
TXN-0005080,CMP-002228,ACC-000027,ACC-000099,5122.94,2026-07-22 01:03:20,2
TXN-0005081,CMP-002228,ACC-000099,ACC-000013,4988.23,2026-07-22 06:33:20,3
TXN-0005082,CMP-002229,ACC-001164,ACC-000071,11915.6,2026-07-09 01:41:24,1
TXN-0005083,CMP-002229,ACC-000071,ACC-000158,11297.81,2026-07-09 02:52:24,2
TXN-0005084,CMP-002230,ACC-000843,ACC-001047,9870.81,2026-06-05 15:39:25,1
TXN-0005085,CMP-002230,ACC-001047,ACC-000197,9394.15,2026-06-05 15:45:25,2
TXN-0005086,CMP-002231,ACC-000455,ACC-000164,51463.41,2026-07-07 09:38:19,1
TXN-0005087,CMP-002232,ACC-000584,ACC-000168,598.69,2026-06-03 10:28:16,1
TXN-0005088,CMP-002232,ACC-000168,ACC-000049,558.79,2026-06-03 15:34:16,2
TXN-0005089,CMP-002232,ACC-000049,ACC-000131,546.72,2026-06-03 18:58:16,3
TXN-0005090,CMP-002233,ACC-000753,ACC-000159,4128.0,2026-08-05 01:06:30,1
TXN-0005091,CMP-002233,ACC-000159,ACC-000007,4081.46,2026-08-05 04:16:30,2
TXN-0005092,CMP-002235,ACC-001113,ACC-000039,14256.67,2026-06-16 15:32:53,1
TXN-0005093,CMP-002235,ACC-000039,ACC-000335,13220.58,2026-06-16 20:45:53,2
TXN-0005094,CMP-002236,ACC-000531,ACC-000206,7417.71,2026-07-02 09:11:28,1
TXN-0005095,CMP-002236,ACC-000206,ACC-000802,7158.05,2026-07-02 11:10:28,2
TXN-0005096,CMP-002236,ACC-000802,ACC-000067,6620.82,2026-07-02 16:46:28,3
TXN-0005097,CMP-002236,ACC-000067,ACC-000135,6196.69,2026-07-02 22:31:28,4
TXN-0005098,CMP-002237,ACC-000339,ACC-000136,2820.17,2026-07-23 14:00:07,1
TXN-0005099,CMP-002237,ACC-000136,ACC-000177,2669.47,2026-07-23 19:27:07,2
TXN-0005100,CMP-002238,ACC-000678,ACC-000266,15901.11,2026-06-11 09:12:02,1
TXN-0005101,CMP-002238,ACC-000266,ACC-000155,15487.33,2026-06-11 12:19:02,2
TXN-0005102,CMP-002238,ACC-000155,ACC-000609,14814.04,2026-06-11 16:21:02,3
TXN-0005103,CMP-002239,ACC-000934,ACC-000833,1434.57,2026-07-01 06:59:11,1
TXN-0005104,CMP-002239,ACC-000833,ACC-000049,1398.69,2026-07-01 08:42:11,2
TXN-0005105,CMP-002239,ACC-000049,ACC-000152,1287.07,2026-07-01 10:37:11,3
TXN-0005106,CMP-002240,ACC-000487,ACC-000046,1674.88,2026-08-03 13:52:06,1
TXN-0005107,CMP-002240,ACC-000046,ACC-000016,1574.54,2026-08-03 17:14:06,2
TXN-0005108,CMP-002241,ACC-000270,ACC-000205,7265.22,2026-06-07 10:51:23,1
TXN-0005109,CMP-002241,ACC-000205,ACC-000146,6767.16,2026-06-07 13:09:23,2
TXN-0005110,CMP-002242,ACC-000666,ACC-000133,9158.35,2026-07-19 16:11:35,1
TXN-0005111,CMP-002243,ACC-000485,ACC-000176,5519.48,2026-08-22 09:05:13,1
TXN-0005112,CMP-002243,ACC-000176,ACC-000196,5223.04,2026-08-22 11:28:13,2
TXN-0005113,CMP-002243,ACC-000196,ACC-000163,5015.31,2026-08-22 17:06:13,3
TXN-0005114,CMP-002244,ACC-000885,ACC-000053,4500.7,2026-07-02 11:00:48,1
TXN-0005115,CMP-002244,ACC-000053,ACC-000705,4437.18,2026-07-02 11:43:48,2
TXN-0005116,CMP-002244,ACC-000705,ACC-000834,4347.37,2026-07-02 13:45:48,3
TXN-0005117,CMP-002245,ACC-000594,ACC-000078,11017.21,2026-08-14 18:00:25,1
TXN-0005118,CMP-002246,ACC-001017,ACC-000137,431.11,2026-08-25 21:20:56,1
TXN-0005119,CMP-002247,ACC-000476,ACC-000184,36792.96,2026-06-07 10:56:40,1
TXN-0005120,CMP-002247,ACC-000184,ACC-000185,35444.38,2026-06-07 14:27:40,2
TXN-0005121,CMP-002248,ACC-000850,ACC-000087,9212.96,2026-07-07 13:44:35,1
TXN-0005122,CMP-002248,ACC-000087,ACC-000102,8971.66,2026-07-07 13:49:35,2
TXN-0005123,CMP-002248,ACC-000102,ACC-000449,8664.68,2026-07-07 16:49:35,3
TXN-0005124,CMP-002248,ACC-000449,ACC-000120,8155.95,2026-07-07 20:03:35,4
TXN-0005125,CMP-002249,ACC-001064,ACC-000089,40550.93,2026-08-08 09:25:29,1
TXN-0005126,CMP-002249,ACC-000089,ACC-000066,37544.13,2026-08-08 10:00:29,2
TXN-0005127,CMP-002250,ACC-001095,ACC-000641,2773.29,2026-08-27 03:06:39,1
TXN-0005128,CMP-002250,ACC-000641,ACC-000155,2703.51,2026-08-27 06:49:39,2
TXN-0005129,CMP-002250,ACC-000155,ACC-001012,2509.42,2026-08-27 11:02:39,3
TXN-0005130,CMP-002251,ACC-000275,ACC-000262,1196.17,2026-06-24 17:13:45,1
TXN-0005131,CMP-002251,ACC-000262,ACC-000131,1166.67,2026-06-24 20:02:45,2
TXN-0005132,CMP-002251,ACC-000131,ACC-000166,1086.8,2026-06-25 01:12:45,3
TXN-0005133,CMP-002252,ACC-000980,ACC-001044,443.77,2026-06-29 16:13:20,1
TXN-0005134,CMP-002253,ACC-000335,ACC-000122,3538.22,2026-06-24 05:35:45,1
TXN-0005135,CMP-002253,ACC-000122,ACC-000039,3268.68,2026-06-24 09:21:45,2
TXN-0005136,CMP-002253,ACC-000039,ACC-000532,3020.38,2026-06-24 14:21:45,3
TXN-0005137,CMP-002253,ACC-000532,ACC-000210,2804.04,2026-06-24 20:02:45,4
TXN-0005138,CMP-002254,ACC-001078,ACC-000161,9284.84,2026-08-11 13:09:37,1
TXN-0005139,CMP-002254,ACC-000161,ACC-000138,8810.09,2026-08-11 13:30:37,2
TXN-0005140,CMP-002255,ACC-000310,ACC-000029,3576.0,2026-08-16 08:05:06,1
TXN-0005141,CMP-002255,ACC-000029,ACC-000023,3344.74,2026-08-16 12:32:06,2
TXN-0005142,CMP-002256,ACC-000661,ACC-000196,11478.88,2026-08-02 16:18:03,1
TXN-0005143,CMP-002256,ACC-000196,ACC-000041,10734.77,2026-08-02 19:21:03,2
TXN-0005144,CMP-002257,ACC-000449,ACC-000142,140040.61,2026-08-11 04:16:53,1
TXN-0005145,CMP-002257,ACC-000142,ACC-000645,138040.39,2026-08-11 06:20:53,2
TXN-0005146,CMP-002258,ACC-001047,ACC-001151,3648.33,2026-08-27 08:42:44,1
TXN-0005147,CMP-002258,ACC-001151,ACC-000119,3360.54,2026-08-27 10:26:44,2
TXN-0005148,CMP-002259,ACC-000905,ACC-000175,6408.03,2026-08-05 09:45:07,1
TXN-0005149,CMP-002259,ACC-000175,ACC-000207,6223.68,2026-08-05 10:23:07,2
TXN-0005150,CMP-002259,ACC-000207,ACC-000189,5795.22,2026-08-05 15:01:07,3
TXN-0005151,CMP-002259,ACC-000189,ACC-000166,5636.8,2026-08-05 18:33:07,4
TXN-0005152,CMP-002260,ACC-001028,ACC-000085,1212.41,2026-07-02 03:15:30,1
TXN-0005153,CMP-002260,ACC-000085,ACC-000077,1171.76,2026-07-02 05:10:30,2
TXN-0005154,CMP-002261,ACC-001080,ACC-000189,1080.45,2026-07-18 13:43:58,1
TXN-0005155,CMP-002261,ACC-000189,ACC-000192,1056.76,2026-07-18 14:20:58,2
TXN-0005156,CMP-002261,ACC-000192,ACC-000204,1026.01,2026-07-18 16:28:58,3
TXN-0005157,CMP-002262,ACC-000823,ACC-000066,590.51,2026-06-14 18:08:48,1
TXN-0005158,CMP-002262,ACC-000066,ACC-000061,545.75,2026-06-14 21:10:48,2
TXN-0005159,CMP-002262,ACC-000061,ACC-000127,504.57,2026-06-14 22:05:48,3
TXN-0005160,CMP-002262,ACC-000127,ACC-000007,485.97,2026-06-14 23:29:48,4
TXN-0005161,CMP-002263,ACC-000302,ACC-000112,1038.83,2026-07-24 06:16:11,1
TXN-0005162,CMP-002263,ACC-000112,ACC-000110,1001.07,2026-07-24 09:59:11,2
TXN-0005163,CMP-002263,ACC-000110,ACC-000439,965.87,2026-07-24 14:31:11,3
TXN-0005164,CMP-002265,ACC-001110,ACC-000374,9198.53,2026-06-17 01:39:27,1
TXN-0005165,CMP-002266,ACC-000782,ACC-000629,17445.23,2026-06-24 21:51:02,1
TXN-0005166,CMP-002266,ACC-000629,ACC-000062,16110.86,2026-06-24 22:11:02,2
TXN-0005167,CMP-002266,ACC-000062,ACC-000094,15661.09,2026-06-25 01:12:02,3
TXN-0005168,CMP-002267,ACC-000524,ACC-000012,2959.73,2026-06-20 12:59:18,1
TXN-0005169,CMP-002267,ACC-000012,ACC-000527,2868.32,2026-06-20 14:34:18,2
TXN-0005170,CMP-002268,ACC-000844,ACC-000136,120680.69,2026-07-06 00:23:35,1
TXN-0005171,CMP-002269,ACC-000542,ACC-000142,3469.99,2026-07-20 05:11:25,1
TXN-0005172,CMP-002269,ACC-000142,ACC-000066,3346.31,2026-07-20 09:15:25,2
TXN-0005173,CMP-002269,ACC-000066,ACC-000017,3303.41,2026-07-20 14:32:25,3
TXN-0005174,CMP-002270,ACC-000947,ACC-000145,3035.01,2026-08-17 04:07:20,1
TXN-0005175,CMP-002270,ACC-000145,ACC-000045,2821.16,2026-08-17 07:38:20,2
TXN-0005176,CMP-002270,ACC-000045,ACC-000061,2779.57,2026-08-17 08:51:20,3
TXN-0005177,CMP-002270,ACC-000061,ACC-000574,2736.08,2026-08-17 13:04:20,4
TXN-0005178,CMP-002271,ACC-000949,ACC-000163,14280.55,2026-06-09 01:00:23,1
TXN-0005179,CMP-002271,ACC-000163,ACC-000018,13796.59,2026-06-09 04:09:23,2
TXN-0005180,CMP-002273,ACC-001144,ACC-000140,10284.9,2026-07-07 15:03:23,1
TXN-0005181,CMP-002273,ACC-000140,ACC-000210,9549.02,2026-07-07 20:39:23,2
TXN-0005182,CMP-002274,ACC-000906,ACC-000008,6667.91,2026-07-29 18:43:53,1
TXN-0005183,CMP-002274,ACC-000008,ACC-000127,6490.52,2026-07-29 21:53:53,2
TXN-0005184,CMP-002275,ACC-000720,ACC-000050,6063.03,2026-06-20 01:05:14,1
TXN-0005185,CMP-002275,ACC-000050,ACC-000107,5627.82,2026-06-20 03:53:14,2
TXN-0005186,CMP-002275,ACC-000107,ACC-000403,5303.57,2026-06-20 09:46:14,3
TXN-0005187,CMP-002275,ACC-000403,ACC-000635,4933.94,2026-06-20 11:51:14,4
TXN-0005188,CMP-002276,ACC-000883,ACC-000198,1264.04,2026-07-19 18:17:18,1
TXN-0005189,CMP-002276,ACC-000198,ACC-001092,1246.37,2026-07-19 19:46:18,2
TXN-0005190,CMP-002277,ACC-001052,ACC-000029,14034.14,2026-07-11 01:00:28,1
TXN-0005191,CMP-002277,ACC-000029,ACC-000085,13619.15,2026-07-11 01:27:28,2
TXN-0005192,CMP-002278,ACC-000680,ACC-000368,21768.53,2026-07-18 02:23:00,1
TXN-0005193,CMP-002278,ACC-000368,ACC-000094,20604.63,2026-07-18 05:35:00,2
TXN-0005194,CMP-002279,ACC-000977,ACC-000187,4938.63,2026-08-25 15:39:18,1
TXN-0005195,CMP-002279,ACC-000187,ACC-000961,4803.74,2026-08-25 21:06:18,2
TXN-0005196,CMP-002281,ACC-001030,ACC-000052,6041.26,2026-06-25 19:33:42,1
TXN-0005197,CMP-002281,ACC-000052,ACC-000163,5615.42,2026-06-25 20:51:42,2
TXN-0005198,CMP-002282,ACC-000960,ACC-000114,56611.23,2026-08-08 13:02:32,1
TXN-0005199,CMP-002282,ACC-000114,ACC-000042,55043.58,2026-08-08 14:57:32,2
TXN-0005200,CMP-002283,ACC-000338,ACC-000843,293982.04,2026-08-03 05:39:42,1
TXN-0005201,CMP-002283,ACC-000843,ACC-000646,284826.68,2026-08-03 10:04:42,2
TXN-0005202,CMP-002283,ACC-000646,ACC-000029,266258.28,2026-08-03 14:18:42,3
TXN-0005203,CMP-002283,ACC-000029,ACC-000215,263364.58,2026-08-03 19:23:42,4
TXN-0005204,CMP-002284,ACC-000322,ACC-000197,4334.01,2026-07-17 09:34:16,1
TXN-0005205,CMP-002284,ACC-000197,ACC-000125,4154.38,2026-07-17 10:17:16,2
TXN-0005206,CMP-002284,ACC-000125,ACC-000497,3865.66,2026-07-17 12:16:16,3
TXN-0005207,CMP-002284,ACC-000497,ACC-000795,3721.94,2026-07-17 15:10:16,4
TXN-0005208,CMP-002285,ACC-000410,ACC-000096,2830.21,2026-08-05 13:01:09,1
TXN-0005209,CMP-002285,ACC-000096,ACC-000084,2727.87,2026-08-05 16:22:09,2
TXN-0005210,CMP-002285,ACC-000084,ACC-000139,2538.89,2026-08-05 21:04:09,3
TXN-0005211,CMP-002286,ACC-000536,ACC-001069,3053.34,2026-07-29 13:49:38,1
TXN-0005212,CMP-002286,ACC-001069,ACC-000112,2965.91,2026-07-29 14:56:38,2
TXN-0005213,CMP-002286,ACC-000112,ACC-000169,2821.56,2026-07-29 19:47:38,3
TXN-0005214,CMP-002287,ACC-001130,ACC-000162,7559.95,2026-07-29 13:24:10,1
TXN-0005215,CMP-002287,ACC-000162,ACC-000105,6994.44,2026-07-29 16:45:10,2
TXN-0005216,CMP-002287,ACC-000105,ACC-000154,6532.65,2026-07-29 18:07:10,3
TXN-0005217,CMP-002288,ACC-000498,ACC-000187,320.63,2026-06-11 11:29:43,1
TXN-0005218,CMP-002288,ACC-000187,ACC-000012,306.36,2026-06-11 15:47:43,2
TXN-0005219,CMP-002288,ACC-000012,ACC-000472,297.94,2026-06-11 17:57:43,3
TXN-0005220,CMP-002288,ACC-000472,ACC-000031,287.33,2026-06-11 21:06:43,4
TXN-0005221,CMP-002289,ACC-001124,ACC-000142,789.61,2026-07-08 18:46:39,1
TXN-0005222,CMP-002289,ACC-000142,ACC-000134,760.35,2026-07-08 19:28:39,2
TXN-0005223,CMP-002289,ACC-000134,ACC-000205,708.47,2026-07-09 00:03:39,3
TXN-0005224,CMP-002290,ACC-000857,ACC-000207,36163.43,2026-08-28 10:09:54,1
TXN-0005225,CMP-002290,ACC-000207,ACC-000455,33443.99,2026-08-28 10:15:54,2
TXN-0005226,CMP-002291,ACC-001114,ACC-000302,1500.92,2026-06-25 08:34:45,1
TXN-0005227,CMP-002291,ACC-000302,ACC-000311,1434.57,2026-06-25 12:58:45,2
TXN-0005228,CMP-002292,ACC-000600,ACC-000206,2789.8,2026-08-25 22:11:34,1
TXN-0005229,CMP-002292,ACC-000206,ACC-000664,2605.36,2026-08-26 01:56:34,2
TXN-0005230,CMP-002292,ACC-000664,ACC-000512,2526.57,2026-08-26 06:14:34,3
TXN-0005231,CMP-002293,ACC-000418,ACC-000079,1872.55,2026-08-25 02:20:51,1
TXN-0005232,CMP-002293,ACC-000079,ACC-000100,1729.93,2026-08-25 05:00:51,2
TXN-0005233,CMP-002293,ACC-000100,ACC-000098,1676.11,2026-08-25 05:28:51,3
TXN-0005234,CMP-002294,ACC-001133,ACC-000651,474.49,2026-07-26 10:42:07,1
TXN-0005235,CMP-002294,ACC-000651,ACC-000106,440.57,2026-07-26 11:03:07,2
TXN-0005236,CMP-002295,ACC-000504,ACC-000036,1665.95,2026-08-12 20:20:27,1
TXN-0005237,CMP-002295,ACC-000036,ACC-000479,1547.02,2026-08-12 23:42:27,2
TXN-0005238,CMP-002296,ACC-000760,ACC-000112,228041.16,2026-05-31 21:51:25,1
TXN-0005239,CMP-002297,ACC-000830,ACC-000142,41843.44,2026-06-07 17:01:44,1
TXN-0005240,CMP-002297,ACC-000142,ACC-000034,40036.3,2026-06-07 21:48:44,2
TXN-0005241,CMP-002297,ACC-000034,ACC-000057,38327.33,2026-06-08 03:05:44,3
TXN-0005242,CMP-002298,ACC-000591,ACC-000149,7651.09,2026-06-29 02:57:05,1
TXN-0005243,CMP-002299,ACC-000413,ACC-000053,3440.26,2026-08-08 00:45:31,1
TXN-0005244,CMP-002299,ACC-000053,ACC-000278,3399.49,2026-08-08 01:25:31,2
TXN-0005245,CMP-002299,ACC-000278,ACC-000027,3327.16,2026-08-08 04:15:31,3
TXN-0005246,CMP-002299,ACC-000027,ACC-000126,3263.02,2026-08-08 05:46:31,4
TXN-0005247,CMP-002300,ACC-000576,ACC-001137,8947.43,2026-06-11 21:20:01,1
TXN-0005248,CMP-002300,ACC-001137,ACC-000047,8787.59,2026-06-11 22:11:01,2
TXN-0005249,CMP-002300,ACC-000047,ACC-000723,8087.59,2026-06-12 00:37:01,3
TXN-0005250,CMP-002301,ACC-000892,ACC-000951,23665.28,2026-06-06 20:10:41,1
TXN-0005251,CMP-002301,ACC-000951,ACC-000043,22031.67,2026-06-07 01:38:41,2
TXN-0005252,CMP-002301,ACC-000043,ACC-000178,20344.04,2026-06-07 06:35:41,3
TXN-0005253,CMP-002302,ACC-001181,ACC-000112,66291.83,2026-08-27 09:32:08,1
TXN-0005254,CMP-002302,ACC-000112,ACC-000067,62670.27,2026-08-27 10:34:08,2
TXN-0005255,CMP-002302,ACC-000067,ACC-000518,58479.17,2026-08-27 11:46:08,3
TXN-0005256,CMP-002303,ACC-000723,ACC-000080,21639.86,2026-06-11 16:11:25,1
TXN-0005257,CMP-002303,ACC-000080,ACC-000145,20916.83,2026-06-11 19:09:25,2
TXN-0005258,CMP-002303,ACC-000145,ACC-000003,20206.22,2026-06-11 19:29:25,3
TXN-0005259,CMP-002304,ACC-000431,ACC-000220,1877.43,2026-07-06 23:42:40,1
TXN-0005260,CMP-002304,ACC-000220,ACC-000102,1790.02,2026-07-07 00:34:40,2
TXN-0005261,CMP-002304,ACC-000102,ACC-000101,1689.17,2026-07-07 06:02:40,3
TXN-0005262,CMP-002304,ACC-000101,ACC-000165,1593.94,2026-07-07 08:08:40,4
TXN-0005263,CMP-002305,ACC-000917,ACC-000467,3841.12,2026-06-23 02:44:26,1
TXN-0005264,CMP-002305,ACC-000467,ACC-000003,3696.51,2026-06-23 07:50:26,2
TXN-0005265,CMP-002306,ACC-000607,ACC-001046,2333.98,2026-06-06 22:26:06,1
TXN-0005266,CMP-002308,ACC-000333,ACC-000094,2271.37,2026-07-21 08:19:27,1
TXN-0005267,CMP-002309,ACC-000247,ACC-000121,15709.88,2026-08-12 08:06:35,1
TXN-0005268,CMP-002309,ACC-000121,ACC-000802,15014.89,2026-08-12 13:56:35,2
TXN-0005269,CMP-002309,ACC-000802,ACC-000030,14222.04,2026-08-12 16:28:35,3
TXN-0005270,CMP-002310,ACC-000492,ACC-000036,10523.23,2026-07-29 00:05:52,1
TXN-0005271,CMP-002311,ACC-000249,ACC-000039,2532.93,2026-07-01 13:37:16,1
TXN-0005272,CMP-002313,ACC-000301,ACC-000105,2591.13,2026-08-24 18:20:04,1
TXN-0005273,CMP-002313,ACC-000105,ACC-000862,2531.62,2026-08-24 22:21:04,2
TXN-0005274,CMP-002313,ACC-000862,ACC-000119,2471.29,2026-08-25 00:49:04,3
TXN-0005275,CMP-002314,ACC-000957,ACC-000204,4071.95,2026-08-07 15:04:34,1
TXN-0005276,CMP-002314,ACC-000204,ACC-000230,3918.38,2026-08-07 18:49:34,2
TXN-0005277,CMP-002314,ACC-000230,ACC-000189,3846.22,2026-08-08 00:19:34,3
TXN-0005278,CMP-002315,ACC-001045,ACC-000102,262123.51,2026-06-02 19:27:23,1
TXN-0005279,CMP-002315,ACC-000102,ACC-001167,257479.64,2026-06-02 21:28:23,2
TXN-0005280,CMP-002316,ACC-000292,ACC-000746,5571.65,2026-08-07 10:20:04,1
TXN-0005281,CMP-002316,ACC-000746,ACC-000009,5461.52,2026-08-07 14:25:04,2
TXN-0005282,CMP-002317,ACC-000340,ACC-000794,4548.23,2026-08-06 15:26:48,1
TXN-0005283,CMP-002317,ACC-000794,ACC-000047,4490.31,2026-08-06 15:56:48,2
TXN-0005284,CMP-002318,ACC-000829,ACC-000004,10349.21,2026-06-19 08:46:48,1
TXN-0005285,CMP-002318,ACC-000004,ACC-000757,9619.24,2026-06-19 12:40:48,2
TXN-0005286,CMP-002318,ACC-000757,ACC-000143,9020.87,2026-06-19 16:16:48,3
TXN-0005287,CMP-002319,ACC-001043,ACC-000084,4356.4,2026-07-02 06:14:19,1
TXN-0005288,CMP-002320,ACC-001152,ACC-000164,6086.54,2026-08-18 09:52:57,1
TXN-0005289,CMP-002320,ACC-000164,ACC-000215,5725.56,2026-08-18 14:08:57,2
TXN-0005290,CMP-002321,ACC-000790,ACC-000078,3059.91,2026-07-17 22:33:03,1
TXN-0005291,CMP-002321,ACC-000078,ACC-000057,2855.43,2026-07-17 23:25:03,2
TXN-0005292,CMP-002322,ACC-000900,ACC-000098,549.45,2026-07-12 09:57:49,1
TXN-0005293,CMP-002324,ACC-000595,ACC-000272,7423.45,2026-08-11 07:16:04,1
TXN-0005294,CMP-002324,ACC-000272,ACC-000077,7117.3,2026-08-11 11:09:04,2
TXN-0005295,CMP-002325,ACC-000822,ACC-000128,2643.39,2026-08-24 10:26:51,1
TXN-0005296,CMP-002325,ACC-000128,ACC-000207,2596.47,2026-08-24 15:09:51,2
TXN-0005297,CMP-002325,ACC-000207,ACC-000125,2465.69,2026-08-24 20:52:51,3
TXN-0005298,CMP-002326,ACC-000320,ACC-000857,3484.2,2026-07-20 00:40:30,1
TXN-0005299,CMP-002326,ACC-000857,ACC-000070,3409.53,2026-07-20 04:50:30,2
TXN-0005300,CMP-002326,ACC-000070,ACC-000177,3269.23,2026-07-20 07:57:30,3
TXN-0005301,CMP-002327,ACC-000378,ACC-001164,11253.49,2026-08-19 10:43:08,1
TXN-0005302,CMP-002327,ACC-001164,ACC-000072,10548.42,2026-08-19 15:41:08,2
TXN-0005303,CMP-002327,ACC-000072,ACC-000060,9967.55,2026-08-19 15:53:08,3
TXN-0005304,CMP-002328,ACC-000935,ACC-000209,2836.48,2026-06-16 20:42:17,1
TXN-0005305,CMP-002328,ACC-000209,ACC-000131,2630.82,2026-06-16 22:49:17,2
TXN-0005306,CMP-002330,ACC-001185,ACC-000040,1003.1,2026-08-13 07:36:08,1
TXN-0005307,CMP-002330,ACC-000040,ACC-000860,976.3,2026-08-13 10:33:08,2
TXN-0005308,CMP-002331,ACC-000979,ACC-000499,16594.85,2026-08-09 15:46:01,1
TXN-0005309,CMP-002331,ACC-000499,ACC-000146,15482.95,2026-08-09 17:36:01,2
TXN-0005310,CMP-002331,ACC-000146,ACC-000587,15327.74,2026-08-09 18:02:01,3
TXN-0005311,CMP-002331,ACC-000587,ACC-000669,14310.49,2026-08-09 21:48:01,4
TXN-0005312,CMP-002333,ACC-000828,ACC-000833,71696.93,2026-06-25 21:48:52,1
TXN-0005313,CMP-002333,ACC-000833,ACC-000157,69663.14,2026-06-26 03:19:52,2
TXN-0005314,CMP-002335,ACC-000827,ACC-001033,3712.34,2026-08-10 01:35:05,1
TXN-0005315,CMP-002335,ACC-001033,ACC-000083,3418.65,2026-08-10 05:50:05,2
TXN-0005316,CMP-002335,ACC-000083,ACC-000690,3254.81,2026-08-10 11:03:05,3
TXN-0005317,CMP-002336,ACC-000996,ACC-000208,84720.2,2026-06-22 20:13:34,1
TXN-0005318,CMP-002336,ACC-000208,ACC-000129,83218.44,2026-06-22 22:24:34,2
TXN-0005319,CMP-002336,ACC-000129,ACC-000162,79089.07,2026-06-23 00:15:34,3
TXN-0005320,CMP-002337,ACC-000482,ACC-000421,379618.18,2026-08-02 13:38:14,1
TXN-0005321,CMP-002337,ACC-000421,ACC-000194,365412.8,2026-08-02 18:49:14,2
TXN-0005322,CMP-002337,ACC-000194,ACC-001007,340361.9,2026-08-02 22:07:14,3
TXN-0005323,CMP-002339,ACC-000714,ACC-000061,4057.54,2026-07-25 16:04:18,1
TXN-0005324,CMP-002339,ACC-000061,ACC-000543,3925.05,2026-07-25 21:33:18,2
TXN-0005325,CMP-002339,ACC-000543,ACC-000005,3794.25,2026-07-25 21:58:18,3
TXN-0005326,CMP-002340,ACC-000423,ACC-000565,3190.75,2026-06-25 21:34:45,1
TXN-0005327,CMP-002340,ACC-000565,ACC-000072,2978.19,2026-06-26 01:28:45,2
TXN-0005328,CMP-002340,ACC-000072,ACC-000049,2918.37,2026-06-26 02:49:45,3
TXN-0005329,CMP-002341,ACC-000917,ACC-000172,3933.04,2026-08-11 23:53:57,1
TXN-0005330,CMP-002341,ACC-000172,ACC-000119,3841.5,2026-08-12 05:19:57,2
TXN-0005331,CMP-002341,ACC-000119,ACC-000157,3660.78,2026-08-12 05:27:57,3
TXN-0005332,CMP-002342,ACC-000892,ACC-000133,1801.82,2026-07-26 04:15:29,1
TXN-0005333,CMP-002342,ACC-000133,ACC-000056,1725.04,2026-07-26 04:54:29,2
TXN-0005334,CMP-002343,ACC-000567,ACC-000063,5578.78,2026-07-24 22:26:13,1
TXN-0005335,CMP-002343,ACC-000063,ACC-000035,5303.3,2026-07-25 03:18:13,2
TXN-0005336,CMP-002344,ACC-000627,ACC-000149,8491.0,2026-06-18 18:14:37,1
TXN-0005337,CMP-002344,ACC-000149,ACC-000067,7963.49,2026-06-18 22:54:37,2
TXN-0005338,CMP-002344,ACC-000067,ACC-000188,7744.56,2026-06-19 01:55:37,3
TXN-0005339,CMP-002345,ACC-000478,ACC-001044,2847.28,2026-07-06 03:17:25,1
TXN-0005340,CMP-002345,ACC-001044,ACC-000332,2632.3,2026-07-06 04:12:25,2
TXN-0005341,CMP-002345,ACC-000332,ACC-000651,2520.07,2026-07-06 09:20:25,3
TXN-0005342,CMP-002345,ACC-000651,ACC-000182,2359.28,2026-07-06 14:51:25,4
TXN-0005343,CMP-002347,ACC-000795,ACC-000406,1203.15,2026-07-09 05:23:52,1
TXN-0005344,CMP-002347,ACC-000406,ACC-000098,1152.97,2026-07-09 08:35:52,2
TXN-0005345,CMP-002347,ACC-000098,ACC-000144,1141.07,2026-07-09 09:33:52,3
TXN-0005346,CMP-002348,ACC-000753,ACC-000163,8315.18,2026-08-18 23:55:33,1
TXN-0005347,CMP-002348,ACC-000163,ACC-000733,8047.97,2026-08-19 00:19:33,2
TXN-0005348,CMP-002349,ACC-000292,ACC-000334,20007.55,2026-07-14 20:40:05,1
TXN-0005349,CMP-002349,ACC-000334,ACC-000019,18694.37,2026-07-15 02:39:05,2
TXN-0005350,CMP-002349,ACC-000019,ACC-000092,17912.15,2026-07-15 04:35:05,3
TXN-0005351,CMP-002349,ACC-000092,ACC-000461,17525.51,2026-07-15 05:20:05,4
TXN-0005352,CMP-002350,ACC-000414,ACC-000179,1634.73,2026-08-22 09:54:01,1
TXN-0005353,CMP-002350,ACC-000179,ACC-000069,1589.14,2026-08-22 10:02:01,2
TXN-0005354,CMP-002351,ACC-001034,ACC-000455,64888.63,2026-06-30 22:21:09,1
TXN-0005355,CMP-002352,ACC-001167,ACC-000121,256777.35,2026-08-22 10:04:21,1
TXN-0005356,CMP-002352,ACC-000121,ACC-000104,253739.97,2026-08-22 14:53:21,2
TXN-0005357,CMP-002353,ACC-000443,ACC-000200,33765.6,2026-07-19 02:26:35,1
TXN-0005358,CMP-002353,ACC-000200,ACC-000092,32708.44,2026-07-19 07:16:35,2
TXN-0005359,CMP-002353,ACC-000092,ACC-000185,30924.67,2026-07-19 09:07:35,3
TXN-0005360,CMP-002353,ACC-000185,ACC-000040,29240.92,2026-07-19 13:29:35,4
TXN-0005361,CMP-002355,ACC-000746,ACC-000070,3841.85,2026-06-21 03:50:26,1
TXN-0005362,CMP-002355,ACC-000070,ACC-000095,3554.05,2026-06-21 07:57:26,2
TXN-0005363,CMP-002357,ACC-000839,ACC-000036,2801.42,2026-06-18 05:54:26,1
TXN-0005364,CMP-002357,ACC-000036,ACC-000104,2711.77,2026-06-18 10:30:26,2
TXN-0005365,CMP-002358,ACC-000735,ACC-000165,69713.92,2026-08-18 03:58:57,1
TXN-0005366,CMP-002359,ACC-000987,ACC-000039,158256.66,2026-07-23 18:54:46,1
TXN-0005367,CMP-002359,ACC-000039,ACC-000397,148069.75,2026-07-23 19:28:46,2
TXN-0005368,CMP-002360,ACC-000621,ACC-000094,1733.28,2026-07-04 19:14:40,1
TXN-0005369,CMP-002360,ACC-000094,ACC-000056,1666.63,2026-07-04 21:24:40,2
TXN-0005370,CMP-002360,ACC-000056,ACC-000282,1602.14,2026-07-04 22:45:40,3
TXN-0005371,CMP-002361,ACC-001159,ACC-000023,3453.66,2026-06-28 16:03:26,1
TXN-0005372,CMP-002361,ACC-000023,ACC-000174,3370.72,2026-06-28 21:52:26,2
TXN-0005373,CMP-002363,ACC-000491,ACC-000058,2647.05,2026-08-12 20:56:04,1
TXN-0005374,CMP-002363,ACC-000058,ACC-000134,2526.3,2026-08-12 21:44:04,2
TXN-0005375,CMP-002363,ACC-000134,ACC-000185,2474.29,2026-08-13 02:36:04,3
TXN-0005376,CMP-002364,ACC-000747,ACC-001018,1362.55,2026-08-07 10:35:55,1
TXN-0005377,CMP-002364,ACC-001018,ACC-000364,1325.77,2026-08-07 11:45:55,2
TXN-0005378,CMP-002365,ACC-000981,ACC-000014,928.08,2026-07-13 21:26:01,1
TXN-0005379,CMP-002365,ACC-000014,ACC-001119,899.48,2026-07-14 01:36:01,2
TXN-0005380,CMP-002366,ACC-001188,ACC-000208,5770.15,2026-06-22 03:43:05,1
TXN-0005381,CMP-002366,ACC-000208,ACC-000049,5585.86,2026-06-22 09:15:05,2
TXN-0005382,CMP-002367,ACC-000942,ACC-000170,6068.36,2026-07-06 07:08:02,1
TXN-0005383,CMP-002367,ACC-000170,ACC-000054,5758.28,2026-07-06 11:53:02,2
TXN-0005384,CMP-002367,ACC-000054,ACC-000003,5683.79,2026-07-06 15:30:02,3
TXN-0005385,CMP-002368,ACC-000672,ACC-001024,26901.4,2026-08-23 04:31:43,1
TXN-0005386,CMP-002368,ACC-001024,ACC-001156,25262.17,2026-08-23 06:29:43,2
TXN-0005387,CMP-002370,ACC-000512,ACC-000196,2117.11,2026-07-05 06:01:25,1
TXN-0005388,CMP-002370,ACC-000196,ACC-000006,2022.6,2026-07-05 09:37:25,2
TXN-0005389,CMP-002371,ACC-001194,ACC-000196,1732.16,2026-07-21 00:55:51,1
TXN-0005390,CMP-002371,ACC-000196,ACC-001052,1713.56,2026-07-21 01:19:51,2
TXN-0005391,CMP-002372,ACC-001095,ACC-000001,5075.42,2026-07-31 20:27:42,1
TXN-0005392,CMP-002373,ACC-000661,ACC-000051,14713.16,2026-07-09 10:39:45,1
TXN-0005393,CMP-002373,ACC-000051,ACC-000896,13647.78,2026-07-09 10:45:45,2
TXN-0005394,CMP-002374,ACC-000351,ACC-000030,267778.25,2026-08-03 07:47:01,1
TXN-0005395,CMP-002374,ACC-000030,ACC-000940,264292.85,2026-08-03 10:27:01,2
TXN-0005396,CMP-002375,ACC-000853,ACC-000021,26308.34,2026-08-04 22:37:40,1
TXN-0005397,CMP-002375,ACC-000021,ACC-000080,24790.81,2026-08-04 23:43:40,2
TXN-0005398,CMP-002376,ACC-000557,ACC-001041,269233.49,2026-08-02 23:51:15,1
TXN-0005399,CMP-002377,ACC-001007,ACC-000026,4821.28,2026-06-01 14:25:56,1
TXN-0005400,CMP-002377,ACC-000026,ACC-000163,4594.52,2026-06-01 17:37:56,2
TXN-0005401,CMP-002377,ACC-000163,ACC-000140,4342.41,2026-06-01 18:03:56,3
TXN-0005402,CMP-002378,ACC-000259,ACC-000066,6519.47,2026-08-04 21:42:07,1
TXN-0005403,CMP-002378,ACC-000066,ACC-000106,6030.42,2026-08-04 21:52:07,2
TXN-0005404,CMP-002379,ACC-000977,ACC-000260,1042.38,2026-07-26 15:07:33,1
TXN-0005405,CMP-002379,ACC-000260,ACC-000754,974.33,2026-07-26 20:32:33,2
TXN-0005406,CMP-002379,ACC-000754,ACC-001079,915.74,2026-07-26 21:03:33,3
TXN-0005407,CMP-002380,ACC-000597,ACC-001089,118249.48,2026-07-28 10:42:41,1
TXN-0005408,CMP-002380,ACC-001089,ACC-000354,111627.64,2026-07-28 11:27:41,2
TXN-0005409,CMP-002380,ACC-000354,ACC-000182,102860.32,2026-07-28 17:26:41,3
TXN-0005410,CMP-002381,ACC-000222,ACC-000143,519.04,2026-07-12 22:51:10,1
TXN-0005411,CMP-002381,ACC-000143,ACC-000216,505.1,2026-07-13 02:14:10,2
TXN-0005412,CMP-002382,ACC-000441,ACC-000567,3256.4,2026-08-09 04:12:25,1
TXN-0005413,CMP-002382,ACC-000567,ACC-000031,3057.05,2026-08-09 05:49:25,2
TXN-0005414,CMP-002383,ACC-000436,ACC-000014,509951.11,2026-08-18 19:57:22,1
TXN-0005415,CMP-002383,ACC-000014,ACC-000074,490158.37,2026-08-18 23:15:22,2
TXN-0005416,CMP-002383,ACC-000074,ACC-000127,475107.71,2026-08-19 05:10:22,3
TXN-0005417,CMP-002383,ACC-000127,ACC-000019,462301.6,2026-08-19 09:39:22,4
TXN-0005418,CMP-002384,ACC-000523,ACC-000007,17956.82,2026-08-16 02:44:04,1
TXN-0005419,CMP-002384,ACC-000007,ACC-000197,16652.63,2026-08-16 06:08:04,2
TXN-0005420,CMP-002384,ACC-000197,ACC-000196,16346.03,2026-08-16 10:03:04,3
TXN-0005421,CMP-002385,ACC-000575,ACC-000110,12073.7,2026-07-26 16:34:11,1
TXN-0005422,CMP-002385,ACC-000110,ACC-000013,11905.43,2026-07-26 17:14:11,2
TXN-0005423,CMP-002385,ACC-000013,ACC-000114,11612.27,2026-07-26 19:39:11,3
TXN-0005424,CMP-002386,ACC-001140,ACC-000108,284442.81,2026-08-13 06:43:29,1
TXN-0005425,CMP-002386,ACC-000108,ACC-000091,269400.14,2026-08-13 11:33:29,2
TXN-0005426,CMP-002388,ACC-001111,ACC-000249,2538.67,2026-06-01 08:54:44,1
TXN-0005427,CMP-002388,ACC-000249,ACC-001195,2459.58,2026-06-01 14:30:44,2
TXN-0005428,CMP-002388,ACC-001195,ACC-000159,2428.94,2026-06-01 15:01:44,3
TXN-0005429,CMP-002389,ACC-000252,ACC-000301,131312.45,2026-06-13 15:32:22,1
TXN-0005430,CMP-002389,ACC-000301,ACC-000172,122661.7,2026-06-13 16:42:22,2
TXN-0005431,CMP-002390,ACC-000398,ACC-000019,1952.62,2026-06-26 01:33:43,1
TXN-0005432,CMP-002390,ACC-000019,ACC-000083,1902.95,2026-06-26 06:36:43,2
TXN-0005433,CMP-002390,ACC-000083,ACC-000489,1768.32,2026-06-26 11:50:43,3
TXN-0005434,CMP-002391,ACC-000391,ACC-000191,10715.23,2026-07-20 03:26:27,1
TXN-0005435,CMP-002391,ACC-000191,ACC-001042,10277.91,2026-07-20 08:01:27,2
TXN-0005436,CMP-002391,ACC-001042,ACC-000122,9878.72,2026-07-20 11:32:27,3
TXN-0005437,CMP-002391,ACC-000122,ACC-000210,9251.31,2026-07-20 14:55:27,4
TXN-0005438,CMP-002393,ACC-000900,ACC-000911,2231.81,2026-07-20 20:04:36,1
TXN-0005439,CMP-002393,ACC-000911,ACC-000045,2134.4,2026-07-21 00:14:36,2
TXN-0005440,CMP-002394,ACC-000730,ACC-000329,222.09,2026-06-14 11:36:45,1
TXN-0005441,CMP-002395,ACC-000798,ACC-000087,83283.47,2026-07-05 04:27:32,1
TXN-0005442,CMP-002395,ACC-000087,ACC-000184,77706.65,2026-07-05 04:59:32,2
TXN-0005443,CMP-002395,ACC-000184,ACC-000145,73122.81,2026-07-05 07:59:32,3
TXN-0005444,CMP-002395,ACC-000145,ACC-000115,70143.09,2026-07-05 08:36:32,4
TXN-0005445,CMP-002396,ACC-000960,ACC-000075,35021.65,2026-08-04 07:00:34,1
TXN-0005446,CMP-002396,ACC-000075,ACC-000124,34357.85,2026-08-04 09:10:34,2
TXN-0005447,CMP-002396,ACC-000124,ACC-000214,32527.54,2026-08-04 09:18:34,3
TXN-0005448,CMP-002397,ACC-001083,ACC-000132,5711.69,2026-06-30 00:41:11,1
TXN-0005449,CMP-002397,ACC-000132,ACC-000129,5525.02,2026-06-30 00:55:11,2
TXN-0005450,CMP-002397,ACC-000129,ACC-000017,5226.92,2026-06-30 05:13:11,3
TXN-0005451,CMP-002397,ACC-000017,ACC-000102,5134.64,2026-06-30 09:18:11,4
TXN-0005452,CMP-002398,ACC-000545,ACC-000088,9056.75,2026-07-24 17:50:28,1
TXN-0005453,CMP-002398,ACC-000088,ACC-000078,8581.8,2026-07-24 21:46:28,2
TXN-0005454,CMP-002398,ACC-000078,ACC-000841,8493.93,2026-07-25 01:55:28,3
TXN-0005455,CMP-002399,ACC-001069,ACC-001070,2298.67,2026-07-30 21:33:37,1
TXN-0005456,CMP-002399,ACC-001070,ACC-000462,2198.25,2026-07-30 23:10:37,2
TXN-0005457,CMP-002399,ACC-000462,ACC-000187,2090.04,2026-07-31 03:45:37,3
TXN-0005458,CMP-002400,ACC-001074,ACC-000449,9486.4,2026-08-03 06:00:16,1
TXN-0005459,CMP-002400,ACC-000449,ACC-000045,9350.67,2026-08-03 07:17:16,2
TXN-0005460,CMP-002400,ACC-000045,ACC-000070,8687.59,2026-08-03 13:12:16,3
TXN-0005461,CMP-002401,ACC-000326,ACC-000126,2710.26,2026-06-25 11:35:03,1
TXN-0005462,CMP-002403,ACC-000659,ACC-000093,1597.31,2026-08-01 13:20:10,1
TXN-0005463,CMP-002403,ACC-000093,ACC-000499,1542.18,2026-08-01 15:52:10,2
TXN-0005464,CMP-002404,ACC-000590,ACC-000118,4609.83,2026-08-03 19:21:19,1
TXN-0005465,CMP-002404,ACC-000118,ACC-000154,4439.74,2026-08-03 21:36:19,2
TXN-0005466,CMP-002405,ACC-000850,ACC-000791,821.88,2026-08-19 18:28:30,1
TXN-0005467,CMP-002405,ACC-000791,ACC-000134,774.62,2026-08-19 21:00:30,2
TXN-0005468,CMP-002405,ACC-000134,ACC-000091,741.1,2026-08-20 02:21:30,3
TXN-0005469,CMP-002405,ACC-000091,ACC-000164,683.8,2026-08-20 03:06:30,4
TXN-0005470,CMP-002406,ACC-000534,ACC-000035,30779.42,2026-06-03 09:32:39,1
TXN-0005471,CMP-002406,ACC-000035,ACC-000329,30316.18,2026-06-03 15:03:39,2
TXN-0005472,CMP-002406,ACC-000329,ACC-000204,29354.12,2026-06-03 21:03:39,3
TXN-0005473,CMP-002407,ACC-000661,ACC-000867,2376.51,2026-07-21 18:51:06,1
TXN-0005474,CMP-002407,ACC-000867,ACC-000147,2345.23,2026-07-21 23:48:06,2
TXN-0005475,CMP-002408,ACC-001142,ACC-000502,12368.73,2026-08-01 01:53:06,1
TXN-0005476,CMP-002408,ACC-000502,ACC-000060,11396.48,2026-08-01 06:40:06,2
TXN-0005477,CMP-002410,ACC-000260,ACC-000190,3424.34,2026-06-01 23:54:35,1
TXN-0005478,CMP-002410,ACC-000190,ACC-001197,3349.67,2026-06-02 03:05:35,2
TXN-0005479,CMP-002410,ACC-001197,ACC-000165,3147.66,2026-06-02 03:17:35,3
TXN-0005480,CMP-002410,ACC-000165,ACC-000076,2963.47,2026-06-02 08:47:35,4
TXN-0005481,CMP-002411,ACC-001193,ACC-000008,10150.49,2026-06-11 03:13:38,1
TXN-0005482,CMP-002411,ACC-000008,ACC-000170,9600.96,2026-06-11 06:23:38,2
TXN-0005483,CMP-002411,ACC-000170,ACC-000203,8875.59,2026-06-11 12:05:38,3
TXN-0005484,CMP-002412,ACC-000896,ACC-000132,4987.06,2026-08-24 20:54:38,1
TXN-0005485,CMP-002412,ACC-000132,ACC-000066,4823.69,2026-08-24 21:37:38,2
TXN-0005486,CMP-002413,ACC-000248,ACC-000039,117404.79,2026-07-22 00:46:47,1
TXN-0005487,CMP-002413,ACC-000039,ACC-000190,110756.89,2026-07-22 02:39:47,2
TXN-0005488,CMP-002413,ACC-000190,ACC-000014,106863.08,2026-07-22 04:16:47,3
TXN-0005489,CMP-002414,ACC-000836,ACC-000194,55886.25,2026-06-27 10:07:53,1
TXN-0005490,CMP-002414,ACC-000194,ACC-000120,55287.25,2026-06-27 10:55:53,2
TXN-0005491,CMP-002414,ACC-000120,ACC-000925,53891.36,2026-06-27 15:19:53,3
TXN-0005492,CMP-002414,ACC-000925,ACC-000160,51295.06,2026-06-27 18:14:53,4
TXN-0005493,CMP-002415,ACC-000227,ACC-000161,1465.97,2026-08-12 18:48:15,1
TXN-0005494,CMP-002415,ACC-000161,ACC-000144,1381.25,2026-08-12 22:04:15,2
TXN-0005495,CMP-002416,ACC-000528,ACC-000034,1410.1,2026-08-15 15:01:04,1
TXN-0005496,CMP-002417,ACC-000219,ACC-000116,4823.65,2026-07-17 05:53:55,1
TXN-0005497,CMP-002417,ACC-000116,ACC-000065,4681.55,2026-07-17 11:01:55,2
TXN-0005498,CMP-002418,ACC-000240,ACC-000210,1837.5,2026-08-08 21:43:09,1
TXN-0005499,CMP-002418,ACC-000210,ACC-000216,1814.74,2026-08-09 02:53:09,2
TXN-0005500,CMP-002419,ACC-000855,ACC-000104,2437.51,2026-08-11 13:23:42,1
TXN-0005501,CMP-002419,ACC-000104,ACC-000125,2411.4,2026-08-11 15:15:42,2
TXN-0005502,CMP-002419,ACC-000125,ACC-000119,2376.16,2026-08-11 15:44:42,3
TXN-0005503,CMP-002421,ACC-000846,ACC-000490,30268.77,2026-07-29 22:00:02,1
TXN-0005504,CMP-002422,ACC-000722,ACC-000353,9305.88,2026-07-05 13:38:11,1
TXN-0005505,CMP-002422,ACC-000353,ACC-000001,8654.03,2026-07-05 16:32:11,2
TXN-0005506,CMP-002422,ACC-000001,ACC-000099,8391.21,2026-07-05 19:34:11,3
TXN-0005507,CMP-002423,ACC-000430,ACC-000016,10145.15,2026-07-12 14:31:17,1
TXN-0005508,CMP-002423,ACC-000016,ACC-000133,9721.55,2026-07-12 16:28:17,2
TXN-0005509,CMP-002423,ACC-000133,ACC-000820,9099.96,2026-07-12 18:37:17,3
TXN-0005510,CMP-002423,ACC-000820,ACC-000201,8556.24,2026-07-12 19:18:17,4
TXN-0005511,CMP-002424,ACC-000887,ACC-000133,275683.51,2026-06-23 08:14:56,1
TXN-0005512,CMP-002424,ACC-000133,ACC-001049,270624.22,2026-06-23 08:26:56,2
TXN-0005513,CMP-002425,ACC-000295,ACC-000846,6535.75,2026-07-09 22:51:29,1
TXN-0005514,CMP-002425,ACC-000846,ACC-000153,6403.57,2026-07-10 03:43:29,2
TXN-0005515,CMP-002425,ACC-000153,ACC-000174,6255.99,2026-07-10 09:11:29,3
TXN-0005516,CMP-002426,ACC-001186,ACC-000187,155079.02,2026-06-08 08:33:53,1
TXN-0005517,CMP-002426,ACC-000187,ACC-001161,152107.31,2026-06-08 09:58:53,2
TXN-0005518,CMP-002426,ACC-001161,ACC-000163,147886.42,2026-06-08 15:30:53,3
TXN-0005519,CMP-002428,ACC-000830,ACC-000158,1695.5,2026-07-17 21:21:05,1
TXN-0005520,CMP-002429,ACC-000298,ACC-001154,1475.99,2026-08-05 20:31:40,1
TXN-0005521,CMP-002429,ACC-001154,ACC-000038,1451.54,2026-08-05 20:59:40,2
TXN-0005522,CMP-002429,ACC-000038,ACC-000202,1426.28,2026-08-05 21:28:40,3
TXN-0005523,CMP-002430,ACC-001177,ACC-000073,230781.77,2026-07-21 00:33:37,1
TXN-0005524,CMP-002431,ACC-000272,ACC-000181,911.65,2026-06-13 04:07:44,1
TXN-0005525,CMP-002431,ACC-000181,ACC-000115,853.75,2026-06-13 05:03:44,2
TXN-0005526,CMP-002432,ACC-000314,ACC-000210,1255.66,2026-08-12 06:37:11,1
TXN-0005527,CMP-002432,ACC-000210,ACC-001009,1190.15,2026-08-12 08:14:11,2
TXN-0005528,CMP-002432,ACC-001009,ACC-000049,1100.94,2026-08-12 11:41:11,3
TXN-0005529,CMP-002433,ACC-000593,ACC-001135,6196.64,2026-07-04 01:37:34,1
TXN-0005530,CMP-002433,ACC-001135,ACC-000111,5910.6,2026-07-04 01:56:34,2
TXN-0005531,CMP-002434,ACC-000232,ACC-000179,193709.31,2026-08-19 19:17:56,1
TXN-0005532,CMP-002434,ACC-000179,ACC-000159,191144.4,2026-08-19 21:00:56,2
TXN-0005533,CMP-002436,ACC-000375,ACC-000086,2811.39,2026-08-04 15:57:38,1
TXN-0005534,CMP-002436,ACC-000086,ACC-000103,2770.46,2026-08-04 16:32:38,2
TXN-0005535,CMP-002437,ACC-001008,ACC-000080,112818.63,2026-06-17 23:09:47,1
TXN-0005536,CMP-002437,ACC-000080,ACC-000044,108135.39,2026-06-17 23:26:47,2
TXN-0005537,CMP-002437,ACC-000044,ACC-000430,103694.85,2026-06-18 05:10:47,3
TXN-0005538,CMP-002438,ACC-000788,ACC-000562,17220.04,2026-06-06 00:03:51,1
TXN-0005539,CMP-002438,ACC-000562,ACC-000387,15981.88,2026-06-06 03:22:51,2
TXN-0005540,CMP-002439,ACC-000450,ACC-000043,9411.47,2026-06-11 19:27:59,1
TXN-0005541,CMP-002439,ACC-000043,ACC-000128,8766.94,2026-06-11 21:42:59,2
TXN-0005542,CMP-002440,ACC-000845,ACC-000693,3029.41,2026-08-22 12:52:51,1
TXN-0005543,CMP-002440,ACC-000693,ACC-000092,2987.25,2026-08-22 17:29:51,2
TXN-0005544,CMP-002441,ACC-000328,ACC-000099,10018.15,2026-06-29 13:32:58,1
TXN-0005545,CMP-002441,ACC-000099,ACC-000163,9517.24,2026-06-29 16:26:58,2
TXN-0005546,CMP-002442,ACC-000706,ACC-000007,6876.39,2026-07-09 02:55:28,1
TXN-0005547,CMP-002442,ACC-000007,ACC-000177,6745.38,2026-07-09 05:43:28,2
TXN-0005548,CMP-002443,ACC-000327,ACC-000855,1703.62,2026-08-02 06:09:25,1
TXN-0005549,CMP-002443,ACC-000855,ACC-000516,1641.13,2026-08-02 11:34:25,2
TXN-0005550,CMP-002443,ACC-000516,ACC-000190,1618.01,2026-08-02 16:09:25,3
TXN-0005551,CMP-002443,ACC-000190,ACC-000037,1585.19,2026-08-02 18:55:25,4
TXN-0005552,CMP-002444,ACC-000324,ACC-000332,4940.5,2026-08-26 10:39:53,1
TXN-0005553,CMP-002444,ACC-000332,ACC-000155,4828.09,2026-08-26 12:13:53,2
TXN-0005554,CMP-002445,ACC-001066,ACC-000099,5079.32,2026-07-30 16:57:33,1
TXN-0005555,CMP-002446,ACC-001081,ACC-000035,24053.22,2026-07-04 05:11:02,1
TXN-0005556,CMP-002446,ACC-000035,ACC-001006,23019.66,2026-07-04 08:10:02,2
TXN-0005557,CMP-002446,ACC-001006,ACC-000062,22553.84,2026-07-04 09:27:02,3
TXN-0005558,CMP-002447,ACC-000491,ACC-001156,5321.73,2026-06-10 19:08:14,1
TXN-0005559,CMP-002447,ACC-001156,ACC-000559,5261.75,2026-06-10 21:08:14,2
TXN-0005560,CMP-002448,ACC-000852,ACC-000977,7263.21,2026-08-27 02:08:23,1
TXN-0005561,CMP-002448,ACC-000977,ACC-000649,7095.85,2026-08-27 07:39:23,2
TXN-0005562,CMP-002448,ACC-000649,ACC-000104,6784.25,2026-08-27 11:23:23,3
TXN-0005563,CMP-002448,ACC-000104,ACC-001102,6292.47,2026-08-27 14:36:23,4
TXN-0005564,CMP-002449,ACC-000889,ACC-000205,2953.51,2026-06-16 03:34:06,1
TXN-0005565,CMP-002449,ACC-000205,ACC-001067,2736.41,2026-06-16 04:47:06,2
TXN-0005566,CMP-002449,ACC-001067,ACC-000152,2595.01,2026-06-16 05:46:06,3
TXN-0005567,CMP-002449,ACC-000152,ACC-000154,2550.89,2026-06-16 11:28:06,4
TXN-0005568,CMP-002450,ACC-001157,ACC-001025,2566.39,2026-07-07 09:28:15,1
TXN-0005569,CMP-002450,ACC-001025,ACC-001027,2397.36,2026-07-07 15:07:15,2
TXN-0005570,CMP-002450,ACC-001027,ACC-000079,2207.67,2026-07-07 15:15:15,3
TXN-0005571,CMP-002450,ACC-000079,ACC-000596,2094.48,2026-07-07 20:50:15,4
TXN-0005572,CMP-002451,ACC-001140,ACC-000026,5730.14,2026-08-18 21:47:39,1
TXN-0005573,CMP-002451,ACC-000026,ACC-000803,5492.04,2026-08-19 00:43:39,2
TXN-0005574,CMP-002452,ACC-001012,ACC-000133,75856.36,2026-07-13 15:51:07,1
TXN-0005575,CMP-002452,ACC-000133,ACC-000103,73186.64,2026-07-13 20:07:07,2
TXN-0005576,CMP-002453,ACC-000836,ACC-000116,1471.34,2026-07-05 17:13:44,1
TXN-0005577,CMP-002453,ACC-000116,ACC-000130,1453.97,2026-07-05 22:51:44,2
TXN-0005578,CMP-002453,ACC-000130,ACC-000115,1412.93,2026-07-05 23:11:44,3
TXN-0005579,CMP-002454,ACC-000237,ACC-000052,24514.64,2026-06-28 13:32:16,1
TXN-0005580,CMP-002454,ACC-000052,ACC-000347,23658.82,2026-06-28 14:26:16,2
TXN-0005581,CMP-002455,ACC-000685,ACC-000007,6075.17,2026-08-27 00:01:37,1
TXN-0005582,CMP-002455,ACC-000007,ACC-000043,5653.35,2026-08-27 05:08:37,2
TXN-0005583,CMP-002455,ACC-000043,ACC-000152,5237.28,2026-08-27 10:39:37,3
TXN-0005584,CMP-002456,ACC-000769,ACC-000216,993.54,2026-08-04 13:50:29,1
TXN-0005585,CMP-002456,ACC-000216,ACC-001004,941.43,2026-08-04 19:44:29,2
TXN-0005586,CMP-002456,ACC-001004,ACC-001185,930.19,2026-08-04 19:57:29,3
TXN-0005587,CMP-002457,ACC-000423,ACC-000126,806.06,2026-07-18 18:04:22,1
TXN-0005588,CMP-002457,ACC-000126,ACC-000053,771.77,2026-07-18 21:08:22,2
TXN-0005589,CMP-002457,ACC-000053,ACC-000350,738.23,2026-07-18 23:27:22,3
TXN-0005590,CMP-002458,ACC-000755,ACC-000074,185442.2,2026-08-14 03:01:02,1
TXN-0005591,CMP-002458,ACC-000074,ACC-000840,177081.39,2026-08-14 08:21:02,2
TXN-0005592,CMP-002459,ACC-000301,ACC-000528,4561.34,2026-08-11 21:03:59,1
TXN-0005593,CMP-002460,ACC-000988,ACC-000048,22528.2,2026-06-11 11:44:51,1
TXN-0005594,CMP-002460,ACC-000048,ACC-000066,20931.71,2026-06-11 17:16:51,2
TXN-0005595,CMP-002461,ACC-000436,ACC-000071,3249.75,2026-06-02 12:06:03,1
TXN-0005596,CMP-002461,ACC-000071,ACC-000197,3013.48,2026-06-02 17:55:03,2
TXN-0005597,CMP-002461,ACC-000197,ACC-000009,2896.7,2026-06-02 22:44:03,3
TXN-0005598,CMP-002462,ACC-001145,ACC-000115,1341.88,2026-07-04 02:11:22,1
TXN-0005599,CMP-002462,ACC-000115,ACC-000040,1266.24,2026-07-04 03:05:22,2
TXN-0005600,CMP-002463,ACC-000615,ACC-000162,18554.27,2026-07-17 15:28:50,1
TXN-0005601,CMP-002463,ACC-000162,ACC-001176,17397.63,2026-07-17 19:32:50,2
TXN-0005602,CMP-002464,ACC-000420,ACC-000155,3680.35,2026-06-25 01:26:34,1
TXN-0005603,CMP-002465,ACC-000357,ACC-000079,46907.7,2026-06-28 02:53:39,1
TXN-0005604,CMP-002465,ACC-000079,ACC-000027,43626.54,2026-06-28 07:41:39,2
TXN-0005605,CMP-002466,ACC-000814,ACC-000085,870.98,2026-06-24 03:47:38,1
TXN-0005606,CMP-002467,ACC-001185,ACC-000156,2410.07,2026-08-15 16:51:09,1
TXN-0005607,CMP-002467,ACC-000156,ACC-000025,2304.6,2026-08-15 17:54:09,2
TXN-0005608,CMP-002468,ACC-000985,ACC-000189,18449.13,2026-06-18 05:56:57,1
TXN-0005609,CMP-002468,ACC-000189,ACC-000081,17671.43,2026-06-18 11:27:57,2
TXN-0005610,CMP-002469,ACC-000689,ACC-001190,6485.76,2026-06-15 08:05:48,1
TXN-0005611,CMP-002470,ACC-000383,ACC-000837,1129.81,2026-06-19 13:27:20,1
TXN-0005612,CMP-002470,ACC-000837,ACC-000119,1064.05,2026-06-19 14:26:20,2
TXN-0005613,CMP-002470,ACC-000119,ACC-001148,986.61,2026-06-19 19:27:20,3
TXN-0005614,CMP-002470,ACC-001148,ACC-000024,952.86,2026-06-19 22:01:20,4
TXN-0005615,CMP-002471,ACC-000290,ACC-000057,1451.48,2026-06-09 21:35:05,1
TXN-0005616,CMP-002471,ACC-000057,ACC-000049,1359.27,2026-06-10 00:20:05,2
TXN-0005617,CMP-002471,ACC-000049,ACC-000138,1303.82,2026-06-10 00:29:05,3
TXN-0005618,CMP-002472,ACC-000361,ACC-001020,13329.4,2026-08-07 14:38:42,1
TXN-0005619,CMP-002473,ACC-000410,ACC-000131,2905.16,2026-07-17 17:05:57,1
TXN-0005620,CMP-002473,ACC-000131,ACC-000183,2771.88,2026-07-17 19:19:57,2
TXN-0005621,CMP-002473,ACC-000183,ACC-000086,2550.52,2026-07-17 21:02:57,3
TXN-0005622,CMP-002474,ACC-000999,ACC-000600,9166.49,2026-06-11 17:05:23,1
TXN-0005623,CMP-002474,ACC-000600,ACC-000001,8642.22,2026-06-11 19:41:23,2
TXN-0005624,CMP-002474,ACC-000001,ACC-000120,8292.67,2026-06-11 23:43:23,3
TXN-0005625,CMP-002475,ACC-000609,ACC-000042,364.77,2026-07-11 07:16:24,1
TXN-0005626,CMP-002475,ACC-000042,ACC-000139,341.67,2026-07-11 10:38:24,2
TXN-0005627,CMP-002476,ACC-000333,ACC-000178,3421.95,2026-05-31 06:34:43,1
TXN-0005628,CMP-002476,ACC-000178,ACC-000210,3354.92,2026-05-31 11:21:43,2
TXN-0005629,CMP-002476,ACC-000210,ACC-000059,3250.68,2026-05-31 11:26:43,3
TXN-0005630,CMP-002476,ACC-000059,ACC-000137,3094.4,2026-05-31 12:49:43,4
TXN-0005631,CMP-002477,ACC-000384,ACC-000015,23073.28,2026-07-17 01:18:30,1
TXN-0005632,CMP-002477,ACC-000015,ACC-000113,22840.23,2026-07-17 01:28:30,2
TXN-0005633,CMP-002477,ACC-000113,ACC-000052,22587.92,2026-07-17 06:10:30,3
TXN-0005634,CMP-002478,ACC-000470,ACC-000009,2401.43,2026-06-25 08:45:19,1
TXN-0005635,CMP-002478,ACC-000009,ACC-000579,2237.44,2026-06-25 11:57:19,2
TXN-0005636,CMP-002479,ACC-000323,ACC-000047,837.53,2026-06-10 08:28:24,1
TXN-0005637,CMP-002480,ACC-000670,ACC-000022,3467787.69,2026-06-13 17:40:47,1
TXN-0005638,CMP-002481,ACC-000418,ACC-000099,250114.65,2026-08-15 15:23:17,1
TXN-0005639,CMP-002481,ACC-000099,ACC-000208,245548.0,2026-08-15 17:10:17,2
TXN-0005640,CMP-002482,ACC-000575,ACC-000176,347.61,2026-06-27 20:38:10,1
TXN-0005641,CMP-002482,ACC-000176,ACC-000135,337.96,2026-06-27 22:45:10,2
TXN-0005642,CMP-002483,ACC-000249,ACC-000392,3602.86,2026-06-13 15:14:58,1
TXN-0005643,CMP-002483,ACC-000392,ACC-000192,3368.99,2026-06-13 19:43:58,2
TXN-0005644,CMP-002484,ACC-001147,ACC-000146,1718.23,2026-08-28 12:11:33,1
TXN-0005645,CMP-002485,ACC-000256,ACC-000175,46955.38,2026-07-14 10:48:20,1
TXN-0005646,CMP-002485,ACC-000175,ACC-000096,43386.63,2026-07-14 16:39:20,2
TXN-0005647,CMP-002485,ACC-000096,ACC-001171,41767.46,2026-07-14 17:17:20,3
TXN-0005648,CMP-002486,ACC-000800,ACC-000177,4440.48,2026-07-04 10:59:48,1
TXN-0005649,CMP-002486,ACC-000177,ACC-000187,4299.63,2026-07-04 13:24:48,2
TXN-0005650,CMP-002487,ACC-001167,ACC-000018,624.31,2026-07-22 12:30:57,1
TXN-0005651,CMP-002487,ACC-000018,ACC-000204,586.58,2026-07-22 16:59:57,2
TXN-0005652,CMP-002487,ACC-000204,ACC-000198,559.51,2026-07-22 22:04:57,3
TXN-0005653,CMP-002488,ACC-000795,ACC-000041,4498.51,2026-07-24 10:02:04,1
TXN-0005654,CMP-002488,ACC-000041,ACC-000118,4403.23,2026-07-24 14:19:04,2
TXN-0005655,CMP-002489,ACC-000943,ACC-000010,987.21,2026-08-22 01:51:28,1
TXN-0005656,CMP-002489,ACC-000010,ACC-000016,927.94,2026-08-22 03:43:28,2
TXN-0005657,CMP-002489,ACC-000016,ACC-000727,896.86,2026-08-22 06:32:28,3
TXN-0005658,CMP-002490,ACC-001017,ACC-000167,9839.52,2026-07-14 15:38:45,1
TXN-0005659,CMP-002490,ACC-000167,ACC-000282,9396.89,2026-07-14 21:35:45,2
TXN-0005660,CMP-002490,ACC-000282,ACC-000194,9183.17,2026-07-14 21:46:45,3
TXN-0005661,CMP-002491,ACC-000314,ACC-000212,1451.0,2026-07-17 12:38:12,1
TXN-0005662,CMP-002491,ACC-000212,ACC-000040,1364.72,2026-07-17 18:13:12,2
TXN-0005663,CMP-002491,ACC-000040,ACC-000337,1330.51,2026-07-18 00:05:12,3
TXN-0005664,CMP-002493,ACC-000598,ACC-000049,1944.34,2026-06-13 02:35:42,1
TXN-0005665,CMP-002493,ACC-000049,ACC-000093,1895.1,2026-06-13 03:05:42,2
TXN-0005666,CMP-002493,ACC-000093,ACC-000145,1850.79,2026-06-13 07:12:42,3
TXN-0005667,CMP-002495,ACC-000319,ACC-000025,5110.72,2026-07-19 00:19:02,1
TXN-0005668,CMP-002495,ACC-000025,ACC-000949,4777.93,2026-07-19 04:09:02,2
TXN-0005669,CMP-002496,ACC-001187,ACC-000044,4657.73,2026-06-17 01:59:19,1
TXN-0005670,CMP-002496,ACC-000044,ACC-000172,4435.16,2026-06-17 07:25:19,2
TXN-0005671,CMP-002496,ACC-000172,ACC-001167,4237.1,2026-06-17 09:45:19,3
TXN-0005672,CMP-002496,ACC-001167,ACC-000763,3911.64,2026-06-17 11:08:19,4
TXN-0005673,CMP-002497,ACC-000453,ACC-000063,23651.7,2026-07-08 21:40:16,1
TXN-0005674,CMP-002497,ACC-000063,ACC-000280,22475.99,2026-07-09 02:29:16,2
TXN-0005675,CMP-002497,ACC-000280,ACC-001088,20972.49,2026-07-09 06:50:16,3
TXN-0005676,CMP-002497,ACC-001088,ACC-000483,19800.03,2026-07-09 10:45:16,4
TXN-0005677,CMP-002498,ACC-001132,ACC-000078,5169.83,2026-06-16 14:19:02,1
TXN-0005678,CMP-002498,ACC-000078,ACC-000148,5102.39,2026-06-16 17:40:02,2
TXN-0005679,CMP-002499,ACC-000455,ACC-000023,5397.38,2026-08-16 16:44:02,1
TXN-0005680,CMP-002499,ACC-000023,ACC-000087,5031.99,2026-08-16 19:49:02,2
TXN-0005681,CMP-002500,ACC-001172,ACC-000191,2721.65,2026-06-25 23:57:06,1
TXN-0005682,CMP-002500,ACC-000191,ACC-000046,2623.31,2026-06-26 04:22:06,2
TXN-0005683,CMP-002501,ACC-000585,ACC-000095,2665.47,2026-07-24 11:29:53,1
TXN-0005684,CMP-002501,ACC-000095,ACC-000134,2491.79,2026-07-24 13:14:53,2
TXN-0005685,CMP-002501,ACC-000134,ACC-000170,2397.69,2026-07-24 16:10:53,3
TXN-0005686,CMP-002502,ACC-000644,ACC-000004,3079.62,2026-06-29 00:11:51,1
TXN-0005687,CMP-002502,ACC-000004,ACC-000794,2974.44,2026-06-29 03:14:51,2
TXN-0005688,CMP-002502,ACC-000794,ACC-000184,2770.53,2026-06-29 08:13:51,3
TXN-0005689,CMP-002503,ACC-000543,ACC-000848,6435.04,2026-06-14 01:54:32,1
TXN-0005690,CMP-002503,ACC-000848,ACC-000025,6301.84,2026-06-14 05:55:32,2
TXN-0005691,CMP-002504,ACC-000975,ACC-000080,290413.82,2026-06-25 07:09:03,1
TXN-0005692,CMP-002504,ACC-000080,ACC-000167,271117.96,2026-06-25 07:40:03,2
TXN-0005693,CMP-002504,ACC-000167,ACC-000880,261265.65,2026-06-25 07:46:03,3
TXN-0005694,CMP-002504,ACC-000880,ACC-000994,246433.3,2026-06-25 09:10:03,4
TXN-0005695,CMP-002505,ACC-000490,ACC-000877,4744.53,2026-08-02 19:15:24,1
TXN-0005696,CMP-002505,ACC-000877,ACC-000046,4466.52,2026-08-02 23:25:24,2
TXN-0005697,CMP-002506,ACC-001035,ACC-000057,410.3,2026-06-08 21:49:03,1
TXN-0005698,CMP-002506,ACC-000057,ACC-000086,396.58,2026-06-09 01:49:03,2
TXN-0005699,CMP-002507,ACC-000538,ACC-000057,2329.25,2026-06-14 01:09:15,1
TXN-0005700,CMP-002508,ACC-000462,ACC-000196,5720.39,2026-06-06 16:55:00,1
TXN-0005701,CMP-002508,ACC-000196,ACC-001110,5391.41,2026-06-06 22:39:00,2
TXN-0005702,CMP-002508,ACC-001110,ACC-000029,4967.58,2026-06-07 01:27:00,3
TXN-0005703,CMP-002508,ACC-000029,ACC-000043,4674.21,2026-06-07 02:43:00,4
TXN-0005704,CMP-002509,ACC-000388,ACC-000008,1381.57,2026-08-10 21:04:26,1
TXN-0005705,CMP-002509,ACC-000008,ACC-000078,1307.25,2026-08-10 21:57:26,2
TXN-0005706,CMP-002510,ACC-000904,ACC-000048,5257.39,2026-07-23 02:17:35,1
TXN-0005707,CMP-002510,ACC-000048,ACC-000069,5092.54,2026-07-23 04:25:35,2
TXN-0005708,CMP-002511,ACC-000266,ACC-000600,9808.31,2026-07-27 08:10:01,1
TXN-0005709,CMP-002511,ACC-000600,ACC-000092,9277.53,2026-07-27 12:39:01,2
TXN-0005710,CMP-002511,ACC-000092,ACC-000203,8652.95,2026-07-27 15:41:01,3
TXN-0005711,CMP-002512,ACC-001022,ACC-000142,5680.63,2026-08-03 13:12:07,1
TXN-0005712,CMP-002513,ACC-000623,ACC-000032,1218.69,2026-06-20 19:59:55,1
TXN-0005713,CMP-002513,ACC-000032,ACC-000168,1180.98,2026-06-20 21:22:55,2
TXN-0005714,CMP-002513,ACC-000168,ACC-000177,1107.7,2026-06-20 21:44:55,3
TXN-0005715,CMP-002513,ACC-000177,ACC-000123,1024.84,2026-06-21 01:03:55,4
TXN-0005716,CMP-002514,ACC-000784,ACC-000068,263.85,2026-07-23 15:31:17,1
TXN-0005717,CMP-002514,ACC-000068,ACC-000049,261.21,2026-07-23 18:48:17,2
TXN-0005718,CMP-002514,ACC-000049,ACC-000487,244.8,2026-07-23 22:00:17,3
TXN-0005719,CMP-002515,ACC-001186,ACC-000117,5675.0,2026-07-14 06:19:32,1
TXN-0005720,CMP-002515,ACC-000117,ACC-000139,5352.4,2026-07-14 07:12:32,2
TXN-0005721,CMP-002515,ACC-000139,ACC-000151,5252.36,2026-07-14 09:34:32,3
TXN-0005722,CMP-002516,ACC-000682,ACC-000049,428312.62,2026-08-24 14:55:02,1
TXN-0005723,CMP-002516,ACC-000049,ACC-000568,395353.53,2026-08-24 20:37:02,2
TXN-0005724,CMP-002516,ACC-000568,ACC-000178,368415.35,2026-08-24 21:08:02,3
TXN-0005725,CMP-002516,ACC-000178,ACC-000002,342596.73,2026-08-24 23:18:02,4
TXN-0005726,CMP-002517,ACC-000726,ACC-000205,11562.98,2026-08-18 17:38:27,1
TXN-0005727,CMP-002517,ACC-000205,ACC-001065,10829.9,2026-08-18 21:10:27,2
TXN-0005728,CMP-002518,ACC-000704,ACC-000192,3209.38,2026-08-10 21:15:53,1
TXN-0005729,CMP-002519,ACC-000922,ACC-000100,1854.07,2026-08-26 00:23:44,1
TXN-0005730,CMP-002519,ACC-000100,ACC-000202,1822.89,2026-08-26 06:08:44,2
TXN-0005731,CMP-002520,ACC-000806,ACC-000008,2376.83,2026-06-07 17:33:59,1
TXN-0005732,CMP-002520,ACC-000008,ACC-000060,2279.28,2026-06-07 19:25:59,2
TXN-0005733,CMP-002521,ACC-000396,ACC-000164,4205.18,2026-08-02 17:39:44,1
TXN-0005734,CMP-002521,ACC-000164,ACC-000043,4078.19,2026-08-02 19:30:44,2
TXN-0005735,CMP-002521,ACC-000043,ACC-001197,3809.73,2026-08-03 00:03:44,3
TXN-0005736,CMP-002522,ACC-000604,ACC-000081,3259.1,2026-08-10 11:24:39,1
TXN-0005737,CMP-002522,ACC-000081,ACC-000008,3004.36,2026-08-10 15:21:39,2
TXN-0005738,CMP-002523,ACC-000589,ACC-000065,3207.21,2026-07-08 09:30:46,1
TXN-0005739,CMP-002523,ACC-000065,ACC-000922,3167.59,2026-07-08 09:54:46,2
TXN-0005740,CMP-002523,ACC-000922,ACC-000078,3032.79,2026-07-08 13:22:46,3
TXN-0005741,CMP-002524,ACC-001145,ACC-000130,2244739.77,2026-08-01 17:22:55,1
TXN-0005742,CMP-002524,ACC-000130,ACC-000214,2102908.53,2026-08-01 17:58:55,2
TXN-0005743,CMP-002524,ACC-000214,ACC-000104,1944107.76,2026-08-01 18:56:55,3
TXN-0005744,CMP-002525,ACC-000876,ACC-000883,952.45,2026-06-26 21:05:17,1
TXN-0005745,CMP-002525,ACC-000883,ACC-000459,915.71,2026-06-27 02:53:17,2
TXN-0005746,CMP-002526,ACC-000425,ACC-000211,1214.2,2026-06-01 21:56:52,1
TXN-0005747,CMP-002526,ACC-000211,ACC-000159,1128.42,2026-06-01 23:14:52,2
TXN-0005748,CMP-002526,ACC-000159,ACC-000058,1070.62,2026-06-02 00:20:52,3
TXN-0005749,CMP-002526,ACC-000058,ACC-000037,1042.79,2026-06-02 05:50:52,4
TXN-0005750,CMP-002527,ACC-000320,ACC-000060,831.7,2026-07-03 15:05:32,1
TXN-0005751,CMP-002528,ACC-000813,ACC-000071,1496.21,2026-08-13 05:01:36,1
TXN-0005752,CMP-002528,ACC-000071,ACC-000039,1394.45,2026-08-13 10:43:36,2
TXN-0005753,CMP-002528,ACC-000039,ACC-000061,1347.54,2026-08-13 13:38:36,3
TXN-0005754,CMP-002529,ACC-000695,ACC-000216,12920.11,2026-07-02 10:58:17,1
TXN-0005755,CMP-002529,ACC-000216,ACC-000149,11991.93,2026-07-02 15:11:17,2
TXN-0005756,CMP-002529,ACC-000149,ACC-000621,11526.49,2026-07-02 19:41:17,3
TXN-0005757,CMP-002530,ACC-000389,ACC-000842,1346.45,2026-06-26 20:27:20,1
TXN-0005758,CMP-002530,ACC-000842,ACC-000441,1293.4,2026-06-26 23:37:20,2
TXN-0005759,CMP-002531,ACC-000362,ACC-000172,5017.02,2026-06-11 02:12:13,1
TXN-0005760,CMP-002532,ACC-000841,ACC-000012,1468.06,2026-07-10 01:52:48,1
TXN-0005761,CMP-002532,ACC-000012,ACC-000197,1394.09,2026-07-10 03:20:48,2
TXN-0005762,CMP-002534,ACC-001155,ACC-000040,8922.5,2026-06-28 21:17:48,1
TXN-0005763,CMP-002534,ACC-000040,ACC-000036,8626.24,2026-06-29 02:14:48,2
TXN-0005764,CMP-002534,ACC-000036,ACC-000042,8458.43,2026-06-29 03:59:48,3
TXN-0005765,CMP-002534,ACC-000042,ACC-000198,7889.7,2026-06-29 06:37:48,4
TXN-0005766,CMP-002535,ACC-001023,ACC-000084,1132.07,2026-08-25 19:34:51,1
TXN-0005767,CMP-002535,ACC-000084,ACC-000682,1059.18,2026-08-26 00:06:51,2
TXN-0005768,CMP-002537,ACC-000969,ACC-000151,1065.47,2026-06-28 07:11:41,1
TXN-0005769,CMP-002537,ACC-000151,ACC-000108,1008.93,2026-06-28 11:24:41,2
TXN-0005770,CMP-002537,ACC-000108,ACC-000201,969.24,2026-06-28 13:58:41,3
TXN-0005771,CMP-002537,ACC-000201,ACC-000955,949.47,2026-06-28 19:54:41,4
TXN-0005772,CMP-002538,ACC-000583,ACC-000130,482.91,2026-06-09 05:50:18,1
TXN-0005773,CMP-002538,ACC-000130,ACC-000008,457.39,2026-06-09 11:40:18,2
TXN-0005774,CMP-002539,ACC-001036,ACC-001093,3227.67,2026-07-22 05:19:34,1
TXN-0005775,CMP-002539,ACC-001093,ACC-000084,3126.29,2026-07-22 10:38:34,2
TXN-0005776,CMP-002540,ACC-000331,ACC-000004,2053.38,2026-08-26 20:35:41,1
TXN-0005777,CMP-002540,ACC-000004,ACC-000226,2016.29,2026-08-26 22:39:41,2
TXN-0005778,CMP-002541,ACC-000733,ACC-000015,1139.51,2026-07-04 22:13:14,1
TXN-0005779,CMP-002541,ACC-000015,ACC-000107,1109.17,2026-07-05 03:14:14,2
TXN-0005780,CMP-002541,ACC-000107,ACC-000093,1046.86,2026-07-05 07:25:14,3
TXN-0005781,CMP-002542,ACC-000733,ACC-000092,5237.35,2026-07-06 07:37:40,1
TXN-0005782,CMP-002542,ACC-000092,ACC-000198,5074.31,2026-07-06 09:19:40,2
TXN-0005783,CMP-002542,ACC-000198,ACC-000090,4669.96,2026-07-06 12:59:40,3
TXN-0005784,CMP-002543,ACC-000502,ACC-000190,31045.19,2026-06-08 14:43:01,1
TXN-0005785,CMP-002543,ACC-000190,ACC-000019,30124.29,2026-06-08 17:47:01,2
TXN-0005786,CMP-002543,ACC-000019,ACC-000128,27920.94,2026-06-08 22:32:01,3
TXN-0005787,CMP-002544,ACC-000306,ACC-000158,4512.89,2026-08-15 15:38:53,1
TXN-0005788,CMP-002544,ACC-000158,ACC-000088,4195.9,2026-08-15 21:21:53,2
TXN-0005789,CMP-002544,ACC-000088,ACC-000064,3958.02,2026-08-15 22:32:53,3
TXN-0005790,CMP-002544,ACC-000064,ACC-000008,3863.82,2026-08-16 04:02:53,4
TXN-0005791,CMP-002545,ACC-000853,ACC-000033,1728.32,2026-08-09 06:05:19,1
TXN-0005792,CMP-002546,ACC-001063,ACC-000194,32061.84,2026-06-11 22:09:16,1
TXN-0005793,CMP-002546,ACC-000194,ACC-000017,30635.67,2026-06-12 03:45:16,2
TXN-0005794,CMP-002548,ACC-000883,ACC-000090,3326.13,2026-08-13 22:13:49,1
TXN-0005795,CMP-002548,ACC-000090,ACC-000093,3099.74,2026-08-14 00:45:49,2
TXN-0005796,CMP-002549,ACC-000921,ACC-000174,2003.44,2026-08-06 11:06:27,1
TXN-0005797,CMP-002549,ACC-000174,ACC-000070,1932.07,2026-08-06 13:42:27,2
TXN-0005798,CMP-002549,ACC-000070,ACC-001046,1894.96,2026-08-06 19:27:27,3
TXN-0005799,CMP-002549,ACC-001046,ACC-001197,1845.03,2026-08-06 21:18:27,4
TXN-0005800,CMP-002550,ACC-000379,ACC-000202,5218.08,2026-06-13 06:20:44,1
TXN-0005801,CMP-002550,ACC-000202,ACC-000163,5108.67,2026-06-13 09:55:44,2
TXN-0005802,CMP-002550,ACC-000163,ACC-000049,5025.52,2026-06-13 15:16:44,3
TXN-0005803,CMP-002551,ACC-000226,ACC-000040,2376.01,2026-07-11 09:39:39,1
TXN-0005804,CMP-002551,ACC-000040,ACC-000201,2252.77,2026-07-11 14:44:39,2
TXN-0005805,CMP-002551,ACC-000201,ACC-000215,2159.13,2026-07-11 15:20:39,3
TXN-0005806,CMP-002551,ACC-000215,ACC-000049,2081.02,2026-07-11 18:40:39,4
TXN-0005807,CMP-002552,ACC-000311,ACC-000343,25996.0,2026-07-22 23:29:44,1
TXN-0005808,CMP-002552,ACC-000343,ACC-000025,24870.22,2026-07-22 23:54:44,2
TXN-0005809,CMP-002552,ACC-000025,ACC-000187,22944.43,2026-07-23 01:08:44,3
TXN-0005810,CMP-002553,ACC-000587,ACC-000158,2801.06,2026-07-11 21:30:24,1
TXN-0005811,CMP-002554,ACC-001163,ACC-000071,126472.56,2026-06-22 11:12:06,1
TXN-0005812,CMP-002554,ACC-000071,ACC-000087,122179.14,2026-06-22 11:48:06,2
TXN-0005813,CMP-002554,ACC-000087,ACC-000054,114049.83,2026-06-22 12:29:06,3
TXN-0005814,CMP-002555,ACC-000248,ACC-000036,2448.88,2026-08-22 00:56:12,1
TXN-0005815,CMP-002555,ACC-000036,ACC-000061,2267.64,2026-08-22 01:38:12,2
TXN-0005816,CMP-002555,ACC-000061,ACC-000164,2192.78,2026-08-22 04:03:12,3
TXN-0005817,CMP-002555,ACC-000164,ACC-000067,2028.88,2026-08-22 07:06:12,4
TXN-0005818,CMP-002556,ACC-000746,ACC-000109,710.76,2026-06-10 12:49:22,1
TXN-0005819,CMP-002556,ACC-000109,ACC-000050,692.25,2026-06-10 16:41:22,2
TXN-0005820,CMP-002557,ACC-000598,ACC-000216,7728.79,2026-08-24 01:49:46,1
TXN-0005821,CMP-002557,ACC-000216,ACC-000110,7417.14,2026-08-24 02:55:46,2
TXN-0005822,CMP-002558,ACC-000387,ACC-000105,4737.24,2026-08-21 02:27:44,1
TXN-0005823,CMP-002559,ACC-000329,ACC-000461,48183.53,2026-06-24 02:35:23,1
TXN-0005824,CMP-002560,ACC-000801,ACC-000193,779.99,2026-06-12 01:04:33,1
TXN-0005825,CMP-002560,ACC-000193,ACC-000029,770.2,2026-06-12 01:14:33,2
TXN-0005826,CMP-002561,ACC-000277,ACC-000054,69705.89,2026-06-03 10:13:33,1
TXN-0005827,CMP-002561,ACC-000054,ACC-000185,65041.34,2026-06-03 10:21:33,2
TXN-0005828,CMP-002562,ACC-000653,ACC-000423,2318.14,2026-06-09 20:05:02,1
TXN-0005829,CMP-002562,ACC-000423,ACC-000110,2221.74,2026-06-09 23:53:02,2
TXN-0005830,CMP-002563,ACC-001043,ACC-000205,7400.51,2026-08-24 12:33:06,1
TXN-0005831,CMP-002563,ACC-000205,ACC-000555,6828.66,2026-08-24 18:22:06,2
TXN-0005832,CMP-002564,ACC-000583,ACC-000082,884.33,2026-06-24 18:32:41,1
TXN-0005833,CMP-002564,ACC-000082,ACC-000693,863.81,2026-06-24 23:49:41,2
TXN-0005834,CMP-002564,ACC-000693,ACC-000129,804.67,2026-06-25 05:13:41,3
TXN-0005835,CMP-002565,ACC-000608,ACC-000188,9886.03,2026-06-15 11:22:11,1
TXN-0005836,CMP-002566,ACC-000882,ACC-000121,16581.39,2026-07-21 20:36:15,1
TXN-0005837,CMP-002566,ACC-000121,ACC-000137,15600.6,2026-07-21 23:30:15,2
TXN-0005838,CMP-002567,ACC-000374,ACC-000107,6829.12,2026-07-03 15:11:19,1
TXN-0005839,CMP-002567,ACC-000107,ACC-000173,6684.27,2026-07-03 17:38:19,2
TXN-0005840,CMP-002568,ACC-000262,ACC-000999,634.46,2026-06-11 16:57:48,1
TXN-0005841,CMP-002569,ACC-001125,ACC-000170,9022.73,2026-08-12 22:22:23,1
TXN-0005842,CMP-002569,ACC-000170,ACC-000028,8719.8,2026-08-13 02:20:23,2
TXN-0005843,CMP-002570,ACC-000496,ACC-000179,4395.56,2026-07-12 00:34:52,1
TXN-0005844,CMP-002571,ACC-000945,ACC-000003,1345.09,2026-08-20 09:56:51,1
TXN-0005845,CMP-002572,ACC-001005,ACC-000056,8814.39,2026-06-23 03:00:31,1
TXN-0005846,CMP-002573,ACC-000712,ACC-000199,2317.78,2026-07-21 16:35:07,1
TXN-0005847,CMP-002575,ACC-001093,ACC-000153,1514.65,2026-06-17 22:04:03,1
TXN-0005848,CMP-002575,ACC-000153,ACC-000239,1475.74,2026-06-17 22:53:03,2
TXN-0005849,CMP-002575,ACC-000239,ACC-000678,1414.98,2026-06-17 22:58:03,3
TXN-0005850,CMP-002576,ACC-000755,ACC-000115,68020.4,2026-06-08 12:02:26,1
TXN-0005851,CMP-002576,ACC-000115,ACC-000132,62677.04,2026-06-08 16:37:26,2
TXN-0005852,CMP-002577,ACC-000403,ACC-000063,1654.93,2026-08-02 10:45:38,1
TXN-0005853,CMP-002577,ACC-000063,ACC-000172,1638.08,2026-08-02 14:29:38,2
TXN-0005854,CMP-002577,ACC-000172,ACC-000037,1546.06,2026-08-02 14:44:38,3
TXN-0005855,CMP-002578,ACC-000343,ACC-000811,1085.54,2026-07-07 05:29:48,1
TXN-0005856,CMP-002578,ACC-000811,ACC-000165,1046.24,2026-07-07 07:09:48,2
TXN-0005857,CMP-002579,ACC-000951,ACC-000959,10125.83,2026-06-08 10:45:25,1
TXN-0005858,CMP-002579,ACC-000959,ACC-000185,9730.44,2026-06-08 13:17:25,2
TXN-0005859,CMP-002580,ACC-000618,ACC-000213,150856.09,2026-06-24 07:27:06,1
TXN-0005860,CMP-002580,ACC-000213,ACC-000002,148846.23,2026-06-24 12:44:06,2
TXN-0005861,CMP-002581,ACC-001070,ACC-000588,1857.43,2026-07-28 13:05:44,1
TXN-0005862,CMP-002581,ACC-000588,ACC-000189,1736.2,2026-07-28 17:22:44,2
TXN-0005863,CMP-002581,ACC-000189,ACC-000155,1599.05,2026-07-28 18:35:44,3
TXN-0005864,CMP-002583,ACC-000574,ACC-000793,1645.75,2026-06-26 19:27:36,1
TXN-0005865,CMP-002583,ACC-000793,ACC-001147,1564.65,2026-06-26 22:42:36,2
TXN-0005866,CMP-002584,ACC-000974,ACC-000004,33091.61,2026-08-16 14:53:09,1
TXN-0005867,CMP-002584,ACC-000004,ACC-000186,31265.25,2026-08-16 20:38:09,2
TXN-0005868,CMP-002584,ACC-000186,ACC-000593,29152.2,2026-08-16 23:27:09,3
TXN-0005869,CMP-002585,ACC-000418,ACC-000277,3048.7,2026-06-30 19:21:05,1
TXN-0005870,CMP-002585,ACC-000277,ACC-000030,2923.29,2026-06-30 23:12:05,2
TXN-0005871,CMP-002586,ACC-000770,ACC-000202,50673.32,2026-07-09 16:04:54,1
TXN-0005872,CMP-002586,ACC-000202,ACC-000925,47537.14,2026-07-09 20:21:54,2
TXN-0005873,CMP-002587,ACC-000866,ACC-000025,5282.74,2026-07-05 09:33:39,1
TXN-0005874,CMP-002587,ACC-000025,ACC-000118,4893.03,2026-07-05 09:39:39,2
TXN-0005875,CMP-002588,ACC-001040,ACC-000199,201971.36,2026-07-10 13:16:23,1
TXN-0005876,CMP-002588,ACC-000199,ACC-001175,196677.79,2026-07-10 13:25:23,2
TXN-0005877,CMP-002588,ACC-001175,ACC-000018,181282.08,2026-07-10 17:27:23,3
TXN-0005878,CMP-002589,ACC-000640,ACC-000091,5988.1,2026-08-15 00:23:04,1
TXN-0005879,CMP-002589,ACC-000091,ACC-000126,5618.34,2026-08-15 02:44:04,2
TXN-0005880,CMP-002589,ACC-000126,ACC-000310,5279.27,2026-08-15 07:51:04,3
TXN-0005881,CMP-002590,ACC-000583,ACC-000032,144445.57,2026-07-27 14:32:37,1
TXN-0005882,CMP-002590,ACC-000032,ACC-000133,134226.96,2026-07-27 15:30:37,2
TXN-0005883,CMP-002591,ACC-000847,ACC-000899,1348.83,2026-08-06 03:34:47,1
TXN-0005884,CMP-002591,ACC-000899,ACC-000140,1290.33,2026-08-06 06:13:47,2
TXN-0005885,CMP-002591,ACC-000140,ACC-000589,1219.23,2026-08-06 09:07:47,3
TXN-0005886,CMP-002592,ACC-000742,ACC-000100,2364.28,2026-08-09 19:50:10,1
TXN-0005887,CMP-002592,ACC-000100,ACC-001007,2270.49,2026-08-09 21:46:10,2
TXN-0005888,CMP-002592,ACC-001007,ACC-000825,2181.83,2026-08-10 00:11:10,3
TXN-0005889,CMP-002593,ACC-001116,ACC-000106,2105.97,2026-06-14 06:14:01,1
TXN-0005890,CMP-002593,ACC-000106,ACC-000924,1982.26,2026-06-14 08:13:01,2
TXN-0005891,CMP-002594,ACC-001069,ACC-000810,922.26,2026-07-20 16:52:52,1
TXN-0005892,CMP-002594,ACC-000810,ACC-000052,881.54,2026-07-20 20:41:52,2
TXN-0005893,CMP-002594,ACC-000052,ACC-000041,856.57,2026-07-21 01:54:52,3
TXN-0005894,CMP-002595,ACC-000915,ACC-000192,2768.47,2026-08-14 18:09:31,1
TXN-0005895,CMP-002596,ACC-001155,ACC-000189,80941.74,2026-07-04 20:05:16,1
TXN-0005896,CMP-002596,ACC-000189,ACC-000101,76140.13,2026-07-05 01:47:16,2
TXN-0005897,CMP-002596,ACC-000101,ACC-000055,74256.77,2026-07-05 03:13:16,3
TXN-0005898,CMP-002598,ACC-000615,ACC-000647,96114.8,2026-06-21 03:40:02,1
TXN-0005899,CMP-002598,ACC-000647,ACC-000080,94786.48,2026-06-21 07:23:02,2
TXN-0005900,CMP-002598,ACC-000080,ACC-000235,93079.64,2026-06-21 11:16:02,3
TXN-0005901,CMP-002599,ACC-000715,ACC-000029,2008.15,2026-07-25 23:43:41,1
TXN-0005902,CMP-002600,ACC-000955,ACC-000164,577.4,2026-06-12 18:59:52,1
TXN-0005903,CMP-002600,ACC-000164,ACC-000116,544.82,2026-06-13 00:56:52,2
TXN-0005904,CMP-002601,ACC-000761,ACC-000214,3244.43,2026-08-17 06:12:25,1
TXN-0005905,CMP-002601,ACC-000214,ACC-000110,3103.69,2026-08-17 08:28:25,2
TXN-0005906,CMP-002601,ACC-000110,ACC-000154,2940.41,2026-08-17 08:55:25,3
TXN-0005907,CMP-002601,ACC-000154,ACC-000160,2788.42,2026-08-17 11:49:25,4
TXN-0005908,CMP-002602,ACC-000501,ACC-000185,2671.46,2026-07-01 10:58:03,1
TXN-0005909,CMP-002602,ACC-000185,ACC-000171,2544.94,2026-07-01 16:10:03,2
TXN-0005910,CMP-002602,ACC-000171,ACC-000644,2451.43,2026-07-01 18:44:03,3
TXN-0005911,CMP-002603,ACC-001119,ACC-000052,2410.93,2026-07-27 04:13:34,1
TXN-0005912,CMP-002603,ACC-000052,ACC-000996,2380.31,2026-07-27 06:39:34,2
TXN-0005913,CMP-002603,ACC-000996,ACC-000671,2219.77,2026-07-27 11:14:34,3
TXN-0005914,CMP-002603,ACC-000671,ACC-000017,2157.77,2026-07-27 14:16:34,4
TXN-0005915,CMP-002604,ACC-000487,ACC-000069,21465.1,2026-08-15 03:21:54,1
TXN-0005916,CMP-002604,ACC-000069,ACC-000009,20210.03,2026-08-15 06:25:54,2
TXN-0005917,CMP-002605,ACC-000265,ACC-000101,4128.71,2026-08-14 05:26:11,1
TXN-0005918,CMP-002605,ACC-000101,ACC-000160,4030.35,2026-08-14 09:17:11,2
TXN-0005919,CMP-002605,ACC-000160,ACC-000186,3833.88,2026-08-14 12:12:11,3
TXN-0005920,CMP-002606,ACC-000423,ACC-000090,5463.48,2026-06-13 01:49:08,1
TXN-0005921,CMP-002606,ACC-000090,ACC-000167,5173.18,2026-06-13 02:24:08,2
TXN-0005922,CMP-002607,ACC-000905,ACC-000287,1340.44,2026-06-28 01:55:41,1
TXN-0005923,CMP-002607,ACC-000287,ACC-000114,1326.58,2026-06-28 02:47:41,2
TXN-0005924,CMP-002608,ACC-000488,ACC-000136,6782.89,2026-06-13 08:25:18,1
TXN-0005925,CMP-002608,ACC-000136,ACC-000298,6617.94,2026-06-13 09:50:18,2
TXN-0005926,CMP-002609,ACC-001142,ACC-000185,12907.3,2026-06-28 04:59:48,1
TXN-0005927,CMP-002609,ACC-000185,ACC-000153,12201.5,2026-06-28 09:17:48,2
TXN-0005928,CMP-002610,ACC-000760,ACC-000579,1558886.73,2026-06-26 14:44:44,1
TXN-0005929,CMP-002611,ACC-000810,ACC-000845,73684.88,2026-08-02 10:19:06,1
TXN-0005930,CMP-002611,ACC-000845,ACC-000132,71279.97,2026-08-02 12:07:06,2
TXN-0005931,CMP-002612,ACC-000575,ACC-000330,180640.92,2026-07-25 15:35:10,1
TXN-0005932,CMP-002612,ACC-000330,ACC-000942,172181.64,2026-07-25 19:45:10,2
TXN-0005933,CMP-002612,ACC-000942,ACC-000073,158408.89,2026-07-25 21:44:10,3
TXN-0005934,CMP-002612,ACC-000073,ACC-000062,154184.67,2026-07-26 00:13:10,4
TXN-0005935,CMP-002613,ACC-001086,ACC-000032,2989.7,2026-06-16 08:25:22,1
TXN-0005936,CMP-002613,ACC-000032,ACC-000010,2917.45,2026-06-16 14:00:22,2
TXN-0005937,CMP-002613,ACC-000010,ACC-000707,2720.99,2026-06-16 15:59:22,3
TXN-0005938,CMP-002614,ACC-000758,ACC-000096,7192.91,2026-08-24 10:34:16,1
TXN-0005939,CMP-002614,ACC-000096,ACC-000424,6735.48,2026-08-24 13:15:16,2
TXN-0005940,CMP-002615,ACC-000808,ACC-000128,435.48,2026-08-02 06:50:14,1
TXN-0005941,CMP-002615,ACC-000128,ACC-000098,419.8,2026-08-02 08:21:14,2
TXN-0005942,CMP-002616,ACC-000690,ACC-000121,225945.77,2026-06-18 12:47:14,1
TXN-0005943,CMP-002616,ACC-000121,ACC-000756,215846.65,2026-06-18 14:34:14,2
TXN-0005944,CMP-002618,ACC-000253,ACC-000134,6801.5,2026-06-07 04:43:46,1
TXN-0005945,CMP-002618,ACC-000134,ACC-000186,6287.11,2026-06-07 06:50:46,2
TXN-0005946,CMP-002618,ACC-000186,ACC-000083,6182.3,2026-06-07 08:10:46,3
TXN-0005947,CMP-002619,ACC-001073,ACC-000104,9478.74,2026-08-08 05:47:58,1
TXN-0005948,CMP-002619,ACC-000104,ACC-000049,9236.81,2026-08-08 07:47:58,2
TXN-0005949,CMP-002619,ACC-000049,ACC-000021,8874.82,2026-08-08 13:44:58,3
TXN-0005950,CMP-002619,ACC-000021,ACC-000037,8313.97,2026-08-08 16:31:58,4
TXN-0005951,CMP-002620,ACC-000536,ACC-000099,1019.22,2026-07-23 16:16:52,1
TXN-0005952,CMP-002621,ACC-000224,ACC-000148,4922.6,2026-07-02 03:39:20,1
TXN-0005953,CMP-002621,ACC-000148,ACC-000106,4748.04,2026-07-02 04:07:20,2
TXN-0005954,CMP-002622,ACC-000717,ACC-000976,8096.05,2026-06-07 02:31:35,1
TXN-0005955,CMP-002622,ACC-000976,ACC-000215,7904.7,2026-06-07 03:29:35,2
TXN-0005956,CMP-002622,ACC-000215,ACC-000186,7576.58,2026-06-07 05:13:35,3
TXN-0005957,CMP-002622,ACC-000186,ACC-000189,7015.58,2026-06-07 08:46:35,4
TXN-0005958,CMP-002623,ACC-000616,ACC-000075,13709.21,2026-07-16 22:12:27,1
TXN-0005959,CMP-002623,ACC-000075,ACC-000151,13087.73,2026-07-16 22:49:27,2
TXN-0005960,CMP-002623,ACC-000151,ACC-000054,12626.87,2026-07-17 00:44:27,3
TXN-0005961,CMP-002624,ACC-000649,ACC-000135,865.12,2026-08-13 08:27:51,1
TXN-0005962,CMP-002625,ACC-001030,ACC-000172,2407.75,2026-06-09 02:17:54,1
TXN-0005963,CMP-002625,ACC-000172,ACC-000446,2244.17,2026-06-09 03:00:54,2
TXN-0005964,CMP-002626,ACC-000708,ACC-000140,11766.09,2026-08-24 19:57:31,1
TXN-0005965,CMP-002626,ACC-000140,ACC-000058,11173.7,2026-08-24 20:23:31,2
TXN-0005966,CMP-002626,ACC-000058,ACC-000732,10359.98,2026-08-25 00:14:31,3
TXN-0005967,CMP-002627,ACC-000938,ACC-000209,4455.87,2026-08-05 03:56:40,1
TXN-0005968,CMP-002627,ACC-000209,ACC-000064,4159.38,2026-08-05 06:42:40,2
TXN-0005969,CMP-002627,ACC-000064,ACC-001010,3973.01,2026-08-05 07:00:40,3
TXN-0005970,CMP-002628,ACC-000878,ACC-000495,2293.53,2026-08-26 14:27:23,1
TXN-0005971,CMP-002629,ACC-000385,ACC-000514,694.2,2026-06-16 20:27:25,1
TXN-0005972,CMP-002629,ACC-000514,ACC-000040,680.33,2026-06-16 21:05:25,2
TXN-0005973,CMP-002629,ACC-000040,ACC-000190,652.85,2026-06-16 21:53:25,3
TXN-0005974,CMP-002629,ACC-000190,ACC-000065,628.21,2026-06-16 21:58:25,4
TXN-0005975,CMP-002631,ACC-001032,ACC-000033,100242.66,2026-08-07 00:54:44,1
TXN-0005976,CMP-002631,ACC-000033,ACC-000202,98172.2,2026-08-07 03:31:44,2
TXN-0005977,CMP-002633,ACC-000539,ACC-000078,11151.69,2026-07-29 00:02:02,1
TXN-0005978,CMP-002633,ACC-000078,ACC-000228,10449.3,2026-07-29 01:36:02,2
TXN-0005979,CMP-002633,ACC-000228,ACC-000746,9637.54,2026-07-29 03:03:02,3
TXN-0005980,CMP-002633,ACC-000746,ACC-000098,9337.5,2026-07-29 06:58:02,4
TXN-0005981,CMP-002634,ACC-001055,ACC-000005,114662.63,2026-06-14 23:55:21,1
TXN-0005982,CMP-002634,ACC-000005,ACC-000028,106254.48,2026-06-15 04:05:21,2
TXN-0005983,CMP-002634,ACC-000028,ACC-000170,101717.43,2026-06-15 05:14:21,3
TXN-0005984,CMP-002635,ACC-000368,ACC-000013,3886.32,2026-08-11 16:02:50,1
TXN-0005985,CMP-002636,ACC-000824,ACC-000204,1962257.18,2026-08-26 22:38:32,1
TXN-0005986,CMP-002636,ACC-000204,ACC-000174,1837593.21,2026-08-27 04:06:32,2
TXN-0005987,CMP-002636,ACC-000174,ACC-000562,1817026.72,2026-08-27 06:50:32,3
TXN-0005988,CMP-002636,ACC-000562,ACC-000150,1736247.41,2026-08-27 07:54:32,4
TXN-0005989,CMP-002637,ACC-000801,ACC-000186,4570.84,2026-06-12 00:39:47,1
TXN-0005990,CMP-002638,ACC-000464,ACC-000089,1107.29,2026-08-10 07:34:54,1
TXN-0005991,CMP-002638,ACC-000089,ACC-000018,1065.97,2026-08-10 08:50:54,2
TXN-0005992,CMP-002638,ACC-000018,ACC-000534,1026.52,2026-08-10 10:24:54,3
TXN-0005993,CMP-002639,ACC-000991,ACC-000211,2305.61,2026-06-13 09:50:08,1
TXN-0005994,CMP-002639,ACC-000211,ACC-000139,2130.8,2026-06-13 14:51:08,2
TXN-0005995,CMP-002639,ACC-000139,ACC-000180,2031.95,2026-06-13 15:56:08,3
TXN-0005996,CMP-002640,ACC-000569,ACC-000100,7291.04,2026-06-04 14:17:06,1
TXN-0005997,CMP-002640,ACC-000100,ACC-000566,6728.65,2026-06-04 17:30:06,2
TXN-0005998,CMP-002641,ACC-000308,ACC-000170,8451.27,2026-07-23 16:17:35,1
TXN-0005999,CMP-002641,ACC-000170,ACC-000549,8202.95,2026-07-23 19:40:35,2
TXN-0006000,CMP-002641,ACC-000549,ACC-000026,7568.6,2026-07-23 20:00:35,3
TXN-0006001,CMP-002641,ACC-000026,ACC-000085,7324.52,2026-07-23 22:23:35,4
TXN-0006002,CMP-002642,ACC-000909,ACC-000315,796.12,2026-06-21 09:24:36,1
TXN-0006003,CMP-002642,ACC-000315,ACC-000048,755.63,2026-06-21 12:32:36,2
TXN-0006004,CMP-002642,ACC-000048,ACC-000004,705.01,2026-06-21 13:32:36,3
TXN-0006005,CMP-002643,ACC-000691,ACC-000192,13898.35,2026-06-01 19:16:12,1
TXN-0006006,CMP-002643,ACC-000192,ACC-000096,13451.35,2026-06-02 00:25:12,2
TXN-0006007,CMP-002644,ACC-000713,ACC-000513,7921.56,2026-06-30 13:43:28,1
TXN-0006008,CMP-002644,ACC-000513,ACC-000055,7418.11,2026-06-30 16:17:28,2
TXN-0006009,CMP-002644,ACC-000055,ACC-000172,7040.83,2026-06-30 21:13:28,3
TXN-0006010,CMP-002645,ACC-001014,ACC-000126,3600.5,2026-08-02 21:46:01,1
TXN-0006011,CMP-002645,ACC-000126,ACC-000289,3533.78,2026-08-02 22:29:01,2
TXN-0006012,CMP-002646,ACC-000926,ACC-000021,5810.29,2026-08-20 12:08:46,1
TXN-0006013,CMP-002646,ACC-000021,ACC-000134,5464.22,2026-08-20 17:24:46,2
TXN-0006014,CMP-002646,ACC-000134,ACC-000181,5350.15,2026-08-20 19:09:46,3
TXN-0006015,CMP-002647,ACC-001067,ACC-000311,6407.56,2026-06-12 00:01:16,1
TXN-0006016,CMP-002648,ACC-001143,ACC-000597,5037.35,2026-07-24 15:05:21,1
TXN-0006017,CMP-002648,ACC-000597,ACC-000769,4974.72,2026-07-24 16:38:21,2
TXN-0006018,CMP-002648,ACC-000769,ACC-000893,4921.02,2026-07-24 21:30:21,3
TXN-0006019,CMP-002649,ACC-000953,ACC-000156,78900.45,2026-08-21 23:22:10,1
TXN-0006020,CMP-002649,ACC-000156,ACC-000152,74413.56,2026-08-22 02:29:10,2
TXN-0006021,CMP-002650,ACC-001076,ACC-000037,14948.97,2026-08-08 03:05:27,1
TXN-0006022,CMP-002650,ACC-000037,ACC-000656,14687.13,2026-08-08 08:54:27,2
TXN-0006023,CMP-002650,ACC-000656,ACC-000523,13614.7,2026-08-08 14:26:27,3
TXN-0006024,CMP-002652,ACC-000397,ACC-000204,430407.88,2026-08-03 04:32:30,1
TXN-0006025,CMP-002654,ACC-000420,ACC-000071,275110.0,2026-06-10 21:20:21,1
TXN-0006026,CMP-002654,ACC-000071,ACC-000997,254497.48,2026-06-11 01:44:21,2
TXN-0006027,CMP-002655,ACC-000588,ACC-000037,3958.88,2026-08-04 22:35:14,1
TXN-0006028,CMP-002655,ACC-000037,ACC-000285,3714.34,2026-08-05 03:42:14,2
TXN-0006029,CMP-002655,ACC-000285,ACC-000188,3551.04,2026-08-05 09:25:14,3
TXN-0006030,CMP-002655,ACC-000188,ACC-000209,3348.13,2026-08-05 14:06:14,4
TXN-0006031,CMP-002656,ACC-001166,ACC-000167,4525.68,2026-07-14 17:34:51,1
TXN-0006032,CMP-002656,ACC-000167,ACC-000071,4231.53,2026-07-14 21:40:51,2
TXN-0006033,CMP-002656,ACC-000071,ACC-000114,3938.45,2026-07-15 00:53:51,3
TXN-0006034,CMP-002657,ACC-000397,ACC-000119,1505.44,2026-06-12 23:20:15,1
TXN-0006035,CMP-002657,ACC-000119,ACC-000069,1433.35,2026-06-13 04:07:15,2
TXN-0006036,CMP-002657,ACC-000069,ACC-000031,1344.4,2026-06-13 04:23:15,3
TXN-0006037,CMP-002658,ACC-001063,ACC-000205,89537.85,2026-08-27 23:06:06,1
TXN-0006038,CMP-002659,ACC-000710,ACC-000024,103153.44,2026-06-01 12:35:40,1
TXN-0006039,CMP-002659,ACC-000024,ACC-000010,97099.3,2026-06-01 18:16:40,2
TXN-0006040,CMP-002659,ACC-000010,ACC-000201,95893.77,2026-06-01 19:30:40,3
TXN-0006041,CMP-002660,ACC-000777,ACC-001035,277900.88,2026-06-26 19:14:40,1
TXN-0006042,CMP-002661,ACC-000925,ACC-000078,4389.33,2026-08-17 07:53:10,1
TXN-0006043,CMP-002661,ACC-000078,ACC-000093,4069.26,2026-08-17 09:17:10,2
TXN-0006044,CMP-002661,ACC-000093,ACC-000037,3961.1,2026-08-17 14:10:10,3
TXN-0006045,CMP-002662,ACC-000996,ACC-000038,1932.52,2026-08-28 01:12:28,1
TXN-0006046,CMP-002662,ACC-000038,ACC-000121,1792.51,2026-08-28 04:57:28,2
TXN-0006047,CMP-002662,ACC-000121,ACC-000141,1760.13,2026-08-28 07:39:28,3
TXN-0006048,CMP-002663,ACC-000494,ACC-000182,5586.58,2026-07-07 07:42:42,1
TXN-0006049,CMP-002663,ACC-000182,ACC-000465,5457.73,2026-07-07 08:54:42,2
TXN-0006050,CMP-002663,ACC-000465,ACC-000167,5322.12,2026-07-07 13:47:42,3
TXN-0006051,CMP-002664,ACC-000973,ACC-000136,3197.2,2026-07-01 19:21:39,1
TXN-0006052,CMP-002664,ACC-000136,ACC-000054,2946.56,2026-07-01 23:00:39,2
TXN-0006053,CMP-002664,ACC-000054,ACC-000190,2789.53,2026-07-02 02:13:39,3
TXN-0006054,CMP-002666,ACC-000708,ACC-000117,18112.14,2026-07-30 18:58:29,1
TXN-0006055,CMP-002666,ACC-000117,ACC-000072,16789.24,2026-07-30 21:06:29,2
TXN-0006056,CMP-002666,ACC-000072,ACC-000173,16493.16,2026-07-30 22:40:29,3
TXN-0006057,CMP-002666,ACC-000173,ACC-000599,16039.56,2026-07-31 01:00:29,4
TXN-0006058,CMP-002667,ACC-000717,ACC-000438,170882.38,2026-07-27 02:50:47,1
TXN-0006059,CMP-002667,ACC-000438,ACC-000147,164553.11,2026-07-27 02:58:47,2
TXN-0006060,CMP-002669,ACC-000455,ACC-000028,2335.89,2026-07-20 21:15:46,1
TXN-0006061,CMP-002669,ACC-000028,ACC-000666,2178.31,2026-07-20 21:33:46,2
TXN-0006062,CMP-002669,ACC-000666,ACC-000043,2032.26,2026-07-21 00:04:46,3
TXN-0006063,CMP-002670,ACC-000385,ACC-000146,3883.52,2026-06-10 14:32:51,1
TXN-0006064,CMP-002670,ACC-000146,ACC-000088,3776.61,2026-06-10 15:20:51,2
TXN-0006065,CMP-002670,ACC-000088,ACC-000006,3498.56,2026-06-10 18:04:51,3
TXN-0006066,CMP-002670,ACC-000006,ACC-000037,3457.37,2026-06-10 21:17:51,4
TXN-0006067,CMP-002671,ACC-000672,ACC-000141,963.91,2026-08-21 13:13:14,1
TXN-0006068,CMP-002671,ACC-000141,ACC-000209,904.64,2026-08-21 17:46:14,2
TXN-0006069,CMP-002671,ACC-000209,ACC-000172,874.7,2026-08-21 22:41:14,3
TXN-0006070,CMP-002674,ACC-000419,ACC-000025,2920.15,2026-08-14 16:22:30,1
TXN-0006071,CMP-002674,ACC-000025,ACC-000159,2820.18,2026-08-14 18:31:30,2
TXN-0006072,CMP-002675,ACC-000723,ACC-000469,40083.64,2026-06-08 14:07:47,1
TXN-0006073,CMP-002675,ACC-000469,ACC-000145,39567.22,2026-06-08 17:26:47,2
TXN-0006074,CMP-002675,ACC-000145,ACC-000213,37030.94,2026-06-08 19:22:47,3
TXN-0006075,CMP-002676,ACC-000796,ACC-000129,1000.27,2026-07-14 19:37:31,1
TXN-0006076,CMP-002677,ACC-001163,ACC-000019,6420.76,2026-08-03 08:50:41,1
TXN-0006077,CMP-002677,ACC-000019,ACC-000163,5919.59,2026-08-03 12:05:41,2
TXN-0006078,CMP-002678,ACC-000819,ACC-000391,2981.83,2026-06-24 09:00:15,1
TXN-0006079,CMP-002678,ACC-000391,ACC-000198,2807.11,2026-06-24 13:03:15,2
TXN-0006080,CMP-002678,ACC-000198,ACC-000049,2675.49,2026-06-24 18:06:15,3
TXN-0006081,CMP-002678,ACC-000049,ACC-000094,2636.85,2026-06-24 19:45:15,4
TXN-0006082,CMP-002679,ACC-000233,ACC-000146,177395.59,2026-06-26 08:24:42,1
TXN-0006083,CMP-002679,ACC-000146,ACC-000015,166804.54,2026-06-26 13:47:42,2
TXN-0006084,CMP-002680,ACC-000705,ACC-000196,2469.69,2026-07-31 20:32:47,1
TXN-0006085,CMP-002680,ACC-000196,ACC-000574,2291.68,2026-07-31 21:31:47,2
TXN-0006086,CMP-002680,ACC-000574,ACC-000138,2188.41,2026-07-31 22:00:47,3
TXN-0006087,CMP-002681,ACC-000621,ACC-000209,3792.84,2026-06-11 16:11:21,1
TXN-0006088,CMP-002682,ACC-001050,ACC-000255,1829.03,2026-06-28 09:26:59,1
TXN-0006089,CMP-002683,ACC-000510,ACC-000784,1137.94,2026-08-21 18:59:44,1
TXN-0006090,CMP-002683,ACC-000784,ACC-000806,1052.83,2026-08-21 22:31:44,2
TXN-0006091,CMP-002683,ACC-000806,ACC-000191,1033.44,2026-08-22 02:37:44,3
TXN-0006092,CMP-002684,ACC-000311,ACC-000129,482540.7,2026-07-18 19:49:32,1
TXN-0006093,CMP-002684,ACC-000129,ACC-001055,455101.09,2026-07-18 20:28:32,2
TXN-0006094,CMP-002684,ACC-001055,ACC-001103,430482.43,2026-07-19 01:12:32,3
TXN-0006095,CMP-002685,ACC-001035,ACC-000210,726.19,2026-07-31 17:18:11,1
TXN-0006096,CMP-002686,ACC-000241,ACC-000068,95534.54,2026-07-01 06:28:33,1
TXN-0006097,CMP-002686,ACC-000068,ACC-000066,90158.26,2026-07-01 10:53:33,2
TXN-0006098,CMP-002687,ACC-000236,ACC-000330,2908.96,2026-06-29 23:05:46,1
TXN-0006099,CMP-002687,ACC-000330,ACC-000058,2777.42,2026-06-29 23:23:46,2
TXN-0006100,CMP-002687,ACC-000058,ACC-000110,2624.63,2026-06-30 05:23:46,3
TXN-0006101,CMP-002688,ACC-000379,ACC-000445,3892.59,2026-07-29 08:41:17,1
TXN-0006102,CMP-002688,ACC-000445,ACC-000052,3623.73,2026-07-29 12:55:17,2
TXN-0006103,CMP-002688,ACC-000052,ACC-000673,3462.93,2026-07-29 15:10:17,3
TXN-0006104,CMP-002688,ACC-000673,ACC-000072,3413.07,2026-07-29 19:01:17,4
TXN-0006105,CMP-002689,ACC-000862,ACC-000095,491.39,2026-07-04 16:39:04,1
TXN-0006106,CMP-002689,ACC-000095,ACC-000750,467.85,2026-07-04 17:45:04,2
TXN-0006107,CMP-002690,ACC-000287,ACC-000037,2254.39,2026-06-16 09:31:53,1
TXN-0006108,CMP-002690,ACC-000037,ACC-000186,2147.21,2026-06-16 14:37:53,2
TXN-0006109,CMP-002691,ACC-001068,ACC-000026,13711.03,2026-07-29 20:24:01,1
TXN-0006110,CMP-002691,ACC-000026,ACC-000158,12712.38,2026-07-30 00:53:01,2
TXN-0006111,CMP-002692,ACC-000421,ACC-000138,2666.74,2026-06-15 12:09:43,1
TXN-0006112,CMP-002692,ACC-000138,ACC-000781,2570.61,2026-06-15 17:38:43,2
TXN-0006113,CMP-002693,ACC-001032,ACC-000025,2617.71,2026-06-03 20:50:39,1
TXN-0006114,CMP-002693,ACC-000025,ACC-000133,2525.92,2026-06-03 23:33:39,2
TXN-0006115,CMP-002693,ACC-000133,ACC-000213,2383.5,2026-06-04 01:25:39,3
TXN-0006116,CMP-002694,ACC-001000,ACC-001120,1879.45,2026-06-12 19:38:36,1
TXN-0006117,CMP-002694,ACC-001120,ACC-000146,1806.42,2026-06-12 20:38:36,2
TXN-0006118,CMP-002695,ACC-000830,ACC-000178,3318.24,2026-07-05 00:09:05,1
TXN-0006119,CMP-002695,ACC-000178,ACC-000789,3128.62,2026-07-05 01:07:05,2
TXN-0006120,CMP-002695,ACC-000789,ACC-000081,3017.32,2026-07-05 04:13:05,3
TXN-0006121,CMP-002696,ACC-001186,ACC-000203,3934.21,2026-08-18 13:56:26,1
TXN-0006122,CMP-002696,ACC-000203,ACC-000100,3824.48,2026-08-18 15:19:26,2
TXN-0006123,CMP-002697,ACC-000362,ACC-000005,3777.69,2026-06-19 16:28:20,1
TXN-0006124,CMP-002698,ACC-000512,ACC-000854,5532.47,2026-08-06 11:59:38,1
TXN-0006125,CMP-002699,ACC-000634,ACC-001159,10474.76,2026-08-13 16:17:31,1
TXN-0006126,CMP-002699,ACC-001159,ACC-000048,10363.64,2026-08-13 17:22:31,2
TXN-0006127,CMP-002700,ACC-000984,ACC-000188,1763.05,2026-08-10 04:28:45,1
TXN-0006128,CMP-002700,ACC-000188,ACC-000194,1711.89,2026-08-10 04:54:45,2
TXN-0006129,CMP-002700,ACC-000194,ACC-000103,1621.47,2026-08-10 10:20:45,3
TXN-0006130,CMP-002701,ACC-000994,ACC-000032,3601.57,2026-08-12 09:56:15,1
TXN-0006131,CMP-002701,ACC-000032,ACC-000061,3331.64,2026-08-12 10:14:15,2
TXN-0006132,CMP-002702,ACC-000842,ACC-000203,1041.63,2026-07-08 01:29:53,1
TXN-0006133,CMP-002702,ACC-000203,ACC-000465,968.78,2026-07-08 03:09:53,2
TXN-0006134,CMP-002702,ACC-000465,ACC-000145,899.4,2026-07-08 07:12:53,3
TXN-0006135,CMP-002703,ACC-000223,ACC-000555,9118.16,2026-08-01 07:55:03,1
TXN-0006136,CMP-002703,ACC-000555,ACC-000028,8440.16,2026-08-01 10:18:03,2
TXN-0006137,CMP-002703,ACC-000028,ACC-000212,7924.75,2026-08-01 11:54:03,3
TXN-0006138,CMP-002704,ACC-001002,ACC-000188,7876.98,2026-07-20 13:09:51,1
TXN-0006139,CMP-002704,ACC-000188,ACC-000077,7325.9,2026-07-20 17:12:51,2
TXN-0006140,CMP-002704,ACC-000077,ACC-000020,7186.17,2026-07-20 21:36:51,3
TXN-0006141,CMP-002704,ACC-000020,ACC-000187,6812.6,2026-07-21 00:11:51,4
TXN-0006142,CMP-002705,ACC-000372,ACC-000104,2856.18,2026-08-25 07:29:31,1
TXN-0006143,CMP-002705,ACC-000104,ACC-000834,2818.71,2026-08-25 11:51:31,2
TXN-0006144,CMP-002707,ACC-001103,ACC-001066,14348.49,2026-07-12 13:32:37,1
TXN-0006145,CMP-002708,ACC-000396,ACC-000714,3651.74,2026-08-03 21:23:42,1
TXN-0006146,CMP-002708,ACC-000714,ACC-000156,3428.56,2026-08-04 01:56:42,2
TXN-0006147,CMP-002709,ACC-001142,ACC-000117,40507.69,2026-06-02 00:41:23,1
TXN-0006148,CMP-002709,ACC-000117,ACC-000070,37365.31,2026-06-02 01:42:23,2
TXN-0006149,CMP-002709,ACC-000070,ACC-001047,34818.94,2026-06-02 02:40:23,3
TXN-0006150,CMP-002710,ACC-000971,ACC-000056,1892.18,2026-07-16 02:07:34,1
TXN-0006151,CMP-002710,ACC-000056,ACC-000169,1758.33,2026-07-16 04:44:34,2
TXN-0006152,CMP-002711,ACC-001139,ACC-000024,4818.71,2026-06-07 01:58:20,1
TXN-0006153,CMP-002711,ACC-000024,ACC-000211,4483.41,2026-06-07 07:15:20,2
TXN-0006154,CMP-002711,ACC-000211,ACC-000471,4362.58,2026-06-07 12:52:20,3
TXN-0006155,CMP-002712,ACC-000372,ACC-000202,7963.96,2026-06-10 19:50:29,1
TXN-0006156,CMP-002712,ACC-000202,ACC-000024,7419.92,2026-06-11 01:33:29,2
TXN-0006157,CMP-002712,ACC-000024,ACC-000024,6997.8,2026-06-11 03:23:29,3
TXN-0006158,CMP-002713,ACC-000806,ACC-000002,23492.32,2026-08-18 11:55:00,1
TXN-0006159,CMP-002713,ACC-000002,ACC-000085,23228.06,2026-08-18 15:23:00,2
TXN-0006160,CMP-002714,ACC-001038,ACC-000182,3706.12,2026-07-09 20:33:44,1
TXN-0006161,CMP-002715,ACC-001012,ACC-000079,1182.12,2026-06-19 11:29:14,1
TXN-0006162,CMP-002715,ACC-000079,ACC-000733,1115.42,2026-06-19 13:06:14,2
TXN-0006163,CMP-002715,ACC-000733,ACC-000160,1039.57,2026-06-19 17:03:14,3
TXN-0006164,CMP-002716,ACC-001010,ACC-000011,69038.12,2026-06-27 08:26:03,1
TXN-0006165,CMP-002716,ACC-000011,ACC-000146,64707.59,2026-06-27 10:42:03,2
TXN-0006166,CMP-002717,ACC-001031,ACC-000862,2518.43,2026-07-02 19:34:36,1
TXN-0006167,CMP-002717,ACC-000862,ACC-000012,2345.48,2026-07-03 01:21:36,2
TXN-0006168,CMP-002717,ACC-000012,ACC-000178,2295.86,2026-07-03 05:52:36,3
TXN-0006169,CMP-002717,ACC-000178,ACC-000961,2150.05,2026-07-03 09:38:36,4
TXN-0006170,CMP-002718,ACC-000654,ACC-000187,5724.27,2026-06-02 09:27:53,1
TXN-0006171,CMP-002718,ACC-000187,ACC-000013,5423.55,2026-06-02 14:57:53,2
TXN-0006172,CMP-002719,ACC-000546,ACC-000172,8350.71,2026-08-28 12:34:20,1
TXN-0006173,CMP-002719,ACC-000172,ACC-000931,8026.86,2026-08-28 16:12:20,2
TXN-0006174,CMP-002720,ACC-000995,ACC-000178,1600.08,2026-06-04 15:20:43,1
TXN-0006175,CMP-002720,ACC-000178,ACC-000027,1563.27,2026-06-04 17:48:43,2
TXN-0006176,CMP-002722,ACC-000276,ACC-000003,4154.62,2026-08-20 13:05:52,1
TXN-0006177,CMP-002722,ACC-000003,ACC-000153,3854.67,2026-08-20 17:11:52,2
TXN-0006178,CMP-002722,ACC-000153,ACC-000021,3593.93,2026-08-20 22:07:52,3
TXN-0006179,CMP-002723,ACC-000297,ACC-000302,46819.38,2026-08-13 04:07:13,1
TXN-0006180,CMP-002723,ACC-000302,ACC-000371,43926.04,2026-08-13 08:27:13,2
TXN-0006181,CMP-002723,ACC-000371,ACC-001011,43105.49,2026-08-13 13:44:13,3
TXN-0006182,CMP-002724,ACC-001168,ACC-000554,729.7,2026-07-18 23:43:02,1
TXN-0006183,CMP-002724,ACC-000554,ACC-000062,680.2,2026-07-19 04:11:02,2
TXN-0006184,CMP-002724,ACC-000062,ACC-000018,665.26,2026-07-19 09:29:02,3
TXN-0006185,CMP-002725,ACC-001154,ACC-000100,1545.69,2026-07-15 00:51:20,1
TXN-0006186,CMP-002725,ACC-000100,ACC-000047,1500.35,2026-07-15 03:10:20,2
TXN-0006187,CMP-002726,ACC-000260,ACC-000093,1078.31,2026-08-21 22:45:07,1
TXN-0006188,CMP-002726,ACC-000093,ACC-001012,1028.57,2026-08-22 03:58:07,2
TXN-0006189,CMP-002726,ACC-001012,ACC-000001,981.46,2026-08-22 05:11:07,3
TXN-0006190,CMP-002727,ACC-000334,ACC-000034,9974.49,2026-06-04 21:24:42,1
TXN-0006191,CMP-002727,ACC-000034,ACC-000211,9719.14,2026-06-05 00:49:42,2
TXN-0006192,CMP-002727,ACC-000211,ACC-000150,9069.24,2026-06-05 02:29:42,3
TXN-0006193,CMP-002727,ACC-000150,ACC-000133,8504.7,2026-06-05 03:23:42,4
TXN-0006194,CMP-002728,ACC-000346,ACC-000382,1404.05,2026-08-23 13:42:16,1
TXN-0006195,CMP-002728,ACC-000382,ACC-000135,1385.99,2026-08-23 18:50:16,2
TXN-0006196,CMP-002728,ACC-000135,ACC-000684,1285.42,2026-08-23 20:37:16,3
TXN-0006197,CMP-002729,ACC-000481,ACC-000105,7296.68,2026-06-18 21:33:27,1
TXN-0006198,CMP-002730,ACC-000737,ACC-000115,20728.78,2026-07-22 17:51:54,1
TXN-0006199,CMP-002730,ACC-000115,ACC-000114,19378.38,2026-07-22 19:04:54,2
TXN-0006200,CMP-002732,ACC-000875,ACC-000009,1013.29,2026-06-05 07:28:57,1
TXN-0006201,CMP-002732,ACC-000009,ACC-000709,997.94,2026-06-05 08:00:57,2
TXN-0006202,CMP-002732,ACC-000709,ACC-000958,933.29,2026-06-05 13:02:57,3
TXN-0006203,CMP-002733,ACC-000720,ACC-000441,9351.3,2026-07-26 11:26:56,1
TXN-0006204,CMP-002733,ACC-000441,ACC-000145,8835.7,2026-07-26 16:47:56,2
TXN-0006205,CMP-002733,ACC-000145,ACC-001177,8175.37,2026-07-26 21:57:56,3
TXN-0006206,CMP-002734,ACC-000574,ACC-000089,1382.7,2026-06-14 01:03:30,1
TXN-0006207,CMP-002734,ACC-000089,ACC-000268,1340.73,2026-06-14 04:05:30,2
TXN-0006208,CMP-002735,ACC-000834,ACC-000004,2024.61,2026-06-14 23:36:54,1
TXN-0006209,CMP-002735,ACC-000004,ACC-000558,1948.68,2026-06-15 03:15:54,2
TXN-0006210,CMP-002735,ACC-000558,ACC-000004,1809.11,2026-06-15 07:19:54,3
TXN-0006211,CMP-002736,ACC-000217,ACC-000082,949.95,2026-07-11 07:56:52,1
TXN-0006212,CMP-002736,ACC-000082,ACC-000017,881.12,2026-07-11 13:03:52,2
TXN-0006213,CMP-002737,ACC-001070,ACC-000785,1031.57,2026-06-24 05:35:48,1
TXN-0006214,CMP-002737,ACC-000785,ACC-000067,956.55,2026-06-24 08:27:48,2
TXN-0006215,CMP-002737,ACC-000067,ACC-000038,891.85,2026-06-24 11:39:48,3
TXN-0006216,CMP-002738,ACC-000947,ACC-000075,1109.22,2026-07-01 22:50:40,1
TXN-0006217,CMP-002738,ACC-000075,ACC-000144,1094.71,2026-07-01 23:39:40,2
TXN-0006218,CMP-002738,ACC-000144,ACC-000421,1056.96,2026-07-02 01:27:40,3
TXN-0006219,CMP-002739,ACC-000514,ACC-000895,13273.21,2026-08-14 05:38:48,1
TXN-0006220,CMP-002739,ACC-000895,ACC-001087,13140.47,2026-08-14 07:40:48,2
TXN-0006221,CMP-002739,ACC-001087,ACC-000869,12788.03,2026-08-14 09:58:48,3
TXN-0006222,CMP-002740,ACC-000945,ACC-000618,11990.33,2026-08-24 16:05:35,1
TXN-0006223,CMP-002740,ACC-000618,ACC-000077,11302.75,2026-08-24 17:05:35,2
TXN-0006224,CMP-002740,ACC-000077,ACC-000132,10829.34,2026-08-24 18:22:35,3
TXN-0006225,CMP-002740,ACC-000132,ACC-000011,9987.71,2026-08-24 23:03:35,4
TXN-0006226,CMP-002741,ACC-000920,ACC-000204,743.64,2026-08-06 15:24:33,1
TXN-0006227,CMP-002741,ACC-000204,ACC-000161,713.13,2026-08-06 20:22:33,2
TXN-0006228,CMP-002741,ACC-000161,ACC-000309,693.84,2026-08-07 02:06:33,3
TXN-0006229,CMP-002742,ACC-001106,ACC-001010,6607.46,2026-06-01 18:12:50,1
TXN-0006230,CMP-002742,ACC-001010,ACC-000679,6193.94,2026-06-01 21:51:50,2
TXN-0006231,CMP-002743,ACC-000776,ACC-000015,22185.2,2026-07-18 04:35:47,1
TXN-0006232,CMP-002743,ACC-000015,ACC-000134,20537.31,2026-07-18 05:31:47,2
TXN-0006233,CMP-002744,ACC-001086,ACC-000110,739.7,2026-07-22 09:47:40,1
TXN-0006234,CMP-002744,ACC-000110,ACC-001140,692.79,2026-07-22 13:52:40,2
TXN-0006235,CMP-002745,ACC-001016,ACC-000002,9646.5,2026-08-08 18:33:36,1
TXN-0006236,CMP-002745,ACC-000002,ACC-001143,8927.52,2026-08-08 19:33:36,2
TXN-0006237,CMP-002746,ACC-000986,ACC-000654,3100.19,2026-08-28 12:18:34,1
TXN-0006238,CMP-002746,ACC-000654,ACC-000788,3066.43,2026-08-28 16:01:34,2
TXN-0006239,CMP-002746,ACC-000788,ACC-000209,3004.44,2026-08-28 18:25:34,3
TXN-0006240,CMP-002748,ACC-000704,ACC-000159,4516.25,2026-08-15 17:57:26,1
TXN-0006241,CMP-002748,ACC-000159,ACC-000181,4297.93,2026-08-15 23:55:26,2
TXN-0006242,CMP-002749,ACC-000724,ACC-000041,2208.96,2026-08-06 07:49:56,1
TXN-0006243,CMP-002749,ACC-000041,ACC-000656,2088.47,2026-08-06 10:00:56,2
TXN-0006244,CMP-002750,ACC-000433,ACC-000088,5555.94,2026-06-15 04:57:11,1
TXN-0006245,CMP-002750,ACC-000088,ACC-000028,5322.06,2026-06-15 07:21:11,2
TXN-0006246,CMP-002750,ACC-000028,ACC-000039,5221.54,2026-06-15 08:30:11,3
TXN-0006247,CMP-002751,ACC-001050,ACC-000051,7612.18,2026-06-02 15:50:45,1
TXN-0006248,CMP-002751,ACC-000051,ACC-000073,7072.23,2026-06-02 21:32:45,2
TXN-0006249,CMP-002752,ACC-000449,ACC-000169,1295.41,2026-08-04 07:24:18,1
TXN-0006250,CMP-002752,ACC-000169,ACC-000130,1237.76,2026-08-04 11:56:18,2
TXN-0006251,CMP-002753,ACC-000507,ACC-000252,1765.3,2026-07-24 09:47:18,1
TXN-0006252,CMP-002753,ACC-000252,ACC-000010,1690.28,2026-07-24 15:41:18,2
TXN-0006253,CMP-002753,ACC-000010,ACC-000128,1623.56,2026-07-24 20:56:18,3
TXN-0006254,CMP-002754,ACC-000859,ACC-000173,16358.36,2026-07-19 22:09:42,1
TXN-0006255,CMP-002754,ACC-000173,ACC-000209,15432.27,2026-07-20 03:45:42,2
TXN-0006256,CMP-002755,ACC-001133,ACC-000182,3293.14,2026-07-06 23:55:41,1
TXN-0006257,CMP-002755,ACC-000182,ACC-000177,3216.96,2026-07-07 03:43:41,2
TXN-0006258,CMP-002755,ACC-000177,ACC-000212,3176.95,2026-07-07 06:43:41,3
TXN-0006259,CMP-002756,ACC-000410,ACC-000936,1498.16,2026-07-12 05:43:20,1
TXN-0006260,CMP-002756,ACC-000936,ACC-000018,1413.64,2026-07-12 11:24:20,2
TXN-0006261,CMP-002756,ACC-000018,ACC-000061,1353.8,2026-07-12 13:29:20,3
TXN-0006262,CMP-002757,ACC-000427,ACC-000069,2305.82,2026-06-27 21:24:12,1
TXN-0006263,CMP-002757,ACC-000069,ACC-000097,2193.45,2026-06-27 23:13:12,2
TXN-0006264,CMP-002757,ACC-000097,ACC-000099,2112.59,2026-06-28 01:10:12,3
TXN-0006265,CMP-002758,ACC-000658,ACC-000095,8187.8,2026-08-05 21:42:32,1
TXN-0006266,CMP-002758,ACC-000095,ACC-000177,8015.73,2026-08-05 23:02:32,2
TXN-0006267,CMP-002758,ACC-000177,ACC-000209,7683.22,2026-08-06 02:11:32,3
TXN-0006268,CMP-002758,ACC-000209,ACC-000024,7234.88,2026-08-06 05:25:32,4
TXN-0006269,CMP-002759,ACC-000686,ACC-000678,946.96,2026-06-11 14:09:50,1
TXN-0006270,CMP-002759,ACC-000678,ACC-000874,896.42,2026-06-11 16:12:50,2
TXN-0006271,CMP-002760,ACC-000800,ACC-000176,3437.11,2026-06-07 04:28:43,1
TXN-0006272,CMP-002760,ACC-000176,ACC-000102,3302.36,2026-06-07 07:55:43,2
TXN-0006273,CMP-002760,ACC-000102,ACC-000119,3215.37,2026-06-07 08:50:43,3
TXN-0006274,CMP-002760,ACC-000119,ACC-000138,2963.34,2026-06-07 10:21:43,4
TXN-0006275,CMP-002761,ACC-000344,ACC-000148,2728.55,2026-08-07 20:39:18,1
TXN-0006276,CMP-002761,ACC-000148,ACC-000136,2605.58,2026-08-08 01:06:18,2
TXN-0006277,CMP-002761,ACC-000136,ACC-000199,2422.51,2026-08-08 06:11:18,3
TXN-0006278,CMP-002762,ACC-001009,ACC-000059,5698.59,2026-08-11 04:11:15,1
TXN-0006279,CMP-002762,ACC-000059,ACC-000136,5555.06,2026-08-11 05:03:15,2
TXN-0006280,CMP-002762,ACC-000136,ACC-000121,5461.74,2026-08-11 08:56:15,3
TXN-0006281,CMP-002763,ACC-000542,ACC-000048,9717.08,2026-06-17 13:51:36,1
TXN-0006282,CMP-002763,ACC-000048,ACC-000108,9111.43,2026-06-17 18:09:36,2
TXN-0006283,CMP-002763,ACC-000108,ACC-000152,8873.61,2026-06-17 20:54:36,3
TXN-0006284,CMP-002763,ACC-000152,ACC-000127,8339.63,2026-06-17 22:08:36,4
TXN-0006285,CMP-002764,ACC-001006,ACC-000046,2272.77,2026-07-28 18:07:15,1
TXN-0006286,CMP-002764,ACC-000046,ACC-001039,2156.87,2026-07-28 18:45:15,2
TXN-0006287,CMP-002764,ACC-001039,ACC-000164,2015.6,2026-07-28 21:18:15,3
TXN-0006288,CMP-002765,ACC-000561,ACC-000210,8285.15,2026-08-28 02:00:23,1
TXN-0006289,CMP-002765,ACC-000210,ACC-000201,8080.43,2026-08-28 07:43:23,2
TXN-0006290,CMP-002766,ACC-001033,ACC-000123,2866.42,2026-08-28 00:49:08,1
TXN-0006291,CMP-002767,ACC-001185,ACC-000410,1353.75,2026-06-17 07:17:43,1
TXN-0006292,CMP-002767,ACC-000410,ACC-000002,1312.61,2026-06-17 07:43:43,2
TXN-0006293,CMP-002768,ACC-000457,ACC-000082,7022.25,2026-06-02 09:01:15,1
TXN-0006294,CMP-002768,ACC-000082,ACC-000206,6648.69,2026-06-02 09:14:15,2
TXN-0006295,CMP-002768,ACC-000206,ACC-000938,6204.45,2026-06-02 10:43:15,3
TXN-0006296,CMP-002769,ACC-000601,ACC-000938,7210.62,2026-06-26 20:01:36,1
TXN-0006297,CMP-002769,ACC-000938,ACC-000035,7049.7,2026-06-27 00:44:36,2
TXN-0006298,CMP-002770,ACC-000777,ACC-000942,1685.11,2026-06-01 23:08:41,1
TXN-0006299,CMP-002770,ACC-000942,ACC-001085,1606.88,2026-06-01 23:16:41,2
TXN-0006300,CMP-002770,ACC-001085,ACC-000788,1568.06,2026-06-02 05:04:41,3
TXN-0006301,CMP-002770,ACC-000788,ACC-000891,1509.37,2026-06-02 07:51:41,4
TXN-0006302,CMP-002772,ACC-000715,ACC-000055,2736.28,2026-06-05 14:49:56,1
TXN-0006303,CMP-002772,ACC-000055,ACC-000030,2691.66,2026-06-05 18:45:56,2
TXN-0006304,CMP-002773,ACC-000925,ACC-000173,837.17,2026-08-20 22:04:27,1
TXN-0006305,CMP-002773,ACC-000173,ACC-000028,799.63,2026-08-21 00:23:27,2
TXN-0006306,CMP-002773,ACC-000028,ACC-000297,738.88,2026-08-21 01:04:27,3
TXN-0006307,CMP-002774,ACC-000736,ACC-000156,11791.56,2026-08-14 23:43:55,1
TXN-0006308,CMP-002774,ACC-000156,ACC-000191,11405.29,2026-08-15 03:53:55,2
TXN-0006309,CMP-002775,ACC-001142,ACC-000158,3378.69,2026-07-14 05:25:33,1
TXN-0006310,CMP-002775,ACC-000158,ACC-000037,3222.12,2026-07-14 07:22:33,2
TXN-0006311,CMP-002775,ACC-000037,ACC-000069,3005.92,2026-07-14 10:43:33,3
TXN-0006312,CMP-002776,ACC-000915,ACC-000195,2646.54,2026-08-03 22:20:02,1
TXN-0006313,CMP-002776,ACC-000195,ACC-000053,2506.92,2026-08-04 02:51:02,2
TXN-0006314,CMP-002776,ACC-000053,ACC-000208,2336.42,2026-08-04 07:41:02,3
TXN-0006315,CMP-002776,ACC-000208,ACC-000063,2268.01,2026-08-04 09:19:02,4
TXN-0006316,CMP-002777,ACC-001184,ACC-000120,946.33,2026-07-05 10:03:08,1
TXN-0006317,CMP-002778,ACC-000673,ACC-000666,563.7,2026-08-04 07:58:55,1
TXN-0006318,CMP-002778,ACC-000666,ACC-000169,533.06,2026-08-04 13:56:55,2
TXN-0006319,CMP-002780,ACC-000383,ACC-000151,3189.78,2026-08-02 01:58:46,1
TXN-0006320,CMP-002780,ACC-000151,ACC-000155,2946.8,2026-08-02 04:59:46,2
TXN-0006321,CMP-002780,ACC-000155,ACC-000977,2896.06,2026-08-02 10:09:46,3
TXN-0006322,CMP-002781,ACC-000427,ACC-000487,4490.0,2026-08-04 02:49:58,1
TXN-0006323,CMP-002782,ACC-000774,ACC-000055,1015.7,2026-07-26 04:12:31,1
TXN-0006324,CMP-002782,ACC-000055,ACC-000503,976.92,2026-07-26 05:45:31,2
TXN-0006325,CMP-002783,ACC-000913,ACC-000174,8944.79,2026-08-12 04:33:23,1
TXN-0006326,CMP-002783,ACC-000174,ACC-000168,8706.72,2026-08-12 08:16:23,2
TXN-0006327,CMP-002783,ACC-000168,ACC-001155,8409.53,2026-08-12 10:09:23,3
TXN-0006328,CMP-002783,ACC-001155,ACC-000110,8205.79,2026-08-12 11:35:23,4
TXN-0006329,CMP-002786,ACC-001157,ACC-000155,2006.62,2026-08-25 01:43:39,1
TXN-0006330,CMP-002786,ACC-000155,ACC-000165,1868.62,2026-08-25 03:34:39,2
TXN-0006331,CMP-002787,ACC-000289,ACC-000158,2702.19,2026-08-26 00:52:29,1
TXN-0006332,CMP-002787,ACC-000158,ACC-000958,2552.3,2026-08-26 02:18:29,2
TXN-0006333,CMP-002787,ACC-000958,ACC-000139,2454.94,2026-08-26 05:09:29,3
TXN-0006334,CMP-002788,ACC-000521,ACC-000098,12861.47,2026-06-23 20:10:44,1
TXN-0006335,CMP-002788,ACC-000098,ACC-000068,12517.69,2026-06-23 23:53:44,2
TXN-0006336,CMP-002788,ACC-000068,ACC-000822,11912.2,2026-06-24 04:42:44,3
TXN-0006337,CMP-002789,ACC-001044,ACC-000950,377.15,2026-07-04 01:19:14,1
TXN-0006338,CMP-002789,ACC-000950,ACC-001108,358.01,2026-07-04 04:27:14,2
TXN-0006339,CMP-002789,ACC-001108,ACC-000478,346.33,2026-07-04 08:40:14,3
TXN-0006340,CMP-002789,ACC-000478,ACC-000078,321.47,2026-07-04 12:13:14,4
TXN-0006341,CMP-002790,ACC-000708,ACC-000311,1777.74,2026-07-26 01:08:56,1
TXN-0006342,CMP-002790,ACC-000311,ACC-000213,1708.43,2026-07-26 01:15:56,2
TXN-0006343,CMP-002790,ACC-000213,ACC-000089,1676.22,2026-07-26 04:09:56,3
TXN-0006344,CMP-002791,ACC-000715,ACC-000080,43531.11,2026-06-01 22:14:42,1
TXN-0006345,CMP-002791,ACC-000080,ACC-000156,42632.87,2026-06-02 02:58:42,2
TXN-0006346,CMP-002791,ACC-000156,ACC-000135,40115.75,2026-06-02 06:26:42,3
TXN-0006347,CMP-002791,ACC-000135,ACC-000059,38851.45,2026-06-02 11:52:42,4
TXN-0006348,CMP-002792,ACC-000652,ACC-000213,813341.94,2026-06-15 04:20:45,1
TXN-0006349,CMP-002792,ACC-000213,ACC-000209,791716.63,2026-06-15 07:14:45,2
TXN-0006350,CMP-002792,ACC-000209,ACC-000162,763274.25,2026-06-15 08:42:45,3
TXN-0006351,CMP-002793,ACC-000262,ACC-000135,2973.66,2026-06-16 01:05:52,1
TXN-0006352,CMP-002793,ACC-000135,ACC-000150,2905.83,2026-06-16 03:34:52,2
TXN-0006353,CMP-002794,ACC-000318,ACC-000107,720.33,2026-06-02 12:19:22,1
TXN-0006354,CMP-002795,ACC-000708,ACC-000787,388.93,2026-06-13 03:29:10,1
TXN-0006355,CMP-002795,ACC-000787,ACC-000161,374.08,2026-06-13 06:22:10,2
TXN-0006356,CMP-002796,ACC-000900,ACC-000892,3226.9,2026-08-04 01:46:54,1
TXN-0006357,CMP-002796,ACC-000892,ACC-000948,3097.61,2026-08-04 07:12:54,2
TXN-0006358,CMP-002797,ACC-000580,ACC-000007,3362.33,2026-08-25 12:20:03,1
TXN-0006359,CMP-002798,ACC-000819,ACC-000163,7070.17,2026-08-14 10:50:46,1
TXN-0006360,CMP-002798,ACC-000163,ACC-000268,6847.53,2026-08-14 11:28:46,2
TXN-0006361,CMP-002798,ACC-000268,ACC-000016,6619.61,2026-08-14 16:27:46,3
TXN-0006362,CMP-002800,ACC-000909,ACC-000048,1556.86,2026-07-27 13:27:45,1
TXN-0006363,CMP-002800,ACC-000048,ACC-000155,1510.56,2026-07-27 13:59:45,2
TXN-0006364,CMP-002801,ACC-000408,ACC-000002,969.55,2026-07-05 08:31:22,1
TXN-0006365,CMP-002801,ACC-000002,ACC-000042,953.06,2026-07-05 10:53:22,2
TXN-0006366,CMP-002801,ACC-000042,ACC-000208,900.98,2026-07-05 15:09:22,3
TXN-0006367,CMP-002801,ACC-000208,ACC-000069,842.02,2026-07-05 20:58:22,4
TXN-0006368,CMP-002802,ACC-001181,ACC-000037,2883.2,2026-07-09 13:13:07,1
TXN-0006369,CMP-002802,ACC-000037,ACC-000166,2816.76,2026-07-09 17:41:07,2
TXN-0006370,CMP-002803,ACC-000452,ACC-000457,1317.35,2026-06-30 06:05:37,1
TXN-0006371,CMP-002803,ACC-000457,ACC-000208,1246.38,2026-06-30 07:11:37,2
TXN-0006372,CMP-002803,ACC-000208,ACC-000210,1199.56,2026-06-30 12:09:37,3
TXN-0006373,CMP-002804,ACC-000830,ACC-000699,736.02,2026-08-24 12:16:01,1
TXN-0006374,CMP-002804,ACC-000699,ACC-000727,723.65,2026-08-24 18:10:01,2
TXN-0006375,CMP-002804,ACC-000727,ACC-000195,687.22,2026-08-24 20:36:01,3
TXN-0006376,CMP-002805,ACC-000309,ACC-000015,5296.9,2026-06-19 17:33:03,1
TXN-0006377,CMP-002805,ACC-000015,ACC-000036,4989.27,2026-06-19 20:42:03,2
TXN-0006378,CMP-002806,ACC-000957,ACC-000120,2753.83,2026-06-30 17:40:08,1
TXN-0006379,CMP-002806,ACC-000120,ACC-001052,2559.83,2026-06-30 22:51:08,2
TXN-0006380,CMP-002807,ACC-000222,ACC-000214,2971.82,2026-07-23 14:49:51,1
TXN-0006381,CMP-002807,ACC-000214,ACC-000646,2843.02,2026-07-23 16:25:51,2
TXN-0006382,CMP-002808,ACC-000524,ACC-000014,36322.63,2026-06-09 23:20:05,1
TXN-0006383,CMP-002808,ACC-000014,ACC-000191,35356.31,2026-06-10 01:37:05,2
TXN-0006384,CMP-002809,ACC-000395,ACC-000515,3249.77,2026-08-06 17:19:34,1
TXN-0006385,CMP-002809,ACC-000515,ACC-000137,3117.74,2026-08-06 22:49:34,2
TXN-0006386,CMP-002810,ACC-000476,ACC-000735,2696.53,2026-07-11 23:53:33,1
TXN-0006387,CMP-002810,ACC-000735,ACC-000107,2619.05,2026-07-12 04:00:33,2
TXN-0006388,CMP-002811,ACC-000398,ACC-000175,4901.68,2026-06-03 18:13:52,1
TXN-0006389,CMP-002812,ACC-000481,ACC-001043,11696.91,2026-07-30 19:18:11,1
TXN-0006390,CMP-002812,ACC-001043,ACC-000487,10926.58,2026-07-30 21:39:11,2
TXN-0006391,CMP-002813,ACC-000604,ACC-000019,76913.14,2026-07-06 20:28:43,1
TXN-0006392,CMP-002813,ACC-000019,ACC-000180,73372.15,2026-07-07 01:41:43,2
TXN-0006393,CMP-002813,ACC-000180,ACC-000107,71332.22,2026-07-07 05:54:43,3
TXN-0006394,CMP-002813,ACC-000107,ACC-001160,68850.69,2026-07-07 10:21:43,4
TXN-0006395,CMP-002814,ACC-000956,ACC-000022,16620.83,2026-06-29 08:27:09,1
TXN-0006396,CMP-002814,ACC-000022,ACC-000087,15646.29,2026-06-29 12:57:09,2
TXN-0006397,CMP-002815,ACC-000421,ACC-000135,23289.48,2026-08-05 05:44:04,1
TXN-0006398,CMP-002816,ACC-000286,ACC-000356,25656.05,2026-07-15 15:32:07,1
TXN-0006399,CMP-002816,ACC-000356,ACC-000105,25384.45,2026-07-15 20:39:07,2
TXN-0006400,CMP-002817,ACC-000747,ACC-000141,3134.43,2026-08-03 00:30:12,1
TXN-0006401,CMP-002817,ACC-000141,ACC-000041,3027.06,2026-08-03 02:29:12,2
TXN-0006402,CMP-002818,ACC-000339,ACC-000121,12175.78,2026-07-25 20:00:43,1
TXN-0006403,CMP-002818,ACC-000121,ACC-000883,11770.69,2026-07-26 00:58:43,2
TXN-0006404,CMP-002819,ACC-000243,ACC-000367,2628.09,2026-08-11 06:26:01,1
TXN-0006405,CMP-002819,ACC-000367,ACC-000096,2447.69,2026-08-11 07:12:01,2
TXN-0006406,CMP-002820,ACC-000276,ACC-000301,8993.59,2026-08-08 03:24:46,1
TXN-0006407,CMP-002820,ACC-000301,ACC-000081,8528.47,2026-08-08 04:10:46,2
TXN-0006408,CMP-002820,ACC-000081,ACC-000042,7851.38,2026-08-08 04:42:46,3
TXN-0006409,CMP-002821,ACC-000299,ACC-000406,1596.58,2026-07-19 05:43:36,1
TXN-0006410,CMP-002821,ACC-000406,ACC-000138,1549.21,2026-07-19 11:13:36,2
TXN-0006411,CMP-002821,ACC-000138,ACC-000167,1448.38,2026-07-19 12:36:36,3
TXN-0006412,CMP-002821,ACC-000167,ACC-000928,1344.3,2026-07-19 14:46:36,4
TXN-0006413,CMP-002822,ACC-000903,ACC-000183,1588.23,2026-06-16 03:33:46,1
TXN-0006414,CMP-002822,ACC-000183,ACC-000104,1569.99,2026-06-16 08:34:46,2
TXN-0006415,CMP-002822,ACC-000104,ACC-000143,1458.96,2026-06-16 13:27:46,3
TXN-0006416,CMP-002822,ACC-000143,ACC-000190,1396.03,2026-06-16 17:52:46,4
TXN-0006417,CMP-002823,ACC-001037,ACC-000258,5528.38,2026-06-01 16:45:05,1
TXN-0006418,CMP-002823,ACC-000258,ACC-000119,5200.17,2026-06-01 18:05:05,2
TXN-0006419,CMP-002824,ACC-001020,ACC-000307,656.66,2026-06-06 02:57:08,1
TXN-0006420,CMP-002824,ACC-000307,ACC-000465,614.74,2026-06-06 05:13:08,2
TXN-0006421,CMP-002825,ACC-000917,ACC-000425,2421.33,2026-06-10 12:32:43,1
TXN-0006422,CMP-002825,ACC-000425,ACC-000145,2309.83,2026-06-10 17:01:43,2
TXN-0006423,CMP-002826,ACC-000421,ACC-000023,1948.66,2026-07-20 02:07:23,1
TXN-0006424,CMP-002826,ACC-000023,ACC-000173,1833.42,2026-07-20 04:54:23,2
TXN-0006425,CMP-002827,ACC-001034,ACC-000114,13177.98,2026-07-10 10:19:48,1
TXN-0006426,CMP-002827,ACC-000114,ACC-000185,12342.91,2026-07-10 15:29:48,2
TXN-0006427,CMP-002827,ACC-000185,ACC-000135,11732.93,2026-07-10 20:45:48,3
TXN-0006428,CMP-002827,ACC-000135,ACC-000016,11073.73,2026-07-11 01:19:48,4
TXN-0006429,CMP-002828,ACC-001000,ACC-000977,6991.89,2026-08-21 11:09:12,1
TXN-0006430,CMP-002828,ACC-000977,ACC-000145,6555.56,2026-08-21 12:31:12,2
TXN-0006431,CMP-002829,ACC-000281,ACC-000866,27318.55,2026-08-23 11:42:11,1
TXN-0006432,CMP-002829,ACC-000866,ACC-000111,26581.19,2026-08-23 13:22:11,2
TXN-0006433,CMP-002829,ACC-000111,ACC-000089,24790.41,2026-08-23 17:20:11,3
TXN-0006434,CMP-002829,ACC-000089,ACC-000333,23578.61,2026-08-23 18:00:11,4
TXN-0006435,CMP-002830,ACC-000752,ACC-000491,1149.44,2026-06-03 01:02:23,1
TXN-0006436,CMP-002830,ACC-000491,ACC-000020,1131.27,2026-06-03 06:16:23,2
TXN-0006437,CMP-002831,ACC-000353,ACC-000141,56697.89,2026-06-17 08:38:44,1
TXN-0006438,CMP-002831,ACC-000141,ACC-000154,52912.92,2026-06-17 14:10:44,2
TXN-0006439,CMP-002832,ACC-000388,ACC-000985,402326.06,2026-07-17 15:44:16,1
TXN-0006440,CMP-002832,ACC-000985,ACC-000175,384994.4,2026-07-17 18:12:16,2
TXN-0006441,CMP-002833,ACC-000309,ACC-000063,403.16,2026-07-18 21:12:10,1
TXN-0006442,CMP-002833,ACC-000063,ACC-000150,385.47,2026-07-19 02:59:10,2
TXN-0006443,CMP-002833,ACC-000150,ACC-000097,379.24,2026-07-19 08:12:10,3
TXN-0006444,CMP-002834,ACC-000729,ACC-000602,3635.62,2026-08-17 10:58:51,1
TXN-0006445,CMP-002834,ACC-000602,ACC-000440,3449.56,2026-08-17 12:40:51,2
TXN-0006446,CMP-002835,ACC-000974,ACC-000138,3401.43,2026-06-03 15:54:58,1
TXN-0006447,CMP-002835,ACC-000138,ACC-000099,3271.17,2026-06-03 17:04:58,2
TXN-0006448,CMP-002835,ACC-000099,ACC-000183,3021.04,2026-06-03 21:58:58,3
TXN-0006449,CMP-002836,ACC-001068,ACC-001089,11238.46,2026-07-27 02:00:42,1
TXN-0006450,CMP-002837,ACC-001167,ACC-000532,1386.99,2026-07-31 05:14:24,1
TXN-0006451,CMP-002837,ACC-000532,ACC-000179,1304.52,2026-07-31 07:15:24,2
TXN-0006452,CMP-002837,ACC-000179,ACC-000094,1260.0,2026-07-31 13:00:24,3
TXN-0006453,CMP-002839,ACC-000757,ACC-000005,24536.07,2026-06-27 21:50:59,1
TXN-0006454,CMP-002839,ACC-000005,ACC-000179,22716.7,2026-06-27 23:20:59,2
TXN-0006455,CMP-002840,ACC-000740,ACC-000193,2810.67,2026-08-23 16:11:01,1
TXN-0006456,CMP-002841,ACC-000227,ACC-000049,7723.72,2026-07-07 00:43:26,1
TXN-0006457,CMP-002841,ACC-000049,ACC-000584,7313.38,2026-07-07 05:46:26,2
TXN-0006458,CMP-002842,ACC-001040,ACC-000114,4142.25,2026-08-03 16:23:08,1
TXN-0006459,CMP-002842,ACC-000114,ACC-000100,3977.96,2026-08-03 17:22:08,2
TXN-0006460,CMP-002842,ACC-000100,ACC-000010,3897.66,2026-08-03 17:55:08,3
TXN-0006461,CMP-002843,ACC-000491,ACC-000110,2996.86,2026-08-16 12:55:35,1
TXN-0006462,CMP-002843,ACC-000110,ACC-000052,2781.68,2026-08-16 14:04:35,2
TXN-0006463,CMP-002844,ACC-000552,ACC-000071,257155.71,2026-07-09 00:53:37,1
TXN-0006464,CMP-002844,ACC-000071,ACC-000132,250091.15,2026-07-09 03:56:37,2
TXN-0006465,CMP-002844,ACC-000132,ACC-000095,234270.6,2026-07-09 08:04:37,3
TXN-0006466,CMP-002845,ACC-001091,ACC-000158,97825.38,2026-07-16 18:12:09,1
TXN-0006467,CMP-002845,ACC-000158,ACC-000127,91844.71,2026-07-16 21:24:09,2
TXN-0006468,CMP-002845,ACC-000127,ACC-000001,85955.72,2026-07-16 21:53:09,3
TXN-0006469,CMP-002845,ACC-000001,ACC-000926,80126.42,2026-07-16 22:37:09,4
TXN-0006470,CMP-002846,ACC-000332,ACC-000179,1989.07,2026-07-20 03:38:34,1
TXN-0006471,CMP-002846,ACC-000179,ACC-000020,1922.36,2026-07-20 03:59:34,2
TXN-0006472,CMP-002846,ACC-000020,ACC-000067,1897.09,2026-07-20 04:48:34,3
TXN-0006473,CMP-002846,ACC-000067,ACC-000149,1765.63,2026-07-20 08:38:34,4
TXN-0006474,CMP-002847,ACC-000254,ACC-000148,18156.81,2026-07-02 14:09:47,1
TXN-0006475,CMP-002847,ACC-000148,ACC-000060,17436.04,2026-07-02 17:00:47,2
TXN-0006476,CMP-002848,ACC-001124,ACC-000184,50827.83,2026-08-20 08:13:18,1
TXN-0006477,CMP-002848,ACC-000184,ACC-000390,48903.17,2026-08-20 10:50:18,2
TXN-0006478,CMP-002848,ACC-000390,ACC-000020,48250.4,2026-08-20 11:22:18,3
TXN-0006479,CMP-002849,ACC-000468,ACC-000379,888.68,2026-06-16 08:53:31,1
TXN-0006480,CMP-002849,ACC-000379,ACC-000121,844.77,2026-06-16 12:49:31,2
TXN-0006481,CMP-002849,ACC-000121,ACC-001064,827.16,2026-06-16 14:19:31,3
TXN-0006482,CMP-002849,ACC-001064,ACC-000054,788.89,2026-06-16 15:01:31,4
TXN-0006483,CMP-002850,ACC-000766,ACC-000002,1119.32,2026-08-06 00:06:56,1
TXN-0006484,CMP-002850,ACC-000002,ACC-000747,1086.51,2026-08-06 01:38:56,2
TXN-0006485,CMP-002851,ACC-000652,ACC-000835,746696.5,2026-08-18 06:53:02,1
TXN-0006486,CMP-002851,ACC-000835,ACC-000087,706584.63,2026-08-18 08:55:02,2
TXN-0006487,CMP-002852,ACC-000735,ACC-000002,192747.28,2026-08-25 12:13:19,1
TXN-0006488,CMP-002852,ACC-000002,ACC-000003,178259.75,2026-08-25 15:57:19,2
TXN-0006489,CMP-002852,ACC-000003,ACC-000146,168741.62,2026-08-25 18:57:19,3
TXN-0006490,CMP-002853,ACC-000316,ACC-000350,1019.36,2026-07-11 22:11:30,1
TXN-0006491,CMP-002854,ACC-000324,ACC-000198,5966.37,2026-06-04 19:27:15,1
TXN-0006492,CMP-002855,ACC-000455,ACC-000154,298.1,2026-07-29 20:02:54,1
TXN-0006493,CMP-002855,ACC-000154,ACC-000037,289.87,2026-07-29 23:07:54,2
TXN-0006494,CMP-002856,ACC-000803,ACC-000047,2496.33,2026-06-11 10:53:53,1
TXN-0006495,CMP-002856,ACC-000047,ACC-000196,2431.52,2026-06-11 15:05:53,2
TXN-0006496,CMP-002857,ACC-001118,ACC-000017,10069.86,2026-07-26 10:02:24,1
TXN-0006497,CMP-002857,ACC-000017,ACC-000154,9382.39,2026-07-26 14:11:24,2
TXN-0006498,CMP-002857,ACC-000154,ACC-000204,8799.81,2026-07-26 18:29:24,3
TXN-0006499,CMP-002857,ACC-000204,ACC-000980,8297.75,2026-07-27 00:28:24,4
TXN-0006500,CMP-002858,ACC-001021,ACC-000206,3588.43,2026-08-05 04:38:22,1
TXN-0006501,CMP-002858,ACC-000206,ACC-001074,3315.6,2026-08-05 09:04:22,2
TXN-0006502,CMP-002858,ACC-001074,ACC-000154,3051.68,2026-08-05 12:35:22,3
TXN-0006503,CMP-002859,ACC-000659,ACC-000213,704.68,2026-08-18 21:23:09,1
TXN-0006504,CMP-002859,ACC-000213,ACC-000811,692.98,2026-08-18 22:49:09,2
TXN-0006505,CMP-002859,ACC-000811,ACC-000589,660.94,2026-08-19 04:24:09,3
TXN-0006506,CMP-002859,ACC-000589,ACC-000196,636.61,2026-08-19 05:48:09,4
TXN-0006507,CMP-002860,ACC-001159,ACC-000045,216366.96,2026-06-03 12:51:49,1
TXN-0006508,CMP-002860,ACC-000045,ACC-001099,212211.04,2026-06-03 18:24:49,2
TXN-0006509,CMP-002860,ACC-001099,ACC-000205,196329.53,2026-06-03 23:15:49,3
TXN-0006510,CMP-002860,ACC-000205,ACC-000347,186840.48,2026-06-04 02:27:49,4
TXN-0006511,CMP-002861,ACC-000499,ACC-000003,581.17,2026-08-18 13:52:38,1
TXN-0006512,CMP-002861,ACC-000003,ACC-000095,567.51,2026-08-18 16:17:38,2
TXN-0006513,CMP-002861,ACC-000095,ACC-001098,546.81,2026-08-18 20:28:38,3
TXN-0006514,CMP-002862,ACC-000727,ACC-000085,1573.11,2026-07-25 17:21:12,1
TXN-0006515,CMP-002863,ACC-001152,ACC-000384,1684.52,2026-08-10 21:43:11,1
TXN-0006516,CMP-002863,ACC-000384,ACC-000124,1603.54,2026-08-10 23:25:11,2
TXN-0006517,CMP-002863,ACC-000124,ACC-001088,1503.14,2026-08-11 03:38:11,3
TXN-0006518,CMP-002864,ACC-000445,ACC-000522,41184.93,2026-06-18 21:56:27,1
TXN-0006519,CMP-002864,ACC-000522,ACC-000054,38565.11,2026-06-18 23:51:27,2
TXN-0006520,CMP-002865,ACC-000641,ACC-000063,6470.45,2026-07-05 05:07:23,1
TXN-0006521,CMP-002865,ACC-000063,ACC-000211,5991.01,2026-07-05 05:20:23,2
TXN-0006522,CMP-002865,ACC-000211,ACC-000269,5767.23,2026-07-05 10:58:23,3
TXN-0006523,CMP-002866,ACC-000550,ACC-000169,3048.47,2026-08-17 00:38:25,1
TXN-0006524,CMP-002867,ACC-001106,ACC-000080,2152.87,2026-06-07 03:58:12,1
TXN-0006525,CMP-002867,ACC-000080,ACC-000881,2017.36,2026-06-07 07:55:12,2
TXN-0006526,CMP-002867,ACC-000881,ACC-000016,1864.78,2026-06-07 08:10:12,3
TXN-0006527,CMP-002867,ACC-000016,ACC-000199,1813.54,2026-06-07 09:22:12,4
TXN-0006528,CMP-002868,ACC-000824,ACC-000018,3325.06,2026-06-10 16:20:39,1
TXN-0006529,CMP-002868,ACC-000018,ACC-000951,3087.43,2026-06-10 17:04:39,2
TXN-0006530,CMP-002868,ACC-000951,ACC-000593,2958.45,2026-06-10 17:43:39,3
TXN-0006531,CMP-002869,ACC-000312,ACC-000065,26797.98,2026-07-03 05:52:20,1
TXN-0006532,CMP-002869,ACC-000065,ACC-000094,26344.28,2026-07-03 06:30:20,2
TXN-0006533,CMP-002869,ACC-000094,ACC-000193,24756.06,2026-07-03 09:11:20,3
TXN-0006534,CMP-002870,ACC-000699,ACC-000199,37027.86,2026-08-20 13:37:21,1
TXN-0006535,CMP-002870,ACC-000199,ACC-000201,34415.85,2026-08-20 18:44:21,2
TXN-0006536,CMP-002871,ACC-000250,ACC-000159,314769.03,2026-08-23 08:52:36,1
TXN-0006537,CMP-002872,ACC-000433,ACC-000014,12885.14,2026-06-23 17:47:44,1
TXN-0006538,CMP-002872,ACC-000014,ACC-000084,12491.21,2026-06-23 19:12:44,2
TXN-0006539,CMP-002874,ACC-000680,ACC-001130,1406.55,2026-08-26 15:46:50,1
TXN-0006540,CMP-002874,ACC-001130,ACC-000211,1326.65,2026-08-26 19:49:50,2
TXN-0006541,CMP-002874,ACC-000211,ACC-000560,1298.26,2026-08-26 22:42:50,3
TXN-0006542,CMP-002875,ACC-000827,ACC-000089,35734.42,2026-06-26 07:15:17,1
TXN-0006543,CMP-002875,ACC-000089,ACC-000985,33443.85,2026-06-26 12:57:17,2
TXN-0006544,CMP-002875,ACC-000985,ACC-000078,31441.36,2026-06-26 16:48:17,3
TXN-0006545,CMP-002875,ACC-000078,ACC-000097,30783.31,2026-06-26 18:32:17,4
TXN-0006546,CMP-002876,ACC-000458,ACC-000206,1846.83,2026-06-19 13:21:54,1
TXN-0006547,CMP-002877,ACC-000891,ACC-000167,26544.84,2026-07-23 22:12:21,1
TXN-0006548,CMP-002877,ACC-000167,ACC-000077,24751.79,2026-07-24 02:27:21,2
TXN-0006549,CMP-002878,ACC-000237,ACC-000380,2401.3,2026-08-28 07:59:06,1
TXN-0006550,CMP-002879,ACC-000579,ACC-001108,2624.39,2026-07-25 20:23:24,1
TXN-0006551,CMP-002879,ACC-001108,ACC-000084,2588.47,2026-07-26 01:39:24,2
TXN-0006552,CMP-002879,ACC-000084,ACC-000460,2499.3,2026-07-26 06:56:24,3
TXN-0006553,CMP-002879,ACC-000460,ACC-000158,2306.63,2026-07-26 11:13:24,4
TXN-0006554,CMP-002880,ACC-000609,ACC-000121,107722.06,2026-06-03 21:26:10,1
TXN-0006555,CMP-002880,ACC-000121,ACC-000061,104630.82,2026-06-04 00:59:10,2
TXN-0006556,CMP-002880,ACC-000061,ACC-000177,101511.53,2026-06-04 02:04:10,3
TXN-0006557,CMP-002880,ACC-000177,ACC-000014,99787.28,2026-06-04 05:59:10,4
TXN-0006558,CMP-002881,ACC-000790,ACC-000212,2800.5,2026-08-11 08:52:32,1
TXN-0006559,CMP-002881,ACC-000212,ACC-000177,2727.36,2026-08-11 10:11:32,2
TXN-0006560,CMP-002882,ACC-000970,ACC-000078,1091.18,2026-06-13 13:58:03,1
TXN-0006561,CMP-002882,ACC-000078,ACC-000032,1042.05,2026-06-13 16:39:03,2
TXN-0006562,CMP-002882,ACC-000032,ACC-000625,1016.97,2026-06-13 20:23:03,3
TXN-0006563,CMP-002883,ACC-000362,ACC-000147,1566.89,2026-07-19 20:08:25,1
TXN-0006564,CMP-002883,ACC-000147,ACC-000082,1534.75,2026-07-19 22:12:25,2
TXN-0006565,CMP-002883,ACC-000082,ACC-000085,1493.28,2026-07-20 03:05:25,3
TXN-0006566,CMP-002884,ACC-000413,ACC-000320,5014.27,2026-08-15 13:32:52,1
TXN-0006567,CMP-002884,ACC-000320,ACC-000486,4866.99,2026-08-15 15:28:52,2
TXN-0006568,CMP-002885,ACC-000489,ACC-000096,42284.87,2026-06-06 02:19:36,1
TXN-0006569,CMP-002885,ACC-000096,ACC-000625,40335.51,2026-06-06 05:32:36,2
TXN-0006570,CMP-002886,ACC-000975,ACC-001197,136427.92,2026-07-30 04:27:58,1
TXN-0006571,CMP-002886,ACC-001197,ACC-000101,127736.54,2026-07-30 09:57:58,2
TXN-0006572,CMP-002886,ACC-000101,ACC-000126,118172.36,2026-07-30 15:15:58,3
TXN-0006573,CMP-002886,ACC-000126,ACC-000178,114277.32,2026-07-30 19:26:58,4
TXN-0006574,CMP-002887,ACC-000961,ACC-001037,95645.02,2026-07-24 17:37:56,1
TXN-0006575,CMP-002888,ACC-000907,ACC-000155,3271.94,2026-06-13 05:42:51,1
TXN-0006576,CMP-002888,ACC-000155,ACC-000010,3135.09,2026-06-13 09:14:51,2
TXN-0006577,CMP-002889,ACC-000364,ACC-000158,1744.16,2026-07-13 15:17:26,1
TXN-0006578,CMP-002889,ACC-000158,ACC-000660,1695.26,2026-07-13 16:32:26,2
TXN-0006579,CMP-002889,ACC-000660,ACC-000206,1603.62,2026-07-13 16:56:26,3
TXN-0006580,CMP-002889,ACC-000206,ACC-000039,1537.82,2026-07-13 17:48:26,4
TXN-0006581,CMP-002890,ACC-000838,ACC-000012,1095.65,2026-07-04 22:16:40,1
TXN-0006582,CMP-002891,ACC-000999,ACC-000132,1230.47,2026-06-23 12:54:25,1
TXN-0006583,CMP-002891,ACC-000132,ACC-000046,1177.35,2026-06-23 16:14:25,2
TXN-0006584,CMP-002892,ACC-000260,ACC-000007,15968.73,2026-08-12 11:14:46,1
TXN-0006585,CMP-002892,ACC-000007,ACC-000056,14779.72,2026-08-12 11:50:46,2
TXN-0006586,CMP-002892,ACC-000056,ACC-000216,14486.61,2026-08-12 16:12:46,3
TXN-0006587,CMP-002893,ACC-000823,ACC-001012,794568.11,2026-08-17 15:38:57,1
TXN-0006588,CMP-002894,ACC-000298,ACC-001151,437344.12,2026-06-08 09:40:17,1
TXN-0006589,CMP-002894,ACC-001151,ACC-000004,417853.81,2026-06-08 11:28:17,2
TXN-0006590,CMP-002895,ACC-001064,ACC-000009,2504.68,2026-07-01 17:45:46,1
TXN-0006591,CMP-002896,ACC-001100,ACC-000027,4919.72,2026-06-28 07:05:39,1
TXN-0006592,CMP-002897,ACC-000726,ACC-000386,2717.08,2026-08-03 16:06:58,1
TXN-0006593,CMP-002897,ACC-000386,ACC-000197,2655.07,2026-08-03 20:05:58,2
TXN-0006594,CMP-002898,ACC-000826,ACC-000319,1427.49,2026-07-19 00:09:43,1
TXN-0006595,CMP-002898,ACC-000319,ACC-000147,1378.36,2026-07-19 02:37:43,2
TXN-0006596,CMP-002899,ACC-000533,ACC-000091,214380.94,2026-08-23 12:37:22,1
TXN-0006597,CMP-002899,ACC-000091,ACC-000078,209238.94,2026-08-23 15:52:22,2
TXN-0006598,CMP-002900,ACC-000762,ACC-000149,159167.46,2026-08-15 15:57:50,1
TXN-0006599,CMP-002900,ACC-000149,ACC-000874,153058.43,2026-08-15 17:52:50,2
TXN-0006600,CMP-002901,ACC-001142,ACC-000045,3718.76,2026-08-26 14:49:14,1
TXN-0006601,CMP-002901,ACC-000045,ACC-000032,3591.6,2026-08-26 17:53:14,2
TXN-0006602,CMP-002901,ACC-000032,ACC-001112,3388.41,2026-08-26 23:35:14,3
TXN-0006603,CMP-002901,ACC-001112,ACC-000158,3204.91,2026-08-27 05:34:14,4
TXN-0006604,CMP-002902,ACC-000504,ACC-000010,71963.49,2026-06-06 05:01:48,1
TXN-0006605,CMP-002902,ACC-000010,ACC-000122,68672.22,2026-06-06 05:22:48,2
TXN-0006606,CMP-002903,ACC-000963,ACC-000097,3787.22,2026-07-17 20:21:09,1
TXN-0006607,CMP-002904,ACC-000827,ACC-000657,4051.46,2026-07-21 11:06:58,1
TXN-0006608,CMP-002904,ACC-000657,ACC-000170,3891.59,2026-07-21 13:50:58,2
TXN-0006609,CMP-002904,ACC-000170,ACC-000168,3821.59,2026-07-21 17:58:58,3
TXN-0006610,CMP-002904,ACC-000168,ACC-000055,3577.65,2026-07-21 23:53:58,4
TXN-0006611,CMP-002905,ACC-000521,ACC-000125,17513.71,2026-07-07 01:25:53,1
TXN-0006612,CMP-002905,ACC-000125,ACC-000304,17118.99,2026-07-07 06:05:53,2
TXN-0006613,CMP-002905,ACC-000304,ACC-001189,16940.92,2026-07-07 08:59:53,3
TXN-0006614,CMP-002906,ACC-000581,ACC-000161,309419.0,2026-06-23 16:16:41,1
TXN-0006615,CMP-002906,ACC-000161,ACC-000099,288005.51,2026-06-23 21:50:41,2
TXN-0006616,CMP-002907,ACC-000606,ACC-000208,3228.57,2026-06-10 15:26:55,1
TXN-0006617,CMP-002907,ACC-000208,ACC-000120,3076.98,2026-06-10 18:20:55,2
TXN-0006618,CMP-002907,ACC-000120,ACC-000003,2916.33,2026-06-10 22:10:55,3
TXN-0006619,CMP-002908,ACC-000223,ACC-000253,196713.4,2026-07-28 01:02:20,1
TXN-0006620,CMP-002908,ACC-000253,ACC-000143,182406.22,2026-07-28 06:35:20,2
TXN-0006621,CMP-002909,ACC-000470,ACC-000111,30496.1,2026-06-28 05:47:21,1
TXN-0006622,CMP-002909,ACC-000111,ACC-000005,28561.43,2026-06-28 06:42:21,2
TXN-0006623,CMP-002910,ACC-000360,ACC-000118,3913.23,2026-07-08 00:46:54,1
TXN-0006624,CMP-002910,ACC-000118,ACC-000203,3831.1,2026-07-08 01:41:54,2
TXN-0006625,CMP-002911,ACC-000570,ACC-000107,4119.38,2026-06-18 21:34:56,1
TXN-0006626,CMP-002911,ACC-000107,ACC-000028,3987.28,2026-06-18 22:41:56,2
TXN-0006627,CMP-002911,ACC-000028,ACC-000139,3708.66,2026-06-19 04:23:56,3
TXN-0006628,CMP-002912,ACC-000414,ACC-000699,4578.74,2026-06-04 02:33:06,1
TXN-0006629,CMP-002912,ACC-000699,ACC-000484,4518.45,2026-06-04 03:18:06,2
TXN-0006630,CMP-002913,ACC-000523,ACC-000529,1259.63,2026-07-29 20:17:31,1
TXN-0006631,CMP-002913,ACC-000529,ACC-000177,1215.8,2026-07-29 23:14:31,2
TXN-0006632,CMP-002913,ACC-000177,ACC-001003,1194.91,2026-07-30 03:09:31,3
TXN-0006633,CMP-002914,ACC-000434,ACC-000029,13651.28,2026-06-26 10:47:20,1
TXN-0006634,CMP-002914,ACC-000029,ACC-000702,12759.82,2026-06-26 14:17:20,2
TXN-0006635,CMP-002914,ACC-000702,ACC-000113,11895.36,2026-06-26 17:29:20,3
TXN-0006636,CMP-002915,ACC-000966,ACC-000144,8698.86,2026-07-03 18:21:28,1
TXN-0006637,CMP-002915,ACC-000144,ACC-000149,8248.87,2026-07-03 18:54:28,2
TXN-0006638,CMP-002916,ACC-001089,ACC-000109,1013.51,2026-08-15 19:59:34,1
TXN-0006639,CMP-002916,ACC-000109,ACC-000156,998.86,2026-08-16 00:58:34,2
TXN-0006640,CMP-002916,ACC-000156,ACC-000010,920.3,2026-08-16 04:07:34,3
TXN-0006641,CMP-002916,ACC-000010,ACC-000170,851.95,2026-08-16 04:36:34,4
TXN-0006642,CMP-002917,ACC-000762,ACC-000179,35699.44,2026-06-11 04:04:41,1
TXN-0006643,CMP-002917,ACC-000179,ACC-000159,34464.08,2026-06-11 06:21:41,2
TXN-0006644,CMP-002917,ACC-000159,ACC-000161,32363.2,2026-06-11 12:11:41,3
TXN-0006645,CMP-002917,ACC-000161,ACC-000528,30217.02,2026-06-11 15:59:41,4
TXN-0006646,CMP-002919,ACC-001006,ACC-000595,4398.54,2026-07-15 22:24:21,1
TXN-0006647,CMP-002919,ACC-000595,ACC-000376,4249.9,2026-07-15 23:48:21,2
TXN-0006648,CMP-002920,ACC-000472,ACC-000058,229803.89,2026-06-24 01:18:18,1
TXN-0006649,CMP-002920,ACC-000058,ACC-000150,221576.53,2026-06-24 02:37:18,2
TXN-0006650,CMP-002921,ACC-000357,ACC-000122,1757.77,2026-06-24 05:24:44,1
TXN-0006651,CMP-002921,ACC-000122,ACC-000039,1632.97,2026-06-24 09:00:44,2
TXN-0006652,CMP-002921,ACC-000039,ACC-000141,1599.23,2026-06-24 09:42:44,3
TXN-0006653,CMP-002922,ACC-000282,ACC-000024,3626.17,2026-06-27 07:36:41,1
TXN-0006654,CMP-002922,ACC-000024,ACC-000112,3549.85,2026-06-27 08:45:41,2
TXN-0006655,CMP-002922,ACC-000112,ACC-000200,3341.95,2026-06-27 09:34:41,3
TXN-0006656,CMP-002923,ACC-001101,ACC-000202,1781.91,2026-07-03 21:52:26,1
TXN-0006657,CMP-002923,ACC-000202,ACC-000340,1738.35,2026-07-03 22:38:26,2
TXN-0006658,CMP-002924,ACC-000740,ACC-000422,9889.75,2026-06-26 17:37:00,1
TXN-0006659,CMP-002924,ACC-000422,ACC-000129,9264.23,2026-06-26 18:52:00,2
TXN-0006660,CMP-002925,ACC-000806,ACC-000206,9668.91,2026-07-30 03:54:50,1
TXN-0006661,CMP-002925,ACC-000206,ACC-000043,9181.74,2026-07-30 07:08:50,2
TXN-0006662,CMP-002926,ACC-000928,ACC-000224,11784.22,2026-08-20 05:30:02,1
TXN-0006663,CMP-002926,ACC-000224,ACC-000212,11333.23,2026-08-20 09:28:02,2
TXN-0006664,CMP-002927,ACC-000709,ACC-000132,6466.62,2026-07-13 14:17:58,1
TXN-0006665,CMP-002927,ACC-000132,ACC-000253,6037.66,2026-07-13 15:24:58,2
TXN-0006666,CMP-002928,ACC-000974,ACC-000160,3061.6,2026-08-01 23:21:08,1
TXN-0006667,CMP-002928,ACC-000160,ACC-000046,3022.67,2026-08-02 03:11:08,2
TXN-0006668,CMP-002929,ACC-001114,ACC-000066,7978.98,2026-06-08 20:27:15,1
TXN-0006669,CMP-002929,ACC-000066,ACC-000204,7813.93,2026-06-09 00:42:15,2
TXN-0006670,CMP-002930,ACC-000878,ACC-000085,1002.31,2026-06-06 18:25:19,1
TXN-0006671,CMP-002931,ACC-000738,ACC-000013,2789.44,2026-06-25 08:19:38,1
TXN-0006672,CMP-002931,ACC-000013,ACC-000095,2715.49,2026-06-25 11:38:38,2
TXN-0006673,CMP-002931,ACC-000095,ACC-000127,2632.19,2026-06-25 15:15:38,3
TXN-0006674,CMP-002931,ACC-000127,ACC-000029,2535.79,2026-06-25 18:59:38,4
TXN-0006675,CMP-002932,ACC-000500,ACC-000043,1507.48,2026-06-15 04:48:21,1
TXN-0006676,CMP-002932,ACC-000043,ACC-000006,1465.42,2026-06-15 10:21:21,2
TXN-0006677,CMP-002932,ACC-000006,ACC-000642,1419.59,2026-06-15 15:53:21,3
TXN-0006678,CMP-002933,ACC-000224,ACC-000179,919.76,2026-08-03 14:10:37,1
TXN-0006679,CMP-002933,ACC-000179,ACC-000282,900.19,2026-08-03 17:22:37,2
TXN-0006680,CMP-002934,ACC-000920,ACC-000016,13925.23,2026-07-27 06:49:35,1
TXN-0006681,CMP-002935,ACC-000389,ACC-000109,1479.79,2026-08-08 23:35:40,1
TXN-0006682,CMP-002935,ACC-000109,ACC-000144,1454.22,2026-08-09 05:30:40,2
TXN-0006683,CMP-002936,ACC-000508,ACC-000207,27264.75,2026-08-22 01:56:18,1
TXN-0006684,CMP-002936,ACC-000207,ACC-000431,26805.27,2026-08-22 03:52:18,2
TXN-0006685,CMP-002936,ACC-000431,ACC-000111,24726.85,2026-08-22 06:02:18,3
TXN-0006686,CMP-002936,ACC-000111,ACC-000113,23633.43,2026-08-22 10:11:18,4
TXN-0006687,CMP-002937,ACC-000252,ACC-000179,18227.86,2026-07-25 14:14:36,1
TXN-0006688,CMP-002937,ACC-000179,ACC-000033,16783.37,2026-07-25 17:42:36,2
TXN-0006689,CMP-002938,ACC-000614,ACC-001155,2916.44,2026-06-12 02:04:16,1
TXN-0006690,CMP-002939,ACC-000720,ACC-000117,36197.03,2026-07-07 03:04:36,1
TXN-0006691,CMP-002939,ACC-000117,ACC-000180,34886.73,2026-07-07 07:20:36,2
TXN-0006692,CMP-002939,ACC-000180,ACC-000010,33231.95,2026-07-07 12:22:36,3
TXN-0006693,CMP-002940,ACC-001029,ACC-000039,99200.43,2026-07-12 07:49:58,1
TXN-0006694,CMP-002940,ACC-000039,ACC-000155,91640.49,2026-07-12 11:06:58,2
TXN-0006695,CMP-002940,ACC-000155,ACC-000142,89440.59,2026-07-12 16:37:58,3
TXN-0006696,CMP-002941,ACC-000571,ACC-000148,9749.71,2026-08-16 07:28:22,1
TXN-0006697,CMP-002941,ACC-000148,ACC-000979,9306.31,2026-08-16 11:57:22,2
TXN-0006698,CMP-002942,ACC-001060,ACC-000285,7410.63,2026-07-07 10:22:14,1
TXN-0006699,CMP-002942,ACC-000285,ACC-000110,6936.56,2026-07-07 13:44:14,2
TXN-0006700,CMP-002943,ACC-000620,ACC-000205,9027.03,2026-06-16 14:30:57,1
TXN-0006701,CMP-002943,ACC-000205,ACC-000183,8781.89,2026-06-16 14:55:57,2
TXN-0006702,CMP-002944,ACC-000710,ACC-000915,2936.59,2026-07-28 12:15:47,1
TXN-0006703,CMP-002945,ACC-001108,ACC-000181,588.22,2026-07-19 21:39:52,1
TXN-0006704,CMP-002946,ACC-000887,ACC-000657,50014.51,2026-08-09 05:32:29,1
TXN-0006705,CMP-002946,ACC-000657,ACC-000223,47686.32,2026-08-09 08:11:29,2
TXN-0006706,CMP-002947,ACC-001045,ACC-000055,2382.83,2026-06-04 04:01:08,1
TXN-0006707,CMP-002947,ACC-000055,ACC-000043,2255.04,2026-06-04 05:04:08,2
TXN-0006708,CMP-002948,ACC-000562,ACC-000055,612.56,2026-08-02 20:07:13,1
TXN-0006709,CMP-002948,ACC-000055,ACC-000934,578.32,2026-08-02 21:53:13,2
TXN-0006710,CMP-002948,ACC-000934,ACC-000566,552.79,2026-08-02 23:35:13,3
TXN-0006711,CMP-002949,ACC-000752,ACC-000051,1126.68,2026-06-21 11:32:54,1
TXN-0006712,CMP-002949,ACC-000051,ACC-000136,1050.6,2026-06-21 12:02:54,2
TXN-0006713,CMP-002949,ACC-000136,ACC-000099,990.95,2026-06-21 12:28:54,3
TXN-0006714,CMP-002950,ACC-000559,ACC-000834,21925.55,2026-08-11 06:59:37,1
TXN-0006715,CMP-002950,ACC-000834,ACC-000140,21528.96,2026-08-11 11:15:37,2
TXN-0006716,CMP-002951,ACC-000225,ACC-000095,34636.13,2026-07-22 07:13:41,1
TXN-0006717,CMP-002951,ACC-000095,ACC-000206,33108.0,2026-07-22 11:24:41,2
TXN-0006718,CMP-002952,ACC-000973,ACC-000062,3139.74,2026-07-21 13:49:14,1
TXN-0006719,CMP-002953,ACC-000725,ACC-000142,2272.52,2026-06-29 07:02:53,1
TXN-0006720,CMP-002953,ACC-000142,ACC-000168,2232.67,2026-06-29 11:44:53,2
TXN-0006721,CMP-002953,ACC-000168,ACC-001167,2164.79,2026-06-29 12:33:53,3
TXN-0006722,CMP-002953,ACC-001167,ACC-000852,2042.69,2026-06-29 12:48:53,4
TXN-0006723,CMP-002954,ACC-000755,ACC-000209,1625.83,2026-07-06 01:03:10,1
TXN-0006724,CMP-002954,ACC-000209,ACC-000147,1602.04,2026-07-06 06:08:10,2
TXN-0006725,CMP-002955,ACC-000764,ACC-000046,429.82,2026-08-06 21:50:26,1
TXN-0006726,CMP-002955,ACC-000046,ACC-000139,409.92,2026-08-07 00:16:26,2
TXN-0006727,CMP-002956,ACC-000281,ACC-000104,138345.05,2026-07-06 05:52:27,1
TXN-0006728,CMP-002956,ACC-000104,ACC-000131,134735.75,2026-07-06 07:46:27,2
TXN-0006729,CMP-002956,ACC-000131,ACC-000213,130524.02,2026-07-06 11:40:27,3
TXN-0006730,CMP-002956,ACC-000213,ACC-000163,128161.29,2026-07-06 15:42:27,4
TXN-0006731,CMP-002957,ACC-000223,ACC-000120,42789.21,2026-07-06 04:28:35,1
TXN-0006732,CMP-002957,ACC-000120,ACC-000919,40503.32,2026-07-06 08:37:35,2
TXN-0006733,CMP-002957,ACC-000919,ACC-000002,40043.17,2026-07-06 14:08:35,3
TXN-0006734,CMP-002958,ACC-000783,ACC-000404,812.3,2026-07-11 05:53:42,1
TXN-0006735,CMP-002958,ACC-000404,ACC-000140,772.47,2026-07-11 08:26:42,2
TXN-0006736,CMP-002959,ACC-000241,ACC-000180,93117.26,2026-07-22 21:57:09,1
TXN-0006737,CMP-002959,ACC-000180,ACC-000065,91971.32,2026-07-23 01:38:09,2
TXN-0006738,CMP-002961,ACC-000876,ACC-000027,4352.39,2026-06-28 21:54:15,1
TXN-0006739,CMP-002961,ACC-000027,ACC-000017,4227.39,2026-06-29 00:34:15,2
TXN-0006740,CMP-002962,ACC-000323,ACC-000054,4584.56,2026-07-20 02:12:08,1
TXN-0006741,CMP-002962,ACC-000054,ACC-000209,4271.35,2026-07-20 07:00:08,2
TXN-0006742,CMP-002963,ACC-000505,ACC-000062,4065.49,2026-08-13 17:15:35,1
TXN-0006743,CMP-002964,ACC-001027,ACC-001018,1409.0,2026-06-17 02:33:04,1
TXN-0006744,CMP-002964,ACC-001018,ACC-000073,1369.98,2026-06-17 06:12:04,2
TXN-0006745,CMP-002964,ACC-000073,ACC-000171,1347.75,2026-06-17 07:14:04,3
TXN-0006746,CMP-002965,ACC-000762,ACC-000073,1843.13,2026-07-16 15:16:49,1
TXN-0006747,CMP-002965,ACC-000073,ACC-000072,1792.76,2026-07-16 21:15:49,2
TXN-0006748,CMP-002965,ACC-000072,ACC-001168,1744.76,2026-07-17 02:12:49,3
TXN-0006749,CMP-002965,ACC-001168,ACC-000034,1650.35,2026-07-17 07:48:49,4
TXN-0006750,CMP-002966,ACC-000585,ACC-000194,387.9,2026-07-12 19:11:52,1
TXN-0006751,CMP-002966,ACC-000194,ACC-000411,370.21,2026-07-12 22:55:52,2
TXN-0006752,CMP-002966,ACC-000411,ACC-000106,344.54,2026-07-13 04:48:52,3
TXN-0006753,CMP-002967,ACC-001008,ACC-000034,3223.12,2026-07-21 00:10:13,1
TXN-0006754,CMP-002969,ACC-000533,ACC-000048,2980.48,2026-06-23 22:41:38,1
TXN-0006755,CMP-002969,ACC-000048,ACC-000039,2793.08,2026-06-24 04:13:38,2
TXN-0006756,CMP-002969,ACC-000039,ACC-000202,2689.45,2026-06-24 06:01:38,3
TXN-0006757,CMP-002970,ACC-000869,ACC-001122,2400.57,2026-08-27 07:50:58,1
TXN-0006758,CMP-002970,ACC-001122,ACC-000091,2296.24,2026-08-27 12:26:58,2
TXN-0006759,CMP-002971,ACC-000861,ACC-000151,1516.53,2026-08-09 22:29:13,1
TXN-0006760,CMP-002971,ACC-000151,ACC-000080,1432.21,2026-08-09 23:46:13,2
TXN-0006761,CMP-002972,ACC-000929,ACC-000009,596721.63,2026-07-14 13:58:31,1
TXN-0006762,CMP-002972,ACC-000009,ACC-000043,558709.93,2026-07-14 19:26:31,2
TXN-0006763,CMP-002972,ACC-000043,ACC-000129,536687.54,2026-07-14 23:58:31,3
TXN-0006764,CMP-002973,ACC-000898,ACC-000033,2019.57,2026-07-13 02:21:05,1
TXN-0006765,CMP-002973,ACC-000033,ACC-001137,1942.01,2026-07-13 07:41:05,2
TXN-0006766,CMP-002973,ACC-001137,ACC-000169,1860.22,2026-07-13 11:43:05,3
TXN-0006767,CMP-002973,ACC-000169,ACC-000151,1731.49,2026-07-13 17:27:05,4
TXN-0006768,CMP-002974,ACC-000746,ACC-000215,1734.05,2026-06-18 18:44:52,1
TXN-0006769,CMP-002974,ACC-000215,ACC-000369,1698.91,2026-06-18 22:35:52,2
TXN-0006770,CMP-002974,ACC-000369,ACC-000216,1646.39,2026-06-19 02:46:52,3
TXN-0006771,CMP-002974,ACC-000216,ACC-000055,1628.0,2026-06-19 03:14:52,4
TXN-0006772,CMP-002975,ACC-001017,ACC-000427,1505.39,2026-07-20 12:24:14,1
TXN-0006773,CMP-002975,ACC-000427,ACC-000145,1407.67,2026-07-20 16:37:14,2
TXN-0006774,CMP-002976,ACC-000696,ACC-000009,4743.08,2026-07-06 20:24:19,1
TXN-0006775,CMP-002977,ACC-000974,ACC-000189,5650.58,2026-06-18 04:39:09,1
TXN-0006776,CMP-002977,ACC-000189,ACC-000189,5524.39,2026-06-18 08:05:09,2
TXN-0006777,CMP-002978,ACC-000425,ACC-000178,2468.96,2026-06-10 07:11:00,1
TXN-0006778,CMP-002979,ACC-001042,ACC-000207,1332.31,2026-07-20 09:57:10,1
TXN-0006779,CMP-002979,ACC-000207,ACC-000069,1255.83,2026-07-20 10:07:10,2
TXN-0006780,CMP-002979,ACC-000069,ACC-000058,1237.01,2026-07-20 12:45:10,3
TXN-0006781,CMP-002980,ACC-000477,ACC-000188,1573.85,2026-07-12 11:44:07,1
TXN-0006782,CMP-002980,ACC-000188,ACC-000051,1548.52,2026-07-12 15:28:07,2
TXN-0006783,CMP-002980,ACC-000051,ACC-000112,1525.76,2026-07-12 20:24:07,3
TXN-0006784,CMP-002981,ACC-000946,ACC-000171,1707.36,2026-06-14 13:24:55,1
TXN-0006785,CMP-002981,ACC-000171,ACC-001160,1574.2,2026-06-14 17:46:55,2
TXN-0006786,CMP-002981,ACC-001160,ACC-000916,1472.89,2026-06-14 23:01:55,3
TXN-0006787,CMP-002981,ACC-000916,ACC-000183,1378.33,2026-06-15 01:32:55,4
TXN-0006788,CMP-002983,ACC-001111,ACC-000173,1732.68,2026-07-26 08:17:17,1
TXN-0006789,CMP-002983,ACC-000173,ACC-000151,1705.41,2026-07-26 13:31:17,2
TXN-0006790,CMP-002983,ACC-000151,ACC-000109,1585.98,2026-07-26 14:58:17,3
TXN-0006791,CMP-002984,ACC-000398,ACC-000114,2978.12,2026-06-16 20:21:42,1
TXN-0006792,CMP-002984,ACC-000114,ACC-001169,2937.87,2026-06-16 20:31:42,2
TXN-0006793,CMP-002984,ACC-001169,ACC-000045,2730.77,2026-06-16 23:42:42,3
TXN-0006794,CMP-002984,ACC-000045,ACC-000075,2673.33,2026-06-17 05:00:42,4
TXN-0006795,CMP-002985,ACC-000499,ACC-000044,1211.31,2026-08-25 23:10:59,1
TXN-0006796,CMP-002985,ACC-000044,ACC-000048,1188.25,2026-08-26 02:28:59,2
TXN-0006797,CMP-002987,ACC-000841,ACC-000671,60708.46,2026-08-04 07:48:10,1
TXN-0006798,CMP-002987,ACC-000671,ACC-000059,56084.08,2026-08-04 11:19:10,2
TXN-0006799,CMP-002988,ACC-000568,ACC-000601,2662.54,2026-07-20 08:41:21,1
TXN-0006800,CMP-002988,ACC-000601,ACC-000809,2610.74,2026-07-20 10:58:21,2
TXN-0006801,CMP-002989,ACC-000669,ACC-000141,650.94,2026-08-24 20:47:31,1
TXN-0006802,CMP-002989,ACC-000141,ACC-000837,611.61,2026-08-24 21:34:31,2
TXN-0006803,CMP-002990,ACC-000622,ACC-000036,74468.92,2026-08-20 10:02:33,1
TXN-0006804,CMP-002990,ACC-000036,ACC-000057,70162.99,2026-08-20 15:05:33,2
TXN-0006805,CMP-002990,ACC-000057,ACC-000164,66915.41,2026-08-20 18:08:33,3
TXN-0006806,CMP-002990,ACC-000164,ACC-000161,65140.23,2026-08-20 23:19:33,4
TXN-0006807,CMP-002991,ACC-000442,ACC-000465,2094.37,2026-07-26 10:03:16,1
TXN-0006808,CMP-002991,ACC-000465,ACC-000929,1947.37,2026-07-26 14:16:16,2
TXN-0006809,CMP-002992,ACC-000533,ACC-000894,1292.99,2026-07-14 22:50:08,1
TXN-0006810,CMP-002993,ACC-000742,ACC-000200,2073.28,2026-08-22 00:15:23,1
TXN-0006811,CMP-002994,ACC-000235,ACC-000856,6650.89,2026-06-09 11:03:14,1
TXN-0006812,CMP-002994,ACC-000856,ACC-000169,6286.71,2026-06-09 11:46:14,2
TXN-0006813,CMP-002994,ACC-000169,ACC-000211,5924.78,2026-06-09 12:17:14,3
TXN-0006814,CMP-002995,ACC-000926,ACC-000070,5812.3,2026-06-12 04:21:03,1
TXN-0006815,CMP-002995,ACC-000070,ACC-000154,5578.11,2026-06-12 07:12:03,2
TXN-0006816,CMP-002995,ACC-000154,ACC-000058,5158.4,2026-06-12 09:36:03,3
TXN-0006817,CMP-002996,ACC-001029,ACC-000836,705400.3,2026-06-22 13:13:36,1
TXN-0006818,CMP-002996,ACC-000836,ACC-000191,687027.34,2026-06-22 17:33:36,2
TXN-0006819,CMP-002997,ACC-000872,ACC-000072,4856.81,2026-06-27 15:49:18,1
TXN-0006820,CMP-002997,ACC-000072,ACC-000149,4520.34,2026-06-27 16:08:18,2
TXN-0006821,CMP-002998,ACC-001024,ACC-000049,1220556.44,2026-06-08 06:29:19,1
TXN-0006822,CMP-002998,ACC-000049,ACC-000159,1153730.73,2026-06-08 07:23:19,2
TXN-0006823,CMP-002999,ACC-000491,ACC-000080,3084.6,2026-07-13 01:45:11,1
TXN-0006824,CMP-002999,ACC-000080,ACC-000836,2915.58,2026-07-13 04:48:11,2
TXN-0006825,CMP-003000,ACC-000802,ACC-000170,3579.09,2026-06-19 09:55:39,1
TXN-0006826,CMP-003000,ACC-000170,ACC-000668,3499.73,2026-06-19 14:03:39,2
TXN-0006827,CMP-003000,ACC-000668,ACC-000056,3362.73,2026-06-19 19:16:39,3
TXN-BG-000001,,ACC-000606,ACC-000219,2078.7,2026-07-31 18:38:13,0
TXN-BG-000002,,ACC-000713,ACC-000982,898.01,2026-06-06 06:53:42,0
TXN-BG-000003,,ACC-000547,ACC-000693,1399.45,2026-07-29 12:07:45,0
TXN-BG-000004,,ACC-001149,ACC-000634,1356.37,2026-08-07 21:02:56,0
TXN-BG-000005,,ACC-000441,ACC-000809,1354.08,2026-07-15 14:53:20,0
TXN-BG-000006,,ACC-001075,ACC-001072,4127.01,2026-06-01 08:22:34,0
TXN-BG-000007,,ACC-001174,ACC-000619,1386.83,2026-06-08 23:37:42,0
TXN-BG-000008,,ACC-000724,ACC-000575,1230.74,2026-08-07 03:52:26,0
TXN-BG-000009,,ACC-000846,ACC-000667,469.11,2026-08-28 07:01:23,0
TXN-BG-000010,,ACC-001013,ACC-000760,5035.89,2026-06-28 12:33:55,0
TXN-BG-000011,,ACC-001004,ACC-001146,923.81,2026-06-06 23:02:15,0
TXN-BG-000012,,ACC-000435,ACC-000237,609.7,2026-08-22 05:59:29,0
TXN-BG-000013,,ACC-000534,ACC-000889,2237.45,2026-06-19 16:52:44,0
TXN-BG-000014,,ACC-000461,ACC-001084,839.71,2026-07-11 00:59:30,0
TXN-BG-000015,,ACC-000715,ACC-000978,1068.54,2026-06-05 01:38:49,0
TXN-BG-000016,,ACC-000620,ACC-001199,2341.3,2026-06-15 10:59:41,0
TXN-BG-000017,,ACC-000256,ACC-000802,1304.42,2026-08-29 00:08:26,0
TXN-BG-000018,,ACC-000799,ACC-000780,18244.33,2026-08-19 12:16:45,0
TXN-BG-000019,,ACC-000248,ACC-000251,1677.69,2026-06-04 05:28:06,0
TXN-BG-000020,,ACC-001116,ACC-000589,3353.76,2026-06-12 14:53:47,0
TXN-BG-000021,,ACC-000887,ACC-000580,259.38,2026-08-01 23:42:02,0
TXN-BG-000022,,ACC-000691,ACC-000800,764.6,2026-06-18 01:21:11,0
TXN-BG-000023,,ACC-000790,ACC-000383,609.77,2026-07-20 19:46:39,0
TXN-BG-000024,,ACC-001016,ACC-001042,696.19,2026-07-05 05:26:22,0
TXN-BG-000025,,ACC-000646,ACC-001041,2739.52,2026-07-29 10:09:22,0
TXN-BG-000026,,ACC-000402,ACC-000488,5092.71,2026-06-18 11:46:49,0
TXN-BG-000027,,ACC-000842,ACC-000972,2551.99,2026-07-28 05:28:08,0
TXN-BG-000028,,ACC-001115,ACC-000898,1441.38,2026-07-25 22:03:24,0
TXN-BG-000029,,ACC-000562,ACC-001099,962.13,2026-08-24 07:49:25,0
TXN-BG-000030,,ACC-000338,ACC-001149,5506.03,2026-07-25 03:39:54,0
TXN-BG-000031,,ACC-000790,ACC-000276,14346.42,2026-07-01 22:18:14,0
TXN-BG-000032,,ACC-001023,ACC-000620,2069.49,2026-07-17 03:05:18,0
TXN-BG-000033,,ACC-000454,ACC-000393,4625.61,2026-07-17 11:21:57,0
TXN-BG-000034,,ACC-000679,ACC-001137,2548.78,2026-07-28 04:29:37,0
TXN-BG-000035,,ACC-000452,ACC-000634,3848.75,2026-07-13 11:58:11,0
TXN-BG-000036,,ACC-000441,ACC-000468,564.23,2026-07-08 22:20:00,0
TXN-BG-000037,,ACC-001084,ACC-000352,1109.72,2026-06-10 04:34:07,0
TXN-BG-000038,,ACC-000789,ACC-000484,2685.09,2026-08-21 09:54:14,0
TXN-BG-000039,,ACC-001135,ACC-000820,6078.36,2026-07-20 02:09:34,0
TXN-BG-000040,,ACC-000818,ACC-001018,797.81,2026-07-30 06:27:11,0
TXN-BG-000041,,ACC-001071,ACC-000701,236.68,2026-07-12 13:41:37,0
TXN-BG-000042,,ACC-000364,ACC-001126,1098.54,2026-06-18 12:58:13,0
TXN-BG-000043,,ACC-000251,ACC-000500,4964.81,2026-07-09 20:55:02,0
TXN-BG-000044,,ACC-000239,ACC-000542,370.96,2026-08-14 06:34:43,0
TXN-BG-000045,,ACC-000526,ACC-001164,557.29,2026-06-20 16:19:24,0
TXN-BG-000046,,ACC-001167,ACC-000750,2113.12,2026-05-31 14:09:30,0
TXN-BG-000047,,ACC-001102,ACC-000790,1610.06,2026-06-12 15:57:19,0
TXN-BG-000048,,ACC-000741,ACC-000535,3276.29,2026-06-24 02:22:31,0
TXN-BG-000049,,ACC-000429,ACC-001093,529.15,2026-08-13 01:53:18,0
TXN-BG-000050,,ACC-000832,ACC-001180,1306.39,2026-07-20 08:33:46,0
TXN-BG-000051,,ACC-000919,ACC-001037,5974.08,2026-08-15 14:09:08,0
TXN-BG-000052,,ACC-001006,ACC-000620,548.45,2026-08-14 17:11:24,0
TXN-BG-000053,,ACC-001085,ACC-001049,7918.15,2026-06-25 16:25:56,0
TXN-BG-000054,,ACC-001005,ACC-000293,621.78,2026-06-29 12:40:23,0
TXN-BG-000055,,ACC-000319,ACC-000375,4227.57,2026-07-19 22:03:16,0
TXN-BG-000056,,ACC-000554,ACC-000884,1245.19,2026-08-16 05:50:28,0
TXN-BG-000057,,ACC-000480,ACC-000799,575.42,2026-08-04 21:32:02,0
TXN-BG-000058,,ACC-001189,ACC-000878,1100.04,2026-07-02 11:08:16,0
TXN-BG-000059,,ACC-001198,ACC-000304,3117.94,2026-07-14 08:38:04,0
TXN-BG-000060,,ACC-000799,ACC-000876,1795.69,2026-07-19 10:45:49,0
TXN-BG-000061,,ACC-000761,ACC-000477,5532.91,2026-07-31 07:34:16,0
TXN-BG-000062,,ACC-000844,ACC-000638,7598.76,2026-07-11 12:46:54,0
TXN-BG-000063,,ACC-000780,ACC-000994,553.89,2026-06-19 17:04:16,0
TXN-BG-000064,,ACC-001149,ACC-000570,514.78,2026-06-12 14:57:48,0
TXN-BG-000065,,ACC-000758,ACC-000694,490.39,2026-07-06 08:34:54,0
TXN-BG-000066,,ACC-000393,ACC-000585,735.69,2026-06-21 03:52:05,0
TXN-BG-000067,,ACC-000951,ACC-000786,5454.6,2026-08-22 11:48:30,0
TXN-BG-000068,,ACC-001194,ACC-000976,3166.44,2026-07-03 10:33:34,0
TXN-BG-000069,,ACC-000626,ACC-000925,1048.35,2026-08-12 15:06:46,0
TXN-BG-000070,,ACC-000552,ACC-000248,1788.08,2026-06-06 11:51:44,0
TXN-BG-000071,,ACC-000335,ACC-001073,7363.61,2026-07-17 20:47:50,0
TXN-BG-000072,,ACC-000869,ACC-001085,12185.61,2026-06-28 02:14:17,0
TXN-BG-000073,,ACC-001145,ACC-000713,2343.46,2026-07-11 01:11:43,0
TXN-BG-000074,,ACC-000460,ACC-000796,126.56,2026-06-02 08:05:57,0
TXN-BG-000075,,ACC-000511,ACC-000881,2433.99,2026-07-12 06:30:03,0
TXN-BG-000076,,ACC-000872,ACC-000815,4604.31,2026-08-09 13:03:19,0
TXN-BG-000077,,ACC-000427,ACC-000774,2263.42,2026-07-25 03:17:50,0
TXN-BG-000078,,ACC-000489,ACC-000477,3738.78,2026-08-10 14:56:27,0
TXN-BG-000079,,ACC-000848,ACC-000977,2583.93,2026-06-25 02:31:55,0
TXN-BG-000080,,ACC-000877,ACC-001048,526.03,2026-07-05 00:38:04,0
TXN-BG-000081,,ACC-001134,ACC-000233,745.28,2026-07-01 10:18:25,0
TXN-BG-000082,,ACC-000405,ACC-000419,1311.4,2026-06-10 12:10:31,0
TXN-BG-000083,,ACC-000677,ACC-000880,5247.02,2026-06-04 18:45:18,0
TXN-BG-000084,,ACC-001154,ACC-000816,840.6,2026-06-07 17:37:06,0
TXN-BG-000085,,ACC-000244,ACC-000779,2852.36,2026-06-20 23:41:31,0
TXN-BG-000086,,ACC-001125,ACC-000678,2449.63,2026-06-16 00:50:46,0
TXN-BG-000087,,ACC-000985,ACC-000289,8832.53,2026-06-10 05:39:10,0
TXN-BG-000088,,ACC-000547,ACC-000788,1734.23,2026-06-20 15:05:42,0
TXN-BG-000089,,ACC-001035,ACC-000669,312.7,2026-07-05 13:20:04,0
TXN-BG-000090,,ACC-000926,ACC-000985,3452.56,2026-06-09 15:31:14,0
TXN-BG-000091,,ACC-001110,ACC-001175,15337.49,2026-07-10 19:28:24,0
TXN-BG-000092,,ACC-000612,ACC-000651,3686.32,2026-06-22 01:36:25,0
TXN-BG-000093,,ACC-000320,ACC-000543,822.49,2026-06-15 03:46:27,0
TXN-BG-000094,,ACC-000863,ACC-000468,612.81,2026-08-27 17:52:49,0
TXN-BG-000095,,ACC-001016,ACC-001148,697.17,2026-06-25 16:31:02,0
TXN-BG-000096,,ACC-001067,ACC-001171,13404.05,2026-06-16 05:21:54,0
TXN-BG-000097,,ACC-001062,ACC-001125,1303.32,2026-06-22 16:05:49,0
TXN-BG-000098,,ACC-000741,ACC-000819,932.02,2026-07-10 07:40:49,0
TXN-BG-000099,,ACC-001106,ACC-000504,1543.12,2026-06-12 15:56:28,0
TXN-BG-000100,,ACC-000718,ACC-000716,1316.98,2026-06-25 21:56:03,0
TXN-BG-000101,,ACC-000360,ACC-000885,8670.23,2026-08-27 11:31:52,0
TXN-BG-000102,,ACC-000361,ACC-000472,655.58,2026-07-02 21:41:29,0
TXN-BG-000103,,ACC-000972,ACC-000343,5887.83,2026-06-26 03:58:09,0
TXN-BG-000104,,ACC-000679,ACC-001117,2042.83,2026-08-20 07:39:38,0
TXN-BG-000105,,ACC-000560,ACC-000446,6045.24,2026-07-17 16:51:54,0
TXN-BG-000106,,ACC-000826,ACC-001021,8800.99,2026-07-13 01:13:45,0
TXN-BG-000107,,ACC-000496,ACC-000912,1968.05,2026-07-18 19:45:34,0
TXN-BG-000108,,ACC-000820,ACC-001066,1319.41,2026-08-13 14:58:54,0
TXN-BG-000109,,ACC-000836,ACC-001127,1931.74,2026-06-07 21:22:55,0
TXN-BG-000110,,ACC-000811,ACC-001117,1644.56,2026-08-01 07:14:49,0
TXN-BG-000111,,ACC-000286,ACC-001199,344.82,2026-07-29 01:30:09,0
TXN-BG-000112,,ACC-000309,ACC-000487,8539.69,2026-06-17 14:46:23,0
TXN-BG-000113,,ACC-001056,ACC-000279,2311.81,2026-06-29 06:09:53,0
TXN-BG-000114,,ACC-001012,ACC-000869,565.04,2026-08-27 06:34:17,0
TXN-BG-000115,,ACC-000559,ACC-001036,228.71,2026-08-05 21:23:43,0
TXN-BG-000116,,ACC-000446,ACC-000868,176.34,2026-07-03 01:27:39,0
TXN-BG-000117,,ACC-000468,ACC-000611,3906.83,2026-06-26 08:44:08,0
TXN-BG-000118,,ACC-000662,ACC-000581,973.62,2026-08-05 08:12:15,0
TXN-BG-000119,,ACC-001136,ACC-001170,1147.22,2026-06-18 22:33:49,0
TXN-BG-000120,,ACC-000978,ACC-000760,2945.85,2026-08-19 03:01:22,0
TXN-BG-000121,,ACC-001181,ACC-000499,1079.17,2026-08-07 18:58:37,0
TXN-BG-000122,,ACC-000974,ACC-001038,3122.92,2026-06-03 16:21:42,0
TXN-BG-000123,,ACC-000961,ACC-000684,1988.75,2026-08-22 01:38:30,0
TXN-BG-000124,,ACC-001161,ACC-000358,1662.16,2026-06-08 07:40:00,0
TXN-BG-000125,,ACC-000755,ACC-000814,375.12,2026-06-24 06:55:35,0
TXN-BG-000126,,ACC-001137,ACC-000377,796.53,2026-08-07 13:09:43,0
TXN-BG-000127,,ACC-000394,ACC-000309,3302.83,2026-07-04 15:28:32,0
TXN-BG-000128,,ACC-000948,ACC-000459,914.13,2026-07-03 03:26:56,0
TXN-BG-000129,,ACC-000299,ACC-000526,6035.23,2026-07-24 13:34:41,0
TXN-BG-000130,,ACC-000438,ACC-000508,18890.25,2026-07-12 16:57:20,0
TXN-BG-000131,,ACC-000350,ACC-000659,3485.56,2026-06-15 23:13:50,0
TXN-BG-000132,,ACC-000787,ACC-001111,8045.21,2026-05-31 21:57:01,0
TXN-BG-000133,,ACC-000805,ACC-000771,3717.2,2026-08-24 14:25:45,0
TXN-BG-000134,,ACC-000576,ACC-000709,1059.7,2026-07-11 23:23:35,0
TXN-BG-000135,,ACC-000292,ACC-000359,2208.68,2026-08-04 21:33:13,0
TXN-BG-000136,,ACC-000258,ACC-001074,13538.88,2026-06-01 16:27:58,0
TXN-BG-000137,,ACC-000634,ACC-000447,1071.11,2026-08-13 01:09:25,0
TXN-BG-000138,,ACC-000488,ACC-000596,639.49,2026-07-12 08:55:06,0
TXN-BG-000139,,ACC-000941,ACC-000697,581.61,2026-06-07 21:01:52,0
TXN-BG-000140,,ACC-000962,ACC-001030,1454.58,2026-07-06 11:54:41,0
TXN-BG-000141,,ACC-000766,ACC-000531,662.84,2026-08-06 20:03:23,0
TXN-BG-000142,,ACC-000605,ACC-001108,9643.31,2026-07-18 09:02:43,0
TXN-BG-000143,,ACC-000976,ACC-000556,2244.77,2026-07-08 07:57:31,0
TXN-BG-000144,,ACC-000417,ACC-000268,4777.76,2026-07-29 04:17:57,0
TXN-BG-000145,,ACC-000999,ACC-000466,1341.22,2026-08-04 02:51:21,0
TXN-BG-000146,,ACC-000455,ACC-000344,578.13,2026-06-10 18:47:06,0
TXN-BG-000147,,ACC-000417,ACC-000972,488.14,2026-06-12 05:57:44,0
TXN-BG-000148,,ACC-001018,ACC-000648,729.24,2026-07-31 05:08:25,0
TXN-BG-000149,,ACC-000755,ACC-000918,2559.39,2026-07-24 20:02:21,0
TXN-BG-000150,,ACC-000955,ACC-000996,3040.82,2026-08-05 11:43:36,0
TXN-BG-000151,,ACC-000960,ACC-001086,3305.01,2026-07-08 00:29:35,0
TXN-BG-000152,,ACC-001103,ACC-000248,408.02,2026-06-23 00:57:45,0
TXN-BG-000153,,ACC-000354,ACC-000890,1807.3,2026-07-28 09:28:32,0
TXN-BG-000154,,ACC-000793,ACC-000654,648.03,2026-06-01 03:02:09,0
TXN-BG-000155,,ACC-000951,ACC-000827,2701.24,2026-06-28 08:10:01,0
TXN-BG-000156,,ACC-001004,ACC-000758,2919.24,2026-07-02 23:29:55,0
TXN-BG-000157,,ACC-000533,ACC-000339,559.94,2026-08-21 14:45:49,0
TXN-BG-000158,,ACC-000730,ACC-000433,4760.13,2026-07-20 17:35:45,0
TXN-BG-000159,,ACC-000914,ACC-000824,18747.64,2026-08-27 05:47:10,0
TXN-BG-000160,,ACC-000466,ACC-000380,4166.52,2026-08-28 19:01:54,0
TXN-BG-000161,,ACC-000509,ACC-000905,1536.35,2026-06-20 17:38:38,0
TXN-BG-000162,,ACC-000701,ACC-000225,1317.45,2026-06-19 22:54:15,0
TXN-BG-000163,,ACC-001113,ACC-000805,1466.94,2026-07-16 05:56:43,0
TXN-BG-000164,,ACC-000356,ACC-000291,844.94,2026-07-19 06:36:04,0
TXN-BG-000165,,ACC-000404,ACC-000346,2327.15,2026-07-27 20:41:33,0
TXN-BG-000166,,ACC-000895,ACC-001138,579.14,2026-07-09 22:13:17,0
TXN-BG-000167,,ACC-000461,ACC-000702,273.23,2026-07-12 06:58:46,0
TXN-BG-000168,,ACC-000489,ACC-001018,2252.06,2026-07-22 00:39:09,0
TXN-BG-000169,,ACC-000303,ACC-001175,1846.84,2026-07-22 15:19:32,0
TXN-BG-000170,,ACC-000855,ACC-001064,1021.3,2026-06-26 08:25:17,0
TXN-BG-000171,,ACC-000668,ACC-001008,501.35,2026-06-08 21:42:58,0
TXN-BG-000172,,ACC-001139,ACC-000221,2415.7,2026-08-27 23:50:21,0
TXN-BG-000173,,ACC-000462,ACC-000219,671.71,2026-08-08 10:34:10,0
TXN-BG-000174,,ACC-001071,ACC-001144,1573.5,2026-07-09 14:32:07,0
TXN-BG-000175,,ACC-000468,ACC-000564,10561.51,2026-08-21 15:16:47,0
TXN-BG-000176,,ACC-001198,ACC-000992,3467.5,2026-06-29 20:34:23,0
TXN-BG-000177,,ACC-001174,ACC-000488,459.83,2026-06-24 20:14:52,0
TXN-BG-000178,,ACC-000318,ACC-000229,505.3,2026-06-20 08:19:47,0
TXN-BG-000179,,ACC-000881,ACC-000272,2104.47,2026-07-09 08:38:31,0
TXN-BG-000180,,ACC-000670,ACC-000794,457.0,2026-08-05 17:22:14,0
TXN-BG-000181,,ACC-001031,ACC-000918,244.27,2026-08-11 23:59:43,0
TXN-BG-000182,,ACC-000377,ACC-001102,3079.04,2026-06-02 01:00:03,0
TXN-BG-000183,,ACC-000459,ACC-000950,2492.24,2026-07-12 21:24:00,0
TXN-BG-000184,,ACC-000964,ACC-000514,2837.27,2026-08-03 15:30:46,0
TXN-BG-000185,,ACC-001173,ACC-001155,2352.03,2026-06-20 04:02:48,0
TXN-BG-000186,,ACC-001085,ACC-000431,1693.73,2026-08-03 11:11:43,0
TXN-BG-000187,,ACC-000920,ACC-000297,932.45,2026-07-15 00:40:02,0
TXN-BG-000188,,ACC-000630,ACC-000427,3029.45,2026-07-10 12:05:06,0
TXN-BG-000189,,ACC-000368,ACC-000942,8348.89,2026-08-28 15:53:26,0
TXN-BG-000190,,ACC-000604,ACC-000880,1095.29,2026-07-26 09:55:07,0
TXN-BG-000191,,ACC-001003,ACC-000630,651.49,2026-07-23 11:31:26,0
TXN-BG-000192,,ACC-000772,ACC-001043,581.08,2026-07-14 02:20:08,0
TXN-BG-000193,,ACC-000435,ACC-000383,759.96,2026-07-02 11:35:29,0
TXN-BG-000194,,ACC-000393,ACC-000367,2214.09,2026-06-29 08:12:53,0
TXN-BG-000195,,ACC-001042,ACC-001075,212.8,2026-08-26 19:30:23,0
TXN-BG-000196,,ACC-000886,ACC-000974,2805.03,2026-06-09 23:11:28,0
TXN-BG-000197,,ACC-001120,ACC-000397,3442.36,2026-06-27 02:57:31,0
TXN-BG-000198,,ACC-000420,ACC-000701,299.44,2026-06-16 11:52:32,0
TXN-BG-000199,,ACC-001011,ACC-000234,679.13,2026-06-16 15:57:52,0
TXN-BG-000200,,ACC-000870,ACC-000983,1958.0,2026-08-23 17:24:21,0
TXN-BG-000201,,ACC-000832,ACC-000394,1566.39,2026-07-12 08:06:12,0
TXN-BG-000202,,ACC-001173,ACC-000224,3040.08,2026-06-13 18:20:56,0
TXN-BG-000203,,ACC-000264,ACC-001199,1570.05,2026-05-31 17:59:04,0
TXN-BG-000204,,ACC-000706,ACC-001007,6404.59,2026-08-26 04:57:57,0
TXN-BG-000205,,ACC-000651,ACC-001098,1311.37,2026-07-23 19:47:52,0
TXN-BG-000206,,ACC-000989,ACC-000785,676.52,2026-06-26 17:38:02,0
TXN-BG-000207,,ACC-000378,ACC-000314,624.25,2026-07-26 00:40:14,0
TXN-BG-000208,,ACC-001100,ACC-000795,3772.41,2026-08-09 05:36:13,0
TXN-BG-000209,,ACC-001150,ACC-000283,1862.4,2026-08-19 16:39:17,0
TXN-BG-000210,,ACC-000638,ACC-000336,3407.44,2026-06-11 11:33:39,0
TXN-BG-000211,,ACC-000281,ACC-001117,3337.98,2026-08-16 18:28:11,0
TXN-BG-000212,,ACC-001014,ACC-001064,239.88,2026-06-10 08:30:57,0
TXN-BG-000213,,ACC-001068,ACC-000440,578.2,2026-07-05 01:24:56,0
TXN-BG-000214,,ACC-000572,ACC-000845,651.56,2026-07-24 11:38:31,0
TXN-BG-000215,,ACC-000308,ACC-000424,799.46,2026-08-03 20:41:05,0
TXN-BG-000216,,ACC-000909,ACC-000302,1187.55,2026-06-23 18:47:48,0
TXN-BG-000217,,ACC-000538,ACC-000967,4910.59,2026-07-16 19:11:35,0
TXN-BG-000218,,ACC-000604,ACC-001086,5993.81,2026-08-08 17:04:05,0
TXN-BG-000219,,ACC-000221,ACC-000218,1348.99,2026-08-06 01:50:54,0
TXN-BG-000220,,ACC-001138,ACC-000456,1406.3,2026-06-21 13:17:31,0
TXN-BG-000221,,ACC-000304,ACC-000662,892.98,2026-06-24 23:58:29,0
TXN-BG-000222,,ACC-000535,ACC-000379,1976.71,2026-06-18 00:07:40,0
TXN-BG-000223,,ACC-000266,ACC-001143,2213.92,2026-07-10 06:26:54,0
TXN-BG-000224,,ACC-000326,ACC-000905,4050.01,2026-06-13 10:40:57,0
TXN-BG-000225,,ACC-000360,ACC-000873,4017.59,2026-06-26 04:35:47,0
TXN-BG-000226,,ACC-000626,ACC-000765,180.89,2026-08-07 04:12:30,0
TXN-BG-000227,,ACC-000691,ACC-001182,1552.24,2026-08-23 01:54:35,0
TXN-BG-000228,,ACC-001005,ACC-000337,7216.32,2026-07-03 08:10:07,0
TXN-BG-000229,,ACC-000618,ACC-000962,1166.64,2026-08-29 09:24:41,0
TXN-BG-000230,,ACC-001030,ACC-000366,5649.05,2026-06-01 13:07:50,0
TXN-BG-000231,,ACC-000633,ACC-000523,1330.82,2026-06-12 13:19:45,0
TXN-BG-000232,,ACC-000411,ACC-000693,2153.66,2026-07-22 09:34:22,0
TXN-BG-000233,,ACC-000331,ACC-000890,580.05,2026-07-14 07:25:33,0
TXN-BG-000234,,ACC-000399,ACC-000983,602.3,2026-07-31 08:29:41,0
TXN-BG-000235,,ACC-000781,ACC-000561,3734.96,2026-07-05 22:42:37,0
TXN-BG-000236,,ACC-000408,ACC-001169,4366.94,2026-08-29 11:32:12,0
TXN-BG-000237,,ACC-000577,ACC-001180,1856.46,2026-08-07 09:54:22,0
TXN-BG-000238,,ACC-000752,ACC-000365,529.79,2026-08-17 10:42:12,0
TXN-BG-000239,,ACC-000646,ACC-000539,1889.0,2026-07-21 12:43:37,0
TXN-BG-000240,,ACC-000342,ACC-000340,6356.51,2026-08-12 05:37:38,0
TXN-BG-000241,,ACC-000853,ACC-001012,10330.61,2026-07-14 04:17:27,0
TXN-BG-000242,,ACC-000611,ACC-001175,1317.24,2026-07-12 06:23:54,0
TXN-BG-000243,,ACC-000981,ACC-000525,343.82,2026-06-17 10:51:02,0
TXN-BG-000244,,ACC-000278,ACC-000556,4189.61,2026-06-09 18:41:43,0
TXN-BG-000245,,ACC-000394,ACC-000847,1372.02,2026-07-23 13:40:18,0
TXN-BG-000246,,ACC-001048,ACC-001113,4642.65,2026-06-15 01:43:36,0
TXN-BG-000247,,ACC-001163,ACC-000304,2394.84,2026-08-13 22:59:56,0
TXN-BG-000248,,ACC-000917,ACC-000862,747.37,2026-06-12 05:01:31,0
TXN-BG-000249,,ACC-000687,ACC-001016,1916.48,2026-08-25 01:47:59,0
TXN-BG-000250,,ACC-000957,ACC-000233,6689.79,2026-08-13 17:53:04,0
TXN-BG-000251,,ACC-000279,ACC-000738,1557.51,2026-07-29 01:21:48,0
TXN-BG-000252,,ACC-001143,ACC-001133,642.39,2026-05-31 10:18:34,0
TXN-BG-000253,,ACC-000221,ACC-000821,369.21,2026-07-29 07:16:32,0
TXN-BG-000254,,ACC-000979,ACC-000318,835.34,2026-07-15 17:12:24,0
TXN-BG-000255,,ACC-000608,ACC-000349,1199.74,2026-06-01 18:14:46,0
TXN-BG-000256,,ACC-000697,ACC-001147,4105.16,2026-08-04 17:17:43,0
TXN-BG-000257,,ACC-000672,ACC-000756,589.43,2026-08-23 10:19:55,0
TXN-BG-000258,,ACC-000402,ACC-000234,8550.56,2026-08-19 22:59:28,0
TXN-BG-000259,,ACC-000247,ACC-000663,474.78,2026-07-01 03:56:05,0
TXN-BG-000260,,ACC-000634,ACC-000740,18610.59,2026-06-07 12:52:40,0
TXN-BG-000261,,ACC-000508,ACC-001161,10152.94,2026-08-02 07:46:21,0
TXN-BG-000262,,ACC-000775,ACC-000436,2082.17,2026-06-11 15:54:11,0
TXN-BG-000263,,ACC-001051,ACC-000431,348.04,2026-06-13 09:47:33,0
TXN-BG-000264,,ACC-000828,ACC-000973,1710.56,2026-07-04 06:48:16,0
TXN-BG-000265,,ACC-000648,ACC-001042,1228.02,2026-06-23 12:03:27,0
TXN-BG-000266,,ACC-001059,ACC-000341,505.58,2026-07-16 06:58:46,0
TXN-BG-000267,,ACC-000866,ACC-000949,2418.76,2026-07-08 01:39:29,0
TXN-BG-000268,,ACC-000550,ACC-000529,793.42,2026-08-26 11:21:05,0
TXN-BG-000269,,ACC-000783,ACC-000436,884.56,2026-07-15 16:25:32,0
TXN-BG-000270,,ACC-001003,ACC-000754,1474.86,2026-08-28 16:44:03,0
TXN-BG-000271,,ACC-000870,ACC-000912,1017.49,2026-07-15 00:13:28,0
TXN-BG-000272,,ACC-000295,ACC-000420,14445.77,2026-07-05 23:36:21,0
TXN-BG-000273,,ACC-000921,ACC-000409,1058.16,2026-06-08 15:56:38,0
TXN-BG-000274,,ACC-000919,ACC-000561,2809.83,2026-06-03 17:15:04,0
TXN-BG-000275,,ACC-000639,ACC-000667,2091.26,2026-07-01 15:59:37,0
TXN-BG-000276,,ACC-000655,ACC-001028,2572.8,2026-06-22 07:54:27,0
TXN-BG-000277,,ACC-000894,ACC-000856,2776.89,2026-06-19 15:54:37,0
TXN-BG-000278,,ACC-000777,ACC-000795,4364.95,2026-06-18 08:49:53,0
TXN-BG-000279,,ACC-000650,ACC-000344,2360.07,2026-07-07 10:33:54,0
TXN-BG-000280,,ACC-000545,ACC-000730,2264.02,2026-08-17 17:02:33,0
TXN-BG-000281,,ACC-000405,ACC-000722,1916.92,2026-07-13 11:35:43,0
TXN-BG-000282,,ACC-001003,ACC-001165,1574.33,2026-08-28 05:28:56,0
TXN-BG-000283,,ACC-000217,ACC-000462,726.47,2026-06-18 19:16:41,0
TXN-BG-000284,,ACC-000565,ACC-000720,1701.27,2026-06-23 04:14:42,0
TXN-BG-000285,,ACC-001008,ACC-000898,2301.39,2026-06-10 00:31:20,0
TXN-BG-000286,,ACC-000913,ACC-001004,2703.13,2026-07-28 00:40:20,0
TXN-BG-000287,,ACC-000662,ACC-000981,2165.24,2026-06-22 07:03:59,0
TXN-BG-000288,,ACC-001043,ACC-000918,1432.31,2026-07-22 15:26:10,0
TXN-BG-000289,,ACC-001088,ACC-001145,1707.73,2026-08-06 11:52:46,0
TXN-BG-000290,,ACC-000425,ACC-000908,1039.35,2026-06-13 23:10:07,0
TXN-BG-000291,,ACC-000589,ACC-000698,2473.09,2026-07-12 06:02:41,0
TXN-BG-000292,,ACC-000674,ACC-001038,1449.35,2026-07-05 23:58:32,0
TXN-BG-000293,,ACC-001014,ACC-001057,2165.83,2026-06-20 21:11:44,0
TXN-BG-000294,,ACC-000345,ACC-000734,4918.72,2026-08-24 18:19:17,0
TXN-BG-000295,,ACC-000855,ACC-000237,889.48,2026-06-03 02:58:41,0
TXN-BG-000296,,ACC-000267,ACC-000991,3283.6,2026-08-02 16:30:22,0
TXN-BG-000297,,ACC-000748,ACC-000901,1869.1,2026-08-06 09:42:19,0
TXN-BG-000298,,ACC-000556,ACC-001103,13645.89,2026-06-24 05:34:50,0
TXN-BG-000299,,ACC-000736,ACC-001037,1456.37,2026-08-18 23:33:17,0
TXN-BG-000300,,ACC-001111,ACC-000774,3623.39,2026-07-03 12:56:04,0
TXN-BG-000301,,ACC-000869,ACC-000749,1836.02,2026-08-18 20:54:14,0
TXN-BG-000302,,ACC-001152,ACC-000713,451.1,2026-07-12 05:27:05,0
TXN-BG-000303,,ACC-000517,ACC-000746,1074.18,2026-06-20 09:17:08,0
TXN-BG-000304,,ACC-000458,ACC-000804,4361.06,2026-07-10 22:15:09,0
TXN-BG-000305,,ACC-000503,ACC-000296,1172.98,2026-08-07 19:19:09,0
TXN-BG-000306,,ACC-000869,ACC-000240,196.32,2026-06-08 09:04:35,0
TXN-BG-000307,,ACC-000504,ACC-000601,1752.15,2026-06-29 13:04:51,0
TXN-BG-000308,,ACC-001095,ACC-000416,606.48,2026-06-18 02:44:58,0
TXN-BG-000309,,ACC-000484,ACC-001198,2062.8,2026-08-01 07:21:06,0
TXN-BG-000310,,ACC-000954,ACC-000668,8528.31,2026-06-13 18:57:05,0
TXN-BG-000311,,ACC-000503,ACC-001095,3902.83,2026-08-05 23:15:53,0
TXN-BG-000312,,ACC-000915,ACC-000247,8405.62,2026-06-30 06:07:09,0
TXN-BG-000313,,ACC-000569,ACC-000354,1031.21,2026-07-01 10:33:01,0
TXN-BG-000314,,ACC-000798,ACC-000645,1566.87,2026-08-19 06:19:59,0
TXN-BG-000315,,ACC-000516,ACC-001112,636.23,2026-07-13 15:49:27,0
TXN-BG-000316,,ACC-000979,ACC-000704,912.29,2026-07-25 10:24:30,0
TXN-BG-000317,,ACC-000618,ACC-000477,715.6,2026-06-25 02:18:26,0
TXN-BG-000318,,ACC-000612,ACC-001107,489.45,2026-07-09 17:23:44,0
TXN-BG-000319,,ACC-000468,ACC-000540,7085.86,2026-07-14 13:18:43,0
TXN-BG-000320,,ACC-000352,ACC-000676,223.19,2026-06-23 13:35:35,0
TXN-BG-000321,,ACC-000620,ACC-000838,7116.27,2026-07-03 22:02:32,0
TXN-BG-000322,,ACC-001137,ACC-000729,6285.87,2026-08-04 05:31:17,0
TXN-BG-000323,,ACC-000435,ACC-000517,2980.34,2026-05-31 06:51:57,0
TXN-BG-000324,,ACC-001185,ACC-000760,593.18,2026-06-28 20:06:51,0
TXN-BG-000325,,ACC-000412,ACC-000331,371.6,2026-07-12 08:02:51,0
TXN-BG-000326,,ACC-000799,ACC-000746,1044.82,2026-06-14 05:20:46,0
TXN-BG-000327,,ACC-000869,ACC-000388,3378.27,2026-08-06 11:13:53,0
TXN-BG-000328,,ACC-000253,ACC-000881,1813.59,2026-08-10 22:26:04,0
TXN-BG-000329,,ACC-000620,ACC-000882,636.83,2026-07-01 16:18:21,0
TXN-BG-000330,,ACC-000536,ACC-001136,5699.9,2026-06-15 09:04:08,0
TXN-BG-000331,,ACC-000529,ACC-000600,9743.77,2026-07-14 22:57:59,0
TXN-BG-000332,,ACC-000981,ACC-000225,1441.44,2026-06-01 02:01:05,0
TXN-BG-000333,,ACC-001057,ACC-000277,2016.94,2026-07-14 05:05:12,0
TXN-BG-000334,,ACC-000289,ACC-000262,399.87,2026-06-01 16:26:47,0
TXN-BG-000335,,ACC-000926,ACC-000539,1194.66,2026-06-19 09:12:57,0
TXN-BG-000336,,ACC-000827,ACC-001104,3012.24,2026-07-31 20:49:29,0
TXN-BG-000337,,ACC-000571,ACC-001131,2578.23,2026-06-18 16:18:49,0
TXN-BG-000338,,ACC-000342,ACC-000312,1088.26,2026-07-25 17:23:31,0
TXN-BG-000339,,ACC-000667,ACC-000300,1374.38,2026-06-10 04:43:54,0
TXN-BG-000340,,ACC-000892,ACC-000610,1156.08,2026-08-04 21:13:01,0
TXN-BG-000341,,ACC-000762,ACC-000307,1368.59,2026-07-07 05:01:10,0
TXN-BG-000342,,ACC-000386,ACC-000895,2760.69,2026-07-31 07:10:19,0
TXN-BG-000343,,ACC-000586,ACC-000377,252.77,2026-08-18 23:57:27,0
TXN-BG-000344,,ACC-000601,ACC-000311,1678.49,2026-06-29 04:00:58,0
TXN-BG-000345,,ACC-000790,ACC-000708,2565.67,2026-06-15 02:35:52,0
TXN-BG-000346,,ACC-000438,ACC-000293,1022.0,2026-06-18 11:28:45,0
TXN-BG-000347,,ACC-000996,ACC-001029,1119.53,2026-07-09 17:09:02,0
TXN-BG-000348,,ACC-000277,ACC-000600,1152.4,2026-08-05 16:54:30,0
TXN-BG-000349,,ACC-000858,ACC-001083,1119.85,2026-06-27 22:26:46,0
TXN-BG-000350,,ACC-000885,ACC-000760,1818.71,2026-07-17 12:05:05,0
TXN-BG-000351,,ACC-001058,ACC-000941,2057.0,2026-08-02 04:13:58,0
TXN-BG-000352,,ACC-000253,ACC-000422,221.29,2026-07-16 23:31:56,0
TXN-BG-000353,,ACC-000581,ACC-001045,3473.37,2026-07-12 08:42:21,0
TXN-BG-000354,,ACC-000754,ACC-000800,1352.89,2026-06-29 23:05:32,0
TXN-BG-000355,,ACC-000862,ACC-000754,12493.49,2026-07-31 09:35:56,0
TXN-BG-000356,,ACC-000525,ACC-000316,549.14,2026-06-18 07:48:14,0
TXN-BG-000357,,ACC-000250,ACC-000612,759.52,2026-07-20 03:52:15,0
TXN-BG-000358,,ACC-001080,ACC-001152,1476.0,2026-06-19 03:45:24,0
TXN-BG-000359,,ACC-000324,ACC-000392,2733.19,2026-08-15 18:37:18,0
TXN-BG-000360,,ACC-000534,ACC-000686,257.04,2026-06-22 20:15:37,0
TXN-BG-000361,,ACC-000267,ACC-000635,789.11,2026-06-13 03:32:21,0
TXN-BG-000362,,ACC-001133,ACC-000237,3266.0,2026-08-14 12:10:52,0
TXN-BG-000363,,ACC-000605,ACC-000375,700.56,2026-08-17 04:21:19,0
TXN-BG-000364,,ACC-000748,ACC-000829,7115.47,2026-07-23 16:31:01,0
TXN-BG-000365,,ACC-000386,ACC-000954,1148.39,2026-08-18 02:10:17,0
TXN-BG-000366,,ACC-001187,ACC-000836,735.56,2026-07-14 04:17:46,0
TXN-BG-000367,,ACC-000866,ACC-000266,3328.39,2026-08-01 12:10:25,0
TXN-BG-000368,,ACC-000806,ACC-001044,9023.77,2026-08-03 23:08:37,0
TXN-BG-000369,,ACC-000485,ACC-001027,2741.87,2026-06-11 23:39:25,0
TXN-BG-000370,,ACC-000923,ACC-000397,6376.85,2026-07-07 15:14:41,0
TXN-BG-000371,,ACC-000671,ACC-000558,9668.57,2026-08-22 10:53:41,0
TXN-BG-000372,,ACC-000923,ACC-000399,719.2,2026-07-30 18:29:09,0
TXN-BG-000373,,ACC-001187,ACC-001060,4621.12,2026-07-22 17:01:44,0
TXN-BG-000374,,ACC-000335,ACC-000729,394.07,2026-06-30 04:43:31,0
TXN-BG-000375,,ACC-000750,ACC-000532,2765.29,2026-07-04 17:03:30,0
TXN-BG-000376,,ACC-001056,ACC-000344,1683.59,2026-06-12 05:36:58,0
TXN-BG-000377,,ACC-000405,ACC-000883,6266.36,2026-06-04 07:33:06,0
TXN-BG-000378,,ACC-000415,ACC-000487,5838.63,2026-07-23 03:52:31,0
TXN-BG-000379,,ACC-000399,ACC-000258,3196.41,2026-07-01 22:52:00,0
TXN-BG-000380,,ACC-000686,ACC-000831,2436.77,2026-07-08 22:44:57,0
TXN-BG-000381,,ACC-000597,ACC-001125,3006.01,2026-07-10 22:17:34,0
TXN-BG-000382,,ACC-000484,ACC-000407,1923.25,2026-06-18 03:09:12,0
TXN-BG-000383,,ACC-000664,ACC-000908,1700.72,2026-07-18 23:41:25,0
TXN-BG-000384,,ACC-000441,ACC-000999,7650.9,2026-06-30 16:49:10,0
TXN-BG-000385,,ACC-000518,ACC-001186,8629.05,2026-06-07 05:29:30,0
TXN-BG-000386,,ACC-001163,ACC-001097,1569.23,2026-06-08 11:46:43,0
TXN-BG-000387,,ACC-000681,ACC-000524,2293.05,2026-07-25 04:32:41,0
TXN-BG-000388,,ACC-000402,ACC-000306,1961.87,2026-07-07 09:57:09,0
TXN-BG-000389,,ACC-001008,ACC-000408,360.79,2026-07-06 01:30:07,0
TXN-BG-000390,,ACC-000237,ACC-000899,1291.51,2026-07-30 12:47:38,0
TXN-BG-000391,,ACC-000407,ACC-000868,8952.64,2026-06-15 14:48:05,0
TXN-BG-000392,,ACC-000365,ACC-000340,854.25,2026-07-14 03:20:19,0
TXN-BG-000393,,ACC-000980,ACC-000432,14981.08,2026-06-04 17:42:12,0
TXN-BG-000394,,ACC-000270,ACC-000457,5837.9,2026-07-19 06:34:12,0
TXN-BG-000395,,ACC-000480,ACC-000415,2701.33,2026-08-25 04:48:46,0
TXN-BG-000396,,ACC-000333,ACC-000239,3167.96,2026-07-25 11:10:22,0
TXN-BG-000397,,ACC-000381,ACC-000543,722.55,2026-06-05 14:22:48,0
TXN-BG-000398,,ACC-000963,ACC-000302,1386.82,2026-08-24 13:31:08,0
TXN-BG-000399,,ACC-000625,ACC-000290,7641.88,2026-06-28 00:04:55,0
TXN-BG-000400,,ACC-001181,ACC-000977,977.96,2026-07-17 03:12:28,0
TXN-BG-000401,,ACC-000375,ACC-000952,5224.59,2026-08-18 16:59:04,0
TXN-BG-000402,,ACC-001150,ACC-001127,456.21,2026-08-13 04:46:08,0
TXN-BG-000403,,ACC-000750,ACC-000671,545.58,2026-06-07 21:09:03,0
TXN-BG-000404,,ACC-000621,ACC-000995,12105.13,2026-06-13 14:33:18,0
TXN-BG-000405,,ACC-000508,ACC-000668,1786.77,2026-06-02 15:42:22,0
TXN-BG-000406,,ACC-001140,ACC-000649,1055.22,2026-08-02 09:07:48,0
TXN-BG-000407,,ACC-001132,ACC-000879,7063.82,2026-06-23 00:40:04,0
TXN-BG-000408,,ACC-001029,ACC-000980,6284.37,2026-07-30 23:41:31,0
TXN-BG-000409,,ACC-000346,ACC-000861,4540.33,2026-07-05 11:35:12,0
TXN-BG-000410,,ACC-000656,ACC-000427,1022.6,2026-08-20 02:12:24,0
TXN-BG-000411,,ACC-000630,ACC-000607,1357.07,2026-08-23 22:51:44,0
TXN-BG-000412,,ACC-000464,ACC-000631,2469.15,2026-08-06 16:15:10,0
TXN-BG-000413,,ACC-000854,ACC-001132,3620.62,2026-07-27 19:17:48,0
TXN-BG-000414,,ACC-000474,ACC-000907,1087.37,2026-06-03 16:35:01,0
TXN-BG-000415,,ACC-000708,ACC-000463,2144.66,2026-06-14 13:30:14,0
TXN-BG-000416,,ACC-000544,ACC-001173,2362.3,2026-08-15 22:00:34,0
TXN-BG-000417,,ACC-000225,ACC-000846,6547.05,2026-07-06 08:41:25,0
TXN-BG-000418,,ACC-001181,ACC-000413,3844.76,2026-06-14 20:19:47,0
TXN-BG-000419,,ACC-000290,ACC-000429,400.69,2026-07-26 05:33:32,0
TXN-BG-000420,,ACC-001015,ACC-000560,1460.26,2026-08-04 21:10:51,0
TXN-BG-000421,,ACC-000945,ACC-000287,714.24,2026-06-10 12:33:37,0
TXN-BG-000422,,ACC-000944,ACC-000729,3190.99,2026-06-23 16:22:13,0
TXN-BG-000423,,ACC-000474,ACC-000510,4551.23,2026-07-30 11:23:35,0
TXN-BG-000424,,ACC-001035,ACC-001104,2001.31,2026-08-13 08:43:36,0
TXN-BG-000425,,ACC-001011,ACC-000508,1382.81,2026-08-28 12:48:58,0
TXN-BG-000426,,ACC-000990,ACC-000987,1937.53,2026-07-22 19:22:27,0
TXN-BG-000427,,ACC-000982,ACC-000471,2228.13,2026-07-14 17:10:16,0
TXN-BG-000428,,ACC-000906,ACC-000908,953.27,2026-07-12 21:31:58,0
TXN-BG-000429,,ACC-000965,ACC-000970,534.48,2026-07-08 03:23:42,0
TXN-BG-000430,,ACC-000540,ACC-000475,232.73,2026-07-22 01:36:08,0
TXN-BG-000431,,ACC-000609,ACC-000809,6420.06,2026-06-24 03:28:59,0
TXN-BG-000432,,ACC-000579,ACC-000856,2970.15,2026-07-31 21:48:26,0
TXN-BG-000433,,ACC-000965,ACC-000512,2598.04,2026-06-28 17:26:00,0
TXN-BG-000434,,ACC-000771,ACC-000291,6407.34,2026-07-27 20:44:00,0
TXN-BG-000435,,ACC-000625,ACC-000772,515.19,2026-08-17 21:33:59,0
TXN-BG-000436,,ACC-001100,ACC-000878,318.74,2026-08-21 14:11:59,0
TXN-BG-000437,,ACC-000699,ACC-000555,2655.08,2026-07-02 05:17:04,0
TXN-BG-000438,,ACC-000644,ACC-000924,2424.24,2026-06-25 02:28:39,0
TXN-BG-000439,,ACC-000663,ACC-000528,320.12,2026-08-16 13:58:06,0
TXN-BG-000440,,ACC-000941,ACC-000236,2590.28,2026-07-03 04:03:28,0
TXN-BG-000441,,ACC-000532,ACC-000452,1211.7,2026-06-19 11:50:39,0
TXN-BG-000442,,ACC-000391,ACC-000493,806.67,2026-07-09 09:28:52,0
TXN-BG-000443,,ACC-000997,ACC-000660,1295.4,2026-06-02 12:41:30,0
TXN-BG-000444,,ACC-001090,ACC-000980,157.35,2026-06-06 13:04:31,0
TXN-BG-000445,,ACC-000837,ACC-001069,1000.87,2026-08-04 22:20:44,0
TXN-BG-000446,,ACC-000710,ACC-000942,894.0,2026-08-01 00:28:54,0
TXN-BG-000447,,ACC-001046,ACC-000489,3156.13,2026-07-25 05:30:57,0
TXN-BG-000448,,ACC-000237,ACC-000474,1543.44,2026-06-12 06:01:52,0
TXN-BG-000449,,ACC-000608,ACC-000235,3425.04,2026-08-07 12:45:30,0
TXN-BG-000450,,ACC-001159,ACC-000725,141.24,2026-06-05 03:55:21,0
TXN-BG-000451,,ACC-000248,ACC-000649,781.26,2026-07-27 13:46:12,0
TXN-BG-000452,,ACC-001166,ACC-000909,3152.64,2026-06-06 09:15:56,0
TXN-BG-000453,,ACC-000487,ACC-000241,1327.61,2026-08-12 23:38:46,0
TXN-BG-000454,,ACC-000324,ACC-000680,4211.02,2026-06-26 15:38:59,0
TXN-BG-000455,,ACC-000773,ACC-001184,297.49,2026-08-02 01:55:02,0
TXN-BG-000456,,ACC-000591,ACC-000902,3756.0,2026-06-11 21:21:38,0
TXN-BG-000457,,ACC-000523,ACC-000493,954.19,2026-06-08 10:42:25,0
TXN-BG-000458,,ACC-001055,ACC-000349,865.93,2026-07-23 15:30:01,0
TXN-BG-000459,,ACC-000598,ACC-001198,4870.96,2026-06-07 14:25:06,0
TXN-BG-000460,,ACC-001174,ACC-001127,5778.51,2026-07-31 17:30:51,0
TXN-BG-000461,,ACC-000540,ACC-000522,5088.3,2026-07-10 02:26:21,0
TXN-BG-000462,,ACC-000817,ACC-000593,13886.08,2026-06-19 05:00:22,0
TXN-BG-000463,,ACC-000571,ACC-000853,6417.63,2026-07-03 01:15:40,0
TXN-BG-000464,,ACC-000866,ACC-000814,816.12,2026-08-12 09:17:34,0
TXN-BG-000465,,ACC-000770,ACC-000739,2083.15,2026-07-25 18:10:33,0
TXN-BG-000466,,ACC-000861,ACC-000552,1261.18,2026-06-05 09:36:19,0
TXN-BG-000467,,ACC-000393,ACC-000399,13754.07,2026-06-27 17:43:06,0
TXN-BG-000468,,ACC-000495,ACC-000633,5458.18,2026-08-24 01:34:07,0
TXN-BG-000469,,ACC-000935,ACC-000584,1496.85,2026-06-09 16:10:52,0
TXN-BG-000470,,ACC-000280,ACC-000664,4349.91,2026-07-27 14:46:07,0
TXN-BG-000471,,ACC-001191,ACC-000577,527.32,2026-07-24 11:51:34,0
TXN-BG-000472,,ACC-001018,ACC-000305,2322.18,2026-05-31 20:29:49,0
TXN-BG-000473,,ACC-000827,ACC-001036,707.74,2026-07-20 18:27:38,0
TXN-BG-000474,,ACC-000536,ACC-000770,334.09,2026-08-02 08:51:46,0
TXN-BG-000475,,ACC-000731,ACC-000979,3962.13,2026-08-29 04:20:28,0
TXN-BG-000476,,ACC-000768,ACC-000415,4485.44,2026-08-15 09:37:30,0
TXN-BG-000477,,ACC-001062,ACC-001038,2856.1,2026-08-04 17:30:56,0
TXN-BG-000478,,ACC-000810,ACC-000357,1505.73,2026-06-20 23:08:43,0
TXN-BG-000479,,ACC-000490,ACC-001080,509.61,2026-08-17 19:28:36,0
TXN-BG-000480,,ACC-000985,ACC-001086,566.03,2026-08-19 22:38:19,0
TXN-BG-000481,,ACC-001164,ACC-000994,685.89,2026-08-11 05:10:49,0
TXN-BG-000482,,ACC-000265,ACC-000852,1431.28,2026-07-02 08:34:13,0
TXN-BG-000483,,ACC-000743,ACC-000667,5303.8,2026-08-25 18:57:37,0
TXN-BG-000484,,ACC-000575,ACC-000867,5220.79,2026-07-11 19:31:34,0
TXN-BG-000485,,ACC-001074,ACC-000888,347.73,2026-06-23 15:02:45,0
TXN-BG-000486,,ACC-000947,ACC-000644,903.94,2026-06-19 06:51:12,0
TXN-BG-000487,,ACC-001020,ACC-000424,879.93,2026-08-26 16:13:33,0
TXN-BG-000488,,ACC-001181,ACC-000360,143.8,2026-07-17 03:32:01,0
TXN-BG-000489,,ACC-000477,ACC-001154,3184.72,2026-06-28 20:13:55,0
TXN-BG-000490,,ACC-000882,ACC-000355,1413.52,2026-06-23 20:34:27,0
TXN-BG-000491,,ACC-001134,ACC-000351,1614.62,2026-08-29 07:06:40,0
TXN-BG-000492,,ACC-000658,ACC-000559,6945.65,2026-07-10 12:11:27,0
TXN-BG-000493,,ACC-000557,ACC-001150,1974.97,2026-07-02 18:15:31,0
TXN-BG-000494,,ACC-000218,ACC-000406,1175.29,2026-06-12 03:15:55,0
TXN-BG-000495,,ACC-000939,ACC-000433,3203.75,2026-06-12 18:18:13,0
TXN-BG-000496,,ACC-000614,ACC-000647,5212.8,2026-08-24 10:09:02,0
TXN-BG-000497,,ACC-000415,ACC-000596,2432.0,2026-06-20 16:41:39,0
TXN-BG-000498,,ACC-000761,ACC-000448,3601.8,2026-06-08 09:32:38,0
TXN-BG-000499,,ACC-000641,ACC-000874,1563.11,2026-06-23 00:27:49,0
TXN-BG-000500,,ACC-000352,ACC-000919,1665.94,2026-07-20 11:19:43,0
TXN-BG-000501,,ACC-000293,ACC-000953,2024.38,2026-06-11 18:59:03,0
TXN-BG-000502,,ACC-000465,ACC-000399,851.4,2026-08-15 17:17:24,0
TXN-BG-000503,,ACC-001189,ACC-000629,1024.48,2026-08-08 15:37:24,0
TXN-BG-000504,,ACC-000461,ACC-000351,7171.57,2026-08-19 03:10:05,0
TXN-BG-000505,,ACC-000969,ACC-000362,13466.44,2026-08-17 12:29:41,0
TXN-BG-000506,,ACC-000754,ACC-000472,8885.69,2026-08-19 04:32:28,0
TXN-BG-000507,,ACC-000868,ACC-000935,481.42,2026-08-05 17:52:38,0
TXN-BG-000508,,ACC-000270,ACC-001128,437.09,2026-06-05 23:21:38,0
TXN-BG-000509,,ACC-000263,ACC-000792,549.65,2026-06-10 00:40:42,0
TXN-BG-000510,,ACC-001189,ACC-000219,2068.1,2026-08-25 10:17:23,0
TXN-BG-000511,,ACC-001005,ACC-000385,108.99,2026-07-28 21:51:46,0
TXN-BG-000512,,ACC-000692,ACC-000234,1003.45,2026-07-03 03:11:13,0
TXN-BG-000513,,ACC-000367,ACC-001061,7384.21,2026-08-22 16:26:24,0
TXN-BG-000514,,ACC-000898,ACC-001060,4829.21,2026-08-04 17:21:49,0
TXN-BG-000515,,ACC-001021,ACC-001161,1086.7,2026-08-05 19:04:44,0
TXN-BG-000516,,ACC-000934,ACC-000442,1172.21,2026-06-09 19:58:10,0
TXN-BG-000517,,ACC-000965,ACC-001099,3188.3,2026-07-21 07:26:07,0
TXN-BG-000518,,ACC-000937,ACC-001130,4606.71,2026-06-11 23:55:33,0
TXN-BG-000519,,ACC-000294,ACC-000253,1060.89,2026-06-05 10:29:48,0
TXN-BG-000520,,ACC-001187,ACC-000337,1430.29,2026-07-07 13:19:14,0
TXN-BG-000521,,ACC-001173,ACC-000813,1026.58,2026-06-18 20:23:15,0
TXN-BG-000522,,ACC-000986,ACC-001064,477.54,2026-07-06 06:21:55,0
TXN-BG-000523,,ACC-000817,ACC-000289,1451.36,2026-07-03 01:49:14,0
TXN-BG-000524,,ACC-000922,ACC-001049,1344.9,2026-07-27 18:08:56,0
TXN-BG-000525,,ACC-000586,ACC-000941,512.53,2026-06-16 02:24:57,0
TXN-BG-000526,,ACC-000849,ACC-000357,3449.83,2026-06-01 16:56:21,0
TXN-BG-000527,,ACC-000631,ACC-000897,2931.65,2026-06-26 13:18:57,0
TXN-BG-000528,,ACC-000310,ACC-000842,3625.4,2026-06-11 07:29:24,0
TXN-BG-000529,,ACC-001107,ACC-000788,838.76,2026-08-06 13:58:04,0
TXN-BG-000530,,ACC-000846,ACC-000650,248.74,2026-07-11 21:45:09,0
TXN-BG-000531,,ACC-000603,ACC-001081,2885.15,2026-06-08 04:40:29,0
TXN-BG-000532,,ACC-000812,ACC-000964,930.65,2026-08-18 14:12:34,0
TXN-BG-000533,,ACC-001090,ACC-000573,741.99,2026-06-05 00:54:27,0
TXN-BG-000534,,ACC-001040,ACC-000905,514.37,2026-06-09 12:07:55,0
TXN-BG-000535,,ACC-000586,ACC-000605,1372.9,2026-07-26 21:05:08,0
TXN-BG-000536,,ACC-000295,ACC-000592,8754.54,2026-07-21 14:29:02,0
TXN-BG-000537,,ACC-000521,ACC-000903,1090.67,2026-07-24 03:14:29,0
TXN-BG-000538,,ACC-000501,ACC-000362,608.01,2026-08-23 19:44:25,0
TXN-BG-000539,,ACC-000970,ACC-000651,3470.08,2026-08-14 04:14:23,0
TXN-BG-000540,,ACC-000663,ACC-001031,2149.12,2026-07-14 22:10:13,0
TXN-BG-000541,,ACC-001131,ACC-000534,217.17,2026-07-23 05:10:39,0
TXN-BG-000542,,ACC-000882,ACC-000682,3506.4,2026-07-30 01:13:39,0
TXN-BG-000543,,ACC-000921,ACC-000710,15191.14,2026-07-21 21:43:39,0
TXN-BG-000544,,ACC-000655,ACC-001163,134.22,2026-07-18 16:30:39,0
TXN-BG-000545,,ACC-000506,ACC-000493,525.47,2026-07-13 08:18:07,0
TXN-BG-000546,,ACC-000916,ACC-001173,104.74,2026-07-04 01:40:34,0
TXN-BG-000547,,ACC-000746,ACC-000766,1676.89,2026-08-02 05:27:51,0
TXN-BG-000548,,ACC-000955,ACC-001003,4867.75,2026-08-11 07:39:41,0
TXN-BG-000549,,ACC-000516,ACC-001075,2009.22,2026-07-16 07:49:35,0
TXN-BG-000550,,ACC-001074,ACC-000866,7273.52,2026-07-31 03:47:43,0
TXN-BG-000551,,ACC-000863,ACC-000322,4148.7,2026-06-18 05:05:44,0
TXN-BG-000552,,ACC-000661,ACC-000714,9918.4,2026-06-09 10:27:57,0
TXN-BG-000553,,ACC-000576,ACC-000718,5768.75,2026-08-07 15:43:37,0
TXN-BG-000554,,ACC-001102,ACC-000323,1208.41,2026-06-29 05:07:17,0
TXN-BG-000555,,ACC-001079,ACC-000569,1932.8,2026-06-17 00:59:48,0
TXN-BG-000556,,ACC-000901,ACC-000604,758.49,2026-08-25 07:00:51,0
TXN-BG-000557,,ACC-000525,ACC-001070,1435.61,2026-08-19 22:58:08,0
TXN-BG-000558,,ACC-001182,ACC-000425,1923.37,2026-08-10 22:09:44,0
TXN-BG-000559,,ACC-000443,ACC-000571,1660.86,2026-06-26 21:06:51,0
TXN-BG-000560,,ACC-000914,ACC-000716,6920.57,2026-06-30 06:54:46,0
TXN-BG-000561,,ACC-001111,ACC-000397,1299.63,2026-07-15 08:48:28,0
TXN-BG-000562,,ACC-000815,ACC-000474,711.88,2026-07-27 10:21:04,0
TXN-BG-000563,,ACC-000558,ACC-000835,757.78,2026-08-16 14:20:30,0
TXN-BG-000564,,ACC-000371,ACC-000499,3481.09,2026-07-10 08:14:10,0
TXN-BG-000565,,ACC-000838,ACC-000562,444.46,2026-07-26 13:14:28,0
TXN-BG-000566,,ACC-001155,ACC-000699,1478.55,2026-08-12 03:42:54,0
TXN-BG-000567,,ACC-000610,ACC-000914,6819.22,2026-06-02 08:11:18,0
TXN-BG-000568,,ACC-000841,ACC-001004,2422.6,2026-07-27 15:06:48,0
TXN-BG-000569,,ACC-001188,ACC-000537,1678.06,2026-07-21 08:08:26,0
TXN-BG-000570,,ACC-000984,ACC-000438,1744.27,2026-07-29 09:47:49,0
TXN-BG-000571,,ACC-000865,ACC-000672,645.76,2026-06-27 03:28:20,0
TXN-BG-000572,,ACC-000614,ACC-000856,767.29,2026-06-06 05:08:29,0
TXN-BG-000573,,ACC-000724,ACC-000644,1487.45,2026-07-30 07:41:08,0
TXN-BG-000574,,ACC-000794,ACC-000534,2371.49,2026-08-03 23:54:58,0
TXN-BG-000575,,ACC-001038,ACC-000674,4666.43,2026-07-31 09:42:33,0
TXN-BG-000576,,ACC-000333,ACC-000554,1983.39,2026-06-02 19:55:41,0
TXN-BG-000577,,ACC-000574,ACC-001189,6993.76,2026-07-08 00:51:59,0
TXN-BG-000578,,ACC-000749,ACC-000862,9001.96,2026-06-07 02:56:14,0
TXN-BG-000579,,ACC-000476,ACC-000324,4004.87,2026-07-07 20:34:14,0
TXN-BG-000580,,ACC-000607,ACC-000841,6154.76,2026-06-10 14:12:09,0
TXN-BG-000581,,ACC-000595,ACC-000639,671.35,2026-08-09 12:04:06,0
TXN-BG-000582,,ACC-001138,ACC-000501,572.95,2026-08-10 12:15:54,0
TXN-BG-000583,,ACC-000406,ACC-000578,3035.02,2026-07-10 10:42:56,0
TXN-BG-000584,,ACC-000901,ACC-000415,472.86,2026-08-06 06:40:37,0
TXN-BG-000585,,ACC-000369,ACC-000538,1352.39,2026-08-27 18:55:35,0
TXN-BG-000586,,ACC-000954,ACC-000415,3909.61,2026-08-01 12:09:00,0
TXN-BG-000587,,ACC-000322,ACC-000647,7430.68,2026-07-28 11:04:56,0
TXN-BG-000588,,ACC-000840,ACC-000327,1402.18,2026-06-12 13:17:40,0
TXN-BG-000589,,ACC-000742,ACC-000837,943.93,2026-08-13 21:01:04,0
TXN-BG-000590,,ACC-001053,ACC-001026,2491.06,2026-08-20 04:22:15,0
TXN-BG-000591,,ACC-000780,ACC-000671,617.98,2026-07-19 23:21:56,0
TXN-BG-000592,,ACC-000472,ACC-000273,1520.39,2026-07-08 01:33:34,0
TXN-BG-000593,,ACC-000427,ACC-000446,1793.64,2026-07-28 22:51:25,0
TXN-BG-000594,,ACC-000788,ACC-000865,1758.15,2026-08-15 01:50:14,0
TXN-BG-000595,,ACC-000536,ACC-000757,1975.36,2026-08-26 08:14:00,0
TXN-BG-000596,,ACC-000696,ACC-000943,784.84,2026-07-01 23:32:15,0
TXN-BG-000597,,ACC-000255,ACC-001051,873.94,2026-06-14 01:53:32,0
TXN-BG-000598,,ACC-000646,ACC-000565,856.53,2026-06-30 06:48:26,0
TXN-BG-000599,,ACC-001059,ACC-000706,357.78,2026-07-15 01:16:04,0
TXN-BG-000600,,ACC-000266,ACC-000372,2544.86,2026-08-16 01:27:52,0
TXN-BG-000601,,ACC-000290,ACC-000453,4423.37,2026-07-25 16:25:16,0
TXN-BG-000602,,ACC-001062,ACC-000557,4009.05,2026-06-19 07:21:41,0
TXN-BG-000603,,ACC-000305,ACC-001186,1390.62,2026-06-15 02:26:09,0
TXN-BG-000604,,ACC-000693,ACC-000983,803.51,2026-07-26 20:50:54,0
TXN-BG-000605,,ACC-000583,ACC-000555,3805.93,2026-06-01 00:18:31,0
TXN-BG-000606,,ACC-000344,ACC-001153,3425.23,2026-06-26 17:33:44,0
TXN-BG-000607,,ACC-000336,ACC-000893,2247.16,2026-08-28 17:37:58,0
TXN-BG-000608,,ACC-000747,ACC-000770,10345.54,2026-06-10 21:45:51,0
TXN-BG-000609,,ACC-000476,ACC-001181,1760.89,2026-08-07 07:38:01,0
TXN-BG-000610,,ACC-000908,ACC-000743,1398.44,2026-06-19 01:58:36,0
TXN-BG-000611,,ACC-000287,ACC-001087,1212.19,2026-07-30 20:46:21,0
TXN-BG-000612,,ACC-000597,ACC-001073,379.6,2026-07-12 21:14:42,0
TXN-BG-000613,,ACC-000943,ACC-000944,3502.88,2026-08-17 03:03:36,0
TXN-BG-000614,,ACC-000862,ACC-000239,1627.04,2026-08-19 06:14:20,0
TXN-BG-000615,,ACC-000761,ACC-000509,3010.71,2026-07-06 18:29:17,0
TXN-BG-000616,,ACC-000846,ACC-000955,11405.81,2026-07-12 18:54:02,0
TXN-BG-000617,,ACC-000763,ACC-000309,1223.23,2026-08-07 00:00:03,0
TXN-BG-000618,,ACC-000880,ACC-000611,174.51,2026-07-05 12:28:18,0
TXN-BG-000619,,ACC-000881,ACC-000863,2925.06,2026-07-26 04:40:05,0
TXN-BG-000620,,ACC-000576,ACC-000318,2136.36,2026-07-03 20:24:31,0
TXN-BG-000621,,ACC-001001,ACC-001083,869.18,2026-06-24 13:33:55,0
TXN-BG-000622,,ACC-000226,ACC-000829,2689.92,2026-08-28 20:32:30,0
TXN-BG-000623,,ACC-001088,ACC-000575,3968.31,2026-06-05 05:25:10,0
TXN-BG-000624,,ACC-000936,ACC-001143,701.62,2026-06-29 20:38:25,0
TXN-BG-000625,,ACC-000931,ACC-000738,1337.65,2026-08-14 21:48:33,0
TXN-BG-000626,,ACC-000864,ACC-000601,7916.89,2026-07-05 19:51:13,0
TXN-BG-000627,,ACC-001144,ACC-001032,878.64,2026-06-08 20:27:24,0
TXN-BG-000628,,ACC-000294,ACC-000521,1932.69,2026-08-17 08:06:06,0
TXN-BG-000629,,ACC-000658,ACC-001140,131.05,2026-07-10 17:09:10,0
TXN-BG-000630,,ACC-000421,ACC-000595,410.82,2026-07-03 21:53:23,0
TXN-BG-000631,,ACC-000917,ACC-001060,2116.5,2026-08-27 07:40:36,0
TXN-BG-000632,,ACC-000570,ACC-000629,6173.29,2026-06-10 01:32:50,0
TXN-BG-000633,,ACC-001085,ACC-000251,463.11,2026-06-30 21:48:37,0
TXN-BG-000634,,ACC-000573,ACC-000862,1948.01,2026-07-11 00:18:06,0
TXN-BG-000635,,ACC-001141,ACC-000328,1241.76,2026-07-02 19:35:01,0
TXN-BG-000636,,ACC-000441,ACC-000920,4689.53,2026-08-16 05:42:53,0
TXN-BG-000637,,ACC-000253,ACC-000768,534.96,2026-06-08 08:18:51,0
TXN-BG-000638,,ACC-000609,ACC-000315,2779.64,2026-06-13 21:36:49,0
TXN-BG-000639,,ACC-000244,ACC-000958,940.4,2026-07-18 06:01:44,0
TXN-BG-000640,,ACC-000345,ACC-000479,2259.81,2026-07-20 23:38:50,0
TXN-BG-000641,,ACC-000626,ACC-000665,1937.07,2026-06-01 23:48:20,0
TXN-BG-000642,,ACC-000570,ACC-000340,1405.6,2026-07-31 01:16:26,0
TXN-BG-000643,,ACC-000761,ACC-000422,2915.54,2026-07-25 07:07:34,0
TXN-BG-000644,,ACC-001194,ACC-000227,1888.72,2026-07-05 22:16:04,0
TXN-BG-000645,,ACC-000417,ACC-001056,1583.18,2026-07-17 21:36:12,0
TXN-BG-000646,,ACC-000971,ACC-000791,1265.96,2026-08-17 18:05:32,0
TXN-BG-000647,,ACC-001012,ACC-001143,1953.93,2026-08-25 02:53:25,0
TXN-BG-000648,,ACC-001062,ACC-000771,2257.57,2026-07-05 09:01:45,0
TXN-BG-000649,,ACC-000481,ACC-000767,672.4,2026-07-03 04:40:32,0
TXN-BG-000650,,ACC-000299,ACC-000870,1274.78,2026-07-14 23:27:06,0
TXN-BG-000651,,ACC-000282,ACC-001102,629.43,2026-07-04 04:49:52,0
TXN-BG-000652,,ACC-000363,ACC-000373,1737.42,2026-08-08 10:31:08,0
TXN-BG-000653,,ACC-001130,ACC-000633,999.91,2026-08-24 10:26:19,0
TXN-BG-000654,,ACC-000773,ACC-000974,3908.01,2026-07-03 23:39:12,0
TXN-BG-000655,,ACC-000767,ACC-000884,3542.99,2026-07-29 05:55:16,0
TXN-BG-000656,,ACC-000473,ACC-000993,718.56,2026-07-20 02:34:19,0
TXN-BG-000657,,ACC-000972,ACC-000724,1803.88,2026-07-22 06:24:47,0
TXN-BG-000658,,ACC-000378,ACC-000664,3423.84,2026-07-20 08:17:50,0
TXN-BG-000659,,ACC-001044,ACC-000514,1517.31,2026-07-19 04:56:17,0
TXN-BG-000660,,ACC-000874,ACC-000408,872.87,2026-08-13 01:30:18,0
TXN-BG-000661,,ACC-000506,ACC-000686,606.43,2026-07-31 23:52:36,0
TXN-BG-000662,,ACC-000469,ACC-000688,4248.27,2026-06-18 20:03:21,0
TXN-BG-000663,,ACC-000801,ACC-000241,4459.15,2026-08-18 19:16:36,0
TXN-BG-000664,,ACC-000300,ACC-000225,1468.58,2026-06-27 11:37:48,0
TXN-BG-000665,,ACC-001124,ACC-000998,3889.9,2026-06-15 21:51:19,0
TXN-BG-000666,,ACC-000357,ACC-000923,93.2,2026-08-24 03:39:27,0
TXN-BG-000667,,ACC-000938,ACC-001197,6819.59,2026-07-18 10:18:22,0
TXN-BG-000668,,ACC-001015,ACC-000530,1545.43,2026-06-21 07:58:50,0
TXN-BG-000669,,ACC-000291,ACC-000294,2083.44,2026-08-23 12:52:53,0
TXN-BG-000670,,ACC-000261,ACC-000686,1312.23,2026-08-06 06:14:22,0
TXN-BG-000671,,ACC-001121,ACC-000616,7300.57,2026-08-08 09:34:54,0
TXN-BG-000672,,ACC-000807,ACC-000765,625.95,2026-08-26 18:07:02,0
TXN-BG-000673,,ACC-001035,ACC-000548,7898.75,2026-07-25 03:40:42,0
TXN-BG-000674,,ACC-000294,ACC-000466,2687.24,2026-06-01 04:57:04,0
TXN-BG-000675,,ACC-000927,ACC-000424,3369.99,2026-06-27 12:21:01,0
TXN-BG-000676,,ACC-000856,ACC-000378,1300.88,2026-06-24 06:46:40,0
TXN-BG-000677,,ACC-001020,ACC-001155,488.72,2026-08-18 05:33:36,0
TXN-BG-000678,,ACC-000643,ACC-000606,4584.84,2026-07-03 17:46:36,0
TXN-BG-000679,,ACC-001122,ACC-000837,2468.6,2026-08-20 05:15:12,0
TXN-BG-000680,,ACC-001181,ACC-001105,7055.93,2026-08-26 00:26:31,0
TXN-BG-000681,,ACC-000665,ACC-000397,1489.54,2026-08-03 11:43:45,0
TXN-BG-000682,,ACC-000385,ACC-000610,1188.88,2026-06-10 13:39:35,0
TXN-BG-000683,,ACC-000392,ACC-000924,7245.15,2026-06-04 09:20:00,0
TXN-BG-000684,,ACC-000613,ACC-000552,12233.02,2026-07-12 06:43:47,0
TXN-BG-000685,,ACC-000486,ACC-001181,1825.02,2026-05-31 07:31:17,0
TXN-BG-000686,,ACC-000430,ACC-000220,851.71,2026-07-04 10:40:16,0
TXN-BG-000687,,ACC-000891,ACC-000394,4066.47,2026-07-17 16:44:00,0
TXN-BG-000688,,ACC-000355,ACC-000408,1402.45,2026-08-11 01:21:06,0
TXN-BG-000689,,ACC-000932,ACC-000779,3292.04,2026-07-28 07:31:04,0
TXN-BG-000690,,ACC-001002,ACC-000581,1395.1,2026-07-01 19:39:48,0
TXN-BG-000691,,ACC-000581,ACC-000943,8638.76,2026-06-14 03:50:24,0
TXN-BG-000692,,ACC-000785,ACC-001022,898.31,2026-07-15 00:40:25,0
TXN-BG-000693,,ACC-001181,ACC-000906,2923.48,2026-07-24 23:55:37,0
TXN-BG-000694,,ACC-000856,ACC-000452,1109.09,2026-07-08 05:27:57,0
TXN-BG-000695,,ACC-000875,ACC-000573,1364.43,2026-07-28 23:28:47,0
TXN-BG-000696,,ACC-000749,ACC-000287,1197.44,2026-08-14 18:50:46,0
TXN-BG-000697,,ACC-001112,ACC-001003,3784.27,2026-07-26 03:14:36,0
TXN-BG-000698,,ACC-000270,ACC-000768,4529.48,2026-07-20 09:43:47,0
TXN-BG-000699,,ACC-000227,ACC-000875,3158.14,2026-08-13 20:59:33,0
TXN-BG-000700,,ACC-000840,ACC-000606,1622.98,2026-08-24 19:12:18,0
TXN-BG-000701,,ACC-000238,ACC-000742,2080.12,2026-08-12 11:56:08,0
TXN-BG-000702,,ACC-001015,ACC-000974,4436.95,2026-07-07 04:57:27,0
TXN-BG-000703,,ACC-000819,ACC-001080,4579.35,2026-07-27 05:48:20,0
TXN-BG-000704,,ACC-000816,ACC-000386,122.7,2026-07-10 12:48:29,0
TXN-BG-000705,,ACC-000909,ACC-000589,1377.16,2026-08-07 06:47:54,0
TXN-BG-000706,,ACC-000332,ACC-000546,1444.82,2026-07-13 11:40:50,0
TXN-BG-000707,,ACC-001071,ACC-000361,3530.7,2026-08-25 05:51:43,0
TXN-BG-000708,,ACC-000462,ACC-000732,1691.26,2026-08-28 07:45:16,0
TXN-BG-000709,,ACC-001152,ACC-001141,3711.47,2026-07-01 04:13:30,0
TXN-BG-000710,,ACC-000334,ACC-000341,614.83,2026-07-10 04:23:26,0
TXN-BG-000711,,ACC-000516,ACC-000898,2345.03,2026-08-05 09:37:30,0
TXN-BG-000712,,ACC-000577,ACC-001036,4447.98,2026-06-29 07:39:09,0
TXN-BG-000713,,ACC-000832,ACC-000818,413.9,2026-08-15 20:07:24,0
TXN-BG-000714,,ACC-000295,ACC-000626,22329.04,2026-07-07 15:03:53,0
TXN-BG-000715,,ACC-000634,ACC-001148,5948.45,2026-07-04 23:39:00,0
TXN-BG-000716,,ACC-000578,ACC-000722,1810.49,2026-08-07 22:44:38,0
TXN-BG-000717,,ACC-001015,ACC-000657,789.65,2026-07-29 21:33:55,0
TXN-BG-000718,,ACC-001041,ACC-000777,1517.64,2026-07-22 16:33:50,0
TXN-BG-000719,,ACC-000548,ACC-001150,1966.09,2026-06-08 19:28:09,0
TXN-BG-000720,,ACC-001071,ACC-000370,2809.22,2026-06-25 23:33:55,0
TXN-BG-000721,,ACC-000695,ACC-001200,8108.44,2026-06-13 16:44:40,0
TXN-BG-000722,,ACC-000724,ACC-000371,1123.16,2026-08-20 02:15:25,0
TXN-BG-000723,,ACC-000712,ACC-000990,3173.88,2026-07-13 10:42:02,0
TXN-BG-000724,,ACC-000580,ACC-000752,496.49,2026-07-16 03:08:55,0
TXN-BG-000725,,ACC-000951,ACC-000758,1195.6,2026-06-03 23:31:36,0
TXN-BG-000726,,ACC-000263,ACC-000596,2635.21,2026-08-17 09:31:21,0
TXN-BG-000727,,ACC-000719,ACC-000340,3609.28,2026-07-03 02:06:02,0
TXN-BG-000728,,ACC-001136,ACC-000679,851.3,2026-07-12 00:27:01,0
TXN-BG-000729,,ACC-000789,ACC-000274,1163.52,2026-06-28 22:39:33,0
TXN-BG-000730,,ACC-000318,ACC-000752,7789.69,2026-07-22 03:31:43,0
TXN-BG-000731,,ACC-001167,ACC-000826,5778.55,2026-08-11 09:25:38,0
TXN-BG-000732,,ACC-000872,ACC-000473,2227.1,2026-08-23 15:17:13,0
TXN-BG-000733,,ACC-001064,ACC-000643,193.13,2026-08-09 07:14:22,0
TXN-BG-000734,,ACC-000279,ACC-000815,22273.05,2026-08-03 06:46:25,0
TXN-BG-000735,,ACC-000464,ACC-000703,1772.36,2026-07-07 16:45:02,0
TXN-BG-000736,,ACC-001195,ACC-000469,1322.7,2026-07-27 17:23:19,0
TXN-BG-000737,,ACC-000547,ACC-001099,1072.38,2026-08-23 03:42:54,0
TXN-BG-000738,,ACC-000894,ACC-000234,2634.28,2026-06-22 04:34:14,0
TXN-BG-000739,,ACC-001018,ACC-000427,2661.33,2026-06-11 05:38:57,0
TXN-BG-000740,,ACC-000776,ACC-001123,4678.01,2026-06-19 18:42:46,0
TXN-BG-000741,,ACC-000265,ACC-000229,716.18,2026-06-06 07:35:55,0
TXN-BG-000742,,ACC-000540,ACC-000509,1322.8,2026-06-27 07:15:04,0
TXN-BG-000743,,ACC-001079,ACC-000547,13774.11,2026-06-08 02:36:20,0
TXN-BG-000744,,ACC-001046,ACC-000613,2263.33,2026-06-16 14:36:19,0
TXN-BG-000745,,ACC-000359,ACC-000234,1521.54,2026-06-23 15:35:23,0
TXN-BG-000746,,ACC-000781,ACC-000699,705.13,2026-07-30 19:15:02,0
TXN-BG-000747,,ACC-000403,ACC-000665,2998.7,2026-08-15 22:48:15,0
TXN-BG-000748,,ACC-000842,ACC-000749,5069.61,2026-06-30 08:07:48,0
TXN-BG-000749,,ACC-000618,ACC-000376,4335.48,2026-08-25 10:16:09,0
TXN-BG-000750,,ACC-000916,ACC-000683,1395.77,2026-07-23 06:27:05,0
TXN-BG-000751,,ACC-000400,ACC-000510,2594.77,2026-08-29 10:52:18,0
TXN-BG-000752,,ACC-000583,ACC-000687,9620.58,2026-08-26 09:25:16,0
TXN-BG-000753,,ACC-000901,ACC-000677,5275.78,2026-06-28 17:13:20,0
TXN-BG-000754,,ACC-000862,ACC-000968,825.37,2026-06-30 13:29:52,0
TXN-BG-000755,,ACC-000361,ACC-000815,141.74,2026-07-12 17:56:45,0
TXN-BG-000756,,ACC-000854,ACC-000283,2432.74,2026-06-19 07:20:13,0
TXN-BG-000757,,ACC-000990,ACC-000756,4018.11,2026-08-20 21:30:59,0
TXN-BG-000758,,ACC-001051,ACC-000316,608.37,2026-08-12 08:13:01,0
TXN-BG-000759,,ACC-000334,ACC-000576,1792.22,2026-07-10 03:13:46,0
TXN-BG-000760,,ACC-000400,ACC-000789,1388.95,2026-07-17 00:36:20,0
TXN-BG-000761,,ACC-001130,ACC-000833,2006.78,2026-06-22 20:34:50,0
TXN-BG-000762,,ACC-000378,ACC-000702,1048.7,2026-08-03 10:27:27,0
TXN-BG-000763,,ACC-000577,ACC-000524,6571.59,2026-06-23 18:14:34,0
TXN-BG-000764,,ACC-000804,ACC-001115,2096.38,2026-08-14 16:06:47,0
TXN-BG-000765,,ACC-000558,ACC-000715,750.68,2026-07-08 19:06:53,0
TXN-BG-000766,,ACC-000698,ACC-000969,4525.4,2026-06-27 18:44:37,0
TXN-BG-000767,,ACC-001190,ACC-001077,510.72,2026-06-24 10:47:01,0
TXN-BG-000768,,ACC-001199,ACC-001005,6532.17,2026-08-20 08:30:10,0
TXN-BG-000769,,ACC-001073,ACC-000916,4871.02,2026-06-04 08:26:03,0
TXN-BG-000770,,ACC-000892,ACC-001130,7257.39,2026-07-27 22:23:15,0
TXN-BG-000771,,ACC-000679,ACC-000558,1543.42,2026-07-28 15:43:58,0
TXN-BG-000772,,ACC-000760,ACC-001149,1100.9,2026-07-10 21:58:10,0
TXN-BG-000773,,ACC-001048,ACC-000301,1966.52,2026-07-14 23:36:43,0
TXN-BG-000774,,ACC-000641,ACC-000939,1661.64,2026-08-03 20:50:01,0
TXN-BG-000775,,ACC-000974,ACC-000851,941.3,2026-08-15 04:21:05,0
TXN-BG-000776,,ACC-001077,ACC-000719,1039.38,2026-07-25 06:05:43,0
TXN-BG-000777,,ACC-001155,ACC-001121,1253.42,2026-07-25 21:31:24,0
TXN-BG-000778,,ACC-000751,ACC-000736,561.15,2026-08-06 18:14:18,0
TXN-BG-000779,,ACC-000398,ACC-000481,3561.59,2026-07-25 17:25:12,0
TXN-BG-000780,,ACC-000581,ACC-000620,1715.92,2026-08-29 08:07:44,0
TXN-BG-000781,,ACC-000903,ACC-000867,1328.26,2026-08-16 04:20:09,0
TXN-BG-000782,,ACC-000649,ACC-000660,595.65,2026-07-18 21:53:55,0
TXN-BG-000783,,ACC-000973,ACC-000473,566.58,2026-08-19 06:21:09,0
TXN-BG-000784,,ACC-000316,ACC-000419,12530.41,2026-06-27 08:32:02,0
TXN-BG-000785,,ACC-000586,ACC-000330,965.59,2026-07-10 23:47:08,0
TXN-BG-000786,,ACC-000287,ACC-000590,3329.34,2026-06-02 03:17:37,0
TXN-BG-000787,,ACC-001010,ACC-000691,2127.35,2026-07-06 09:55:33,0
TXN-BG-000788,,ACC-001103,ACC-001070,112.71,2026-08-12 07:41:26,0
TXN-BG-000789,,ACC-000738,ACC-000576,10855.76,2026-08-08 16:04:12,0
TXN-BG-000790,,ACC-000664,ACC-000347,3583.46,2026-07-09 11:53:31,0
TXN-BG-000791,,ACC-001150,ACC-000789,839.1,2026-07-01 04:46:07,0
TXN-BG-000792,,ACC-001162,ACC-000570,1757.48,2026-07-08 21:36:09,0
TXN-BG-000793,,ACC-000819,ACC-000382,572.96,2026-06-05 18:49:18,0
TXN-BG-000794,,ACC-000940,ACC-000853,11228.61,2026-07-28 01:13:23,0
TXN-BG-000795,,ACC-001109,ACC-000827,729.49,2026-07-21 09:48:57,0
TXN-BG-000796,,ACC-000693,ACC-000762,1071.61,2026-07-14 07:37:03,0
TXN-BG-000797,,ACC-000878,ACC-001130,871.69,2026-08-22 20:23:48,0
TXN-BG-000798,,ACC-000223,ACC-000607,1959.37,2026-07-03 14:49:49,0
TXN-BG-000799,,ACC-000530,ACC-000599,7117.53,2026-06-02 14:26:02,0
TXN-BG-000800,,ACC-001143,ACC-000431,10822.41,2026-08-13 13:31:41,0
TXN-BG-000801,,ACC-000696,ACC-001082,1213.18,2026-06-26 21:28:09,0
TXN-BG-000802,,ACC-000293,ACC-000769,2639.27,2026-07-11 16:14:54,0
TXN-BG-000803,,ACC-000646,ACC-000649,1962.36,2026-08-20 04:26:09,0
TXN-BG-000804,,ACC-000422,ACC-001090,677.49,2026-08-05 06:54:20,0
TXN-BG-000805,,ACC-000773,ACC-000368,20385.02,2026-08-27 09:19:55,0
TXN-BG-000806,,ACC-000222,ACC-000226,7063.95,2026-07-13 20:25:04,0
TXN-BG-000807,,ACC-000521,ACC-000809,2184.44,2026-07-18 12:22:42,0
TXN-BG-000808,,ACC-000313,ACC-000461,8794.45,2026-06-15 07:11:16,0
TXN-BG-000809,,ACC-000641,ACC-000930,6076.03,2026-08-27 03:40:09,0
TXN-BG-000810,,ACC-000398,ACC-000645,1962.28,2026-06-02 09:14:31,0
TXN-BG-000811,,ACC-000712,ACC-000718,2504.8,2026-07-14 01:29:19,0
TXN-BG-000812,,ACC-001115,ACC-001015,8201.94,2026-07-25 10:40:50,0
TXN-BG-000813,,ACC-000985,ACC-000752,701.94,2026-08-28 16:47:00,0
TXN-BG-000814,,ACC-000605,ACC-000668,9640.14,2026-07-25 01:50:42,0
TXN-BG-000815,,ACC-001174,ACC-000359,1443.59,2026-07-01 09:13:02,0
TXN-BG-000816,,ACC-000332,ACC-000532,8305.53,2026-06-03 02:42:29,0
TXN-BG-000817,,ACC-001103,ACC-001114,1798.62,2026-06-22 07:07:32,0
TXN-BG-000818,,ACC-000991,ACC-000778,2534.13,2026-08-08 02:20:55,0
TXN-BG-000819,,ACC-000449,ACC-000607,1747.06,2026-08-11 05:06:11,0
TXN-BG-000820,,ACC-000597,ACC-000857,1062.26,2026-08-03 20:14:10,0
TXN-BG-000821,,ACC-001032,ACC-000334,1380.15,2026-05-31 17:47:08,0
TXN-BG-000822,,ACC-001071,ACC-000855,7180.41,2026-06-21 07:09:22,0
TXN-BG-000823,,ACC-000463,ACC-000419,178.72,2026-08-10 07:52:22,0
TXN-BG-000824,,ACC-000454,ACC-000753,523.76,2026-07-29 06:56:39,0
TXN-BG-000825,,ACC-000875,ACC-000247,875.27,2026-08-14 14:58:10,0
TXN-BG-000826,,ACC-000725,ACC-000833,615.02,2026-08-02 04:38:50,0
TXN-BG-000827,,ACC-000590,ACC-000419,8184.35,2026-08-28 22:24:36,0
TXN-BG-000828,,ACC-000531,ACC-000566,6359.32,2026-07-05 18:37:50,0
TXN-BG-000829,,ACC-000606,ACC-000666,3268.32,2026-07-16 11:23:52,0
TXN-BG-000830,,ACC-000447,ACC-000565,955.46,2026-06-26 14:00:01,0
TXN-BG-000831,,ACC-001171,ACC-000389,6870.91,2026-07-07 22:36:31,0
TXN-BG-000832,,ACC-000892,ACC-000880,369.4,2026-07-01 20:19:04,0
TXN-BG-000833,,ACC-000225,ACC-000247,15397.84,2026-06-18 08:32:31,0
TXN-BG-000834,,ACC-000781,ACC-000482,911.75,2026-08-13 07:05:37,0
TXN-BG-000835,,ACC-000948,ACC-000235,1391.26,2026-06-27 17:49:35,0
TXN-BG-000836,,ACC-000276,ACC-001058,1176.92,2026-08-02 08:06:36,0
TXN-BG-000837,,ACC-001149,ACC-000911,618.25,2026-07-19 14:59:02,0
TXN-BG-000838,,ACC-000912,ACC-000283,12395.8,2026-06-03 16:44:48,0
TXN-BG-000839,,ACC-001018,ACC-000301,3979.43,2026-07-13 02:53:59,0
TXN-BG-000840,,ACC-000945,ACC-001134,6096.5,2026-08-23 13:41:11,0
TXN-BG-000841,,ACC-000903,ACC-001171,531.83,2026-06-28 00:29:00,0
TXN-BG-000842,,ACC-001108,ACC-000611,2166.65,2026-07-03 17:21:27,0
TXN-BG-000843,,ACC-000396,ACC-000669,3044.31,2026-08-04 23:30:43,0
TXN-BG-000844,,ACC-001183,ACC-001159,2370.26,2026-07-23 14:10:41,0
TXN-BG-000845,,ACC-001024,ACC-000260,566.58,2026-08-19 01:00:33,0
TXN-BG-000846,,ACC-000553,ACC-001084,5300.2,2026-06-08 19:04:23,0
TXN-BG-000847,,ACC-001189,ACC-000793,2041.72,2026-07-26 18:12:14,0
TXN-BG-000848,,ACC-000985,ACC-000781,695.78,2026-06-13 15:05:00,0
TXN-BG-000849,,ACC-000259,ACC-000755,282.8,2026-06-23 18:39:25,0
TXN-BG-000850,,ACC-000274,ACC-000250,3316.5,2026-07-22 12:34:59,0
TXN-BG-000851,,ACC-001078,ACC-000928,20961.77,2026-08-21 13:18:20,0
TXN-BG-000852,,ACC-000314,ACC-001160,655.07,2026-08-04 04:07:43,0
TXN-BG-000853,,ACC-000418,ACC-000872,2144.04,2026-07-05 12:54:44,0
TXN-BG-000854,,ACC-001004,ACC-000812,5488.98,2026-07-03 20:31:07,0
TXN-BG-000855,,ACC-000297,ACC-000232,507.93,2026-08-04 00:51:40,0
TXN-BG-000856,,ACC-000367,ACC-000500,1118.83,2026-08-25 04:28:27,0
TXN-BG-000857,,ACC-001170,ACC-000433,764.97,2026-06-10 17:55:27,0
TXN-BG-000858,,ACC-001038,ACC-000912,4840.03,2026-07-15 14:34:58,0
TXN-BG-000859,,ACC-000931,ACC-000742,6805.75,2026-07-08 11:02:51,0
TXN-BG-000860,,ACC-000807,ACC-001016,2119.71,2026-07-31 03:44:50,0
TXN-BG-000861,,ACC-000287,ACC-001158,779.2,2026-06-27 21:51:27,0
TXN-BG-000862,,ACC-000602,ACC-000792,1161.2,2026-07-16 17:26:09,0
TXN-BG-000863,,ACC-000938,ACC-001000,962.47,2026-07-13 02:55:37,0
TXN-BG-000864,,ACC-000562,ACC-000358,680.43,2026-07-09 20:19:40,0
TXN-BG-000865,,ACC-000659,ACC-000544,1632.65,2026-07-26 23:50:30,0
TXN-BG-000866,,ACC-000330,ACC-000800,3212.57,2026-08-09 06:46:13,0
TXN-BG-000867,,ACC-000740,ACC-001124,2952.06,2026-06-02 01:02:09,0
TXN-BG-000868,,ACC-000875,ACC-000462,1793.22,2026-07-21 03:17:36,0
TXN-BG-000869,,ACC-000279,ACC-001159,1914.2,2026-08-22 01:11:54,0
TXN-BG-000870,,ACC-001189,ACC-000331,1666.45,2026-08-18 22:22:09,0
TXN-BG-000871,,ACC-000985,ACC-001104,494.12,2026-07-17 12:05:30,0
TXN-BG-000872,,ACC-001029,ACC-000556,2122.04,2026-07-10 21:00:02,0
TXN-BG-000873,,ACC-000431,ACC-000643,1008.66,2026-07-10 01:30:20,0
TXN-BG-000874,,ACC-000685,ACC-000887,469.96,2026-07-19 08:31:01,0
TXN-BG-000875,,ACC-000298,ACC-000840,2619.41,2026-08-04 07:30:17,0
TXN-BG-000876,,ACC-001090,ACC-000540,980.7,2026-08-04 02:14:26,0
TXN-BG-000877,,ACC-000512,ACC-000254,2270.5,2026-06-27 17:22:33,0
TXN-BG-000878,,ACC-000438,ACC-001105,4220.2,2026-06-17 05:41:55,0
TXN-BG-000879,,ACC-000770,ACC-000850,699.08,2026-07-02 08:43:31,0
TXN-BG-000880,,ACC-000663,ACC-000607,1982.51,2026-06-03 05:26:23,0
TXN-BG-000881,,ACC-001154,ACC-000464,295.77,2026-08-20 23:03:59,0
TXN-BG-000882,,ACC-001095,ACC-000877,8371.04,2026-07-22 05:11:27,0
TXN-BG-000883,,ACC-000558,ACC-001186,464.49,2026-06-17 07:23:25,0
TXN-BG-000884,,ACC-000297,ACC-000752,1080.5,2026-06-07 00:55:41,0
TXN-BG-000885,,ACC-001076,ACC-000353,6893.81,2026-06-25 16:46:19,0
TXN-BG-000886,,ACC-001061,ACC-000437,1430.07,2026-07-02 08:36:16,0
TXN-BG-000887,,ACC-001070,ACC-000949,545.99,2026-08-09 07:10:02,0
TXN-BG-000888,,ACC-001076,ACC-000541,3688.86,2026-07-01 03:33:01,0
TXN-BG-000889,,ACC-001061,ACC-000718,3606.64,2026-07-03 21:08:23,0
TXN-BG-000890,,ACC-001074,ACC-000622,959.89,2026-06-13 03:39:01,0
TXN-BG-000891,,ACC-001023,ACC-000948,1069.64,2026-08-25 21:28:56,0
TXN-BG-000892,,ACC-000535,ACC-001069,1169.8,2026-08-22 15:23:04,0
TXN-BG-000893,,ACC-000443,ACC-000477,1469.94,2026-07-20 21:13:07,0
TXN-BG-000894,,ACC-000307,ACC-000993,272.33,2026-07-30 01:23:33,0
TXN-BG-000895,,ACC-000702,ACC-000991,1508.06,2026-08-21 00:00:25,0
TXN-BG-000896,,ACC-001027,ACC-000786,10763.48,2026-06-04 19:51:23,0
TXN-BG-000897,,ACC-000949,ACC-000977,738.06,2026-08-19 22:35:39,0
TXN-BG-000898,,ACC-000365,ACC-000450,1008.79,2026-08-03 10:39:37,0
TXN-BG-000899,,ACC-000941,ACC-000803,553.57,2026-06-30 20:24:35,0
TXN-BG-000900,,ACC-000572,ACC-001098,3334.78,2026-08-28 16:01:31,0
TXN-BG-000901,,ACC-000350,ACC-000411,6022.14,2026-07-12 16:09:52,0
TXN-BG-000902,,ACC-001079,ACC-001062,5885.92,2026-08-17 16:49:18,0
TXN-BG-000903,,ACC-000426,ACC-000304,519.04,2026-08-15 20:19:52,0
TXN-BG-000904,,ACC-001048,ACC-000339,2980.34,2026-06-01 15:22:45,0
TXN-BG-000905,,ACC-000988,ACC-000986,7583.65,2026-08-10 22:09:52,0
TXN-BG-000906,,ACC-000448,ACC-000397,3009.9,2026-06-23 06:39:33,0
TXN-BG-000907,,ACC-000272,ACC-000662,2917.29,2026-07-15 05:42:38,0
TXN-BG-000908,,ACC-000343,ACC-000926,1128.18,2026-08-26 09:40:17,0
TXN-BG-000909,,ACC-000346,ACC-000288,2253.21,2026-07-02 18:39:27,0
TXN-BG-000910,,ACC-000255,ACC-000873,6224.93,2026-08-23 10:58:50,0
TXN-BG-000911,,ACC-000714,ACC-000621,2510.43,2026-07-07 21:53:14,0
TXN-BG-000912,,ACC-000529,ACC-000740,518.91,2026-08-10 22:09:44,0
TXN-BG-000913,,ACC-000819,ACC-000567,1145.91,2026-07-07 17:39:29,0
TXN-BG-000914,,ACC-001045,ACC-000217,6058.88,2026-07-06 14:11:41,0
TXN-BG-000915,,ACC-000262,ACC-000907,2501.74,2026-08-06 02:23:09,0
TXN-BG-000916,,ACC-000727,ACC-001171,2036.65,2026-08-10 16:33:48,0
TXN-BG-000917,,ACC-000218,ACC-000802,1038.97,2026-08-09 00:15:04,0
TXN-BG-000918,,ACC-000252,ACC-000605,5934.86,2026-07-14 04:36:05,0
TXN-BG-000919,,ACC-000611,ACC-000832,9532.03,2026-06-19 06:29:26,0
TXN-BG-000920,,ACC-001105,ACC-000281,6394.47,2026-06-11 09:57:10,0
TXN-BG-000921,,ACC-000713,ACC-000826,7651.0,2026-06-23 10:17:11,0
TXN-BG-000922,,ACC-001132,ACC-000975,1263.06,2026-08-18 12:31:42,0
TXN-BG-000923,,ACC-000295,ACC-000658,1096.45,2026-08-16 18:18:42,0
TXN-BG-000924,,ACC-001057,ACC-000592,1546.35,2026-08-08 20:22:47,0
TXN-BG-000925,,ACC-001117,ACC-000372,1879.15,2026-06-21 01:57:49,0
TXN-BG-000926,,ACC-000314,ACC-001167,7562.97,2026-07-18 20:47:48,0
TXN-BG-000927,,ACC-000439,ACC-000845,5801.59,2026-06-14 04:05:08,0
TXN-BG-000928,,ACC-000372,ACC-000504,3097.87,2026-06-27 06:24:59,0
TXN-BG-000929,,ACC-000218,ACC-000753,432.17,2026-06-05 06:34:18,0
TXN-BG-000930,,ACC-000653,ACC-000984,334.28,2026-08-13 12:39:27,0
TXN-BG-000931,,ACC-000596,ACC-000757,2299.54,2026-07-13 06:28:39,0
TXN-BG-000932,,ACC-000663,ACC-000352,4360.16,2026-08-18 10:55:38,0
TXN-BG-000933,,ACC-000682,ACC-000486,1669.76,2026-07-05 05:13:41,0
TXN-BG-000934,,ACC-000705,ACC-000490,12269.9,2026-07-17 10:46:52,0
TXN-BG-000935,,ACC-000672,ACC-000918,612.51,2026-08-05 22:35:09,0
TXN-BG-000936,,ACC-000444,ACC-000915,540.04,2026-06-14 19:21:22,0
TXN-BG-000937,,ACC-000602,ACC-000295,930.5,2026-06-22 11:55:46,0
TXN-BG-000938,,ACC-001057,ACC-000285,895.79,2026-06-06 21:42:35,0
TXN-BG-000939,,ACC-000974,ACC-000928,3060.35,2026-08-03 14:10:22,0
TXN-BG-000940,,ACC-001036,ACC-000514,1185.94,2026-07-23 15:41:50,0
TXN-BG-000941,,ACC-000263,ACC-000982,384.58,2026-07-31 21:15:25,0
TXN-BG-000942,,ACC-000807,ACC-000405,4409.77,2026-07-08 03:52:24,0
TXN-BG-000943,,ACC-001177,ACC-001081,311.08,2026-08-09 19:12:53,0
TXN-BG-000944,,ACC-001120,ACC-000786,619.42,2026-07-20 12:30:44,0
TXN-BG-000945,,ACC-000925,ACC-000756,356.84,2026-07-27 07:50:12,0
TXN-BG-000946,,ACC-001001,ACC-000620,2224.13,2026-06-01 05:43:19,0
TXN-BG-000947,,ACC-000384,ACC-000722,2177.75,2026-07-08 03:26:36,0
TXN-BG-000948,,ACC-000962,ACC-000469,12288.93,2026-08-18 04:58:07,0
TXN-BG-000949,,ACC-000681,ACC-001104,4508.98,2026-06-20 07:19:34,0
TXN-BG-000950,,ACC-000561,ACC-000675,7643.77,2026-08-15 03:51:37,0
TXN-BG-000951,,ACC-000526,ACC-000392,2412.96,2026-06-30 22:04:21,0
TXN-BG-000952,,ACC-000849,ACC-001086,680.66,2026-08-12 18:23:43,0
TXN-BG-000953,,ACC-000262,ACC-000803,2055.16,2026-06-14 00:42:19,0
TXN-BG-000954,,ACC-000387,ACC-000926,3269.59,2026-08-26 17:23:06,0
TXN-BG-000955,,ACC-000847,ACC-000868,3654.84,2026-07-15 12:59:46,0
TXN-BG-000956,,ACC-000426,ACC-000853,1127.31,2026-06-14 05:16:25,0
TXN-BG-000957,,ACC-001016,ACC-000703,2947.72,2026-06-29 06:58:00,0
TXN-BG-000958,,ACC-000449,ACC-001107,711.21,2026-07-29 12:20:17,0
TXN-BG-000959,,ACC-000455,ACC-000781,636.97,2026-07-04 00:45:39,0
TXN-BG-000960,,ACC-000876,ACC-000860,592.42,2026-07-29 22:25:30,0
TXN-BG-000961,,ACC-000940,ACC-000597,1853.12,2026-07-28 17:06:06,0
TXN-BG-000962,,ACC-000549,ACC-000713,556.78,2026-07-09 00:51:26,0
TXN-BG-000963,,ACC-000841,ACC-001175,1182.35,2026-06-03 00:02:54,0
TXN-BG-000964,,ACC-000427,ACC-001082,4460.06,2026-07-15 15:37:55,0
TXN-BG-000965,,ACC-000455,ACC-000921,646.05,2026-06-05 13:56:18,0
TXN-BG-000966,,ACC-000403,ACC-001196,1091.91,2026-06-14 13:13:00,0
TXN-BG-000967,,ACC-001184,ACC-000710,1942.31,2026-07-11 14:30:15,0
TXN-BG-000968,,ACC-000918,ACC-000737,2314.36,2026-08-09 05:27:42,0
TXN-BG-000969,,ACC-000594,ACC-000492,1097.41,2026-08-26 05:43:45,0
TXN-BG-000970,,ACC-000949,ACC-001184,3971.34,2026-07-25 05:55:14,0
TXN-BG-000971,,ACC-000223,ACC-000413,3263.16,2026-07-18 18:57:48,0
TXN-BG-000972,,ACC-000968,ACC-000406,5652.52,2026-06-26 06:51:41,0
TXN-BG-000973,,ACC-000896,ACC-000562,1666.36,2026-07-08 00:38:29,0
TXN-BG-000974,,ACC-001017,ACC-001131,1082.67,2026-06-23 19:40:51,0
TXN-BG-000975,,ACC-000372,ACC-000827,913.58,2026-08-09 22:38:34,0
TXN-BG-000976,,ACC-000396,ACC-000490,2457.81,2026-06-27 11:22:28,0
TXN-BG-000977,,ACC-000415,ACC-000788,1239.97,2026-08-06 00:10:41,0
TXN-BG-000978,,ACC-000388,ACC-001116,1023.34,2026-07-26 12:15:24,0
TXN-BG-000979,,ACC-000277,ACC-000632,1154.83,2026-07-14 19:02:07,0
TXN-BG-000980,,ACC-000804,ACC-000902,912.61,2026-06-24 03:01:26,0
TXN-BG-000981,,ACC-000639,ACC-000397,2206.19,2026-08-19 14:07:09,0
TXN-BG-000982,,ACC-000989,ACC-000791,440.28,2026-07-20 08:11:00,0
TXN-BG-000983,,ACC-001070,ACC-000639,2447.97,2026-06-08 00:56:58,0
TXN-BG-000984,,ACC-001040,ACC-000561,3556.56,2026-06-03 23:15:59,0
TXN-BG-000985,,ACC-000771,ACC-001096,1011.43,2026-08-12 06:37:04,0
TXN-BG-000986,,ACC-000293,ACC-001161,12357.73,2026-08-02 22:45:39,0
TXN-BG-000987,,ACC-000695,ACC-000561,1840.18,2026-08-01 22:32:15,0
TXN-BG-000988,,ACC-000639,ACC-001156,379.43,2026-07-04 15:21:18,0
TXN-BG-000989,,ACC-001102,ACC-001006,1364.79,2026-07-07 11:41:25,0
TXN-BG-000990,,ACC-000941,ACC-000454,1924.95,2026-06-03 09:15:26,0
TXN-BG-000991,,ACC-001095,ACC-000918,2832.65,2026-08-20 20:25:36,0
TXN-BG-000992,,ACC-001098,ACC-000547,1397.68,2026-07-07 21:59:59,0
TXN-BG-000993,,ACC-000506,ACC-000594,657.49,2026-06-16 07:27:10,0
TXN-BG-000994,,ACC-000655,ACC-000327,604.87,2026-06-01 00:52:19,0
TXN-BG-000995,,ACC-000866,ACC-000986,940.49,2026-07-22 10:52:11,0
TXN-BG-000996,,ACC-001110,ACC-000720,1035.07,2026-07-14 03:52:03,0
TXN-BG-000997,,ACC-001059,ACC-001134,581.16,2026-07-06 08:54:35,0
TXN-BG-000998,,ACC-000740,ACC-000237,868.86,2026-06-05 12:16:40,0
TXN-BG-000999,,ACC-001088,ACC-001002,3496.29,2026-06-20 05:45:33,0
TXN-BG-001000,,ACC-001137,ACC-000658,9399.51,2026-08-09 16:49:10,0
TXN-BG-001001,,ACC-000874,ACC-000728,3848.59,2026-07-16 11:17:49,0
TXN-BG-001002,,ACC-001142,ACC-000585,6673.24,2026-08-13 01:49:22,0
TXN-BG-001003,,ACC-001100,ACC-000708,4789.2,2026-07-19 17:44:48,0
TXN-BG-001004,,ACC-000504,ACC-000585,4159.42,2026-06-23 13:25:55,0
TXN-BG-001005,,ACC-000886,ACC-000374,1289.75,2026-07-15 16:24:18,0
TXN-BG-001006,,ACC-000467,ACC-000696,2081.64,2026-08-24 18:39:15,0
TXN-BG-001007,,ACC-000949,ACC-000715,1187.23,2026-07-11 06:24:12,0
TXN-BG-001008,,ACC-000722,ACC-000370,1452.28,2026-06-21 13:26:22,0
TXN-BG-001009,,ACC-000740,ACC-001135,1935.59,2026-06-06 06:44:03,0
TXN-BG-001010,,ACC-000932,ACC-000551,3690.68,2026-06-20 13:15:41,0
TXN-BG-001011,,ACC-000788,ACC-000591,2760.93,2026-06-22 19:03:50,0
TXN-BG-001012,,ACC-000548,ACC-001155,1537.9,2026-08-03 17:50:09,0
TXN-BG-001013,,ACC-000929,ACC-000950,1911.3,2026-08-18 00:20:58,0
TXN-BG-001014,,ACC-001151,ACC-000846,2789.07,2026-07-13 15:12:36,0
TXN-BG-001015,,ACC-000547,ACC-001147,3524.15,2026-08-25 15:03:04,0
TXN-BG-001016,,ACC-000931,ACC-000436,395.84,2026-06-05 15:01:46,0
TXN-BG-001017,,ACC-000504,ACC-001037,615.61,2026-07-23 11:28:04,0
TXN-BG-001018,,ACC-000582,ACC-000842,5471.51,2026-06-17 04:04:47,0
TXN-BG-001019,,ACC-000740,ACC-000751,1701.27,2026-07-11 07:50:14,0
TXN-BG-001020,,ACC-000780,ACC-001106,1183.14,2026-06-27 05:29:10,0
TXN-BG-001021,,ACC-000979,ACC-001161,1389.22,2026-07-28 18:32:19,0
TXN-BG-001022,,ACC-000861,ACC-000704,1388.94,2026-07-11 00:14:14,0
TXN-BG-001023,,ACC-000880,ACC-000507,3158.77,2026-06-13 17:31:51,0
TXN-BG-001024,,ACC-000452,ACC-000515,597.04,2026-06-09 07:41:25,0
