withdrawal_id,complaint_id,account_id,atm_id,amount,withdrawn_at
WD-000001,CMP-000001,ACC-000110,ATM-00059,2638.55,2026-06-27 22:18:53
WD-000002,CMP-000002,ACC-000030,ATM-00145,4720.97,2026-08-11 05:09:39
WD-000003,CMP-000003,ACC-000160,ATM-00046,2131.2,2026-06-04 03:39:09
WD-000004,CMP-000004,ACC-000007,ATM-00174,9810.95,2026-07-25 15:46:08
WD-000008,CMP-000008,ACC-000079,ATM-00027,10238.64,2026-07-07 23:52:53
WD-000009,CMP-000009,ACC-000113,ATM-00067,16757.98,2026-08-18 04:46:54
WD-000010,CMP-000010,ACC-000187,ATM-00001,1643.7,2026-07-08 02:54:44
WD-000012,CMP-000012,ACC-000176,ATM-00050,6455.13,2026-06-05 13:39:06
WD-000013,CMP-000013,ACC-000012,ATM-00064,39495.04,2026-08-23 09:10:53
WD-000014,CMP-000014,ACC-000115,ATM-00021,966.12,2026-08-01 18:53:19
WD-000016,CMP-000017,ACC-000171,ATM-00244,7957.2,2026-06-25 03:11:26
WD-000017,CMP-000018,ACC-000191,ATM-00183,1579.0,2026-08-02 01:49:39
WD-000018,CMP-000019,ACC-000189,ATM-00038,895.31,2026-08-15 00:20:25
WD-000019,CMP-000020,ACC-000289,ATM-00140,450.09,2026-07-01 20:56:55
WD-000020,CMP-000021,ACC-001186,ATM-00057,3414.57,2026-07-25 16:34:19
WD-000022,CMP-000023,ACC-000069,ATM-00327,1436.03,2026-06-15 00:55:08
WD-000023,CMP-000024,ACC-000207,ATM-00012,2781.58,2026-07-28 03:19:14
WD-000024,CMP-000025,ACC-000275,ATM-00110,16130.57,2026-06-14 16:10:58
WD-000025,CMP-000026,ACC-000812,ATM-00066,542.38,2026-06-11 14:37:27
WD-000027,CMP-000028,ACC-000136,ATM-00003,7201.76,2026-07-21 23:41:08
WD-000028,CMP-000029,ACC-000125,ATM-00064,15346.35,2026-08-06 13:45:06
WD-000030,CMP-000031,ACC-000043,ATM-00396,6455.94,2026-06-16 16:34:51
WD-000032,CMP-000034,ACC-000077,ATM-00034,7093.69,2026-08-01 11:12:24
WD-000033,CMP-000035,ACC-000019,ATM-00393,2549.78,2026-06-16 12:34:47
WD-000034,CMP-000036,ACC-000211,ATM-00335,146939.25,2026-06-01 03:39:45
WD-000035,CMP-000037,ACC-000076,ATM-00129,5998.86,2026-07-05 08:08:35
WD-000037,CMP-000039,ACC-000022,ATM-00011,429.73,2026-08-11 01:48:53
WD-000038,CMP-000040,ACC-000599,ATM-00041,2642.91,2026-08-14 19:11:36
WD-000040,CMP-000042,ACC-000186,ATM-00017,2578.67,2026-06-21 20:34:44
WD-000042,CMP-000044,ACC-000065,ATM-00203,4998.24,2026-07-13 17:51:49
WD-000043,CMP-000045,ACC-000024,ATM-00044,12111.49,2026-06-07 06:08:28
WD-000044,CMP-000046,ACC-000181,ATM-00002,3414.04,2026-06-22 10:57:37
WD-000045,CMP-000047,ACC-000124,ATM-00009,104129.3,2026-06-07 07:21:26
WD-000046,CMP-000048,ACC-000149,ATM-00035,1760.18,2026-06-24 11:21:15
WD-000047,CMP-000049,ACC-000235,ATM-00275,3107.06,2026-08-10 11:52:49
WD-000049,CMP-000051,ACC-000161,ATM-00387,4394.95,2026-08-04 08:37:39
WD-000050,CMP-000052,ACC-000143,ATM-00030,1054.9,2026-08-10 22:26:35
WD-000051,CMP-000053,ACC-001145,ATM-00176,1377.66,2026-06-07 03:42:39
WD-000052,CMP-000054,ACC-000105,ATM-00007,2104.66,2026-06-25 11:35:52
WD-000053,CMP-000055,ACC-000100,ATM-00043,39276.52,2026-06-18 19:50:41
WD-000054,CMP-000056,ACC-000078,ATM-00039,3581.86,2026-07-14 05:45:10
WD-000058,CMP-000061,ACC-000172,ATM-00224,3121.36,2026-08-15 20:41:24
WD-000059,CMP-000062,ACC-000086,ATM-00004,5349.72,2026-08-10 14:00:14
WD-000060,CMP-000063,ACC-000026,ATM-00042,2616.31,2026-06-15 06:04:21
WD-000061,CMP-000064,ACC-000098,ATM-00052,770.92,2026-08-11 17:11:54
WD-000062,CMP-000065,ACC-000066,ATM-00187,1530708.46,2026-07-28 01:04:44
WD-000063,CMP-000068,ACC-001072,ATM-00200,1748.45,2026-08-23 18:19:03
WD-000065,CMP-000070,ACC-000138,ATM-00028,4120.3,2026-08-04 01:21:01
WD-000066,CMP-000071,ACC-000829,ATM-00034,27960.02,2026-06-21 11:36:30
WD-000069,CMP-000074,ACC-000175,ATM-00300,9097.47,2026-07-25 21:25:12
WD-000070,CMP-000075,ACC-000149,ATM-00303,3143.17,2026-06-26 19:31:30
WD-000071,CMP-000076,ACC-000578,ATM-00024,5825.3,2026-06-24 21:47:14
WD-000072,CMP-000077,ACC-000064,ATM-00054,814.72,2026-08-08 07:46:12
WD-000074,CMP-000079,ACC-000107,ATM-00066,73670.78,2026-08-05 02:10:39
WD-000076,CMP-000081,ACC-000040,ATM-00056,2808.84,2026-07-28 15:02:20
WD-000077,CMP-000082,ACC-000106,ATM-00017,4112.31,2026-08-23 06:10:39
WD-000078,CMP-000083,ACC-000044,ATM-00289,8898.68,2026-08-22 14:05:28
WD-000080,CMP-000085,ACC-000199,ATM-00190,28252.68,2026-06-26 06:37:36
WD-000081,CMP-000086,ACC-000996,ATM-00071,6083.26,2026-07-25 14:04:15
WD-000082,CMP-000087,ACC-000112,ATM-00019,14007.95,2026-08-27 21:28:58
WD-000083,CMP-000088,ACC-000151,ATM-00021,1273.96,2026-07-24 20:38:12
WD-000084,CMP-000089,ACC-000033,ATM-00027,1167.9,2026-08-27 14:28:19
WD-000085,CMP-000090,ACC-000106,ATM-00052,18817.65,2026-07-05 18:50:21
WD-000087,CMP-000092,ACC-000171,ATM-00228,12407.39,2026-08-13 03:32:57
WD-000088,CMP-000094,ACC-000207,ATM-00287,117775.0,2026-06-03 13:28:23
WD-000089,CMP-000096,ACC-000168,ATM-00056,95612.31,2026-08-18 20:58:10
WD-000090,CMP-000097,ACC-000159,ATM-00248,4872.07,2026-07-08 02:21:36
WD-000091,CMP-000098,ACC-000182,ATM-00072,3028.99,2026-08-19 18:55:52
WD-000095,CMP-000102,ACC-000011,ATM-00159,6744.55,2026-07-23 05:11:23
WD-000096,CMP-000103,ACC-000216,ATM-00239,2993.66,2026-06-26 05:43:55
WD-000097,CMP-000105,ACC-000186,ATM-00051,7760.94,2026-08-16 14:38:49
WD-000098,CMP-000106,ACC-000004,ATM-00067,4704.96,2026-07-07 21:19:01
WD-000099,CMP-000107,ACC-000169,ATM-00031,755.66,2026-07-13 23:31:15
WD-000101,CMP-000111,ACC-000155,ATM-00199,2479.05,2026-06-12 19:57:16
WD-000103,CMP-000113,ACC-000093,ATM-00319,59806.15,2026-06-19 11:28:47
WD-000104,CMP-000115,ACC-000462,ATM-00044,2222.64,2026-07-10 18:22:25
WD-000105,CMP-000116,ACC-000169,ATM-00043,2840.39,2026-07-10 05:45:31
WD-000106,CMP-000117,ACC-000020,ATM-00064,409.56,2026-07-14 00:22:33
WD-000108,CMP-000119,ACC-000671,ATM-00318,401714.93,2026-06-28 13:07:48
WD-000109,CMP-000120,ACC-000215,ATM-00010,797.42,2026-08-19 15:43:53
WD-000110,CMP-000121,ACC-000118,ATM-00040,5073.63,2026-08-18 11:31:27
WD-000111,CMP-000122,ACC-000207,ATM-00280,3237.74,2026-07-17 06:21:04
WD-000112,CMP-000123,ACC-000195,ATM-00058,36135.94,2026-08-24 04:08:43
WD-000114,CMP-000125,ACC-000126,ATM-00015,3159.09,2026-08-27 02:49:05
WD-000115,CMP-000126,ACC-001157,ATM-00017,264107.02,2026-07-12 11:24:56
WD-000116,CMP-000127,ACC-000157,ATM-00278,49408.43,2026-07-15 21:00:34
WD-000117,CMP-000128,ACC-000005,ATM-00009,6144.93,2026-07-15 10:54:23
WD-000119,CMP-000131,ACC-000113,ATM-00312,451056.4,2026-07-12 13:27:16
WD-000120,CMP-000132,ACC-000151,ATM-00038,1783.41,2026-08-11 15:36:45
WD-000122,CMP-000134,ACC-000205,ATM-00003,13223.23,2026-07-31 19:46:10
WD-000123,CMP-000135,ACC-000073,ATM-00331,15544.59,2026-06-24 06:18:22
WD-000124,CMP-000136,ACC-000998,ATM-00065,4039.41,2026-06-14 05:02:05
WD-000125,CMP-000137,ACC-000925,ATM-00054,1625.15,2026-06-22 05:28:34
WD-000126,CMP-000138,ACC-000051,ATM-00194,177.21,2026-07-11 11:25:51
WD-000127,CMP-000139,ACC-000989,ATM-00041,36511.01,2026-08-15 04:14:14
WD-000128,CMP-000140,ACC-000842,ATM-00259,801663.54,2026-08-14 12:56:16
WD-000129,CMP-000141,ACC-000085,ATM-00034,2781.25,2026-06-29 23:46:40
WD-000130,CMP-000142,ACC-000080,ATM-00346,12072.5,2026-07-12 01:58:25
WD-000131,CMP-000143,ACC-000167,ATM-00062,425946.76,2026-08-27 05:40:43
WD-000132,CMP-000144,ACC-000838,ATM-00232,1104.28,2026-06-03 19:54:57
WD-000133,CMP-000145,ACC-000682,ATM-00030,2205.2,2026-08-10 12:27:05
WD-000135,CMP-000148,ACC-000142,ATM-00059,4371.3,2026-06-13 06:34:33
WD-000137,CMP-000150,ACC-000010,ATM-00229,480.11,2026-07-07 18:27:17
WD-000138,CMP-000152,ACC-000096,ATM-00042,3209.59,2026-07-23 20:08:02
WD-000139,CMP-000154,ACC-000956,ATM-00011,44276.03,2026-08-13 15:09:50
WD-000140,CMP-000155,ACC-000011,ATM-00018,5755.95,2026-07-31 10:45:13
WD-000141,CMP-000156,ACC-000135,ATM-00030,1408.74,2026-07-25 13:18:15
WD-000142,CMP-000157,ACC-000950,ATM-00026,5570.49,2026-07-06 20:14:53
WD-000143,CMP-000158,ACC-000134,ATM-00059,2985.24,2026-06-12 10:36:15
WD-000144,CMP-000159,ACC-000152,ATM-00063,1719.52,2026-07-26 22:06:35
WD-000145,CMP-000160,ACC-000454,ATM-00169,4740.3,2026-07-07 15:36:30
WD-000146,CMP-000161,ACC-000167,ATM-00053,110089.58,2026-08-06 09:01:17
WD-000147,CMP-000162,ACC-000113,ATM-00046,1597.06,2026-06-30 09:48:54
WD-000148,CMP-000163,ACC-000206,ATM-00021,1536.07,2026-07-26 06:07:06
WD-000149,CMP-000164,ACC-000352,ATM-00269,7351.47,2026-07-06 15:59:21
WD-000151,CMP-000166,ACC-000108,ATM-00274,2495.13,2026-08-01 19:21:38
WD-000152,CMP-000167,ACC-000790,ATM-00267,3251.04,2026-06-18 01:34:07
WD-000153,CMP-000170,ACC-000149,ATM-00014,8009.36,2026-06-27 05:01:36
WD-000154,CMP-000171,ACC-000167,ATM-00040,18434.88,2026-06-28 04:32:35
WD-000156,CMP-000173,ACC-000004,ATM-00009,5775.7,2026-07-02 05:27:28
WD-000157,CMP-000174,ACC-000131,ATM-00105,4578.64,2026-07-04 02:58:37
WD-000158,CMP-000175,ACC-000866,ATM-00009,2278.12,2026-07-25 06:11:37
WD-000159,CMP-000177,ACC-000209,ATM-00009,10667.23,2026-06-24 16:40:07
WD-000160,CMP-000178,ACC-000154,ATM-00023,940.27,2026-08-17 11:51:03
WD-000161,CMP-000179,ACC-000080,ATM-00057,3766.49,2026-06-24 18:48:43
WD-000163,CMP-000181,ACC-000124,ATM-00028,14723.79,2026-07-05 12:07:16
WD-000165,CMP-000183,ACC-000058,ATM-00001,695.82,2026-08-14 06:04:01
WD-000166,CMP-000184,ACC-000995,ATM-00052,1301.68,2026-06-28 00:41:14
WD-000167,CMP-000185,ACC-000175,ATM-00208,16713.76,2026-06-28 00:29:53
WD-000168,CMP-000186,ACC-000136,ATM-00107,141252.99,2026-07-06 08:45:49
WD-000169,CMP-000187,ACC-000203,ATM-00054,2474.61,2026-06-27 19:56:30
WD-000170,CMP-000188,ACC-000152,ATM-00059,2515.24,2026-06-13 17:58:57
WD-000171,CMP-000189,ACC-000103,ATM-00060,135099.11,2026-06-02 14:01:13
WD-000172,CMP-000190,ACC-000311,ATM-00237,7595.29,2026-06-17 22:42:54
WD-000174,CMP-000192,ACC-000199,ATM-00012,8468.48,2026-08-01 07:02:41
WD-000175,CMP-000193,ACC-000137,ATM-00317,3505.5,2026-06-30 11:22:17
WD-000176,CMP-000194,ACC-000083,ATM-00070,2595.22,2026-07-11 21:44:08
WD-000177,CMP-000195,ACC-000957,ATM-00010,89959.45,2026-07-21 15:41:56
WD-000178,CMP-000197,ACC-000152,ATM-00032,34067.63,2026-07-28 22:26:42
WD-000179,CMP-000199,ACC-000082,ATM-00295,6224.86,2026-08-04 03:04:44
WD-000180,CMP-000200,ACC-000166,ATM-00058,20736.12,2026-06-16 08:26:50
WD-000181,CMP-000201,ACC-000352,ATM-00047,2012.21,2026-06-29 11:38:12
WD-000184,CMP-000204,ACC-000119,ATM-00043,8622.72,2026-06-18 20:49:19
WD-000185,CMP-000205,ACC-000766,ATM-00003,14824.59,2026-08-28 13:32:43
WD-000188,CMP-000208,ACC-000041,ATM-00301,13922.29,2026-07-10 10:36:46
WD-000191,CMP-000211,ACC-000081,ATM-00056,658.29,2026-08-21 07:49:41
WD-000192,CMP-000212,ACC-000172,ATM-00105,5639.67,2026-08-14 08:05:51
WD-000193,CMP-000213,ACC-001015,ATM-00038,1906.41,2026-08-13 04:28:26
WD-000194,CMP-000214,ACC-000196,ATM-00061,2014.81,2026-06-28 09:45:18
WD-000195,CMP-000215,ACC-000985,ATM-00048,6442.06,2026-07-19 01:34:38
WD-000196,CMP-000216,ACC-000102,ATM-00042,9673.31,2026-07-02 11:52:35
WD-000197,CMP-000217,ACC-000139,ATM-00008,791.33,2026-08-06 20:51:00
WD-000198,CMP-000218,ACC-000213,ATM-00013,2063.63,2026-08-14 09:14:46
WD-000199,CMP-000219,ACC-000094,ATM-00326,20742.58,2026-07-02 06:05:57
WD-000200,CMP-000220,ACC-000080,ATM-00014,431420.89,2026-08-20 01:24:34
WD-000201,CMP-000221,ACC-000087,ATM-00004,8832.19,2026-07-10 03:15:23
WD-000202,CMP-000222,ACC-000187,ATM-00026,4452.93,2026-07-19 03:44:35
WD-000204,CMP-000224,ACC-000037,ATM-00015,1131.19,2026-07-17 18:10:01
WD-000205,CMP-000225,ACC-000004,ATM-00011,39383.61,2026-06-24 07:28:48
WD-000206,CMP-000226,ACC-000099,ATM-00040,880.93,2026-07-10 20:11:49
WD-000207,CMP-000227,ACC-000122,ATM-00077,7833.7,2026-07-15 19:07:05
WD-000208,CMP-000228,ACC-000537,ATM-00009,6190.0,2026-08-09 16:19:24
WD-000209,CMP-000229,ACC-000002,ATM-00063,795098.76,2026-07-17 23:41:43
WD-000210,CMP-000230,ACC-000044,ATM-00025,563.07,2026-07-08 11:49:48
WD-000211,CMP-000231,ACC-000200,ATM-00046,8809.5,2026-06-14 09:55:38
WD-000212,CMP-000232,ACC-000204,ATM-00115,381.88,2026-07-11 17:51:21
WD-000213,CMP-000233,ACC-000070,ATM-00047,16310.39,2026-06-01 00:29:02
WD-000214,CMP-000234,ACC-001096,ATM-00062,3358.39,2026-08-04 10:11:24
WD-000216,CMP-000236,ACC-000238,ATM-00225,86067.19,2026-07-01 21:18:44
WD-000217,CMP-000237,ACC-000046,ATM-00024,3958.41,2026-07-08 06:24:36
WD-000220,CMP-000241,ACC-000111,ATM-00398,874.85,2026-07-26 13:32:12
WD-000221,CMP-000242,ACC-000342,ATM-00067,2771.34,2026-06-10 22:53:18
WD-000222,CMP-000243,ACC-001052,ATM-00065,5732.07,2026-07-10 16:29:57
WD-000223,CMP-000246,ACC-000609,ATM-00046,9459.02,2026-07-03 01:37:35
WD-000224,CMP-000247,ACC-000142,ATM-00287,1912.84,2026-07-01 23:34:14
WD-000225,CMP-000248,ACC-000154,ATM-00181,394.13,2026-07-24 01:37:43
WD-000226,CMP-000249,ACC-000031,ATM-00056,9048.39,2026-06-27 20:49:53
WD-000227,CMP-000250,ACC-001174,ATM-00162,67486.33,2026-06-10 06:02:20
WD-000228,CMP-000251,ACC-000038,ATM-00043,122199.51,2026-06-10 02:28:52
WD-000229,CMP-000253,ACC-000445,ATM-00008,2409.04,2026-07-13 02:14:10
WD-000230,CMP-000254,ACC-000063,ATM-00063,1257.06,2026-08-16 18:49:03
WD-000232,CMP-000256,ACC-000069,ATM-00062,1524.37,2026-06-15 05:04:06
WD-000233,CMP-000257,ACC-000024,ATM-00264,6820.71,2026-08-04 10:45:29
WD-000234,CMP-000258,ACC-000936,ATM-00031,53845.33,2026-08-04 19:27:40
WD-000235,CMP-000259,ACC-000119,ATM-00061,3084.5,2026-07-28 05:56:04
WD-000236,CMP-000261,ACC-000813,ATM-00381,91227.07,2026-07-08 19:19:36
WD-000237,CMP-000262,ACC-000060,ATM-00089,2287.22,2026-07-06 06:19:55
WD-000239,CMP-000264,ACC-000017,ATM-00055,14971.26,2026-08-06 16:34:19
WD-000240,CMP-000265,ACC-000050,ATM-00028,21321.71,2026-08-12 17:10:37
WD-000241,CMP-000267,ACC-000034,ATM-00013,1564.74,2026-06-22 14:42:39
WD-000242,CMP-000268,ACC-000116,ATM-00012,2007.03,2026-08-10 01:41:05
WD-000243,CMP-000269,ACC-000212,ATM-00005,117847.81,2026-06-10 17:35:18
WD-000244,CMP-000270,ACC-000711,ATM-00067,1534.31,2026-07-13 21:24:56
WD-000245,CMP-000271,ACC-000517,ATM-00066,2558.39,2026-08-28 02:26:47
WD-000246,CMP-000272,ACC-000076,ATM-00022,172616.0,2026-06-14 04:57:52
WD-000247,CMP-000273,ACC-000090,ATM-00306,3727.4,2026-07-19 11:47:35
WD-000248,CMP-000274,ACC-000029,ATM-00215,6955.88,2026-08-20 07:12:59
WD-000249,CMP-000276,ACC-000140,ATM-00046,3989.7,2026-06-08 21:16:12
WD-000250,CMP-000278,ACC-000138,ATM-00327,497.45,2026-08-22 06:20:38
WD-000251,CMP-000279,ACC-000098,ATM-00066,5790.06,2026-06-02 21:50:22
WD-000252,CMP-000280,ACC-001139,ATM-00016,5202.59,2026-08-12 21:02:48
WD-000253,CMP-000281,ACC-000044,ATM-00089,5639.17,2026-07-07 06:50:46
WD-000254,CMP-000282,ACC-000010,ATM-00037,1429.83,2026-08-26 00:40:35
WD-000255,CMP-000283,ACC-000154,ATM-00041,1193.44,2026-08-03 01:41:33
WD-000257,CMP-000285,ACC-000126,ATM-00038,5921.02,2026-06-04 23:18:01
WD-000259,CMP-000287,ACC-000183,ATM-00010,370.64,2026-08-12 15:38:19
WD-000260,CMP-000288,ACC-000081,ATM-00053,10010.96,2026-08-10 23:38:19
WD-000261,CMP-000289,ACC-000355,ATM-00044,6675.45,2026-07-18 12:24:28
WD-000264,CMP-000293,ACC-000058,ATM-00063,1352.3,2026-06-27 19:32:01
WD-000265,CMP-000294,ACC-000118,ATM-00183,1935.98,2026-07-14 22:49:41
WD-000267,CMP-000296,ACC-000038,ATM-00063,18364.99,2026-08-16 03:48:30
WD-000268,CMP-000297,ACC-000009,ATM-00235,2130.95,2026-06-20 20:01:17
WD-000269,CMP-000298,ACC-000122,ATM-00062,29622.85,2026-08-15 14:07:10
WD-000272,CMP-000302,ACC-000304,ATM-00041,6487.77,2026-07-28 01:13:36
WD-000273,CMP-000303,ACC-000851,ATM-00056,5726.74,2026-08-12 08:00:30
WD-000274,CMP-000304,ACC-000025,ATM-00127,2848.95,2026-07-14 11:55:25
WD-000275,CMP-000305,ACC-001016,ATM-00032,1317.67,2026-07-19 17:05:57
WD-000276,CMP-000306,ACC-000191,ATM-00286,2407.4,2026-08-28 10:57:29
WD-000277,CMP-000307,ACC-000163,ATM-00026,11397.24,2026-06-01 09:51:34
WD-000278,CMP-000308,ACC-000096,ATM-00181,5501.12,2026-08-06 14:31:58
WD-000279,CMP-000309,ACC-000309,ATM-00370,49158.41,2026-08-27 08:34:24
WD-000280,CMP-000310,ACC-001000,ATM-00292,3229.96,2026-06-28 04:44:01
WD-000281,CMP-000311,ACC-000036,ATM-00020,6468.05,2026-07-08 04:30:29
WD-000284,CMP-000314,ACC-000213,ATM-00328,59245.22,2026-06-22 03:35:36
WD-000285,CMP-000315,ACC-000027,ATM-00015,2170.83,2026-08-20 14:30:35
WD-000286,CMP-000316,ACC-000010,ATM-00009,9475.4,2026-07-12 11:31:07
WD-000287,CMP-000317,ACC-000763,ATM-00067,6011.17,2026-08-05 21:13:32
WD-000290,CMP-000320,ACC-000058,ATM-00032,1018.8,2026-07-01 23:44:02
WD-000291,CMP-000321,ACC-000429,ATM-00047,8607.07,2026-08-12 22:35:56
WD-000292,CMP-000323,ACC-000023,ATM-00017,764.98,2026-07-23 20:31:27
WD-000293,CMP-000324,ACC-000125,ATM-00056,2922.71,2026-08-22 05:06:00
WD-000294,CMP-000325,ACC-000022,ATM-00358,116918.06,2026-08-14 06:19:11
WD-000295,CMP-000326,ACC-000148,ATM-00006,3190.38,2026-07-25 14:28:17
WD-000296,CMP-000327,ACC-000155,ATM-00141,89267.4,2026-07-31 19:31:03
WD-000297,CMP-000328,ACC-000018,ATM-00003,5432.19,2026-08-06 07:28:05
WD-000298,CMP-000329,ACC-000110,ATM-00057,1684.53,2026-07-01 05:02:59
WD-000299,CMP-000330,ACC-000141,ATM-00020,3463.6,2026-06-15 05:35:36
WD-000300,CMP-000331,ACC-000042,ATM-00050,12748.51,2026-08-02 05:59:27
WD-000301,CMP-000332,ACC-000203,ATM-00009,9634.73,2026-07-07 21:41:11
WD-000305,CMP-000337,ACC-000513,ATM-00065,2934.33,2026-08-12 10:21:06
WD-000306,CMP-000338,ACC-000171,ATM-00033,2150.7,2026-08-06 07:48:20
WD-000307,CMP-000339,ACC-000130,ATM-00044,3253.12,2026-06-05 20:57:00
WD-000309,CMP-000341,ACC-000126,ATM-00050,2026.07,2026-06-25 23:36:24
WD-000310,CMP-000342,ACC-000176,ATM-00035,13762.55,2026-07-12 14:47:44
WD-000312,CMP-000344,ACC-000653,ATM-00115,13769.46,2026-07-09 15:07:58
WD-000313,CMP-000345,ACC-000076,ATM-00007,2720.69,2026-06-08 17:00:58
WD-000314,CMP-000346,ACC-000123,ATM-00024,7300.78,2026-08-09 07:36:56
WD-000315,CMP-000347,ACC-000067,ATM-00031,1446.57,2026-07-02 23:53:04
WD-000316,CMP-000350,ACC-000096,ATM-00021,1405.73,2026-07-10 04:01:32
WD-000317,CMP-000351,ACC-000803,ATM-00011,3322.83,2026-07-03 07:56:59
WD-000318,CMP-000352,ACC-000446,ATM-00041,2788.04,2026-08-01 07:04:37
WD-000319,CMP-000353,ACC-000299,ATM-00306,18990.95,2026-07-05 08:36:00
WD-000321,CMP-000356,ACC-000115,ATM-00036,1455.17,2026-06-08 09:56:21
WD-000323,CMP-000358,ACC-000198,ATM-00040,21692.68,2026-08-25 12:56:16
WD-000324,CMP-000359,ACC-000106,ATM-00036,692.23,2026-08-24 13:08:04
WD-000325,CMP-000360,ACC-000371,ATM-00026,4010.23,2026-07-16 19:29:07
WD-000326,CMP-000361,ACC-000201,ATM-00183,4503.12,2026-06-06 22:34:49
WD-000327,CMP-000362,ACC-000197,ATM-00007,1798.98,2026-06-04 20:11:40
WD-000328,CMP-000363,ACC-000172,ATM-00243,90260.05,2026-08-24 02:04:18
WD-000329,CMP-000364,ACC-000202,ATM-00010,7705.95,2026-07-08 16:55:20
WD-000330,CMP-000365,ACC-000668,ATM-00049,10526.63,2026-08-26 21:04:51
WD-000331,CMP-000367,ACC-000184,ATM-00014,3724.26,2026-06-16 00:00:54
WD-000332,CMP-000368,ACC-000429,ATM-00068,10969.83,2026-08-21 09:41:24
WD-000338,CMP-000374,ACC-000148,ATM-00059,4941.03,2026-08-22 18:11:11
WD-000339,CMP-000376,ACC-000043,ATM-00052,3866.93,2026-07-04 23:04:41
WD-000340,CMP-000377,ACC-000194,ATM-00048,4239.78,2026-06-13 22:50:20
WD-000341,CMP-000379,ACC-000825,ATM-00057,1330.95,2026-06-13 08:50:27
WD-000342,CMP-000380,ACC-000015,ATM-00004,83240.75,2026-08-06 14:37:05
WD-000344,CMP-000382,ACC-000177,ATM-00304,5448.41,2026-06-21 17:18:54
WD-000345,CMP-000383,ACC-000151,ATM-00005,90020.63,2026-06-14 13:13:01
WD-000346,CMP-000384,ACC-000046,ATM-00040,1671.39,2026-07-20 17:11:33
WD-000347,CMP-000385,ACC-000027,ATM-00172,61826.01,2026-06-05 07:57:04
WD-000348,CMP-000386,ACC-000059,ATM-00022,4772.75,2026-07-29 07:10:18
WD-000349,CMP-000387,ACC-000478,ATM-00045,6780.69,2026-08-14 23:16:17
WD-000350,CMP-000389,ACC-000102,ATM-00064,11260.12,2026-06-23 01:12:55
WD-000351,CMP-000390,ACC-000163,ATM-00011,4143.84,2026-08-16 06:36:49
WD-000352,CMP-000391,ACC-000474,ATM-00020,1622.29,2026-08-18 17:30:36
WD-000353,CMP-000394,ACC-001169,ATM-00050,35464.28,2026-07-19 20:54:51
WD-000354,CMP-000396,ACC-000861,ATM-00238,1082.87,2026-06-06 07:25:27
WD-000355,CMP-000397,ACC-001156,ATM-00005,1423.57,2026-06-11 10:24:41
WD-000356,CMP-000398,ACC-000191,ATM-00015,2218.5,2026-06-08 18:48:23
WD-000357,CMP-000399,ACC-000565,ATM-00112,1117.04,2026-06-11 06:58:38
WD-000358,CMP-000400,ACC-000104,ATM-00229,3966.02,2026-08-19 08:19:59
WD-000360,CMP-000402,ACC-000123,ATM-00135,2516.3,2026-06-09 00:59:52
WD-000361,CMP-000403,ACC-000050,ATM-00060,27429.44,2026-08-21 15:10:56
WD-000362,CMP-000404,ACC-000191,ATM-00021,7745.63,2026-06-04 18:02:22
WD-000363,CMP-000405,ACC-000848,ATM-00024,49753.74,2026-06-13 04:26:25
WD-000364,CMP-000406,ACC-000075,ATM-00051,2330.56,2026-08-26 10:12:03
WD-000365,CMP-000407,ACC-000177,ATM-00008,4812.51,2026-07-24 09:19:35
WD-000367,CMP-000409,ACC-000009,ATM-00139,4961.42,2026-07-11 23:41:03
WD-000369,CMP-000411,ACC-000105,ATM-00047,5242.54,2026-07-21 01:36:20
WD-000370,CMP-000412,ACC-000389,ATM-00015,104968.61,2026-06-01 12:33:42
WD-000371,CMP-000413,ACC-000039,ATM-00019,3908.77,2026-08-04 09:00:02
WD-000372,CMP-000414,ACC-000200,ATM-00013,10314.56,2026-07-21 16:39:02
WD-000373,CMP-000415,ACC-000188,ATM-00004,242792.04,2026-06-03 09:33:08
WD-000374,CMP-000416,ACC-000073,ATM-00040,4032.82,2026-07-07 10:56:51
WD-000375,CMP-000417,ACC-000148,ATM-00004,3861.24,2026-07-04 14:02:52
WD-000376,CMP-000418,ACC-000210,ATM-00003,2194.5,2026-07-27 21:23:46
WD-000377,CMP-000419,ACC-000416,ATM-00055,1041.76,2026-07-23 11:28:39
WD-000378,CMP-000420,ACC-000117,ATM-00323,1702.41,2026-08-06 05:12:33
WD-000379,CMP-000421,ACC-000182,ATM-00040,94602.46,2026-08-18 21:31:11
WD-000380,CMP-000422,ACC-000201,ATM-00001,292220.59,2026-06-05 03:37:06
WD-000382,CMP-000424,ACC-000020,ATM-00007,1970.03,2026-08-19 06:38:37
WD-000384,CMP-000426,ACC-000039,ATM-00029,10809.51,2026-08-03 18:49:05
WD-000385,CMP-000427,ACC-000145,ATM-00065,2138.43,2026-08-26 14:14:49
WD-000386,CMP-000428,ACC-000208,ATM-00064,18868.29,2026-07-03 23:58:33
WD-000387,CMP-000429,ACC-000093,ATM-00191,13539.43,2026-08-17 09:33:20
WD-000390,CMP-000432,ACC-000175,ATM-00265,1724.63,2026-06-29 19:20:01
WD-000391,CMP-000433,ACC-000171,ATM-00016,1720064.01,2026-07-14 06:40:53
WD-000394,CMP-000436,ACC-000175,ATM-00037,1731.58,2026-07-06 07:22:34
WD-000396,CMP-000438,ACC-000140,ATM-00015,847.99,2026-06-04 08:59:26
WD-000397,CMP-000439,ACC-000823,ATM-00108,2785.18,2026-07-06 06:35:55
WD-000400,CMP-000442,ACC-000183,ATM-00015,6167.7,2026-08-02 20:09:58
WD-000401,CMP-000444,ACC-000010,ATM-00020,6113.47,2026-07-25 17:53:20
WD-000402,CMP-000445,ACC-000004,ATM-00035,167428.53,2026-06-21 21:08:43
WD-000403,CMP-000446,ACC-000206,ATM-00084,21310.83,2026-07-19 06:05:57
WD-000404,CMP-000447,ACC-000027,ATM-00282,1716.24,2026-06-17 21:15:54
WD-000405,CMP-000448,ACC-000087,ATM-00024,2655.87,2026-08-06 08:38:13
WD-000406,CMP-000449,ACC-000100,ATM-00056,46789.45,2026-08-07 22:49:57
WD-000408,CMP-000451,ACC-000082,ATM-00340,151832.14,2026-06-18 10:28:05
WD-000409,CMP-000452,ACC-000550,ATM-00027,11147.08,2026-06-20 17:29:53
WD-000410,CMP-000453,ACC-000067,ATM-00021,740.39,2026-07-05 05:05:59
WD-000411,CMP-000454,ACC-000077,ATM-00241,28398.29,2026-07-24 18:18:49
WD-000413,CMP-000456,ACC-000877,ATM-00025,145924.82,2026-08-14 10:20:11
WD-000415,CMP-000458,ACC-000195,ATM-00109,1950.57,2026-07-04 17:45:03
WD-000418,CMP-000462,ACC-000014,ATM-00076,2466.77,2026-08-08 09:03:49
WD-000419,CMP-000464,ACC-000081,ATM-00007,29222.33,2026-08-01 17:58:00
WD-000420,CMP-000465,ACC-000933,ATM-00048,7193.43,2026-07-30 06:58:41
WD-000421,CMP-000466,ACC-000182,ATM-00029,39564.67,2026-07-27 06:05:27
WD-000422,CMP-000467,ACC-000823,ATM-00017,1358.58,2026-07-29 14:50:33
WD-000423,CMP-000469,ACC-000193,ATM-00371,5447.09,2026-08-02 03:54:19
WD-000424,CMP-000470,ACC-000213,ATM-00052,7579.53,2026-07-26 00:06:46
WD-000426,CMP-000472,ACC-000970,ATM-00032,1583.35,2026-06-24 20:13:00
WD-000428,CMP-000474,ACC-000079,ATM-00257,3574.56,2026-07-16 11:09:43
WD-000429,CMP-000475,ACC-000182,ATM-00022,1906.85,2026-08-09 06:19:36
WD-000430,CMP-000476,ACC-000487,ATM-00019,14234.51,2026-07-09 19:58:13
WD-000432,CMP-000478,ACC-000197,ATM-00042,4946.4,2026-06-12 14:07:43
WD-000433,CMP-000479,ACC-000042,ATM-00087,2032.45,2026-07-30 21:50:12
WD-000434,CMP-000481,ACC-000084,ATM-00043,10341.64,2026-07-01 13:04:42
WD-000435,CMP-000482,ACC-000208,ATM-00032,3242.14,2026-07-16 09:41:05
WD-000436,CMP-000483,ACC-000008,ATM-00046,3404.76,2026-07-09 07:04:02
WD-000437,CMP-000485,ACC-000081,ATM-00011,6847.42,2026-07-29 08:39:34
WD-000438,CMP-000486,ACC-000035,ATM-00297,2045.34,2026-07-23 02:25:00
WD-000440,CMP-000488,ACC-000004,ATM-00286,36537.63,2026-07-09 20:07:22
WD-000441,CMP-000489,ACC-000184,ATM-00340,30339.14,2026-06-29 04:02:02
WD-000442,CMP-000490,ACC-000084,ATM-00036,3543.0,2026-06-26 17:26:23
WD-000443,CMP-000491,ACC-000005,ATM-00058,504.53,2026-06-13 17:49:14
WD-000444,CMP-000492,ACC-000077,ATM-00037,6749.57,2026-07-04 04:51:33
WD-000445,CMP-000493,ACC-000100,ATM-00034,1641.49,2026-07-29 10:02:01
WD-000447,CMP-000495,ACC-000773,ATM-00016,11740.64,2026-06-15 04:42:12
WD-000448,CMP-000496,ACC-000077,ATM-00048,11164.82,2026-07-30 12:46:20
WD-000449,CMP-000497,ACC-000865,ATM-00027,26711.05,2026-08-22 08:38:53
WD-000451,CMP-000499,ACC-000032,ATM-00153,6025.85,2026-06-02 17:08:00
WD-000452,CMP-000500,ACC-001103,ATM-00023,1433.65,2026-07-27 19:21:04
WD-000453,CMP-000501,ACC-000020,ATM-00037,1063.28,2026-07-31 05:30:35
WD-000454,CMP-000502,ACC-000185,ATM-00011,4216.71,2026-08-15 11:20:06
WD-000455,CMP-000503,ACC-000111,ATM-00049,8908.25,2026-06-05 18:41:58
WD-000456,CMP-000504,ACC-000186,ATM-00067,4711.29,2026-07-31 05:18:08
WD-000457,CMP-000505,ACC-000141,ATM-00032,8181.84,2026-06-23 22:21:08
WD-000458,CMP-000507,ACC-000222,ATM-00381,8656.86,2026-07-11 11:04:48
WD-000459,CMP-000508,ACC-000118,ATM-00034,19506.63,2026-07-17 04:35:49
WD-000460,CMP-000509,ACC-000921,ATM-00398,966926.65,2026-06-14 12:14:07
WD-000461,CMP-000510,ACC-000037,ATM-00093,1498.49,2026-07-17 09:41:18
WD-000462,CMP-000511,ACC-000022,ATM-00355,1529.89,2026-08-28 08:46:48
WD-000463,CMP-000512,ACC-000041,ATM-00189,2975.14,2026-08-24 09:09:40
WD-000464,CMP-000513,ACC-000596,ATM-00084,382.03,2026-07-30 14:06:53
WD-000467,CMP-000517,ACC-000018,ATM-00038,1115.09,2026-08-17 03:05:55
WD-000468,CMP-000518,ACC-000143,ATM-00015,2588.63,2026-07-23 20:52:23
WD-000469,CMP-000519,ACC-000193,ATM-00117,63431.26,2026-08-14 20:44:49
WD-000471,CMP-000522,ACC-000160,ATM-00025,570.38,2026-07-23 14:22:51
WD-000472,CMP-000523,ACC-000177,ATM-00014,3005.01,2026-06-11 19:15:58
WD-000473,CMP-000524,ACC-000105,ATM-00040,3972.47,2026-08-03 20:02:34
WD-000474,CMP-000525,ACC-000139,ATM-00012,4650.06,2026-06-10 20:31:05
WD-000475,CMP-000526,ACC-000003,ATM-00352,195089.17,2026-08-14 00:52:06
WD-000476,CMP-000528,ACC-000166,ATM-00033,4945.7,2026-08-25 10:01:34
WD-000478,CMP-000530,ACC-000034,ATM-00063,3682.22,2026-06-09 13:53:30
WD-000479,CMP-000531,ACC-000003,ATM-00041,6732.48,2026-08-22 12:19:35
WD-000480,CMP-000533,ACC-000100,ATM-00060,72776.46,2026-06-02 14:46:28
WD-000481,CMP-000534,ACC-000347,ATM-00342,2355.3,2026-08-11 13:33:50
WD-000482,CMP-000536,ACC-000052,ATM-00356,1388.97,2026-07-03 22:21:40
WD-000483,CMP-000537,ACC-000529,ATM-00028,8860.61,2026-07-18 19:30:21
WD-000484,CMP-000538,ACC-000126,ATM-00057,4021.28,2026-06-27 19:52:23
WD-000485,CMP-000539,ACC-000140,ATM-00107,2570.69,2026-07-13 08:46:53
WD-000487,CMP-000541,ACC-000014,ATM-00059,6028.66,2026-06-18 07:06:10
WD-000488,CMP-000542,ACC-000052,ATM-00023,2721.14,2026-07-13 05:31:38
WD-000489,CMP-000543,ACC-000052,ATM-00307,2183.1,2026-06-19 04:48:41
WD-000490,CMP-000544,ACC-000047,ATM-00312,6264.85,2026-06-01 14:30:31
WD-000491,CMP-000545,ACC-000021,ATM-00009,1857.34,2026-07-02 01:12:09
WD-000492,CMP-000546,ACC-001178,ATM-00024,19055.98,2026-08-03 17:56:21
WD-000494,CMP-000548,ACC-000204,ATM-00038,23966.26,2026-08-27 01:50:49
WD-000495,CMP-000549,ACC-000059,ATM-00148,341087.52,2026-08-02 05:36:30
WD-000496,CMP-000550,ACC-000727,ATM-00029,2224.6,2026-06-22 04:56:59
WD-000497,CMP-000551,ACC-000024,ATM-00009,7748.44,2026-07-30 05:53:38
WD-000498,CMP-000552,ACC-000318,ATM-00057,600287.7,2026-08-12 17:15:28
WD-000499,CMP-000553,ACC-000019,ATM-00034,1152.4,2026-06-24 20:53:34
WD-000500,CMP-000554,ACC-000050,ATM-00057,9992.98,2026-07-22 06:28:21
WD-000501,CMP-000555,ACC-000113,ATM-00039,47128.38,2026-07-25 20:56:30
WD-000502,CMP-000556,ACC-000197,ATM-00231,55415.86,2026-06-20 06:16:57
WD-000505,CMP-000559,ACC-000119,ATM-00047,17119.83,2026-07-15 15:09:49
WD-000506,CMP-000560,ACC-000380,ATM-00002,3162.26,2026-07-25 15:39:18
WD-000507,CMP-000561,ACC-001127,ATM-00009,11150.44,2026-07-08 23:28:38
WD-000508,CMP-000562,ACC-000996,ATM-00109,1747.29,2026-06-08 12:47:52
WD-000511,CMP-000565,ACC-000064,ATM-00104,6350.18,2026-08-02 09:03:53
WD-000512,CMP-000566,ACC-000032,ATM-00026,539.03,2026-08-26 16:29:40
WD-000513,CMP-000567,ACC-000944,ATM-00026,13388.81,2026-07-07 04:08:15
WD-000514,CMP-000569,ACC-000053,ATM-00260,1313.66,2026-06-18 13:58:25
WD-000515,CMP-000570,ACC-000074,ATM-00067,37844.27,2026-06-22 15:16:56
WD-000516,CMP-000571,ACC-000028,ATM-00055,154702.53,2026-07-15 13:54:50
WD-000517,CMP-000572,ACC-001089,ATM-00048,7516.48,2026-08-20 06:22:19
WD-000518,CMP-000573,ACC-000075,ATM-00034,3901.77,2026-06-19 06:16:52
WD-000519,CMP-000574,ACC-000463,ATM-00107,86954.2,2026-08-18 13:45:27
WD-000520,CMP-000575,ACC-000079,ATM-00013,1903.78,2026-08-26 08:21:59
WD-000521,CMP-000576,ACC-000043,ATM-00051,2646.54,2026-06-04 07:40:30
WD-000523,CMP-000578,ACC-000092,ATM-00002,6032.43,2026-06-21 17:27:02
WD-000524,CMP-000579,ACC-000352,ATM-00053,2039.67,2026-06-27 01:12:09
WD-000525,CMP-000581,ACC-000535,ATM-00005,19592.78,2026-07-02 07:37:49
WD-000526,CMP-000582,ACC-000343,ATM-00005,5633.15,2026-07-21 22:02:58
WD-000527,CMP-000583,ACC-000131,ATM-00063,1571.25,2026-07-26 18:53:27
WD-000528,CMP-000585,ACC-000440,ATM-00010,7030.91,2026-07-04 03:50:52
WD-000529,CMP-000586,ACC-000925,ATM-00047,2685.26,2026-07-02 00:05:06
WD-000535,CMP-000594,ACC-000483,ATM-00052,973.53,2026-08-24 21:47:59
WD-000536,CMP-000595,ACC-000192,ATM-00248,78594.96,2026-08-05 02:05:11
WD-000537,CMP-000596,ACC-000183,ATM-00056,6855.03,2026-07-02 09:16:59
WD-000541,CMP-000602,ACC-000172,ATM-00010,16151.23,2026-07-16 12:18:41
WD-000545,CMP-000606,ACC-000081,ATM-00027,2658.51,2026-06-29 21:45:16
WD-000546,CMP-000607,ACC-000020,ATM-00060,391.99,2026-08-21 03:01:45
WD-000547,CMP-000608,ACC-000097,ATM-00065,1537.46,2026-07-03 01:04:54
WD-000548,CMP-000609,ACC-000194,ATM-00017,181171.89,2026-08-02 08:24:47
WD-000549,CMP-000610,ACC-000148,ATM-00031,35715.35,2026-07-04 23:23:11
WD-000551,CMP-000612,ACC-000061,ATM-00013,11642.69,2026-06-04 11:15:54
WD-000552,CMP-000613,ACC-000123,ATM-00041,559.7,2026-06-05 19:06:24
WD-000554,CMP-000615,ACC-000059,ATM-00067,4834.99,2026-07-14 22:29:46
WD-000555,CMP-000616,ACC-000039,ATM-00302,3576.31,2026-07-30 13:09:15
WD-000557,CMP-000618,ACC-000616,ATM-00020,2206.58,2026-06-28 08:05:56
WD-000558,CMP-000619,ACC-000086,ATM-00014,2056.73,2026-08-08 00:16:22
WD-000559,CMP-000620,ACC-000001,ATM-00026,46158.72,2026-06-11 15:20:46
WD-000561,CMP-000622,ACC-000087,ATM-00013,266741.73,2026-07-09 06:30:44
WD-000562,CMP-000624,ACC-000188,ATM-00051,4100.11,2026-08-05 21:39:21
WD-000563,CMP-000625,ACC-000102,ATM-00267,1118.1,2026-08-03 09:00:37
WD-000564,CMP-000626,ACC-000202,ATM-00354,4564.25,2026-07-24 22:04:15
WD-000565,CMP-000627,ACC-000093,ATM-00037,2047.98,2026-06-09 04:17:21
WD-000566,CMP-000628,ACC-000208,ATM-00013,2392.35,2026-07-26 04:43:41
WD-000568,CMP-000631,ACC-000149,ATM-00023,7696.91,2026-06-08 06:55:00
WD-000569,CMP-000632,ACC-000137,ATM-00045,8344.81,2026-08-04 03:09:44
WD-000570,CMP-000634,ACC-000203,ATM-00049,6670.08,2026-08-09 05:36:16
WD-000571,CMP-000636,ACC-000049,ATM-00030,2755.48,2026-07-09 00:32:14
WD-000572,CMP-000637,ACC-000121,ATM-00035,3247.5,2026-08-12 01:35:04
WD-000573,CMP-000638,ACC-000135,ATM-00310,81922.07,2026-07-20 03:29:18
WD-000574,CMP-000639,ACC-000059,ATM-00013,1280.73,2026-06-23 22:53:41
WD-000575,CMP-000640,ACC-000945,ATM-00020,5857.15,2026-07-29 05:02:07
WD-000577,CMP-000642,ACC-000121,ATM-00049,5972.79,2026-07-24 19:38:52
WD-000578,CMP-000643,ACC-000070,ATM-00011,40323.72,2026-08-04 09:46:49
WD-000579,CMP-000644,ACC-000093,ATM-00065,118626.61,2026-06-24 20:23:46
WD-000581,CMP-000646,ACC-000176,ATM-00135,2302.05,2026-07-06 13:14:20
WD-000582,CMP-000647,ACC-000060,ATM-00028,2504.13,2026-07-05 10:49:06
WD-000583,CMP-000648,ACC-000810,ATM-00049,20191.78,2026-07-13 01:25:18
WD-000584,CMP-000649,ACC-000006,ATM-00105,1555.6,2026-06-03 20:48:52
WD-000585,CMP-000650,ACC-000788,ATM-00057,76664.95,2026-08-16 15:20:52
WD-000587,CMP-000652,ACC-000180,ATM-00338,43981.24,2026-06-24 09:07:39
WD-000588,CMP-000653,ACC-000029,ATM-00350,11735.22,2026-06-14 18:41:50
WD-000589,CMP-000654,ACC-000151,ATM-00138,2378.66,2026-06-17 09:49:29
WD-000590,CMP-000655,ACC-000775,ATM-00224,1523.14,2026-06-08 21:05:47
WD-000591,CMP-000657,ACC-000165,ATM-00291,5725.79,2026-06-11 21:24:01
WD-000592,CMP-000658,ACC-000003,ATM-00059,3553.08,2026-08-21 18:48:40
WD-000593,CMP-000659,ACC-000186,ATM-00035,75154.09,2026-07-03 19:01:06
WD-000594,CMP-000660,ACC-000034,ATM-00001,4986.51,2026-07-28 20:05:57
WD-000595,CMP-000661,ACC-000023,ATM-00009,7770.61,2026-06-20 23:54:04
WD-000596,CMP-000662,ACC-000060,ATM-00047,12609.26,2026-07-02 00:23:04
WD-000597,CMP-000663,ACC-000117,ATM-00022,33151.24,2026-07-27 08:16:21
WD-000598,CMP-000664,ACC-000091,ATM-00046,4305.98,2026-08-16 13:06:30
WD-000601,CMP-000667,ACC-000099,ATM-00385,3818.42,2026-07-13 20:43:50
WD-000604,CMP-000670,ACC-000123,ATM-00002,909.28,2026-07-12 12:00:22
WD-000606,CMP-000672,ACC-000013,ATM-00060,64909.88,2026-08-24 14:09:48
WD-000608,CMP-000674,ACC-000179,ATM-00048,65696.17,2026-08-28 19:14:45
WD-000609,CMP-000675,ACC-000080,ATM-00042,227266.3,2026-07-05 03:20:01
WD-000610,CMP-000676,ACC-000270,ATM-00172,971.63,2026-08-02 18:33:17
WD-000612,CMP-000678,ACC-000141,ATM-00027,1029.24,2026-07-20 21:07:18
WD-000613,CMP-000679,ACC-000169,ATM-00312,8907.75,2026-06-19 01:44:52
WD-000614,CMP-000680,ACC-000158,ATM-00232,4444.65,2026-07-28 03:30:14
WD-000615,CMP-000681,ACC-000017,ATM-00018,3046.03,2026-07-17 19:55:29
WD-000616,CMP-000682,ACC-000185,ATM-00024,10729.47,2026-06-12 10:20:04
WD-000618,CMP-000684,ACC-000166,ATM-00042,1324.13,2026-07-16 23:45:56
WD-000619,CMP-000685,ACC-000092,ATM-00028,70726.2,2026-06-07 14:32:03
WD-000620,CMP-000686,ACC-000010,ATM-00055,99501.84,2026-08-22 20:34:46
WD-000621,CMP-000687,ACC-000013,ATM-00020,2790.02,2026-08-12 04:43:08
WD-000622,CMP-000688,ACC-000777,ATM-00064,7578.41,2026-07-25 08:14:21
WD-000623,CMP-000689,ACC-000090,ATM-00040,3865.38,2026-07-31 23:38:16
WD-000625,CMP-000691,ACC-000052,ATM-00038,3300.73,2026-07-13 00:10:02
WD-000626,CMP-000692,ACC-000090,ATM-00010,23328.68,2026-08-13 02:48:07
WD-000627,CMP-000693,ACC-000086,ATM-00050,38885.51,2026-08-17 21:42:43
WD-000628,CMP-000694,ACC-000665,ATM-00039,2695.51,2026-07-15 06:34:35
WD-000630,CMP-000696,ACC-000198,ATM-00009,4348.44,2026-06-12 08:15:36
WD-000631,CMP-000697,ACC-000629,ATM-00004,16639.22,2026-08-19 00:52:39
WD-000632,CMP-000698,ACC-000883,ATM-00389,13041.53,2026-07-28 01:01:55
WD-000634,CMP-000700,ACC-000197,ATM-00009,3479.22,2026-07-07 21:20:30
WD-000635,CMP-000701,ACC-000123,ATM-00104,2917.8,2026-06-19 07:09:50
WD-000637,CMP-000703,ACC-000861,ATM-00026,2982.44,2026-07-01 12:40:28
WD-000640,CMP-000706,ACC-000143,ATM-00047,11393.94,2026-07-11 14:41:20
WD-000641,CMP-000707,ACC-000007,ATM-00098,355.49,2026-07-25 15:58:20
WD-000642,CMP-000708,ACC-000082,ATM-00053,15296.98,2026-06-27 19:20:01
WD-000643,CMP-000709,ACC-000141,ATM-00059,941.51,2026-07-26 05:27:27
WD-000644,CMP-000710,ACC-000107,ATM-00033,171742.93,2026-06-11 18:43:38
WD-000645,CMP-000711,ACC-000879,ATM-00121,1503.8,2026-07-07 02:09:59
WD-000646,CMP-000712,ACC-000078,ATM-00008,45076.53,2026-07-13 22:48:19
WD-000647,CMP-000713,ACC-001054,ATM-00063,2199.32,2026-08-20 19:51:29
WD-000648,CMP-000714,ACC-000132,ATM-00050,2819.75,2026-06-03 22:45:20
WD-000649,CMP-000715,ACC-000083,ATM-00028,2946.44,2026-07-13 19:48:01
WD-000650,CMP-000716,ACC-000183,ATM-00339,7886.53,2026-06-21 08:22:29
WD-000651,CMP-000717,ACC-000090,ATM-00093,5944.91,2026-08-09 07:31:00
WD-000652,CMP-000718,ACC-000196,ATM-00056,3023.0,2026-08-16 09:28:53
WD-000654,CMP-000720,ACC-000047,ATM-00228,1490.59,2026-08-08 15:36:51
WD-000655,CMP-000721,ACC-000030,ATM-00029,26367.03,2026-07-21 02:54:01
WD-000657,CMP-000724,ACC-000179,ATM-00066,7461.9,2026-06-13 22:25:55
WD-000658,CMP-000725,ACC-000177,ATM-00022,50613.98,2026-08-11 12:04:31
WD-000659,CMP-000726,ACC-000563,ATM-00044,2271.88,2026-08-01 10:54:00
WD-000661,CMP-000728,ACC-000114,ATM-00065,632067.65,2026-08-13 00:52:22
WD-000664,CMP-000732,ACC-000146,ATM-00062,3258.02,2026-07-22 23:55:33
WD-000665,CMP-000734,ACC-000001,ATM-00062,1121.72,2026-07-03 06:41:47
WD-000666,CMP-000735,ACC-000192,ATM-00211,1570.27,2026-08-16 15:13:02
WD-000667,CMP-000736,ACC-000152,ATM-00281,185825.52,2026-06-10 02:07:09
WD-000668,CMP-000737,ACC-000189,ATM-00018,127582.66,2026-08-22 21:50:47
WD-000669,CMP-000738,ACC-000188,ATM-00064,2227.85,2026-07-12 13:46:04
WD-000670,CMP-000739,ACC-000098,ATM-00012,562122.94,2026-08-03 11:06:47
WD-000671,CMP-000740,ACC-000041,ATM-00021,2567.44,2026-06-09 09:54:16
WD-000672,CMP-000741,ACC-000108,ATM-00023,3905.13,2026-08-28 04:53:26
WD-000673,CMP-000742,ACC-000155,ATM-00280,19458.95,2026-08-10 14:36:19
WD-000674,CMP-000743,ACC-000081,ATM-00239,6547.09,2026-08-08 08:08:07
WD-000675,CMP-000744,ACC-000063,ATM-00043,3140.23,2026-07-28 01:29:24
WD-000676,CMP-000745,ACC-000038,ATM-00024,2793.89,2026-08-07 10:54:31
WD-000677,CMP-000746,ACC-000063,ATM-00066,7524.42,2026-08-07 15:55:10
WD-000678,CMP-000747,ACC-000645,ATM-00161,1345.09,2026-08-10 22:36:19
WD-000679,CMP-000748,ACC-000211,ATM-00011,449.08,2026-06-28 08:58:55
WD-000680,CMP-000749,ACC-000165,ATM-00026,20179.64,2026-06-14 00:17:47
WD-000681,CMP-000750,ACC-000066,ATM-00080,1312.07,2026-07-25 22:23:01
WD-000683,CMP-000752,ACC-000917,ATM-00033,40522.44,2026-07-31 01:23:28
WD-000684,CMP-000753,ACC-000209,ATM-00030,4237.5,2026-06-10 20:28:14
WD-000685,CMP-000754,ACC-000104,ATM-00031,10457.15,2026-07-05 01:57:26
WD-000687,CMP-000756,ACC-000199,ATM-00058,6835.29,2026-08-10 05:29:01
WD-000688,CMP-000757,ACC-000114,ATM-00057,16954.48,2026-08-22 05:18:30
WD-000689,CMP-000758,ACC-000168,ATM-00066,1719.47,2026-07-30 06:39:43
WD-000690,CMP-000759,ACC-000202,ATM-00011,202656.41,2026-06-05 15:32:43
WD-000691,CMP-000760,ACC-000843,ATM-00005,84132.16,2026-07-08 09:31:18
WD-000693,CMP-000762,ACC-000058,ATM-00056,28701.26,2026-07-01 15:09:17
WD-000694,CMP-000763,ACC-000052,ATM-00006,694.87,2026-07-06 03:29:09
WD-000695,CMP-000764,ACC-000199,ATM-00005,3434.84,2026-08-14 11:55:55
WD-000697,CMP-000766,ACC-000189,ATM-00149,836.49,2026-07-20 12:26:53
WD-000698,CMP-000767,ACC-000068,ATM-00162,29252.49,2026-07-12 09:51:18
WD-000699,CMP-000768,ACC-000101,ATM-00023,4942.03,2026-07-29 16:31:13
WD-000700,CMP-000769,ACC-000174,ATM-00137,3548.16,2026-06-21 02:18:52
WD-000701,CMP-000770,ACC-000184,ATM-00038,4190.24,2026-07-27 07:47:27
WD-000703,CMP-000772,ACC-000134,ATM-00119,4420.17,2026-06-24 14:43:55
WD-000705,CMP-000774,ACC-001151,ATM-00149,4053.2,2026-08-04 03:36:59
WD-000706,CMP-000775,ACC-000065,ATM-00025,1942.38,2026-08-07 16:46:09
WD-000708,CMP-000777,ACC-000122,ATM-00348,47141.3,2026-06-13 19:25:59
WD-000709,CMP-000778,ACC-000147,ATM-00007,7773.39,2026-06-12 21:50:19
WD-000710,CMP-000779,ACC-000122,ATM-00059,533.89,2026-06-27 18:41:26
WD-000711,CMP-000780,ACC-000042,ATM-00049,8392.25,2026-08-01 01:35:50
WD-000712,CMP-000781,ACC-000961,ATM-00048,54339.35,2026-07-19 23:02:44
WD-000713,CMP-000782,ACC-000841,ATM-00210,3141.81,2026-08-14 00:23:01
WD-000714,CMP-000783,ACC-000113,ATM-00026,43461.64,2026-06-21 13:18:51
WD-000715,CMP-000784,ACC-000146,ATM-00060,8387.91,2026-06-01 19:34:47
WD-000717,CMP-000788,ACC-000044,ATM-00035,2442.07,2026-08-29 08:10:46
WD-000718,CMP-000789,ACC-000159,ATM-00022,1711.06,2026-07-07 04:32:57
WD-000719,CMP-000790,ACC-000190,ATM-00022,4197.38,2026-06-22 15:23:43
WD-000721,CMP-000792,ACC-000859,ATM-00217,2638.52,2026-07-01 14:38:41
WD-000722,CMP-000793,ACC-000156,ATM-00012,879.1,2026-06-20 15:36:15
WD-000723,CMP-000794,ACC-000015,ATM-00035,74143.73,2026-06-23 13:46:42
WD-000725,CMP-000796,ACC-000167,ATM-00053,1026150.53,2026-08-16 11:50:10
WD-000726,CMP-000797,ACC-000508,ATM-00059,4567.59,2026-06-23 19:27:14
WD-000727,CMP-000798,ACC-000041,ATM-00047,861.75,2026-06-01 23:25:15
WD-000728,CMP-000799,ACC-000184,ATM-00055,7384.58,2026-08-20 18:27:02
WD-000729,CMP-000800,ACC-000304,ATM-00384,10378.99,2026-06-24 16:50:50
WD-000731,CMP-000803,ACC-000199,ATM-00116,7862.33,2026-07-07 09:33:09
WD-000732,CMP-000804,ACC-000088,ATM-00151,46592.99,2026-07-20 09:11:19
WD-000733,CMP-000805,ACC-000120,ATM-00058,104230.01,2026-07-26 08:15:29
WD-000734,CMP-000806,ACC-000152,ATM-00017,674.01,2026-06-29 12:01:51
WD-000735,CMP-000807,ACC-000091,ATM-00039,2746.38,2026-08-06 18:03:08
WD-000736,CMP-000808,ACC-000182,ATM-00238,11464.24,2026-06-23 19:51:49
WD-000737,CMP-000809,ACC-001004,ATM-00065,1581.5,2026-07-27 18:38:54
WD-000739,CMP-000811,ACC-000033,ATM-00033,12436.75,2026-06-20 18:55:14
WD-000740,CMP-000812,ACC-000209,ATM-00025,4132.82,2026-06-09 20:20:09
WD-000742,CMP-000814,ACC-000248,ATM-00003,2181.16,2026-06-15 10:35:34
WD-000743,CMP-000815,ACC-000198,ATM-00054,5921.83,2026-07-21 03:55:15
WD-000744,CMP-000816,ACC-000260,ATM-00047,10645.79,2026-06-17 23:50:04
WD-000745,CMP-000817,ACC-000633,ATM-00219,4108.37,2026-08-12 23:48:08
WD-000746,CMP-000818,ACC-000089,ATM-00126,271.98,2026-08-17 06:43:38
WD-000748,CMP-000820,ACC-000321,ATM-00063,53947.14,2026-08-01 06:46:47
WD-000749,CMP-000821,ACC-000484,ATM-00063,595.84,2026-08-19 07:33:28
WD-000751,CMP-000823,ACC-000115,ATM-00051,3433.63,2026-08-20 16:44:35
WD-000752,CMP-000824,ACC-000730,ATM-00043,4349.93,2026-06-05 22:33:15
WD-000753,CMP-000825,ACC-000031,ATM-00005,1168.56,2026-07-08 22:41:01
WD-000754,CMP-000826,ACC-000072,ATM-00062,2144.99,2026-07-05 14:47:51
WD-000755,CMP-000827,ACC-000061,ATM-00002,3352.45,2026-08-25 07:31:11
WD-000756,CMP-000828,ACC-000050,ATM-00016,732.44,2026-08-03 08:50:16
WD-000757,CMP-000829,ACC-000199,ATM-00018,7080.89,2026-06-06 19:45:29
WD-000758,CMP-000830,ACC-000839,ATM-00057,5264.29,2026-08-02 12:48:56
WD-000759,CMP-000831,ACC-000152,ATM-00053,2733.81,2026-08-18 01:36:01
WD-000760,CMP-000832,ACC-000317,ATM-00137,973.56,2026-08-09 23:43:38
WD-000763,CMP-000835,ACC-000348,ATM-00049,4341.37,2026-08-14 03:26:44
WD-000764,CMP-000836,ACC-000027,ATM-00044,56952.55,2026-07-05 23:51:32
WD-000765,CMP-000837,ACC-000052,ATM-00012,9518.27,2026-06-09 21:57:59
WD-000766,CMP-000838,ACC-000096,ATM-00035,1526.92,2026-08-16 23:14:46
WD-000767,CMP-000839,ACC-001073,ATM-00042,1610.8,2026-06-22 22:05:09
WD-000768,CMP-000840,ACC-000054,ATM-00133,14747.29,2026-08-20 08:09:22
WD-000770,CMP-000842,ACC-000040,ATM-00044,62301.09,2026-06-03 22:44:09
WD-000772,CMP-000844,ACC-000982,ATM-00036,2425.12,2026-08-17 01:00:17
WD-000774,CMP-000846,ACC-000134,ATM-00341,1791.55,2026-07-21 14:14:02
WD-000776,CMP-000848,ACC-000051,ATM-00011,303479.34,2026-08-22 01:33:52
WD-000777,CMP-000849,ACC-000901,ATM-00064,14127.86,2026-08-08 08:01:53
WD-000778,CMP-000850,ACC-000742,ATM-00040,47212.7,2026-08-23 09:12:18
WD-000780,CMP-000852,ACC-000193,ATM-00027,4262.43,2026-06-14 13:34:07
WD-000781,CMP-000853,ACC-000018,ATM-00076,37794.08,2026-08-01 15:06:39
WD-000782,CMP-000854,ACC-000153,ATM-00277,1362.47,2026-07-25 17:07:31
WD-000785,CMP-000858,ACC-000004,ATM-00010,511404.34,2026-08-22 20:53:14
WD-000787,CMP-000861,ACC-000095,ATM-00013,5307.48,2026-06-14 02:47:34
WD-000788,CMP-000862,ACC-000039,ATM-00050,8166.28,2026-06-28 00:08:08
WD-000789,CMP-000863,ACC-000860,ATM-00038,5688.51,2026-08-08 17:47:48
WD-000790,CMP-000864,ACC-000095,ATM-00008,102688.33,2026-06-02 03:54:25
WD-000791,CMP-000865,ACC-000002,ATM-00065,3799.18,2026-06-26 05:54:58
WD-000792,CMP-000866,ACC-000036,ATM-00066,104382.02,2026-07-13 05:16:48
WD-000794,CMP-000869,ACC-001071,ATM-00061,4101.58,2026-08-03 10:37:08
WD-000795,CMP-000870,ACC-000207,ATM-00360,1600.26,2026-08-16 22:42:29
WD-000796,CMP-000871,ACC-000962,ATM-00024,2442.2,2026-06-11 14:55:37
WD-000797,CMP-000872,ACC-000119,ATM-00033,1623.22,2026-08-11 00:21:31
WD-000798,CMP-000874,ACC-000004,ATM-00027,4732.34,2026-07-18 02:12:05
WD-000801,CMP-000877,ACC-000023,ATM-00015,15535.51,2026-08-09 22:51:33
WD-000802,CMP-000878,ACC-000047,ATM-00003,4124.34,2026-06-10 16:47:49
WD-000804,CMP-000880,ACC-000136,ATM-00064,1116.2,2026-08-20 03:32:35
WD-000805,CMP-000881,ACC-000032,ATM-00022,743.76,2026-06-02 20:16:42
WD-000806,CMP-000882,ACC-000054,ATM-00014,1323.93,2026-07-16 22:04:22
WD-000809,CMP-000885,ACC-000892,ATM-00295,6628.4,2026-07-14 21:46:30
WD-000811,CMP-000887,ACC-001191,ATM-00271,1062.34,2026-08-05 05:55:27
WD-000812,CMP-000888,ACC-000129,ATM-00046,2696.4,2026-07-11 12:44:55
WD-000814,CMP-000890,ACC-000105,ATM-00046,11468.46,2026-08-06 05:24:51
WD-000815,CMP-000891,ACC-000040,ATM-00068,6145.17,2026-07-17 14:29:41
WD-000816,CMP-000892,ACC-000073,ATM-00068,8043.81,2026-06-02 23:38:47
WD-000817,CMP-000894,ACC-000135,ATM-00053,4224.43,2026-08-12 22:57:27
WD-000818,CMP-000896,ACC-000170,ATM-00035,4221.61,2026-07-11 17:39:42
WD-000819,CMP-000897,ACC-000142,ATM-00018,47177.84,2026-08-20 02:45:35
WD-000820,CMP-000898,ACC-000210,ATM-00010,71740.32,2026-08-28 18:25:53
WD-000823,CMP-000901,ACC-000132,ATM-00049,5177.77,2026-07-27 22:48:17
WD-000826,CMP-000904,ACC-000205,ATM-00020,8242.62,2026-06-27 08:27:52
WD-000827,CMP-000905,ACC-000214,ATM-00018,2409.57,2026-06-26 23:08:58
WD-000828,CMP-000906,ACC-000028,ATM-00017,4698.98,2026-06-04 15:34:28
WD-000829,CMP-000907,ACC-000101,ATM-00011,10381.78,2026-08-06 10:34:08
WD-000830,CMP-000908,ACC-000757,ATM-00062,1073.19,2026-07-03 13:11:49
WD-000831,CMP-000909,ACC-001122,ATM-00037,6165.0,2026-06-25 21:21:12
WD-000832,CMP-000910,ACC-000115,ATM-00041,2416.26,2026-06-30 16:34:33
WD-000833,CMP-000911,ACC-000073,ATM-00034,57310.61,2026-08-06 05:02:03
WD-000834,CMP-000912,ACC-000155,ATM-00044,1397.12,2026-08-12 12:42:54
WD-000835,CMP-000913,ACC-000174,ATM-00360,171044.11,2026-07-11 13:54:15
WD-000836,CMP-000914,ACC-000096,ATM-00002,3305.89,2026-08-28 06:24:09
WD-000837,CMP-000915,ACC-000006,ATM-00057,2584.26,2026-08-24 03:21:12
WD-000838,CMP-000916,ACC-000138,ATM-00044,1537.62,2026-06-07 18:48:55
WD-000839,CMP-000917,ACC-000065,ATM-00197,9857.93,2026-08-21 22:41:42
WD-000840,CMP-000918,ACC-000990,ATM-00008,5393.98,2026-08-24 14:16:30
WD-000841,CMP-000919,ACC-000208,ATM-00033,393743.08,2026-07-14 23:07:32
WD-000843,CMP-000921,ACC-000057,ATM-00033,6456.16,2026-06-13 03:25:04
WD-000844,CMP-000922,ACC-000692,ATM-00059,2232.53,2026-07-14 10:21:58
WD-000845,CMP-000923,ACC-000745,ATM-00053,24515.26,2026-07-04 22:37:10
WD-000846,CMP-000924,ACC-000013,ATM-00039,60121.5,2026-08-20 15:55:40
WD-000847,CMP-000925,ACC-000008,ATM-00058,2766.35,2026-06-15 17:28:30
WD-000849,CMP-000927,ACC-001122,ATM-00051,1001.93,2026-07-11 04:29:03
WD-000850,CMP-000928,ACC-000048,ATM-00019,1993.0,2026-08-06 12:58:02
WD-000851,CMP-000930,ACC-000106,ATM-00017,22714.22,2026-07-30 04:49:50
WD-000853,CMP-000932,ACC-000151,ATM-00029,6313.0,2026-07-15 17:36:34
WD-000854,CMP-000933,ACC-000132,ATM-00010,1069.65,2026-08-20 05:48:36
WD-000855,CMP-000934,ACC-000005,ATM-00038,3038.17,2026-08-04 03:18:48
WD-000857,CMP-000936,ACC-000072,ATM-00280,2904.66,2026-06-07 10:50:04
WD-000859,CMP-000938,ACC-000077,ATM-00061,34328.88,2026-06-30 10:11:25
WD-000861,CMP-000940,ACC-000024,ATM-00038,56755.1,2026-08-02 15:07:01
WD-000862,CMP-000941,ACC-000440,ATM-00032,2435.24,2026-07-19 17:24:33
WD-000863,CMP-000942,ACC-000070,ATM-00031,677.09,2026-07-09 08:05:10
WD-000864,CMP-000943,ACC-000308,ATM-00218,1131.63,2026-08-19 13:34:19
WD-000865,CMP-000944,ACC-000936,ATM-00023,177278.07,2026-07-23 05:33:12
WD-000866,CMP-000945,ACC-000095,ATM-00001,10564.61,2026-07-06 02:56:55
WD-000869,CMP-000948,ACC-000175,ATM-00150,17491.38,2026-06-19 02:45:24
WD-000870,CMP-000949,ACC-000070,ATM-00066,1790.3,2026-06-22 17:41:29
WD-000871,CMP-000950,ACC-000209,ATM-00253,25638.39,2026-08-16 19:41:13
WD-000872,CMP-000951,ACC-001190,ATM-00235,4555.62,2026-07-16 07:40:14
WD-000873,CMP-000952,ACC-000261,ATM-00059,2310.82,2026-07-27 17:45:14
WD-000875,CMP-000954,ACC-000046,ATM-00264,10889.37,2026-06-30 06:20:21
WD-000876,CMP-000955,ACC-000011,ATM-00012,3414.89,2026-06-20 07:05:41
WD-000877,CMP-000956,ACC-000197,ATM-00049,14630.62,2026-07-15 06:26:55
WD-000878,CMP-000957,ACC-000064,ATM-00015,4283.14,2026-06-09 04:33:15
WD-000881,CMP-000960,ACC-000561,ATM-00079,61147.89,2026-08-14 11:20:18
WD-000883,CMP-000963,ACC-000160,ATM-00058,7058.07,2026-06-02 18:10:31
WD-000884,CMP-000964,ACC-001080,ATM-00029,468789.67,2026-06-03 00:11:27
WD-000885,CMP-000965,ACC-000168,ATM-00049,3994.92,2026-08-07 07:03:59
WD-000886,CMP-000966,ACC-000038,ATM-00061,1510.01,2026-07-18 13:27:44
WD-000887,CMP-000967,ACC-000637,ATM-00037,932.89,2026-06-29 10:59:41
WD-000888,CMP-000968,ACC-000206,ATM-00097,10733.49,2026-07-22 10:24:57
WD-000889,CMP-000969,ACC-000490,ATM-00067,11341.02,2026-07-04 13:17:19
WD-000890,CMP-000970,ACC-000086,ATM-00036,5467.47,2026-06-17 05:07:35
WD-000891,CMP-000972,ACC-000015,ATM-00319,5251.65,2026-06-21 13:56:56
WD-000892,CMP-000973,ACC-000154,ATM-00085,1110.58,2026-07-05 20:40:47
WD-000893,CMP-000974,ACC-000622,ATM-00017,10017.32,2026-08-01 19:16:10
WD-000895,CMP-000976,ACC-000643,ATM-00037,1331.21,2026-08-06 23:41:36
WD-000896,CMP-000977,ACC-000048,ATM-00055,3675.36,2026-06-25 16:38:22
WD-000898,CMP-000979,ACC-000211,ATM-00045,18448.11,2026-07-21 14:36:42
WD-000899,CMP-000980,ACC-000060,ATM-00017,1639.09,2026-08-20 19:48:16
WD-000900,CMP-000981,ACC-001129,ATM-00266,2856.58,2026-06-28 06:29:04
WD-000901,CMP-000982,ACC-000115,ATM-00063,10693.16,2026-06-20 22:16:47
WD-000904,CMP-000985,ACC-000931,ATM-00039,144453.85,2026-06-24 05:07:48
WD-000905,CMP-000986,ACC-000988,ATM-00012,1692.38,2026-08-21 03:19:07
WD-000906,CMP-000987,ACC-000193,ATM-00035,3972.69,2026-08-16 03:24:39
WD-000907,CMP-000988,ACC-000354,ATM-00020,75255.11,2026-06-25 22:24:30
WD-000908,CMP-000989,ACC-000183,ATM-00031,3107.09,2026-06-26 19:31:57
WD-000909,CMP-000990,ACC-000026,ATM-00048,11517.28,2026-06-04 22:20:20
WD-000910,CMP-000991,ACC-001183,ATM-00045,3513.87,2026-07-12 03:10:02
WD-000911,CMP-000992,ACC-000154,ATM-00046,2039.8,2026-06-04 21:06:33
WD-000912,CMP-000993,ACC-000102,ATM-00009,3801.0,2026-07-03 05:15:42
WD-000913,CMP-000994,ACC-000005,ATM-00060,6062.04,2026-08-25 21:12:58
WD-000914,CMP-000995,ACC-000176,ATM-00050,1436.75,2026-06-12 05:56:40
WD-000915,CMP-000997,ACC-000024,ATM-00020,829949.27,2026-07-09 19:52:54
WD-000917,CMP-000999,ACC-001099,ATM-00065,1763.82,2026-06-11 06:50:44
WD-000918,CMP-001000,ACC-000076,ATM-00195,2889.9,2026-08-05 21:35:26
WD-000920,CMP-001002,ACC-000147,ATM-00142,6764.32,2026-08-26 12:31:28
WD-000921,CMP-001004,ACC-000087,ATM-00062,5981.89,2026-08-01 21:30:56
WD-000922,CMP-001005,ACC-000105,ATM-00053,25935.08,2026-08-14 20:07:05
WD-000923,CMP-001006,ACC-000415,ATM-00008,54064.41,2026-08-04 20:09:01
WD-000924,CMP-001007,ACC-000035,ATM-00196,44666.62,2026-07-31 08:57:52
WD-000925,CMP-001008,ACC-000167,ATM-00321,2616.8,2026-07-04 18:48:40
WD-000926,CMP-001009,ACC-000171,ATM-00031,1713.83,2026-08-16 02:13:58
WD-000927,CMP-001010,ACC-000279,ATM-00339,2367.59,2026-08-02 10:53:51
WD-000928,CMP-001011,ACC-000637,ATM-00028,8738.46,2026-07-18 17:37:20
WD-000929,CMP-001012,ACC-000041,ATM-00014,3085.31,2026-06-24 05:33:43
WD-000930,CMP-001013,ACC-000198,ATM-00014,1825.36,2026-07-24 14:02:27
WD-000932,CMP-001015,ACC-000290,ATM-00045,3923.85,2026-07-19 13:06:13
WD-000933,CMP-001016,ACC-000112,ATM-00028,2550.95,2026-08-03 04:00:34
WD-000935,CMP-001018,ACC-000082,ATM-00063,8009.66,2026-07-31 10:04:07
WD-000936,CMP-001019,ACC-000210,ATM-00038,1995.76,2026-08-03 14:44:45
WD-000937,CMP-001021,ACC-000788,ATM-00043,4245.31,2026-06-25 12:29:08
WD-000938,CMP-001022,ACC-000601,ATM-00137,4278.55,2026-08-03 17:44:02
WD-000939,CMP-001023,ACC-000206,ATM-00052,4026.67,2026-08-04 03:45:43
WD-000940,CMP-001024,ACC-000227,ATM-00040,3857.12,2026-08-17 13:00:42
WD-000941,CMP-001025,ACC-000003,ATM-00051,10579.37,2026-06-05 16:55:50
WD-000942,CMP-001026,ACC-000124,ATM-00011,3551.23,2026-08-12 11:57:08
WD-000943,CMP-001027,ACC-001186,ATM-00056,2170.28,2026-06-19 00:43:16
WD-000944,CMP-001028,ACC-000814,ATM-00322,5882.69,2026-08-20 13:31:13
WD-000945,CMP-001029,ACC-000029,ATM-00051,210728.24,2026-07-11 08:22:33
WD-000946,CMP-001030,ACC-000860,ATM-00052,1596.51,2026-06-13 12:55:41
WD-000948,CMP-001032,ACC-000053,ATM-00363,2162.61,2026-06-05 13:16:48
WD-000949,CMP-001033,ACC-000166,ATM-00279,1540.65,2026-07-20 22:30:29
WD-000951,CMP-001036,ACC-000133,ATM-00048,2834.39,2026-08-25 08:29:19
WD-000952,CMP-001037,ACC-000123,ATM-00047,21593.93,2026-08-14 11:05:54
WD-000953,CMP-001038,ACC-000064,ATM-00008,6559.37,2026-06-29 07:35:50
WD-000955,CMP-001040,ACC-000812,ATM-00052,12316.03,2026-07-24 13:31:01
WD-000956,CMP-001041,ACC-000190,ATM-00052,336179.3,2026-08-01 12:29:09
WD-000957,CMP-001042,ACC-000002,ATM-00209,1312.23,2026-08-06 17:10:49
WD-000958,CMP-001043,ACC-000133,ATM-00165,999.78,2026-08-03 04:23:15
WD-000959,CMP-001044,ACC-000194,ATM-00260,2508.89,2026-08-02 00:44:07
WD-000960,CMP-001045,ACC-000124,ATM-00015,2055.28,2026-07-17 23:36:58
WD-000961,CMP-001047,ACC-000190,ATM-00067,88147.41,2026-06-29 03:42:49
WD-000963,CMP-001049,ACC-000078,ATM-00055,649.22,2026-06-20 09:10:59
WD-000965,CMP-001051,ACC-000093,ATM-00338,150654.88,2026-06-29 15:29:38
WD-000966,CMP-001052,ACC-000139,ATM-00068,4829.55,2026-07-15 04:46:17
WD-000967,CMP-001053,ACC-000551,ATM-00048,5385.66,2026-08-24 08:26:00
WD-000968,CMP-001054,ACC-000172,ATM-00287,1850.79,2026-07-20 13:02:06
WD-000969,CMP-001055,ACC-000156,ATM-00014,491733.18,2026-08-04 23:03:08
WD-000970,CMP-001056,ACC-000079,ATM-00017,230.36,2026-08-16 08:33:34
WD-000971,CMP-001057,ACC-000004,ATM-00067,13900.56,2026-06-02 02:40:28
WD-000972,CMP-001058,ACC-000181,ATM-00174,3540.98,2026-08-23 14:19:05
WD-000973,CMP-001059,ACC-000171,ATM-00050,143576.53,2026-08-08 18:28:53
WD-000974,CMP-001060,ACC-000127,ATM-00053,6627.02,2026-08-11 23:40:35
WD-000975,CMP-001061,ACC-000002,ATM-00025,356264.99,2026-06-24 17:41:13
WD-000976,CMP-001062,ACC-000080,ATM-00009,18597.45,2026-06-17 22:43:31
WD-000977,CMP-001063,ACC-000172,ATM-00015,2421.97,2026-06-28 19:47:19
WD-000978,CMP-001064,ACC-000081,ATM-00005,1468.65,2026-06-25 17:13:26
WD-000979,CMP-001065,ACC-001144,ATM-00017,2700.01,2026-06-04 22:59:17
WD-000980,CMP-001066,ACC-000093,ATM-00102,1346.46,2026-07-31 07:45:59
WD-000981,CMP-001067,ACC-000009,ATM-00061,1854.55,2026-07-26 14:55:14
WD-000983,CMP-001069,ACC-000931,ATM-00082,5656.41,2026-07-20 11:23:56
WD-000984,CMP-001070,ACC-000174,ATM-00035,3345.51,2026-07-04 22:09:28
WD-000985,CMP-001071,ACC-000171,ATM-00045,827.21,2026-07-06 07:42:23
WD-000988,CMP-001076,ACC-000140,ATM-00049,145000.45,2026-08-29 14:55:02
WD-000989,CMP-001077,ACC-000105,ATM-00061,3117.17,2026-08-10 19:48:19
WD-000990,CMP-001079,ACC-000359,ATM-00050,5261.09,2026-07-17 14:50:37
WD-000991,CMP-001080,ACC-000056,ATM-00043,8061.25,2026-07-20 14:39:29
WD-000992,CMP-001081,ACC-001095,ATM-00012,8681.82,2026-08-15 02:44:57
WD-000994,CMP-001083,ACC-000084,ATM-00249,2121.79,2026-08-20 21:52:38
WD-000995,CMP-001084,ACC-000124,ATM-00328,20655.34,2026-08-12 04:50:20
WD-000996,CMP-001085,ACC-000062,ATM-00013,1276.65,2026-08-12 15:23:06
WD-000997,CMP-001086,ACC-000132,ATM-00062,4087.02,2026-06-05 01:11:29
WD-000998,CMP-001087,ACC-000034,ATM-00005,315.04,2026-07-25 11:57:13
WD-001000,CMP-001089,ACC-000113,ATM-00230,1685.26,2026-06-02 15:00:31
WD-001001,CMP-001090,ACC-000044,ATM-00028,9928.29,2026-08-10 00:26:26
WD-001002,CMP-001091,ACC-000175,ATM-00015,133061.53,2026-08-08 03:37:48
WD-001003,CMP-001092,ACC-000060,ATM-00189,1346.37,2026-06-28 19:00:41
WD-001004,CMP-001093,ACC-000094,ATM-00308,2341.15,2026-08-14 05:38:53
WD-001005,CMP-001094,ACC-000103,ATM-00027,1549.16,2026-06-04 11:06:25
WD-001006,CMP-001095,ACC-000044,ATM-00015,13906.1,2026-07-09 00:34:19
WD-001008,CMP-001097,ACC-000202,ATM-00045,4648.93,2026-08-17 07:32:38
WD-001010,CMP-001099,ACC-000080,ATM-00067,11235.7,2026-06-01 21:15:01
WD-001011,CMP-001100,ACC-000090,ATM-00119,8688.59,2026-06-09 04:50:47
WD-001013,CMP-001103,ACC-001138,ATM-00014,5318.73,2026-08-21 11:49:04
WD-001014,CMP-001104,ACC-000003,ATM-00047,2208.07,2026-07-26 04:17:39
WD-001015,CMP-001105,ACC-000160,ATM-00089,335.94,2026-07-24 08:51:20
WD-001017,CMP-001107,ACC-000032,ATM-00027,2648.33,2026-07-03 01:33:06
WD-001018,CMP-001108,ACC-000094,ATM-00353,1821.02,2026-06-28 10:09:39
WD-001020,CMP-001111,ACC-000089,ATM-00027,12206.03,2026-07-01 19:32:46
WD-001021,CMP-001112,ACC-000214,ATM-00023,2871.59,2026-08-16 06:42:14
WD-001022,CMP-001113,ACC-000952,ATM-00078,197160.37,2026-08-21 15:15:05
WD-001023,CMP-001114,ACC-000911,ATM-00034,1200.74,2026-07-17 18:18:49
WD-001024,CMP-001115,ACC-000065,ATM-00046,22558.41,2026-07-24 18:40:42
WD-001025,CMP-001116,ACC-000066,ATM-00060,549.69,2026-06-28 13:18:21
WD-001027,CMP-001118,ACC-000936,ATM-00030,2196.54,2026-08-26 22:57:32
WD-001028,CMP-001119,ACC-000035,ATM-00053,25624.68,2026-07-27 15:57:35
WD-001030,CMP-001121,ACC-001076,ATM-00028,1104.58,2026-07-16 20:57:06
WD-001031,CMP-001122,ACC-000106,ATM-00380,11595.12,2026-08-26 14:04:00
WD-001032,CMP-001123,ACC-000007,ATM-00073,117567.24,2026-07-16 11:31:31
WD-001033,CMP-001124,ACC-000483,ATM-00022,1588.41,2026-06-02 07:17:13
WD-001034,CMP-001125,ACC-000035,ATM-00255,34925.5,2026-07-30 01:52:51
WD-001035,CMP-001126,ACC-000012,ATM-00013,201065.1,2026-06-16 13:06:06
WD-001036,CMP-001128,ACC-000157,ATM-00041,171019.93,2026-07-05 05:23:15
WD-001037,CMP-001129,ACC-000028,ATM-00065,610264.05,2026-06-27 03:11:00
WD-001038,CMP-001130,ACC-000153,ATM-00062,1271.25,2026-08-28 05:38:54
WD-001039,CMP-001131,ACC-000431,ATM-00244,3662.84,2026-08-25 12:47:30
WD-001040,CMP-001132,ACC-000109,ATM-00243,34243.14,2026-08-08 15:12:03
WD-001042,CMP-001134,ACC-000101,ATM-00225,2318.24,2026-08-01 21:23:49
WD-001043,CMP-001135,ACC-000178,ATM-00011,1274.91,2026-06-08 10:33:04
WD-001045,CMP-001137,ACC-000654,ATM-00055,41889.16,2026-08-17 07:51:20
WD-001046,CMP-001138,ACC-000758,ATM-00117,1491.28,2026-06-14 05:29:22
WD-001047,CMP-001139,ACC-000431,ATM-00015,339.17,2026-06-27 16:44:48
WD-001048,CMP-001140,ACC-000866,ATM-00018,692.7,2026-08-10 00:25:11
WD-001049,CMP-001141,ACC-000854,ATM-00268,1342.53,2026-07-02 22:07:58
WD-001050,CMP-001142,ACC-000228,ATM-00363,869.97,2026-06-21 13:53:32
WD-001051,CMP-001143,ACC-000089,ATM-00391,9198.09,2026-06-24 23:03:22
WD-001052,CMP-001144,ACC-000132,ATM-00044,6508.91,2026-08-01 09:06:19
WD-001053,CMP-001145,ACC-000177,ATM-00181,4887.3,2026-06-17 00:23:48
WD-001054,CMP-001146,ACC-000046,ATM-00293,1475.74,2026-07-29 11:43:15
WD-001055,CMP-001147,ACC-000018,ATM-00022,7617.5,2026-08-10 23:49:35
WD-001056,CMP-001148,ACC-000121,ATM-00051,4907.13,2026-07-15 03:07:10
WD-001057,CMP-001149,ACC-000077,ATM-00058,1723.77,2026-06-22 13:22:17
WD-001058,CMP-001150,ACC-001124,ATM-00020,5650.4,2026-08-19 14:45:28
WD-001059,CMP-001151,ACC-000043,ATM-00025,1210.47,2026-06-17 12:55:23
WD-001060,CMP-001152,ACC-000172,ATM-00012,890.57,2026-07-28 05:44:42
WD-001061,CMP-001153,ACC-000013,ATM-00021,11747.65,2026-06-02 16:56:01
WD-001062,CMP-001154,ACC-000826,ATM-00078,1852.33,2026-07-12 02:03:23
WD-001063,CMP-001155,ACC-000023,ATM-00115,1293.91,2026-08-27 17:46:33
WD-001064,CMP-001156,ACC-000918,ATM-00053,16622.06,2026-07-20 03:48:43
WD-001066,CMP-001158,ACC-000130,ATM-00178,139561.04,2026-08-15 07:08:08
WD-001067,CMP-001159,ACC-000112,ATM-00339,2417.61,2026-08-24 04:04:30
WD-001069,CMP-001161,ACC-000045,ATM-00036,8631.45,2026-08-17 13:15:34
WD-001071,CMP-001163,ACC-000428,ATM-00351,496.33,2026-08-27 21:09:21
WD-001072,CMP-001164,ACC-000163,ATM-00034,908.4,2026-07-10 13:05:45
WD-001074,CMP-001166,ACC-000247,ATM-00004,1776.12,2026-08-03 18:52:34
WD-001075,CMP-001167,ACC-000167,ATM-00390,62634.56,2026-06-11 05:59:00
WD-001076,CMP-001168,ACC-000202,ATM-00018,8131.37,2026-08-23 07:11:02
WD-001078,CMP-001170,ACC-000208,ATM-00001,1087.47,2026-07-25 12:58:18
WD-001079,CMP-001171,ACC-000088,ATM-00147,3226.29,2026-06-25 16:09:17
WD-001080,CMP-001172,ACC-000003,ATM-00183,5523.03,2026-07-08 16:35:46
WD-001081,CMP-001173,ACC-000133,ATM-00040,876.4,2026-08-12 17:47:48
WD-001082,CMP-001174,ACC-000072,ATM-00064,18400.78,2026-06-10 17:48:10
WD-001083,CMP-001175,ACC-000103,ATM-00329,10936.39,2026-07-24 15:49:08
WD-001084,CMP-001176,ACC-000204,ATM-00023,2732.86,2026-07-09 04:08:14
WD-001085,CMP-001177,ACC-000168,ATM-00038,3988.27,2026-06-14 23:59:35
WD-001087,CMP-001179,ACC-000545,ATM-00010,4429.38,2026-07-08 02:19:40
WD-001088,CMP-001180,ACC-000857,ATM-00087,776.14,2026-06-28 21:55:30
WD-001089,CMP-001181,ACC-000201,ATM-00045,3437.65,2026-08-19 22:42:41
WD-001090,CMP-001182,ACC-000204,ATM-00058,5907.5,2026-08-22 21:07:58
WD-001091,CMP-001183,ACC-000165,ATM-00014,22755.65,2026-06-04 16:11:43
WD-001092,CMP-001184,ACC-000001,ATM-00018,1829.91,2026-07-31 11:06:35
WD-001094,CMP-001186,ACC-001080,ATM-00029,4902.45,2026-07-09 19:47:16
WD-001095,CMP-001187,ACC-000175,ATM-00379,851.83,2026-07-21 06:26:16
WD-001097,CMP-001189,ACC-000042,ATM-00315,28841.19,2026-07-04 18:03:14
WD-001098,CMP-001190,ACC-000188,ATM-00361,135273.89,2026-06-19 23:24:59
WD-001100,CMP-001192,ACC-000199,ATM-00043,13000.82,2026-06-29 06:04:47
WD-001101,CMP-001193,ACC-000121,ATM-00186,2876.53,2026-06-26 08:43:08
WD-001102,CMP-001194,ACC-000668,ATM-00051,21426.58,2026-08-07 06:02:39
WD-001104,CMP-001197,ACC-000224,ATM-00061,836.67,2026-07-17 11:57:54
WD-001105,CMP-001198,ACC-000177,ATM-00074,1041.73,2026-06-22 15:03:52
WD-001106,CMP-001199,ACC-000068,ATM-00044,3501.17,2026-07-03 12:16:26
WD-001108,CMP-001201,ACC-000071,ATM-00015,3902.3,2026-07-03 21:59:28
WD-001110,CMP-001204,ACC-000832,ATM-00067,116669.94,2026-07-19 13:24:45
WD-001111,CMP-001205,ACC-000790,ATM-00030,4750.89,2026-06-26 17:23:33
WD-001112,CMP-001206,ACC-000609,ATM-00090,5393.9,2026-07-31 10:02:42
WD-001113,CMP-001207,ACC-000062,ATM-00054,42967.29,2026-06-09 00:03:21
WD-001114,CMP-001208,ACC-000018,ATM-00017,2531.68,2026-08-14 04:46:29
WD-001115,CMP-001210,ACC-000835,ATM-00033,7209.52,2026-08-25 19:23:56
WD-001116,CMP-001211,ACC-000194,ATM-00063,6011.45,2026-08-14 08:59:01
WD-001117,CMP-001212,ACC-000104,ATM-00066,2059.33,2026-07-26 20:01:50
WD-001119,CMP-001214,ACC-000073,ATM-00046,2579.04,2026-08-15 18:12:26
WD-001120,CMP-001215,ACC-000169,ATM-00007,7771.36,2026-07-15 12:37:31
WD-001121,CMP-001216,ACC-000022,ATM-00053,4072.45,2026-07-07 18:46:40
WD-001123,CMP-001218,ACC-000161,ATM-00053,1429.95,2026-07-30 12:43:09
WD-001124,CMP-001219,ACC-000036,ATM-00311,4052.65,2026-07-11 18:12:02
WD-001125,CMP-001220,ACC-000018,ATM-00008,2631.01,2026-06-28 11:27:38
WD-001126,CMP-001221,ACC-000146,ATM-00001,19366.91,2026-08-06 15:39:13
WD-001128,CMP-001223,ACC-000027,ATM-00063,2263.66,2026-08-17 13:09:56
WD-001129,CMP-001224,ACC-000155,ATM-00052,4791.38,2026-06-17 19:03:41
WD-001130,CMP-001225,ACC-000071,ATM-00037,790.49,2026-07-31 18:03:08
WD-001131,CMP-001226,ACC-000129,ATM-00213,126908.18,2026-06-30 06:48:01
WD-001132,CMP-001227,ACC-000679,ATM-00005,3595.71,2026-06-11 05:02:52
WD-001133,CMP-001228,ACC-000120,ATM-00010,3714.47,2026-07-17 15:11:02
WD-001134,CMP-001229,ACC-000027,ATM-00051,864.79,2026-06-26 08:24:09
WD-001135,CMP-001230,ACC-000083,ATM-00208,18989.03,2026-06-26 01:48:32
WD-001136,CMP-001231,ACC-000072,ATM-00038,19439.9,2026-08-06 13:16:23
WD-001137,CMP-001232,ACC-000214,ATM-00044,620.54,2026-08-03 01:16:53
WD-001138,CMP-001233,ACC-000513,ATM-00041,49698.72,2026-07-02 15:49:42
WD-001140,CMP-001235,ACC-000775,ATM-00044,2634.19,2026-06-14 15:03:27
WD-001141,CMP-001236,ACC-000080,ATM-00006,6188.49,2026-07-12 05:54:37
WD-001142,CMP-001237,ACC-000194,ATM-00046,1666.77,2026-06-08 07:25:49
WD-001143,CMP-001238,ACC-000018,ATM-00285,3129.44,2026-08-03 16:20:14
WD-001144,CMP-001239,ACC-000042,ATM-00058,1214.9,2026-06-27 04:27:01
WD-001146,CMP-001242,ACC-000479,ATM-00010,2565.55,2026-06-23 19:42:27
WD-001147,CMP-001244,ACC-000023,ATM-00005,6327.1,2026-06-10 13:45:58
WD-001148,CMP-001245,ACC-000185,ATM-00033,1481.94,2026-06-03 22:29:40
WD-001149,CMP-001246,ACC-000220,ATM-00021,3417.1,2026-06-11 02:13:14
WD-001152,CMP-001249,ACC-000041,ATM-00035,2663.19,2026-06-04 09:54:45
WD-001153,CMP-001250,ACC-000189,ATM-00042,4804.37,2026-08-24 10:50:52
WD-001154,CMP-001251,ACC-000206,ATM-00016,8770.17,2026-06-26 15:17:53
WD-001155,CMP-001252,ACC-000032,ATM-00004,9408.02,2026-07-23 14:09:28
WD-001158,CMP-001255,ACC-000125,ATM-00050,11068.64,2026-08-18 05:41:06
WD-001159,CMP-001256,ACC-000184,ATM-00044,1178.15,2026-06-15 20:22:53
WD-001160,CMP-001257,ACC-000789,ATM-00035,3447.05,2026-08-22 06:37:06
WD-001161,CMP-001258,ACC-000194,ATM-00039,3978.88,2026-08-06 14:19:36
WD-001162,CMP-001260,ACC-000078,ATM-00058,337147.09,2026-07-28 15:23:46
WD-001163,CMP-001261,ACC-000087,ATM-00182,1981.25,2026-07-11 09:10:50
WD-001164,CMP-001262,ACC-000110,ATM-00008,942.59,2026-08-09 13:07:58
WD-001165,CMP-001263,ACC-000128,ATM-00030,7796.97,2026-06-26 19:45:42
WD-001166,CMP-001264,ACC-000105,ATM-00028,4445.05,2026-08-17 22:14:23
WD-001169,CMP-001267,ACC-001136,ATM-00028,3300.34,2026-08-02 05:29:15
WD-001170,CMP-001268,ACC-000470,ATM-00020,3545.1,2026-07-18 18:57:13
WD-001171,CMP-001269,ACC-000115,ATM-00043,1603.67,2026-07-23 10:27:19
WD-001172,CMP-001270,ACC-000058,ATM-00389,78572.08,2026-06-12 14:23:32
WD-001173,CMP-001271,ACC-000075,ATM-00044,15966.42,2026-06-15 12:41:06
WD-001174,CMP-001272,ACC-000983,ATM-00115,1419.46,2026-08-16 07:56:21
WD-001175,CMP-001273,ACC-000055,ATM-00062,15840.34,2026-08-17 09:11:23
WD-001177,CMP-001275,ACC-000199,ATM-00373,27272.71,2026-07-16 20:23:17
WD-001179,CMP-001277,ACC-000014,ATM-00037,4870.62,2026-06-24 07:48:27
WD-001180,CMP-001278,ACC-000925,ATM-00044,6628.12,2026-06-04 02:33:52
WD-001182,CMP-001280,ACC-000185,ATM-00056,4028.87,2026-07-01 12:02:15
WD-001183,CMP-001281,ACC-000020,ATM-00380,4132.17,2026-08-12 14:32:26
WD-001184,CMP-001282,ACC-000153,ATM-00384,13627.39,2026-08-01 18:36:34
WD-001185,CMP-001283,ACC-000948,ATM-00018,1833.82,2026-08-05 01:39:17
WD-001187,CMP-001285,ACC-000099,ATM-00279,365867.14,2026-07-06 12:24:00
WD-001188,CMP-001286,ACC-000047,ATM-00025,1405.68,2026-08-16 10:10:46
WD-001190,CMP-001288,ACC-000025,ATM-00014,1967.27,2026-07-30 07:54:01
WD-001192,CMP-001291,ACC-000127,ATM-00033,12998.64,2026-06-29 21:48:47
WD-001194,CMP-001293,ACC-000077,ATM-00186,286083.5,2026-07-07 14:30:43
WD-001195,CMP-001294,ACC-000121,ATM-00040,2738.36,2026-07-18 05:47:57
WD-001196,CMP-001295,ACC-000162,ATM-00003,941.19,2026-07-18 15:51:13
WD-001197,CMP-001296,ACC-000132,ATM-00017,1438.58,2026-08-11 02:57:28
WD-001200,CMP-001299,ACC-001031,ATM-00021,4127.36,2026-08-15 04:49:59
WD-001201,CMP-001300,ACC-000630,ATM-00046,6277.6,2026-06-03 00:43:49
WD-001203,CMP-001302,ACC-000123,ATM-00002,1103.68,2026-07-08 18:53:56
WD-001205,CMP-001304,ACC-000133,ATM-00353,7939.56,2026-06-12 02:22:36
WD-001206,CMP-001305,ACC-001029,ATM-00027,629.68,2026-06-13 15:31:21
WD-001207,CMP-001306,ACC-000212,ATM-00053,4183.87,2026-06-20 02:33:20
WD-001208,CMP-001307,ACC-000719,ATM-00004,4358.24,2026-08-04 04:40:27
WD-001209,CMP-001308,ACC-000151,ATM-00046,2465.74,2026-06-06 03:10:28
WD-001210,CMP-001309,ACC-000091,ATM-00047,317.54,2026-06-21 06:37:42
WD-001212,CMP-001312,ACC-000141,ATM-00043,4011.55,2026-08-17 17:49:20
WD-001213,CMP-001313,ACC-000174,ATM-00060,160302.44,2026-06-04 19:12:43
WD-001214,CMP-001314,ACC-000866,ATM-00053,88023.36,2026-06-21 20:06:12
WD-001215,CMP-001315,ACC-000187,ATM-00384,15835.87,2026-07-23 01:40:36
WD-001216,CMP-001316,ACC-000298,ATM-00049,4440.67,2026-07-26 07:44:26
WD-001217,CMP-001317,ACC-000066,ATM-00387,4559.97,2026-07-11 14:41:36
WD-001218,CMP-001318,ACC-000573,ATM-00063,50818.98,2026-08-05 12:57:53
WD-001221,CMP-001321,ACC-000738,ATM-00044,5613.13,2026-07-05 11:47:04
WD-001223,CMP-001323,ACC-000099,ATM-00051,1992421.34,2026-08-10 08:51:51
WD-001224,CMP-001324,ACC-000084,ATM-00019,804.57,2026-07-07 17:16:49
WD-001225,CMP-001326,ACC-000216,ATM-00066,34792.85,2026-08-10 14:43:45
WD-001227,CMP-001328,ACC-000012,ATM-00164,4107.45,2026-06-22 19:06:12
WD-001228,CMP-001329,ACC-000112,ATM-00329,4524.87,2026-08-07 10:01:19
WD-001229,CMP-001332,ACC-000208,ATM-00064,11281.71,2026-06-26 21:40:13
WD-001230,CMP-001333,ACC-000074,ATM-00064,6358.11,2026-08-19 02:04:35
WD-001231,CMP-001334,ACC-000067,ATM-00060,7635.28,2026-06-22 08:22:08
WD-001232,CMP-001335,ACC-000057,ATM-00031,52378.06,2026-06-18 02:19:55
WD-001233,CMP-001336,ACC-000233,ATM-00004,5749.57,2026-08-19 10:45:56
WD-001235,CMP-001338,ACC-000056,ATM-00040,1030.44,2026-08-15 06:05:02
WD-001238,CMP-001341,ACC-000169,ATM-00017,6084.16,2026-07-08 08:32:45
WD-001239,CMP-001342,ACC-000144,ATM-00116,37601.74,2026-07-25 18:54:32
WD-001240,CMP-001343,ACC-000177,ATM-00037,8640.5,2026-06-05 23:16:10
WD-001241,CMP-001344,ACC-000173,ATM-00016,45436.6,2026-08-12 12:26:05
WD-001242,CMP-001345,ACC-000068,ATM-00045,3403.43,2026-06-29 05:39:24
WD-001243,CMP-001346,ACC-000184,ATM-00150,2095.63,2026-07-17 13:17:06
WD-001244,CMP-001347,ACC-000146,ATM-00015,2540.34,2026-06-08 20:19:30
WD-001245,CMP-001348,ACC-001114,ATM-00043,2830.94,2026-08-14 10:27:19
WD-001246,CMP-001349,ACC-000066,ATM-00021,6550.33,2026-08-03 04:49:20
WD-001248,CMP-001351,ACC-000005,ATM-00063,3237.73,2026-07-01 22:45:01
WD-001249,CMP-001352,ACC-000001,ATM-00026,3114.91,2026-07-11 11:17:45
WD-001250,CMP-001353,ACC-000102,ATM-00120,4860.88,2026-07-28 22:28:38
WD-001251,CMP-001354,ACC-000198,ATM-00020,20049.65,2026-07-05 05:51:41
WD-001252,CMP-001355,ACC-000034,ATM-00157,10466.64,2026-06-15 13:52:42
WD-001253,CMP-001357,ACC-000200,ATM-00009,10481.98,2026-08-22 06:39:40
WD-001254,CMP-001358,ACC-000094,ATM-00030,201026.91,2026-07-31 12:31:02
WD-001255,CMP-001359,ACC-000598,ATM-00048,2401.93,2026-06-02 21:02:03
WD-001256,CMP-001360,ACC-000053,ATM-00044,112701.22,2026-07-16 18:40:46
WD-001257,CMP-001361,ACC-000011,ATM-00062,1363.5,2026-06-20 18:36:29
WD-001258,CMP-001362,ACC-000179,ATM-00058,137652.56,2026-07-30 19:58:59
WD-001259,CMP-001363,ACC-000134,ATM-00034,4994.17,2026-06-02 16:37:54
WD-001260,CMP-001365,ACC-000140,ATM-00011,10431.98,2026-08-16 09:00:44
WD-001262,CMP-001367,ACC-000017,ATM-00007,3403.59,2026-08-28 18:52:30
WD-001263,CMP-001368,ACC-000179,ATM-00027,2088.36,2026-08-24 06:17:46
WD-001265,CMP-001370,ACC-000211,ATM-00046,3321.57,2026-08-23 01:02:24
WD-001266,CMP-001371,ACC-000203,ATM-00310,7494.8,2026-07-15 10:51:19
WD-001268,CMP-001373,ACC-000126,ATM-00042,6354.78,2026-06-01 17:57:37
WD-001269,CMP-001374,ACC-000176,ATM-00057,3907.63,2026-06-23 22:13:37
WD-001270,CMP-001375,ACC-000031,ATM-00050,5997.75,2026-06-07 09:23:59
WD-001271,CMP-001376,ACC-000173,ATM-00021,1729.26,2026-08-19 05:33:17
WD-001272,CMP-001378,ACC-000408,ATM-00010,2932.02,2026-08-03 10:23:55
WD-001273,CMP-001379,ACC-000529,ATM-00009,25579.04,2026-08-04 23:59:33
WD-001274,CMP-001380,ACC-000016,ATM-00067,2679.71,2026-06-24 06:16:28
WD-001276,CMP-001382,ACC-000088,ATM-00028,1964.24,2026-06-14 09:42:00
WD-001277,CMP-001383,ACC-000145,ATM-00040,114570.84,2026-06-14 04:57:31
WD-001278,CMP-001384,ACC-000132,ATM-00100,19724.4,2026-06-14 07:29:52
WD-001279,CMP-001387,ACC-000073,ATM-00003,4234.32,2026-08-10 05:15:52
WD-001281,CMP-001389,ACC-000199,ATM-00021,4397.29,2026-07-10 16:53:45
WD-001282,CMP-001390,ACC-000196,ATM-00032,39127.86,2026-08-01 16:54:07
WD-001283,CMP-001391,ACC-000811,ATM-00027,3090.96,2026-06-11 23:06:43
WD-001286,CMP-001394,ACC-000034,ATM-00230,2568.77,2026-08-16 07:00:24
WD-001287,CMP-001395,ACC-000141,ATM-00030,11718.46,2026-08-09 03:12:17
WD-001288,CMP-001396,ACC-001010,ATM-00035,1810.51,2026-07-17 04:09:12
WD-001289,CMP-001397,ACC-000832,ATM-00035,3393.32,2026-08-14 14:14:16
WD-001290,CMP-001399,ACC-000067,ATM-00045,13080.48,2026-08-13 06:38:14
WD-001291,CMP-001400,ACC-000116,ATM-00040,4636.17,2026-07-14 01:32:19
WD-001295,CMP-001404,ACC-000102,ATM-00019,1638.77,2026-08-02 04:31:21
WD-001296,CMP-001405,ACC-000189,ATM-00222,476300.66,2026-07-15 01:27:47
WD-001297,CMP-001406,ACC-001129,ATM-00044,8850.86,2026-06-23 01:26:58
WD-001298,CMP-001407,ACC-000101,ATM-00052,11650.7,2026-07-25 06:31:50
WD-001299,CMP-001408,ACC-000073,ATM-00166,315378.67,2026-06-19 11:52:12
WD-001300,CMP-001409,ACC-000154,ATM-00052,4191.07,2026-08-20 19:54:24
WD-001301,CMP-001410,ACC-000487,ATM-00063,10689.16,2026-06-06 18:28:22
WD-001303,CMP-001413,ACC-000117,ATM-00055,8118.55,2026-07-24 15:20:39
WD-001305,CMP-001415,ACC-000084,ATM-00277,1917.59,2026-08-25 18:36:12
WD-001306,CMP-001416,ACC-000173,ATM-00317,16038.25,2026-08-28 04:35:06
WD-001309,CMP-001419,ACC-000062,ATM-00054,326935.86,2026-07-30 02:52:44
WD-001310,CMP-001420,ACC-000072,ATM-00227,2083.04,2026-08-14 15:09:34
WD-001311,CMP-001421,ACC-000051,ATM-00015,8387.46,2026-08-22 16:35:21
WD-001312,CMP-001422,ACC-000582,ATM-00042,5844.11,2026-08-09 06:53:51
WD-001315,CMP-001425,ACC-000071,ATM-00008,700133.08,2026-07-19 04:03:58
WD-001316,CMP-001426,ACC-000163,ATM-00013,9826.59,2026-08-25 15:32:12
WD-001318,CMP-001428,ACC-000198,ATM-00232,274.36,2026-06-24 23:47:58
WD-001319,CMP-001429,ACC-000151,ATM-00068,3567.85,2026-08-19 18:30:28
WD-001320,CMP-001430,ACC-000216,ATM-00044,4063.31,2026-08-03 14:44:07
WD-001321,CMP-001431,ACC-000770,ATM-00053,11508.07,2026-07-26 11:23:13
WD-001322,CMP-001432,ACC-000014,ATM-00055,1757.82,2026-06-05 21:19:40
WD-001323,CMP-001433,ACC-000098,ATM-00035,11943.61,2026-06-28 18:18:40
WD-001324,CMP-001434,ACC-000192,ATM-00037,111663.02,2026-08-16 17:51:34
WD-001325,CMP-001437,ACC-000769,ATM-00065,5078.76,2026-08-19 19:20:43
WD-001326,CMP-001438,ACC-000152,ATM-00314,10766.64,2026-06-29 18:04:58
WD-001327,CMP-001439,ACC-001048,ATM-00082,3262.71,2026-07-02 23:53:17
WD-001328,CMP-001440,ACC-000794,ATM-00378,5459.63,2026-07-30 11:30:30
WD-001329,CMP-001441,ACC-000067,ATM-00054,3852.59,2026-07-22 12:04:41
WD-001331,CMP-001443,ACC-000210,ATM-00324,2339.39,2026-07-02 08:51:18
WD-001332,CMP-001444,ACC-000093,ATM-00264,3589.01,2026-06-13 20:52:24
WD-001333,CMP-001445,ACC-000213,ATM-00058,3433.58,2026-07-19 08:27:15
WD-001335,CMP-001447,ACC-000172,ATM-00056,5833.71,2026-07-16 09:53:07
WD-001336,CMP-001448,ACC-000085,ATM-00047,824.34,2026-08-17 21:08:23
WD-001337,CMP-001449,ACC-001067,ATM-00046,2918.36,2026-07-05 01:27:13
WD-001338,CMP-001450,ACC-000169,ATM-00027,1061.6,2026-06-20 16:28:00
WD-001339,CMP-001451,ACC-000067,ATM-00315,1848.96,2026-06-30 07:34:32
WD-001340,CMP-001452,ACC-000163,ATM-00319,4261.5,2026-08-06 22:07:47
WD-001341,CMP-001453,ACC-000082,ATM-00165,3106.6,2026-06-03 21:28:42
WD-001342,CMP-001454,ACC-000204,ATM-00029,2475.56,2026-08-05 13:49:20
WD-001344,CMP-001456,ACC-000197,ATM-00062,1286.32,2026-07-23 07:18:42
WD-001345,CMP-001457,ACC-000733,ATM-00019,5562.84,2026-08-07 14:10:03
WD-001346,CMP-001458,ACC-000168,ATM-00155,8407.94,2026-08-06 04:34:30
WD-001347,CMP-001459,ACC-000018,ATM-00027,5170.37,2026-08-07 01:44:06
WD-001348,CMP-001462,ACC-000004,ATM-00289,5873.99,2026-07-23 06:47:36
WD-001350,CMP-001464,ACC-000135,ATM-00014,936071.29,2026-08-23 08:59:51
WD-001351,CMP-001465,ACC-000101,ATM-00189,14237.77,2026-07-19 01:28:38
WD-001353,CMP-001467,ACC-000207,ATM-00005,3832.7,2026-08-16 23:48:43
WD-001354,CMP-001468,ACC-000037,ATM-00040,1984.35,2026-07-19 21:42:35
WD-001355,CMP-001469,ACC-000150,ATM-00028,4337.91,2026-06-19 15:16:43
WD-001356,CMP-001470,ACC-000900,ATM-00040,4133.72,2026-06-30 08:50:53
WD-001357,CMP-001471,ACC-000122,ATM-00027,8228.23,2026-08-19 17:03:41
WD-001358,CMP-001472,ACC-000102,ATM-00002,15113.54,2026-06-21 05:30:50
WD-001359,CMP-001473,ACC-000056,ATM-00109,762.71,2026-07-22 08:53:18
WD-001360,CMP-001474,ACC-000099,ATM-00017,10691.43,2026-08-22 11:49:31
WD-001361,CMP-001475,ACC-000099,ATM-00253,2174.07,2026-06-05 17:19:00
WD-001362,CMP-001476,ACC-000120,ATM-00220,1085928.17,2026-06-02 05:51:34
WD-001363,CMP-001477,ACC-000202,ATM-00036,18983.11,2026-07-02 09:50:19
WD-001364,CMP-001478,ACC-000060,ATM-00340,3500.55,2026-08-15 08:46:40
WD-001365,CMP-001479,ACC-000035,ATM-00061,10202.34,2026-06-27 19:09:12
WD-001366,CMP-001481,ACC-000089,ATM-00037,930.76,2026-07-02 05:57:49
WD-001367,CMP-001483,ACC-001036,ATM-00139,1600.75,2026-07-31 02:25:21
WD-001369,CMP-001485,ACC-000960,ATM-00058,762.27,2026-06-06 09:36:22
WD-001370,CMP-001486,ACC-000049,ATM-00039,15527.8,2026-08-26 21:59:12
WD-001371,CMP-001487,ACC-000112,ATM-00031,19940.62,2026-07-31 04:15:07
WD-001372,CMP-001488,ACC-000114,ATM-00021,8310.76,2026-08-13 11:13:45
WD-001373,CMP-001489,ACC-000730,ATM-00059,3012.01,2026-08-13 17:05:55
WD-001374,CMP-001490,ACC-001071,ATM-00251,2096.27,2026-08-17 14:07:43
WD-001375,CMP-001491,ACC-000185,ATM-00062,7073.04,2026-08-06 16:53:57
WD-001376,CMP-001492,ACC-000036,ATM-00061,27387.85,2026-06-23 03:09:43
WD-001377,CMP-001493,ACC-000059,ATM-00062,5419.11,2026-07-05 18:10:30
WD-001379,CMP-001495,ACC-000155,ATM-00040,365.47,2026-06-07 15:24:31
WD-001380,CMP-001496,ACC-000132,ATM-00015,4387.5,2026-06-17 18:57:47
WD-001381,CMP-001497,ACC-001087,ATM-00053,1103.04,2026-07-20 13:21:54
WD-001382,CMP-001498,ACC-000193,ATM-00319,78263.49,2026-07-02 16:07:05
WD-001383,CMP-001499,ACC-000205,ATM-00298,378.72,2026-07-15 18:45:57
WD-001384,CMP-001500,ACC-000140,ATM-00158,2596.11,2026-07-24 06:43:13
WD-001385,CMP-001501,ACC-000138,ATM-00185,281.85,2026-06-21 09:35:12
WD-001386,CMP-001502,ACC-000142,ATM-00021,3344.28,2026-07-12 12:29:15
WD-001388,CMP-001504,ACC-000090,ATM-00018,2987.25,2026-07-27 02:10:20
WD-001389,CMP-001505,ACC-000015,ATM-00006,4953.84,2026-07-02 22:44:09
WD-001390,CMP-001506,ACC-000429,ATM-00214,100664.8,2026-06-20 02:42:40
WD-001391,CMP-001507,ACC-000141,ATM-00316,392.62,2026-08-13 13:55:37
WD-001392,CMP-001508,ACC-000117,ATM-00060,1924.98,2026-06-07 07:00:02
WD-001393,CMP-001509,ACC-000156,ATM-00005,51655.13,2026-08-27 23:35:56
WD-001394,CMP-001510,ACC-000050,ATM-00064,26011.34,2026-08-04 14:20:18
WD-001395,CMP-001511,ACC-000015,ATM-00044,1269.38,2026-07-27 00:20:52
WD-001396,CMP-001512,ACC-000019,ATM-00129,1656.12,2026-06-30 12:00:02
WD-001400,CMP-001517,ACC-000194,ATM-00252,13243.75,2026-07-06 12:37:14
WD-001401,CMP-001518,ACC-000016,ATM-00144,4894.39,2026-07-12 23:00:48
WD-001402,CMP-001519,ACC-000026,ATM-00053,16164.46,2026-07-08 17:27:28
WD-001403,CMP-001520,ACC-000054,ATM-00046,9593.73,2026-06-18 00:28:29
WD-001405,CMP-001522,ACC-000104,ATM-00003,3208.44,2026-08-05 07:29:01
WD-001406,CMP-001523,ACC-000005,ATM-00007,3101.83,2026-06-14 03:42:17
WD-001408,CMP-001525,ACC-000212,ATM-00038,1189.44,2026-07-15 15:04:01
WD-001409,CMP-001526,ACC-000128,ATM-00018,301162.21,2026-07-31 05:03:15
WD-001410,CMP-001527,ACC-000070,ATM-00296,24545.33,2026-07-15 01:08:45
WD-001411,CMP-001528,ACC-000183,ATM-00026,2137.06,2026-06-01 22:47:59
WD-001412,CMP-001529,ACC-000203,ATM-00042,35946.42,2026-07-19 05:15:34
WD-001413,CMP-001531,ACC-000155,ATM-00060,23598.57,2026-08-08 22:47:31
WD-001414,CMP-001532,ACC-000175,ATM-00018,7981.81,2026-06-09 06:46:50
WD-001415,CMP-001533,ACC-000112,ATM-00029,100745.8,2026-08-13 02:52:47
WD-001416,CMP-001534,ACC-000214,ATM-00008,3926.64,2026-08-26 16:50:24
WD-001417,CMP-001535,ACC-000672,ATM-00028,8348.18,2026-08-04 02:14:44
WD-001420,CMP-001538,ACC-000033,ATM-00029,12007.54,2026-07-16 18:12:14
WD-001422,CMP-001540,ACC-000082,ATM-00056,1315.3,2026-07-29 07:57:02
WD-001423,CMP-001541,ACC-000564,ATM-00027,42951.96,2026-06-07 05:00:13
WD-001425,CMP-001543,ACC-000322,ATM-00374,83372.84,2026-06-28 22:22:08
WD-001426,CMP-001544,ACC-000011,ATM-00028,482.3,2026-08-16 11:48:59
WD-001427,CMP-001545,ACC-000034,ATM-00043,446.95,2026-08-23 14:47:29
WD-001428,CMP-001546,ACC-000034,ATM-00009,16363.51,2026-08-26 11:53:36
WD-001429,CMP-001547,ACC-000037,ATM-00068,6289.8,2026-08-18 12:05:54
WD-001430,CMP-001548,ACC-000387,ATM-00131,416752.49,2026-06-18 20:07:45
WD-001432,CMP-001550,ACC-000049,ATM-00262,8152.12,2026-08-20 13:50:09
WD-001433,CMP-001551,ACC-000168,ATM-00035,27295.26,2026-06-24 05:06:03
WD-001434,CMP-001552,ACC-000092,ATM-00037,10437.1,2026-07-27 07:26:08
WD-001435,CMP-001553,ACC-000205,ATM-00032,2510.55,2026-08-13 09:12:42
WD-001436,CMP-001554,ACC-000195,ATM-00041,969.75,2026-07-14 05:15:27
WD-001437,CMP-001555,ACC-000028,ATM-00285,617860.92,2026-07-22 13:28:00
WD-001438,CMP-001556,ACC-000049,ATM-00035,89894.93,2026-06-26 14:44:27
WD-001439,CMP-001557,ACC-000213,ATM-00045,1408.2,2026-08-17 11:09:41
WD-001440,CMP-001558,ACC-000165,ATM-00010,2123.98,2026-08-06 14:05:25
WD-001441,CMP-001559,ACC-000167,ATM-00036,3490.11,2026-07-05 14:34:33
WD-001442,CMP-001560,ACC-000203,ATM-00065,660.72,2026-08-23 14:30:49
WD-001443,CMP-001561,ACC-000010,ATM-00283,1966.15,2026-06-24 03:39:28
WD-001444,CMP-001562,ACC-000073,ATM-00227,7824.18,2026-08-13 00:03:30
WD-001445,CMP-001563,ACC-001063,ATM-00066,2612.45,2026-07-22 01:53:36
WD-001446,CMP-001564,ACC-000239,ATM-00266,352710.06,2026-07-24 09:54:47
WD-001447,CMP-001565,ACC-000273,ATM-00233,2451.8,2026-07-10 04:30:44
WD-001448,CMP-001566,ACC-000206,ATM-00048,793.11,2026-06-22 22:06:13
WD-001449,CMP-001567,ACC-000156,ATM-00142,1420.85,2026-07-30 21:07:12
WD-001450,CMP-001569,ACC-000045,ATM-00097,199.65,2026-06-13 01:47:53
WD-001451,CMP-001570,ACC-000157,ATM-00001,4388.48,2026-06-13 03:26:09
WD-001452,CMP-001571,ACC-000097,ATM-00050,46616.84,2026-08-18 03:55:06
WD-001454,CMP-001573,ACC-000882,ATM-00265,1288.95,2026-07-15 10:46:13
WD-001455,CMP-001574,ACC-000215,ATM-00014,4183.88,2026-08-27 19:59:29
WD-001456,CMP-001575,ACC-000697,ATM-00140,98858.12,2026-08-16 01:00:20
WD-001459,CMP-001578,ACC-000118,ATM-00019,7140.66,2026-07-30 10:20:11
WD-001460,CMP-001579,ACC-000029,ATM-00058,1917.41,2026-07-23 21:08:15
WD-001461,CMP-001580,ACC-000818,ATM-00272,1900.33,2026-08-28 19:33:49
WD-001462,CMP-001581,ACC-000147,ATM-00078,2983.49,2026-06-08 06:36:09
WD-001463,CMP-001582,ACC-000113,ATM-00077,3234.79,2026-08-26 21:31:55
WD-001464,CMP-001583,ACC-000120,ATM-00057,339.57,2026-06-04 07:57:12
WD-001465,CMP-001584,ACC-000562,ATM-00039,2033.36,2026-08-27 21:27:29
WD-001466,CMP-001585,ACC-000019,ATM-00036,7859.69,2026-08-14 23:52:42
WD-001468,CMP-001587,ACC-000727,ATM-00343,1388.14,2026-07-07 08:01:57
WD-001469,CMP-001588,ACC-000198,ATM-00039,19231.7,2026-07-26 15:22:26
WD-001470,CMP-001589,ACC-000099,ATM-00047,14503.9,2026-06-30 18:00:50
WD-001471,CMP-001590,ACC-000048,ATM-00017,1229.6,2026-06-10 03:23:33
WD-001472,CMP-001591,ACC-000149,ATM-00240,2312.92,2026-08-21 19:24:06
WD-001473,CMP-001592,ACC-000159,ATM-00043,47849.47,2026-06-18 05:18:13
WD-001475,CMP-001595,ACC-001137,ATM-00067,5696.47,2026-07-13 09:34:09
WD-001476,CMP-001596,ACC-000178,ATM-00019,919.16,2026-08-08 18:18:36
WD-001477,CMP-001597,ACC-000207,ATM-00064,3196.29,2026-08-16 03:36:22
WD-001479,CMP-001600,ACC-001177,ATM-00016,4791.81,2026-06-05 03:59:06
WD-001481,CMP-001602,ACC-000112,ATM-00120,2009.08,2026-06-16 01:41:01
WD-001482,CMP-001603,ACC-000081,ATM-00039,941.32,2026-08-11 16:12:19
WD-001483,CMP-001604,ACC-000134,ATM-00225,2399.8,2026-07-31 02:21:17
WD-001486,CMP-001608,ACC-000181,ATM-00064,48387.34,2026-07-28 22:53:40
WD-001487,CMP-001609,ACC-000202,ATM-00046,1270.31,2026-07-11 18:01:04
WD-001488,CMP-001610,ACC-000046,ATM-00012,181004.53,2026-07-10 01:23:04
WD-001489,CMP-001611,ACC-000148,ATM-00005,10292.6,2026-06-14 09:20:38
WD-001490,CMP-001613,ACC-000137,ATM-00027,14869.22,2026-06-11 16:17:02
WD-001491,CMP-001614,ACC-000033,ATM-00035,349450.43,2026-07-07 10:06:23
WD-001492,CMP-001615,ACC-000130,ATM-00046,6168.25,2026-06-05 03:40:07
WD-001493,CMP-001616,ACC-000206,ATM-00014,193042.03,2026-07-07 11:41:55
WD-001494,CMP-001617,ACC-000956,ATM-00012,486.57,2026-06-01 22:23:08
WD-001495,CMP-001619,ACC-000069,ATM-00061,2441.5,2026-08-18 17:07:21
WD-001496,CMP-001620,ACC-000103,ATM-00223,5851.34,2026-06-15 02:06:31
WD-001497,CMP-001621,ACC-001037,ATM-00018,4857.56,2026-06-18 03:01:06
WD-001499,CMP-001623,ACC-000109,ATM-00043,1736.17,2026-06-30 10:23:46
WD-001500,CMP-001624,ACC-000108,ATM-00067,4282.49,2026-06-12 18:06:35
WD-001502,CMP-001626,ACC-000177,ATM-00002,934.05,2026-08-14 05:25:07
WD-001503,CMP-001627,ACC-000050,ATM-00056,3110.33,2026-06-12 02:22:16
WD-001504,CMP-001628,ACC-000116,ATM-00022,80731.9,2026-07-17 10:01:55
WD-001506,CMP-001630,ACC-000104,ATM-00292,2346.64,2026-07-03 15:36:58
WD-001507,CMP-001631,ACC-000091,ATM-00169,7717.81,2026-06-11 13:39:55
WD-001508,CMP-001633,ACC-000120,ATM-00062,2034.6,2026-06-08 02:04:04
WD-001509,CMP-001634,ACC-000074,ATM-00069,5478.59,2026-07-02 16:40:25
WD-001510,CMP-001635,ACC-000915,ATM-00067,40832.56,2026-06-23 07:01:22
WD-001511,CMP-001636,ACC-000020,ATM-00287,4230.21,2026-08-11 18:12:25
WD-001512,CMP-001637,ACC-000051,ATM-00049,1349.73,2026-06-08 04:42:59
WD-001514,CMP-001639,ACC-000090,ATM-00038,1365.72,2026-07-07 10:06:35
WD-001515,CMP-001640,ACC-000072,ATM-00034,50151.69,2026-06-27 14:53:37
WD-001516,CMP-001641,ACC-000067,ATM-00038,589.24,2026-06-07 07:41:42
WD-001517,CMP-001642,ACC-000189,ATM-00054,2967.88,2026-07-11 03:04:43
WD-001518,CMP-001643,ACC-000184,ATM-00078,3574.75,2026-07-29 18:31:49
WD-001519,CMP-001644,ACC-000392,ATM-00054,172756.4,2026-08-28 01:48:11
WD-001521,CMP-001646,ACC-000030,ATM-00003,1064.61,2026-06-22 03:25:16
WD-001523,CMP-001648,ACC-000932,ATM-00043,2251.3,2026-07-13 10:00:58
WD-001524,CMP-001649,ACC-000347,ATM-00012,5695.94,2026-06-15 17:08:16
WD-001525,CMP-001650,ACC-000192,ATM-00128,5992.0,2026-06-05 19:41:59
WD-001527,CMP-001652,ACC-000083,ATM-00062,2922.1,2026-08-07 02:43:13
WD-001528,CMP-001653,ACC-000198,ATM-00023,7323.08,2026-07-25 03:06:08
WD-001529,CMP-001654,ACC-000086,ATM-00056,173072.34,2026-06-22 17:01:06
WD-001531,CMP-001656,ACC-000733,ATM-00068,4945.25,2026-07-15 17:42:11
WD-001532,CMP-001657,ACC-000103,ATM-00018,282762.2,2026-07-14 21:15:57
WD-001533,CMP-001658,ACC-000079,ATM-00168,14782.91,2026-06-19 07:09:53
WD-001534,CMP-001659,ACC-000467,ATM-00038,8915.41,2026-07-30 00:32:51
WD-001535,CMP-001660,ACC-000209,ATM-00001,1020.78,2026-08-07 18:37:20
WD-001536,CMP-001661,ACC-000029,ATM-00063,510.79,2026-06-27 03:51:53
WD-001537,CMP-001662,ACC-000090,ATM-00396,398.87,2026-06-21 12:28:58
WD-001538,CMP-001663,ACC-000974,ATM-00031,3898.0,2026-08-11 18:10:48
WD-001539,CMP-001664,ACC-000072,ATM-00061,8913.63,2026-07-06 08:51:33
WD-001540,CMP-001665,ACC-000070,ATM-00005,8812.96,2026-07-31 03:29:19
WD-001541,CMP-001666,ACC-000189,ATM-00058,2190.56,2026-08-08 15:25:16
WD-001542,CMP-001667,ACC-000111,ATM-00027,277693.09,2026-07-03 03:32:33
WD-001543,CMP-001668,ACC-000123,ATM-00237,4106.99,2026-08-12 11:58:34
WD-001544,CMP-001670,ACC-000885,ATM-00014,721670.79,2026-08-26 12:48:20
WD-001545,CMP-001671,ACC-000172,ATM-00068,226579.84,2026-06-06 00:50:27
WD-001546,CMP-001672,ACC-000010,ATM-00066,893.87,2026-08-20 13:53:28
WD-001547,CMP-001673,ACC-000141,ATM-00032,35394.29,2026-07-22 11:11:35
WD-001548,CMP-001674,ACC-000382,ATM-00068,1506.21,2026-08-05 06:52:52
WD-001549,CMP-001675,ACC-000198,ATM-00029,282321.07,2026-06-07 09:09:12
WD-001550,CMP-001676,ACC-000193,ATM-00038,3736.27,2026-07-09 13:17:10
WD-001552,CMP-001678,ACC-000030,ATM-00015,4930.5,2026-06-15 17:32:21
WD-001554,CMP-001680,ACC-000186,ATM-00032,23083.65,2026-07-15 12:17:30
WD-001555,CMP-001681,ACC-000187,ATM-00299,1127.52,2026-06-29 11:28:12
WD-001556,CMP-001682,ACC-000095,ATM-00030,6767.23,2026-08-21 08:22:43
WD-001557,CMP-001683,ACC-000015,ATM-00021,2219.64,2026-07-04 02:44:15
WD-001558,CMP-001684,ACC-000113,ATM-00051,84979.36,2026-07-30 04:28:43
WD-001560,CMP-001686,ACC-000089,ATM-00004,2804.42,2026-08-16 13:56:25
WD-001561,CMP-001687,ACC-000012,ATM-00027,6656.42,2026-08-15 03:40:12
WD-001562,CMP-001688,ACC-000185,ATM-00064,3301.05,2026-06-17 11:50:26
WD-001563,CMP-001689,ACC-000158,ATM-00066,4406.66,2026-06-18 16:33:03
WD-001564,CMP-001690,ACC-000212,ATM-00051,112200.79,2026-08-04 18:06:18
WD-001566,CMP-001692,ACC-000140,ATM-00014,1690.68,2026-06-21 12:09:11
WD-001567,CMP-001693,ACC-000144,ATM-00045,7921.54,2026-07-03 15:14:05
WD-001572,CMP-001699,ACC-000031,ATM-00019,191235.36,2026-08-05 00:00:03
WD-001573,CMP-001700,ACC-000161,ATM-00232,2508.29,2026-07-13 13:13:14
WD-001574,CMP-001701,ACC-000048,ATM-00023,5110.58,2026-06-04 23:42:19
WD-001575,CMP-001702,ACC-000077,ATM-00041,21867.76,2026-07-09 19:00:55
WD-001576,CMP-001703,ACC-000191,ATM-00193,3176.7,2026-07-02 12:04:32
WD-001577,CMP-001704,ACC-000192,ATM-00393,2609.48,2026-06-22 19:49:33
WD-001578,CMP-001705,ACC-000849,ATM-00023,92028.7,2026-06-09 11:53:15
WD-001580,CMP-001707,ACC-000160,ATM-00037,19576.19,2026-07-29 18:16:20
WD-001581,CMP-001709,ACC-000554,ATM-00019,2314.75,2026-07-12 16:45:16
WD-001582,CMP-001710,ACC-000082,ATM-00030,17943.73,2026-07-05 11:47:11
WD-001585,CMP-001713,ACC-000110,ATM-00025,12478.14,2026-08-27 11:25:27
WD-001586,CMP-001714,ACC-000202,ATM-00013,1174.5,2026-07-27 11:59:43
WD-001588,CMP-001716,ACC-000085,ATM-00067,3086.21,2026-07-28 15:03:17
WD-001590,CMP-001718,ACC-000170,ATM-00023,4371.0,2026-07-26 03:27:15
WD-001591,CMP-001719,ACC-000183,ATM-00173,12975.7,2026-07-08 11:18:26
WD-001592,CMP-001720,ACC-000175,ATM-00305,1327.19,2026-06-30 09:28:16
WD-001595,CMP-001723,ACC-000060,ATM-00029,54738.07,2026-08-03 14:15:52
WD-001597,CMP-001725,ACC-000104,ATM-00053,3265.03,2026-06-28 06:04:09
WD-001599,CMP-001727,ACC-000093,ATM-00011,16555.91,2026-08-01 08:51:24
WD-001600,CMP-001728,ACC-000182,ATM-00029,11203.12,2026-07-07 12:28:51
WD-001601,CMP-001729,ACC-000107,ATM-00019,1883.87,2026-06-16 15:05:41
WD-001602,CMP-001730,ACC-000405,ATM-00366,6272.21,2026-08-07 11:08:59
WD-001603,CMP-001731,ACC-000178,ATM-00066,11222.74,2026-07-11 12:42:30
WD-001604,CMP-001733,ACC-000076,ATM-00325,1373.56,2026-07-21 08:45:32
WD-001605,CMP-001734,ACC-000070,ATM-00020,1551.28,2026-07-29 02:18:39
WD-001607,CMP-001736,ACC-000049,ATM-00003,60957.96,2026-08-08 01:09:19
WD-001608,CMP-001737,ACC-000198,ATM-00059,7745.15,2026-08-20 02:33:09
WD-001610,CMP-001739,ACC-000671,ATM-00041,12281.7,2026-06-10 18:57:51
WD-001611,CMP-001740,ACC-000092,ATM-00055,4824.64,2026-08-17 12:09:58
WD-001612,CMP-001741,ACC-000157,ATM-00019,1234.88,2026-07-22 00:17:11
WD-001613,CMP-001742,ACC-000121,ATM-00357,106217.96,2026-08-17 22:02:51
WD-001614,CMP-001743,ACC-000018,ATM-00035,3552.98,2026-08-19 18:07:35
WD-001616,CMP-001745,ACC-000287,ATM-00008,16804.25,2026-07-29 08:25:08
WD-001617,CMP-001746,ACC-000143,ATM-00014,1799.52,2026-07-01 07:59:44
WD-001619,CMP-001748,ACC-000026,ATM-00019,1109282.82,2026-06-21 13:36:05
WD-001620,CMP-001749,ACC-000072,ATM-00055,3197.23,2026-08-16 06:52:18
WD-001622,CMP-001751,ACC-000065,ATM-00030,929.52,2026-07-20 02:08:59
WD-001623,CMP-001752,ACC-000006,ATM-00053,26108.13,2026-06-05 11:56:11
WD-001625,CMP-001754,ACC-001114,ATM-00058,812.29,2026-06-20 08:58:14
WD-001626,CMP-001755,ACC-000046,ATM-00041,2286.03,2026-08-20 01:05:48
WD-001627,CMP-001756,ACC-000344,ATM-00056,8189.15,2026-07-05 11:55:47
WD-001628,CMP-001757,ACC-000032,ATM-00013,15331.93,2026-06-24 04:49:14
WD-001629,CMP-001758,ACC-000176,ATM-00029,1661.42,2026-08-14 06:18:27
WD-001631,CMP-001760,ACC-000120,ATM-00026,100075.75,2026-08-10 20:58:23
WD-001632,CMP-001761,ACC-000014,ATM-00045,1322.76,2026-08-08 20:01:28
WD-001633,CMP-001762,ACC-000058,ATM-00026,81523.94,2026-08-03 17:52:43
WD-001635,CMP-001764,ACC-000201,ATM-00058,24629.31,2026-08-11 12:39:57
WD-001637,CMP-001766,ACC-000214,ATM-00368,7379.66,2026-08-09 22:38:48
WD-001638,CMP-001767,ACC-000098,ATM-00067,2475.64,2026-06-28 11:08:09
WD-001639,CMP-001768,ACC-000064,ATM-00036,3146.86,2026-08-21 18:09:19
WD-001640,CMP-001769,ACC-000127,ATM-00047,6086.07,2026-08-23 08:50:59
WD-001641,CMP-001770,ACC-000088,ATM-00199,20660.02,2026-08-18 13:36:20
WD-001642,CMP-001771,ACC-000684,ATM-00062,1269.87,2026-08-03 17:05:14
WD-001643,CMP-001772,ACC-000432,ATM-00045,1303.57,2026-08-04 01:38:31
WD-001644,CMP-001773,ACC-000169,ATM-00035,2228.91,2026-08-07 12:27:49
WD-001645,CMP-001774,ACC-000098,ATM-00004,2875.69,2026-06-17 18:49:12
WD-001646,CMP-001775,ACC-000180,ATM-00203,6434.44,2026-07-29 08:05:57
WD-001647,CMP-001776,ACC-000023,ATM-00006,3667.83,2026-07-12 07:06:45
WD-001648,CMP-001777,ACC-000125,ATM-00015,3949.69,2026-07-27 17:13:19
WD-001649,CMP-001778,ACC-000054,ATM-00029,352563.46,2026-07-09 19:25:46
WD-001650,CMP-001779,ACC-000126,ATM-00047,5735.67,2026-07-17 22:52:12
WD-001651,CMP-001780,ACC-000058,ATM-00059,7173.54,2026-06-13 00:36:00
WD-001653,CMP-001782,ACC-000987,ATM-00021,70427.96,2026-07-17 00:30:42
WD-001654,CMP-001783,ACC-000050,ATM-00037,32003.34,2026-08-05 19:35:27
WD-001655,CMP-001784,ACC-000176,ATM-00045,870.91,2026-08-13 23:30:04
WD-001656,CMP-001785,ACC-000086,ATM-00033,123381.13,2026-08-17 00:50:29
WD-001657,CMP-001786,ACC-000199,ATM-00191,1372.24,2026-07-20 04:37:49
WD-001658,CMP-001787,ACC-000047,ATM-00142,11262.05,2026-07-24 04:54:49
WD-001659,CMP-001788,ACC-000492,ATM-00043,21800.21,2026-08-25 12:46:17
WD-001661,CMP-001790,ACC-000322,ATM-00042,1741.86,2026-08-04 06:49:32
WD-001663,CMP-001792,ACC-000188,ATM-00027,1467.67,2026-08-14 16:30:41
WD-001664,CMP-001793,ACC-000180,ATM-00149,9031.82,2026-08-06 04:52:15
WD-001665,CMP-001794,ACC-000091,ATM-00222,3107.84,2026-06-16 09:09:03
WD-001668,CMP-001797,ACC-000125,ATM-00009,17571.62,2026-07-06 13:31:02
WD-001672,CMP-001801,ACC-000090,ATM-00034,5377.66,2026-06-07 13:29:23
WD-001673,CMP-001802,ACC-000167,ATM-00063,978.84,2026-07-23 15:02:07
WD-001674,CMP-001803,ACC-000048,ATM-00208,1251.92,2026-07-25 21:48:39
WD-001675,CMP-001804,ACC-000051,ATM-00185,550.92,2026-07-16 01:30:24
WD-001676,CMP-001805,ACC-000085,ATM-00040,57673.74,2026-07-09 04:41:48
WD-001677,CMP-001806,ACC-000079,ATM-00016,274.79,2026-08-07 05:56:46
WD-001678,CMP-001807,ACC-000147,ATM-00394,2545.17,2026-08-14 09:47:30
WD-001682,CMP-001811,ACC-000009,ATM-00225,5098.27,2026-07-31 12:46:44
WD-001683,CMP-001812,ACC-000022,ATM-00013,1715.29,2026-06-10 02:59:55
WD-001684,CMP-001813,ACC-000022,ATM-00053,16019.32,2026-07-22 08:23:52
WD-001687,CMP-001816,ACC-000042,ATM-00019,1538.04,2026-07-31 22:16:28
WD-001688,CMP-001817,ACC-000050,ATM-00055,1719.77,2026-08-25 20:40:16
WD-001689,CMP-001818,ACC-000899,ATM-00020,15560.2,2026-07-26 23:35:32
WD-001690,CMP-001819,ACC-000122,ATM-00031,1685.41,2026-07-16 08:04:25
WD-001691,CMP-001820,ACC-000098,ATM-00022,1254.34,2026-08-22 06:39:08
WD-001692,CMP-001821,ACC-000352,ATM-00285,1779.95,2026-07-31 01:32:59
WD-001694,CMP-001823,ACC-000078,ATM-00338,173983.81,2026-07-13 09:31:57
WD-001695,CMP-001824,ACC-000104,ATM-00307,4702.62,2026-07-31 21:35:53
WD-001696,CMP-001825,ACC-000006,ATM-00021,460.7,2026-08-02 16:23:54
WD-001697,CMP-001826,ACC-000312,ATM-00033,3736.08,2026-06-24 05:43:47
WD-001699,CMP-001828,ACC-000113,ATM-00021,1315.64,2026-07-12 04:51:45
WD-001700,CMP-001829,ACC-000002,ATM-00024,17654.07,2026-06-14 14:35:23
WD-001701,CMP-001830,ACC-000136,ATM-00021,23290.17,2026-07-23 18:27:29
WD-001702,CMP-001831,ACC-000155,ATM-00033,14428.91,2026-07-18 11:13:01
WD-001703,CMP-001832,ACC-000981,ATM-00040,939.14,2026-06-29 08:18:52
WD-001704,CMP-001833,ACC-000116,ATM-00021,13448.35,2026-07-10 12:13:28
WD-001705,CMP-001834,ACC-000068,ATM-00030,844.85,2026-07-10 01:51:08
WD-001706,CMP-001835,ACC-000173,ATM-00010,79156.1,2026-06-11 16:06:04
WD-001707,CMP-001836,ACC-000257,ATM-00047,26565.55,2026-08-04 10:30:29
WD-001708,CMP-001838,ACC-001085,ATM-00031,17593.06,2026-07-29 02:54:17
WD-001709,CMP-001839,ACC-000145,ATM-00034,132152.54,2026-07-26 20:43:43
WD-001710,CMP-001840,ACC-000207,ATM-00066,14366.24,2026-07-12 08:43:58
WD-001711,CMP-001841,ACC-000135,ATM-00056,1753.49,2026-06-27 15:58:41
WD-001712,CMP-001842,ACC-000061,ATM-00032,3769.96,2026-07-15 05:37:53
WD-001713,CMP-001843,ACC-001196,ATM-00027,8052.8,2026-07-24 01:05:05
WD-001714,CMP-001844,ACC-000093,ATM-00026,196217.24,2026-08-25 17:15:19
WD-001715,CMP-001845,ACC-000139,ATM-00038,2593.2,2026-07-06 20:42:16
WD-001716,CMP-001846,ACC-000203,ATM-00031,3389.5,2026-07-29 22:09:26
WD-001719,CMP-001849,ACC-000210,ATM-00044,2231.51,2026-08-27 11:23:18
WD-001720,CMP-001850,ACC-000104,ATM-00008,2897.0,2026-08-23 05:16:09
WD-001721,CMP-001851,ACC-000531,ATM-00012,2045.75,2026-06-25 12:01:47
WD-001722,CMP-001853,ACC-000141,ATM-00004,3054.22,2026-08-29 09:21:00
WD-001723,CMP-001854,ACC-000110,ATM-00229,3640.5,2026-08-02 14:02:46
WD-001724,CMP-001855,ACC-000081,ATM-00032,1375.34,2026-08-20 10:21:35
WD-001725,CMP-001856,ACC-000009,ATM-00059,1555.07,2026-08-19 11:49:22
WD-001726,CMP-001857,ACC-000003,ATM-00214,15180.22,2026-06-09 05:02:19
WD-001727,CMP-001858,ACC-000127,ATM-00037,18526.81,2026-07-05 03:57:16
WD-001728,CMP-001859,ACC-000853,ATM-00038,16836.72,2026-07-03 01:46:07
WD-001729,CMP-001860,ACC-000126,ATM-00054,1255.77,2026-08-01 14:55:44
WD-001730,CMP-001861,ACC-000091,ATM-00017,2864.12,2026-05-31 22:05:01
WD-001731,CMP-001862,ACC-000155,ATM-00385,2734.02,2026-06-06 10:46:40
WD-001733,CMP-001864,ACC-000327,ATM-00029,396978.89,2026-08-06 21:12:52
WD-001734,CMP-001866,ACC-000096,ATM-00015,139756.58,2026-08-07 00:55:14
WD-001738,CMP-001870,ACC-000132,ATM-00039,933.26,2026-07-15 16:00:29
WD-001739,CMP-001871,ACC-000637,ATM-00014,16331.05,2026-07-10 04:35:32
WD-001740,CMP-001872,ACC-001191,ATM-00049,1968.68,2026-07-06 22:59:45
WD-001741,CMP-001873,ACC-000054,ATM-00137,4854.45,2026-07-22 07:22:50
WD-001742,CMP-001875,ACC-000182,ATM-00046,8831.64,2026-06-21 00:02:34
WD-001743,CMP-001876,ACC-000183,ATM-00001,2320.77,2026-06-28 09:56:00
WD-001744,CMP-001877,ACC-000125,ATM-00059,10534.16,2026-06-21 11:29:00
WD-001745,CMP-001878,ACC-000073,ATM-00017,18522.74,2026-08-06 01:34:38
WD-001746,CMP-001879,ACC-000092,ATM-00355,2904.2,2026-06-02 09:38:46
WD-001747,CMP-001880,ACC-001027,ATM-00335,1175.23,2026-08-28 08:38:40
WD-001748,CMP-001881,ACC-000078,ATM-00032,12595.26,2026-06-09 16:13:08
WD-001749,CMP-001882,ACC-000590,ATM-00210,1291.04,2026-08-07 10:20:30
WD-001750,CMP-001883,ACC-000441,ATM-00123,1434.86,2026-07-12 15:08:33
WD-001751,CMP-001884,ACC-000077,ATM-00042,5410.27,2026-06-06 17:29:22
WD-001752,CMP-001886,ACC-000019,ATM-00001,7581.13,2026-08-18 05:51:04
WD-001754,CMP-001888,ACC-000201,ATM-00044,2706.08,2026-08-05 06:29:13
WD-001755,CMP-001890,ACC-000116,ATM-00065,2772.58,2026-07-18 22:38:36
WD-001757,CMP-001892,ACC-000007,ATM-00054,5672.99,2026-07-01 02:23:03
WD-001758,CMP-001893,ACC-000108,ATM-00051,1692.17,2026-08-21 01:12:27
WD-001759,CMP-001894,ACC-000088,ATM-00020,6827.17,2026-08-27 23:40:09
WD-001760,CMP-001895,ACC-000134,ATM-00026,933.96,2026-06-26 16:46:25
WD-001761,CMP-001896,ACC-000145,ATM-00022,6421.38,2026-08-11 18:04:35
WD-001762,CMP-001897,ACC-000214,ATM-00057,6090.03,2026-08-22 20:28:56
WD-001764,CMP-001899,ACC-000673,ATM-00034,1442.38,2026-06-26 07:48:20
WD-001765,CMP-001900,ACC-000189,ATM-00068,6121.17,2026-08-26 09:16:33
WD-001766,CMP-001901,ACC-000484,ATM-00010,845.97,2026-08-08 22:35:39
WD-001768,CMP-001903,ACC-000013,ATM-00016,3799.84,2026-08-23 17:06:11
WD-001770,CMP-001905,ACC-001189,ATM-00042,6583.7,2026-07-28 00:33:50
WD-001771,CMP-001906,ACC-000064,ATM-00038,2592.83,2026-06-18 23:16:57
WD-001772,CMP-001907,ACC-000579,ATM-00060,2287.72,2026-08-05 10:10:52
WD-001773,CMP-001908,ACC-000148,ATM-00110,2258.37,2026-08-06 22:02:05
WD-001774,CMP-001909,ACC-000007,ATM-00264,3055.91,2026-06-11 04:03:38
WD-001776,CMP-001911,ACC-000104,ATM-00038,1979.02,2026-06-23 16:14:38
WD-001777,CMP-001912,ACC-000064,ATM-00033,3024.57,2026-08-03 14:19:00
WD-001778,CMP-001913,ACC-000502,ATM-00024,3880.2,2026-08-11 01:23:18
WD-001779,CMP-001914,ACC-000176,ATM-00400,264607.49,2026-08-23 06:11:19
WD-001780,CMP-001915,ACC-000163,ATM-00030,3968.03,2026-06-06 06:19:45
WD-001781,CMP-001916,ACC-000056,ATM-00061,3907.65,2026-06-10 11:59:58
WD-001782,CMP-001917,ACC-001056,ATM-00019,3645.4,2026-08-23 19:14:02
WD-001783,CMP-001918,ACC-000106,ATM-00107,2131.99,2026-07-08 07:26:14
WD-001784,CMP-001919,ACC-000203,ATM-00060,10560.14,2026-08-03 18:46:25
WD-001785,CMP-001920,ACC-000159,ATM-00042,1136.36,2026-08-11 20:40:22
WD-001786,CMP-001921,ACC-000265,ATM-00033,3702.3,2026-06-13 16:22:48
WD-001788,CMP-001923,ACC-000180,ATM-00053,3523.32,2026-07-26 01:45:05
WD-001789,CMP-001924,ACC-000086,ATM-00058,841.98,2026-07-06 19:15:19
WD-001790,CMP-001925,ACC-000030,ATM-00021,536.08,2026-06-04 18:04:03
WD-001792,CMP-001927,ACC-000005,ATM-00184,22431.3,2026-08-01 03:40:48
WD-001793,CMP-001928,ACC-000667,ATM-00020,2627.26,2026-06-08 05:12:36
WD-001794,CMP-001929,ACC-000161,ATM-00005,22268.41,2026-06-13 21:02:30
WD-001796,CMP-001931,ACC-000140,ATM-00052,4588.47,2026-06-05 09:13:19
WD-001797,CMP-001932,ACC-000061,ATM-00014,16112.73,2026-07-16 16:10:05
WD-001798,CMP-001933,ACC-000151,ATM-00004,621.2,2026-06-25 15:42:02
WD-001799,CMP-001934,ACC-000136,ATM-00209,29739.46,2026-08-12 03:59:39
WD-001800,CMP-001935,ACC-000131,ATM-00335,2933.25,2026-07-09 05:44:49
WD-001801,CMP-001936,ACC-000112,ATM-00065,3724.14,2026-07-01 21:36:28
WD-001802,CMP-001937,ACC-000016,ATM-00040,3839.97,2026-07-31 20:05:48
WD-001803,CMP-001938,ACC-000146,ATM-00394,788.22,2026-08-18 21:42:02
WD-001804,CMP-001939,ACC-000076,ATM-00013,4532.84,2026-07-29 13:54:18
WD-001807,CMP-001942,ACC-000121,ATM-00026,5018.42,2026-08-11 12:09:50
WD-001808,CMP-001943,ACC-000210,ATM-00023,958.98,2026-07-30 21:51:58
WD-001809,CMP-001944,ACC-000198,ATM-00045,2567.69,2026-07-08 19:43:36
WD-001810,CMP-001945,ACC-000288,ATM-00215,1867.62,2026-06-19 18:28:03
WD-001811,CMP-001946,ACC-001112,ATM-00050,470.05,2026-08-23 11:50:23
WD-001812,CMP-001947,ACC-000094,ATM-00061,36417.54,2026-06-24 07:04:19
WD-001814,CMP-001949,ACC-000096,ATM-00062,85900.77,2026-07-12 03:45:35
WD-001815,CMP-001950,ACC-000176,ATM-00048,6187.3,2026-08-08 04:04:32
WD-001817,CMP-001952,ACC-000011,ATM-00007,8620.44,2026-08-20 22:10:04
WD-001818,CMP-001953,ACC-000148,ATM-00253,1703.98,2026-08-22 01:03:35
WD-001819,CMP-001954,ACC-001059,ATM-00036,6941.08,2026-08-11 17:04:01
WD-001820,CMP-001955,ACC-000211,ATM-00201,32290.61,2026-06-04 18:12:58
WD-001821,CMP-001956,ACC-000154,ATM-00015,6561.71,2026-07-30 15:31:14
WD-001822,CMP-001958,ACC-000186,ATM-00393,6074.85,2026-07-12 01:17:06
WD-001823,CMP-001959,ACC-000443,ATM-00065,5228.76,2026-08-03 02:12:08
WD-001824,CMP-001960,ACC-000067,ATM-00027,1358.57,2026-08-03 12:08:29
WD-001826,CMP-001962,ACC-000198,ATM-00040,5589.82,2026-07-20 19:07:38
WD-001827,CMP-001964,ACC-000215,ATM-00002,10756.82,2026-07-16 12:05:52
WD-001828,CMP-001965,ACC-000905,ATM-00258,1802.44,2026-07-11 13:10:24
WD-001829,CMP-001966,ACC-000184,ATM-00064,1338.72,2026-08-17 20:45:50
WD-001831,CMP-001968,ACC-000040,ATM-00043,121681.02,2026-06-13 14:02:24
WD-001832,CMP-001969,ACC-000147,ATM-00045,1068.05,2026-08-17 11:49:53
WD-001835,CMP-001972,ACC-000058,ATM-00227,3856.46,2026-08-27 07:38:01
WD-001836,CMP-001973,ACC-000204,ATM-00250,5212.37,2026-06-12 00:41:39
WD-001837,CMP-001974,ACC-000524,ATM-00030,5761.61,2026-06-26 03:28:32
WD-001838,CMP-001975,ACC-000171,ATM-00061,159614.11,2026-08-15 01:25:04
WD-001839,CMP-001976,ACC-000186,ATM-00024,3112.22,2026-08-07 02:17:08
WD-001840,CMP-001977,ACC-000122,ATM-00013,416.47,2026-06-06 05:54:42
WD-001841,CMP-001978,ACC-000160,ATM-00034,3720.7,2026-08-21 17:24:59
WD-001842,CMP-001979,ACC-000688,ATM-00018,3308.74,2026-07-30 08:10:51
WD-001844,CMP-001983,ACC-000014,ATM-00008,427973.27,2026-07-19 12:21:42
WD-001845,CMP-001984,ACC-000196,ATM-00060,3924.19,2026-07-03 01:37:55
WD-001848,CMP-001987,ACC-000190,ATM-00059,1400.05,2026-07-07 15:36:22
WD-001849,CMP-001988,ACC-000205,ATM-00060,3224.63,2026-06-24 05:32:10
WD-001850,CMP-001989,ACC-000110,ATM-00027,143462.93,2026-06-23 04:57:09
WD-001851,CMP-001990,ACC-000207,ATM-00033,3391.75,2026-08-27 04:46:13
WD-001852,CMP-001991,ACC-000017,ATM-00005,1702.64,2026-07-05 19:42:07
WD-001855,CMP-001995,ACC-000198,ATM-00115,73729.77,2026-08-02 16:51:24
WD-001856,CMP-001996,ACC-000566,ATM-00007,3359.53,2026-08-09 08:23:17
WD-001857,CMP-001997,ACC-000558,ATM-00012,11467.31,2026-07-11 23:04:43
WD-001860,CMP-002000,ACC-000437,ATM-00057,3032.4,2026-08-08 02:45:56
WD-001861,CMP-002001,ACC-000073,ATM-00155,1174.82,2026-07-31 22:27:24
WD-001862,CMP-002002,ACC-000765,ATM-00059,1886.67,2026-08-26 03:10:20
WD-001863,CMP-002003,ACC-000016,ATM-00066,1408.35,2026-08-25 22:39:59
WD-001864,CMP-002004,ACC-000042,ATM-00040,3540.07,2026-08-09 09:08:08
WD-001865,CMP-002005,ACC-000165,ATM-00032,3327.01,2026-07-23 05:12:21
WD-001866,CMP-002006,ACC-000209,ATM-00027,794.13,2026-07-21 18:58:50
WD-001867,CMP-002007,ACC-001155,ATM-00068,774.42,2026-08-26 16:16:03
WD-001868,CMP-002008,ACC-000843,ATM-00138,2856.37,2026-08-14 18:05:18
WD-001870,CMP-002010,ACC-000119,ATM-00064,946.38,2026-07-05 11:33:33
WD-001873,CMP-002013,ACC-000062,ATM-00066,11339.51,2026-08-26 15:10:50
WD-001875,CMP-002015,ACC-001110,ATM-00121,2970.74,2026-08-09 08:24:41
WD-001876,CMP-002016,ACC-000079,ATM-00051,4685.8,2026-08-11 16:49:29
WD-001877,CMP-002017,ACC-000630,ATM-00054,1272.41,2026-08-20 06:23:45
WD-001878,CMP-002018,ACC-000373,ATM-00010,2991.01,2026-07-11 19:56:28
WD-001880,CMP-002020,ACC-000118,ATM-00019,4287.21,2026-08-05 12:40:26
WD-001881,CMP-002021,ACC-000825,ATM-00031,3196.43,2026-07-09 21:25:47
WD-001882,CMP-002022,ACC-000080,ATM-00061,32320.77,2026-07-13 17:34:38
WD-001884,CMP-002025,ACC-001148,ATM-00015,1079.52,2026-07-20 21:45:31
WD-001885,CMP-002026,ACC-000185,ATM-00320,1447.81,2026-07-17 03:28:42
WD-001886,CMP-002027,ACC-000040,ATM-00015,3392.86,2026-06-12 10:56:41
WD-001887,CMP-002028,ACC-000004,ATM-00071,1661.99,2026-07-27 01:03:06
WD-001888,CMP-002029,ACC-000087,ATM-00063,5259.5,2026-06-30 19:24:08
WD-001889,CMP-002030,ACC-000190,ATM-00022,4537.05,2026-08-16 17:09:41
WD-001891,CMP-002032,ACC-000163,ATM-00183,3154.63,2026-08-12 02:12:24
WD-001892,CMP-002033,ACC-000427,ATM-00230,526.97,2026-08-25 00:45:15
WD-001893,CMP-002034,ACC-000168,ATM-00129,3006.91,2026-07-14 23:09:07
WD-001894,CMP-002035,ACC-000102,ATM-00048,144002.25,2026-08-10 06:58:34
WD-001895,CMP-002036,ACC-000068,ATM-00143,2976.31,2026-08-01 18:10:47
WD-001898,CMP-002039,ACC-000524,ATM-00054,3891.43,2026-07-22 21:14:18
WD-001899,CMP-002040,ACC-000008,ATM-00061,604.78,2026-06-28 01:46:50
WD-001900,CMP-002041,ACC-000236,ATM-00015,1678.97,2026-07-26 12:02:04
WD-001901,CMP-002042,ACC-000186,ATM-00045,432851.54,2026-08-02 18:42:27
WD-001902,CMP-002043,ACC-000153,ATM-00371,546.65,2026-07-31 07:01:17
WD-001904,CMP-002045,ACC-000129,ATM-00062,6492.32,2026-06-12 20:51:48
WD-001905,CMP-002046,ACC-000095,ATM-00005,1647.63,2026-06-27 19:54:20
WD-001907,CMP-002048,ACC-000130,ATM-00214,4143.16,2026-07-02 10:23:43
WD-001908,CMP-002049,ACC-000033,ATM-00341,1542.54,2026-06-03 09:07:50
WD-001910,CMP-002051,ACC-000184,ATM-00026,3294.23,2026-06-10 21:25:14
WD-001911,CMP-002052,ACC-000074,ATM-00011,14916.3,2026-08-14 21:40:46
WD-001913,CMP-002055,ACC-000011,ATM-00068,3589.45,2026-07-02 10:02:26
WD-001914,CMP-002056,ACC-000972,ATM-00060,19547.56,2026-08-19 16:28:14
WD-001915,CMP-002057,ACC-000766,ATM-00001,1863.49,2026-07-29 10:35:53
WD-001916,CMP-002058,ACC-000087,ATM-00010,6277.31,2026-07-08 13:25:30
WD-001917,CMP-002059,ACC-000213,ATM-00214,3669.7,2026-07-25 00:04:31
WD-001918,CMP-002060,ACC-000882,ATM-00338,7454.2,2026-06-23 03:07:17
WD-001920,CMP-002062,ACC-000001,ATM-00037,8706.98,2026-08-15 08:33:54
WD-001921,CMP-002063,ACC-000951,ATM-00235,131982.98,2026-08-22 15:30:37
WD-001922,CMP-002064,ACC-001064,ATM-00025,3302.77,2026-07-07 13:48:39
WD-001924,CMP-002066,ACC-000886,ATM-00028,42441.89,2026-08-18 21:42:37
WD-001925,CMP-002067,ACC-000104,ATM-00042,7647.23,2026-06-17 07:03:39
WD-001927,CMP-002070,ACC-000121,ATM-00066,2753.85,2026-06-28 11:44:58
WD-001928,CMP-002071,ACC-000024,ATM-00169,61889.69,2026-06-28 22:46:17
WD-001929,CMP-002072,ACC-000103,ATM-00034,140542.27,2026-08-10 21:01:15
WD-001930,CMP-002073,ACC-000166,ATM-00050,2679.47,2026-07-30 14:19:38
WD-001931,CMP-002074,ACC-000897,ATM-00047,100061.41,2026-07-04 10:57:40
WD-001932,CMP-002075,ACC-000046,ATM-00032,23718.97,2026-06-27 17:47:48
WD-001933,CMP-002076,ACC-001076,ATM-00239,6387.29,2026-07-15 18:34:12
WD-001934,CMP-002077,ACC-001110,ATM-00135,4733.52,2026-06-14 05:05:36
WD-001935,CMP-002078,ACC-000128,ATM-00141,733.77,2026-08-27 23:11:56
WD-001936,CMP-002079,ACC-000186,ATM-00038,3091.96,2026-08-08 01:50:33
WD-001937,CMP-002080,ACC-000141,ATM-00068,41356.46,2026-08-16 13:14:02
WD-001940,CMP-002083,ACC-001150,ATM-00008,1164.37,2026-07-08 15:58:18
WD-001941,CMP-002084,ACC-000166,ATM-00016,234410.79,2026-06-02 00:01:23
WD-001942,CMP-002085,ACC-000153,ATM-00009,3512.3,2026-06-01 21:11:29
WD-001943,CMP-002086,ACC-000107,ATM-00376,1919.07,2026-08-07 20:11:50
WD-001945,CMP-002088,ACC-000035,ATM-00305,725.7,2026-07-06 10:53:09
WD-001946,CMP-002089,ACC-000183,ATM-00036,283.16,2026-07-29 20:47:42
WD-001947,CMP-002090,ACC-000037,ATM-00222,6652.39,2026-07-09 12:37:03
WD-001948,CMP-002091,ACC-000042,ATM-00014,2415.45,2026-06-17 10:29:49
WD-001949,CMP-002092,ACC-001145,ATM-00039,993.11,2026-08-06 12:40:20
WD-001950,CMP-002093,ACC-000884,ATM-00061,5708.86,2026-08-12 16:44:14
WD-001951,CMP-002094,ACC-000509,ATM-00015,3490.54,2026-06-22 21:20:38
WD-001952,CMP-002095,ACC-000391,ATM-00322,45847.74,2026-08-22 04:01:03
WD-001953,CMP-002096,ACC-000189,ATM-00023,272855.97,2026-07-22 21:12:37
WD-001954,CMP-002097,ACC-000030,ATM-00317,138968.77,2026-06-01 13:26:19
WD-001955,CMP-002098,ACC-000347,ATM-00064,2090.81,2026-06-06 03:10:32
WD-001956,CMP-002099,ACC-000742,ATM-00047,3112.57,2026-07-10 15:54:10
WD-001957,CMP-002100,ACC-000159,ATM-00048,125925.8,2026-07-05 03:55:49
WD-001958,CMP-002101,ACC-000388,ATM-00044,4147.1,2026-06-05 11:34:56
WD-001959,CMP-002102,ACC-000031,ATM-00011,3689.72,2026-06-01 09:23:07
WD-001961,CMP-002104,ACC-000096,ATM-00011,130902.91,2026-07-12 14:08:45
WD-001962,CMP-002106,ACC-000809,ATM-00036,2993.4,2026-06-10 21:27:17
WD-001963,CMP-002107,ACC-000691,ATM-00068,1346.12,2026-08-17 03:57:45
WD-001964,CMP-002108,ACC-000122,ATM-00014,4531.79,2026-06-11 17:54:00
WD-001965,CMP-002110,ACC-000682,ATM-00001,2452.64,2026-06-08 05:31:28
WD-001967,CMP-002112,ACC-000178,ATM-00037,432.31,2026-06-04 11:12:11
WD-001969,CMP-002115,ACC-000190,ATM-00045,7433.19,2026-06-11 08:03:31
WD-001971,CMP-002117,ACC-000065,ATM-00355,3688.56,2026-08-24 00:30:37
WD-001972,CMP-002118,ACC-000238,ATM-00052,4581.84,2026-07-08 12:27:42
WD-001974,CMP-002121,ACC-000062,ATM-00064,8155.45,2026-06-10 21:07:12
WD-001975,CMP-002122,ACC-000017,ATM-00065,2184.72,2026-08-16 17:02:48
WD-001976,CMP-002124,ACC-000201,ATM-00062,2229.67,2026-08-10 11:52:14
WD-001977,CMP-002125,ACC-000081,ATM-00028,642.35,2026-06-05 18:08:56
WD-001978,CMP-002126,ACC-000082,ATM-00053,8810.44,2026-08-03 03:01:09
WD-001979,CMP-002127,ACC-000086,ATM-00126,2406.01,2026-08-15 10:34:09
WD-001981,CMP-002129,ACC-000061,ATM-00310,2123.37,2026-08-05 19:24:03
WD-001982,CMP-002130,ACC-000141,ATM-00018,7755.93,2026-07-25 16:27:10
WD-001985,CMP-002133,ACC-000179,ATM-00135,64990.62,2026-07-29 10:15:14
WD-001986,CMP-002134,ACC-000156,ATM-00067,2385.12,2026-07-03 16:43:20
WD-001987,CMP-002135,ACC-000126,ATM-00261,2438.28,2026-07-15 12:48:02
WD-001989,CMP-002138,ACC-000166,ATM-00008,981.21,2026-08-19 10:43:05
WD-001991,CMP-002140,ACC-000739,ATM-00056,12406.81,2026-07-05 21:00:10
WD-001992,CMP-002141,ACC-000010,ATM-00048,2646.78,2026-06-19 09:31:10
WD-001993,CMP-002143,ACC-000129,ATM-00063,2618.01,2026-06-22 08:49:08
WD-001994,CMP-002144,ACC-000148,ATM-00359,83179.66,2026-07-24 15:14:12
WD-001995,CMP-002145,ACC-001074,ATM-00054,5784.35,2026-06-26 07:19:41
WD-001996,CMP-002146,ACC-000122,ATM-00030,4990.77,2026-07-06 18:02:38
WD-001997,CMP-002147,ACC-001105,ATM-00267,4974.31,2026-06-21 14:38:42
WD-001998,CMP-002148,ACC-000197,ATM-00009,713.32,2026-08-04 10:00:20
WD-001999,CMP-002149,ACC-000108,ATM-00326,8584.47,2026-07-31 18:21:12
WD-002000,CMP-002150,ACC-000041,ATM-00139,2021.91,2026-06-15 12:39:05
WD-002001,CMP-002151,ACC-000486,ATM-00010,2505.95,2026-07-22 08:36:32
WD-002003,CMP-002153,ACC-000106,ATM-00048,6661.59,2026-06-19 12:55:23
WD-002004,CMP-002154,ACC-001120,ATM-00045,3877.28,2026-06-25 09:15:18
WD-002006,CMP-002156,ACC-000209,ATM-00059,6102.41,2026-08-10 18:06:30
WD-002008,CMP-002158,ACC-000185,ATM-00053,3134.42,2026-08-12 13:00:15
WD-002009,CMP-002159,ACC-000202,ATM-00050,3205.86,2026-07-02 12:35:20
WD-002010,CMP-002160,ACC-000157,ATM-00357,15741.54,2026-07-19 10:03:20
WD-002011,CMP-002161,ACC-000968,ATM-00046,1259.76,2026-08-16 18:43:18
WD-002012,CMP-002162,ACC-000202,ATM-00020,1794.15,2026-06-20 20:26:55
WD-002013,CMP-002163,ACC-000246,ATM-00001,2263.38,2026-07-12 05:12:42
WD-002014,CMP-002164,ACC-000887,ATM-00008,5640.9,2026-07-07 13:42:11
WD-002015,CMP-002165,ACC-000047,ATM-00016,13655.03,2026-06-29 16:33:30
WD-002016,CMP-002166,ACC-000316,ATM-00360,5658.56,2026-07-16 12:43:17
WD-002017,CMP-002167,ACC-000080,ATM-00017,1353.74,2026-07-13 02:41:28
WD-002019,CMP-002169,ACC-000752,ATM-00136,44519.99,2026-06-08 22:10:58
WD-002020,CMP-002170,ACC-000118,ATM-00276,1826.02,2026-07-21 00:03:22
WD-002021,CMP-002171,ACC-000512,ATM-00051,3730.13,2026-06-23 05:59:34
WD-002024,CMP-002174,ACC-000068,ATM-00310,390823.46,2026-08-09 00:18:11
WD-002025,CMP-002175,ACC-000102,ATM-00061,180.86,2026-08-09 11:24:34
WD-002026,CMP-002177,ACC-000057,ATM-00053,893.74,2026-07-10 13:33:41
WD-002027,CMP-002178,ACC-000203,ATM-00057,14947.23,2026-06-02 10:08:14
WD-002028,CMP-002179,ACC-000088,ATM-00064,3019.25,2026-06-15 13:01:24
WD-002029,CMP-002180,ACC-000088,ATM-00017,206.34,2026-06-21 11:23:39
WD-002030,CMP-002181,ACC-000004,ATM-00017,1931.74,2026-08-13 11:47:44
WD-002031,CMP-002182,ACC-001008,ATM-00027,27170.43,2026-06-09 09:23:06
WD-002033,CMP-002184,ACC-000159,ATM-00032,7796.02,2026-06-02 13:49:27
WD-002034,CMP-002185,ACC-000060,ATM-00007,3601.77,2026-08-11 15:53:25
WD-002035,CMP-002186,ACC-000011,ATM-00017,6260.93,2026-07-04 09:22:35
WD-002036,CMP-002187,ACC-000388,ATM-00001,10147.28,2026-08-14 08:05:58
WD-002037,CMP-002188,ACC-000180,ATM-00231,17814.32,2026-06-03 14:05:33
WD-002038,CMP-002189,ACC-000086,ATM-00001,4704.01,2026-07-01 09:56:46
WD-002039,CMP-002190,ACC-000150,ATM-00058,163186.29,2026-07-26 14:59:03
WD-002040,CMP-002191,ACC-000196,ATM-00297,12686.77,2026-07-09 06:06:05
WD-002041,CMP-002192,ACC-000194,ATM-00010,17026.76,2026-07-03 07:34:21
WD-002042,CMP-002193,ACC-000080,ATM-00023,6613.75,2026-06-10 12:06:42
WD-002043,CMP-002194,ACC-000097,ATM-00039,658.48,2026-08-19 15:44:45
WD-002045,CMP-002196,ACC-000120,ATM-00056,4050.26,2026-06-29 19:12:06
WD-002046,CMP-002197,ACC-000203,ATM-00053,6253.84,2026-07-21 13:47:23
WD-002047,CMP-002198,ACC-000152,ATM-00029,4990.42,2026-07-09 05:40:16
WD-002048,CMP-002199,ACC-000205,ATM-00054,632.93,2026-07-17 16:16:45
WD-002049,CMP-002200,ACC-000729,ATM-00019,43254.11,2026-06-20 23:27:57
WD-002050,CMP-002201,ACC-000151,ATM-00014,2561.44,2026-08-08 12:34:52
WD-002052,CMP-002203,ACC-000133,ATM-00234,2118.76,2026-06-27 15:45:38
WD-002054,CMP-002205,ACC-000037,ATM-00044,290179.03,2026-08-28 16:00:55
WD-002055,CMP-002206,ACC-000528,ATM-00011,1875.71,2026-06-04 09:59:02
WD-002056,CMP-002207,ACC-000060,ATM-00059,2038.53,2026-07-15 06:21:17
WD-002057,CMP-002208,ACC-000091,ATM-00058,39467.45,2026-07-08 23:21:11
WD-002058,CMP-002209,ACC-000011,ATM-00009,100085.76,2026-06-25 08:45:34
WD-002059,CMP-002210,ACC-000736,ATM-00047,353.13,2026-07-08 15:12:51
WD-002060,CMP-002211,ACC-000925,ATM-00022,5862.65,2026-07-09 11:55:15
WD-002061,CMP-002212,ACC-000161,ATM-00332,1579.79,2026-06-16 16:58:43
WD-002063,CMP-002214,ACC-000168,ATM-00210,80179.27,2026-08-28 10:32:10
WD-002064,CMP-002215,ACC-000606,ATM-00066,4260.42,2026-07-06 20:22:40
WD-002065,CMP-002216,ACC-000205,ATM-00055,3953.01,2026-06-30 15:32:56
WD-002066,CMP-002217,ACC-000005,ATM-00051,691.1,2026-06-04 20:55:14
WD-002067,CMP-002218,ACC-000078,ATM-00008,6065.68,2026-08-13 05:06:06
WD-002068,CMP-002219,ACC-000812,ATM-00057,3524.33,2026-06-19 22:18:11
WD-002070,CMP-002221,ACC-001192,ATM-00275,197623.53,2026-06-07 13:58:14
WD-002071,CMP-002222,ACC-000135,ATM-00108,1273.78,2026-07-14 01:44:36
WD-002073,CMP-002224,ACC-001039,ATM-00023,566.44,2026-06-13 03:07:01
WD-002075,CMP-002226,ACC-000187,ATM-00030,1277.99,2026-06-18 16:11:50
WD-002076,CMP-002227,ACC-000130,ATM-00286,697.27,2026-06-22 07:45:52
WD-002077,CMP-002228,ACC-000013,ATM-00262,4988.23,2026-07-22 07:40:20
WD-002078,CMP-002229,ACC-000158,ATM-00060,11297.81,2026-07-09 03:20:24
WD-002079,CMP-002230,ACC-000197,ATM-00139,9394.15,2026-06-05 17:07:25
WD-002080,CMP-002231,ACC-000164,ATM-00107,51463.41,2026-07-07 10:13:19
WD-002082,CMP-002233,ACC-000007,ATM-00017,4081.46,2026-08-05 05:28:30
WD-002083,CMP-002235,ACC-000335,ATM-00013,13220.58,2026-06-16 21:11:53
WD-002084,CMP-002236,ACC-000135,ATM-00045,6196.69,2026-07-03 00:20:28
WD-002085,CMP-002237,ACC-000177,ATM-00006,2669.47,2026-07-23 21:14:07
WD-002088,CMP-002240,ACC-000016,ATM-00298,1574.54,2026-08-03 18:09:06
WD-002089,CMP-002241,ACC-000146,ATM-00146,6767.16,2026-06-07 14:22:23
WD-002091,CMP-002243,ACC-000163,ATM-00039,5015.31,2026-08-22 18:36:13
WD-002092,CMP-002244,ACC-000834,ATM-00065,4347.37,2026-07-02 14:57:48
WD-002093,CMP-002245,ACC-000078,ATM-00040,11017.21,2026-08-14 19:27:25
WD-002094,CMP-002246,ACC-000137,ATM-00004,431.11,2026-08-25 21:27:56
WD-002096,CMP-002248,ACC-000120,ATM-00063,8155.95,2026-07-07 20:54:35
WD-002097,CMP-002249,ACC-000066,ATM-00044,37544.13,2026-08-08 11:11:29
WD-002100,CMP-002252,ACC-001044,ATM-00033,443.77,2026-06-29 16:32:20
WD-002101,CMP-002253,ACC-000210,ATM-00072,2804.04,2026-06-24 21:56:45
WD-002102,CMP-002254,ACC-000138,ATM-00028,8810.09,2026-08-11 15:01:37
WD-002103,CMP-002255,ACC-000023,ATM-00055,3344.74,2026-08-16 13:46:06
WD-002104,CMP-002256,ACC-000041,ATM-00021,10734.77,2026-08-02 21:00:03
WD-002105,CMP-002257,ACC-000645,ATM-00016,138040.39,2026-08-11 07:37:53
WD-002106,CMP-002258,ACC-000119,ATM-00230,3360.54,2026-08-27 11:20:44
WD-002107,CMP-002259,ACC-000166,ATM-00046,5636.8,2026-08-05 20:00:07
WD-002108,CMP-002260,ACC-000077,ATM-00048,1171.76,2026-07-02 06:27:30
WD-002109,CMP-002261,ACC-000204,ATM-00057,1026.01,2026-07-18 16:36:58
WD-002110,CMP-002262,ACC-000007,ATM-00040,485.97,2026-06-15 01:24:48
WD-002111,CMP-002263,ACC-000439,ATM-00030,965.87,2026-07-24 15:15:11
WD-002112,CMP-002265,ACC-000374,ATM-00014,9198.53,2026-06-17 03:21:27
WD-002113,CMP-002266,ACC-000094,ATM-00003,15661.09,2026-06-25 02:43:02
WD-002114,CMP-002267,ACC-000527,ATM-00034,2868.32,2026-06-20 14:43:18
WD-002115,CMP-002268,ACC-000136,ATM-00125,120680.69,2026-07-06 01:25:35
WD-002116,CMP-002269,ACC-000017,ATM-00042,3303.41,2026-07-20 16:27:25
WD-002117,CMP-002270,ACC-000574,ATM-00053,2736.08,2026-08-17 13:16:20
WD-002119,CMP-002273,ACC-000210,ATM-00268,9549.02,2026-07-07 21:35:23
WD-002120,CMP-002274,ACC-000127,ATM-00082,6490.52,2026-07-29 22:18:53
WD-002121,CMP-002275,ACC-000635,ATM-00064,4933.94,2026-06-20 12:08:14
WD-002122,CMP-002276,ACC-001092,ATM-00055,1246.37,2026-07-19 20:16:18
WD-002123,CMP-002277,ACC-000085,ATM-00196,13619.15,2026-07-11 03:12:28
WD-002124,CMP-002278,ACC-000094,ATM-00022,20604.63,2026-07-18 06:36:00
WD-002125,CMP-002279,ACC-000961,ATM-00059,4803.74,2026-08-25 22:10:18
WD-002126,CMP-002281,ACC-000163,ATM-00071,5615.42,2026-06-25 21:48:42
WD-002127,CMP-002282,ACC-000042,ATM-00295,55043.58,2026-08-08 16:48:32
WD-002128,CMP-002283,ACC-000215,ATM-00010,263364.58,2026-08-03 20:35:42
WD-002131,CMP-002286,ACC-000169,ATM-00033,2821.56,2026-07-29 19:57:38
WD-002132,CMP-002287,ACC-000154,ATM-00023,6532.65,2026-07-29 19:00:10
WD-002133,CMP-002288,ACC-000031,ATM-00029,287.33,2026-06-11 22:34:43
WD-002134,CMP-002289,ACC-000205,ATM-00034,708.47,2026-07-09 01:34:39
WD-002136,CMP-002291,ACC-000311,ATM-00059,1434.57,2026-06-25 13:39:45
WD-002137,CMP-002292,ACC-000512,ATM-00120,2526.57,2026-08-26 08:09:34
WD-002138,CMP-002293,ACC-000098,ATM-00214,1676.11,2026-08-25 06:45:51
WD-002139,CMP-002294,ACC-000106,ATM-00021,440.57,2026-07-26 12:56:07
WD-002142,CMP-002297,ACC-000057,ATM-00279,38327.33,2026-06-08 04:03:44
WD-002145,CMP-002300,ACC-000723,ATM-00028,8087.59,2026-06-12 00:52:01
WD-002146,CMP-002301,ACC-000178,ATM-00094,20344.04,2026-06-07 07:35:41
WD-002147,CMP-002302,ACC-000518,ATM-00026,58479.17,2026-08-27 11:55:08
WD-002148,CMP-002303,ACC-000003,ATM-00054,20206.22,2026-06-11 19:59:25
WD-002149,CMP-002304,ACC-000165,ATM-00007,1593.94,2026-07-07 09:54:40
WD-002150,CMP-002305,ACC-000003,ATM-00059,3696.51,2026-06-23 07:57:26
WD-002151,CMP-002306,ACC-001046,ATM-00055,2333.98,2026-06-06 23:17:06
WD-002152,CMP-002308,ACC-000094,ATM-00062,2271.37,2026-07-21 08:24:27
WD-002154,CMP-002310,ACC-000036,ATM-00031,10523.23,2026-07-29 00:58:52
WD-002155,CMP-002311,ACC-000039,ATM-00141,2532.93,2026-07-01 15:31:16
WD-002156,CMP-002313,ACC-000119,ATM-00063,2471.29,2026-08-25 02:16:04
WD-002157,CMP-002314,ACC-000189,ATM-00051,3846.22,2026-08-08 02:04:34
WD-002158,CMP-002315,ACC-001167,ATM-00052,257479.64,2026-06-02 22:02:23
WD-002160,CMP-002317,ACC-000047,ATM-00057,4490.31,2026-08-06 16:55:48
WD-002161,CMP-002318,ACC-000143,ATM-00016,9020.87,2026-06-19 18:01:48
WD-002162,CMP-002319,ACC-000084,ATM-00006,4356.4,2026-07-02 06:52:19
WD-002163,CMP-002320,ACC-000215,ATM-00041,5725.56,2026-08-18 14:14:57
WD-002164,CMP-002321,ACC-000057,ATM-00061,2855.43,2026-07-17 23:53:03
WD-002165,CMP-002322,ACC-000098,ATM-00016,549.45,2026-07-12 10:14:49
WD-002166,CMP-002324,ACC-000077,ATM-00037,7117.3,2026-08-11 11:41:04
WD-002167,CMP-002325,ACC-000125,ATM-00143,2465.69,2026-08-24 21:10:51
WD-002168,CMP-002326,ACC-000177,ATM-00029,3269.23,2026-07-20 09:57:30
WD-002169,CMP-002327,ACC-000060,ATM-00384,9967.55,2026-08-19 17:51:08
WD-002172,CMP-002331,ACC-000669,ATM-00010,14310.49,2026-08-09 23:26:01
WD-002173,CMP-002333,ACC-000157,ATM-00009,69663.14,2026-06-26 04:39:52
WD-002175,CMP-002336,ACC-000162,ATM-00066,79089.07,2026-06-23 00:51:34
WD-002176,CMP-002337,ACC-001007,ATM-00065,340361.9,2026-08-02 22:41:14
WD-002178,CMP-002340,ACC-000049,ATM-00324,2918.37,2026-06-26 03:50:45
WD-002179,CMP-002341,ACC-000157,ATM-00012,3660.78,2026-08-12 05:55:57
WD-002182,CMP-002344,ACC-000188,ATM-00003,7744.56,2026-06-19 03:45:37
WD-002183,CMP-002345,ACC-000182,ATM-00010,2359.28,2026-07-06 16:05:25
WD-002184,CMP-002347,ACC-000144,ATM-00044,1141.07,2026-07-09 09:39:52
WD-002185,CMP-002348,ACC-000733,ATM-00275,8047.97,2026-08-19 01:00:33
WD-002186,CMP-002349,ACC-000461,ATM-00018,17525.51,2026-07-15 06:53:05
WD-002188,CMP-002351,ACC-000455,ATM-00006,64888.63,2026-06-30 23:49:09
WD-002189,CMP-002352,ACC-000104,ATM-00312,253739.97,2026-08-22 16:50:21
WD-002190,CMP-002353,ACC-000040,ATM-00016,29240.92,2026-07-19 13:56:35
WD-002191,CMP-002355,ACC-000095,ATM-00207,3554.05,2026-06-21 08:53:26
WD-002192,CMP-002357,ACC-000104,ATM-00034,2711.77,2026-06-18 11:18:26
WD-002194,CMP-002359,ACC-000397,ATM-00240,148069.75,2026-07-23 21:14:46
WD-002197,CMP-002363,ACC-000185,ATM-00210,2474.29,2026-08-13 03:13:04
WD-002198,CMP-002364,ACC-000364,ATM-00002,1325.77,2026-08-07 12:29:55
WD-002199,CMP-002365,ACC-001119,ATM-00275,899.48,2026-07-14 03:23:01
WD-002202,CMP-002368,ACC-001156,ATM-00002,25262.17,2026-08-23 07:35:43
WD-002203,CMP-002370,ACC-000006,ATM-00049,2022.6,2026-07-05 11:11:25
WD-002204,CMP-002371,ACC-001052,ATM-00012,1713.56,2026-07-21 01:58:51
WD-002205,CMP-002372,ACC-000001,ATM-00014,5075.42,2026-07-31 22:15:42
WD-002206,CMP-002373,ACC-000896,ATM-00273,13647.78,2026-07-09 12:22:45
WD-002207,CMP-002374,ACC-000940,ATM-00068,264292.85,2026-08-03 10:43:01
WD-002208,CMP-002375,ACC-000080,ATM-00065,24790.81,2026-08-05 01:27:40
WD-002209,CMP-002376,ACC-001041,ATM-00157,269233.49,2026-08-03 00:22:15
WD-002210,CMP-002377,ACC-000140,ATM-00009,4342.41,2026-06-01 18:55:56
WD-002211,CMP-002378,ACC-000106,ATM-00051,6030.42,2026-08-04 23:22:07
WD-002212,CMP-002379,ACC-001079,ATM-00034,915.74,2026-07-26 22:47:33
WD-002213,CMP-002380,ACC-000182,ATM-00030,102860.32,2026-07-28 18:59:41
WD-002214,CMP-002381,ACC-000216,ATM-00311,505.1,2026-07-13 03:01:10
WD-002215,CMP-002382,ACC-000031,ATM-00048,3057.05,2026-08-09 06:18:25
WD-002216,CMP-002383,ACC-000019,ATM-00027,462301.6,2026-08-19 09:57:22
WD-002217,CMP-002384,ACC-000196,ATM-00008,16346.03,2026-08-16 10:28:04
WD-002218,CMP-002385,ACC-000114,ATM-00335,11612.27,2026-07-26 20:26:11
WD-002219,CMP-002386,ACC-000091,ATM-00038,269400.14,2026-08-13 11:45:29
WD-002220,CMP-002388,ACC-000159,ATM-00024,2428.94,2026-06-01 15:57:44
WD-002221,CMP-002389,ACC-000172,ATM-00004,122661.7,2026-06-13 17:21:22
WD-002222,CMP-002390,ACC-000489,ATM-00039,1768.32,2026-06-26 13:20:43
WD-002223,CMP-002391,ACC-000210,ATM-00012,9251.31,2026-07-20 16:38:27
WD-002224,CMP-002393,ACC-000045,ATM-00011,2134.4,2026-07-21 01:31:36
WD-002226,CMP-002395,ACC-000115,ATM-00029,70143.09,2026-07-05 09:13:32
WD-002227,CMP-002396,ACC-000214,ATM-00008,32527.54,2026-08-04 10:34:34
WD-002230,CMP-002399,ACC-000187,ATM-00009,2090.04,2026-07-31 05:45:37
WD-002231,CMP-002400,ACC-000070,ATM-00208,8687.59,2026-08-03 14:10:16
WD-002232,CMP-002401,ACC-000126,ATM-00002,2710.26,2026-06-25 11:43:03
WD-002233,CMP-002403,ACC-000499,ATM-00032,1542.18,2026-08-01 17:20:10
WD-002234,CMP-002404,ACC-000154,ATM-00154,4439.74,2026-08-03 22:49:19
WD-002235,CMP-002405,ACC-000164,ATM-00060,683.8,2026-08-20 03:35:30
WD-002236,CMP-002406,ACC-000204,ATM-00359,29354.12,2026-06-03 22:02:39
WD-002237,CMP-002407,ACC-000147,ATM-00025,2345.23,2026-07-22 01:35:06
WD-002238,CMP-002408,ACC-000060,ATM-00036,11396.48,2026-08-01 07:42:06
WD-002239,CMP-002410,ACC-000076,ATM-00055,2963.47,2026-06-02 10:45:35
WD-002240,CMP-002411,ACC-000203,ATM-00219,8875.59,2026-06-11 13:47:38
WD-002242,CMP-002413,ACC-000014,ATM-00044,106863.08,2026-07-22 04:37:47
WD-002244,CMP-002415,ACC-000144,ATM-00019,1381.25,2026-08-12 23:34:15
WD-002245,CMP-002416,ACC-000034,ATM-00023,1410.1,2026-08-15 15:22:04
WD-002246,CMP-002417,ACC-000065,ATM-00054,4681.55,2026-07-17 11:25:55
WD-002251,CMP-002423,ACC-000201,ATM-00042,8556.24,2026-07-12 19:33:17
WD-002252,CMP-002424,ACC-001049,ATM-00052,270624.22,2026-06-23 09:32:56
WD-002253,CMP-002425,ACC-000174,ATM-00022,6255.99,2026-07-10 09:53:29
WD-002254,CMP-002426,ACC-000163,ATM-00037,147886.42,2026-06-08 15:55:53
WD-002255,CMP-002428,ACC-000158,ATM-00029,1695.5,2026-07-17 21:32:05
WD-002256,CMP-002429,ACC-000202,ATM-00239,1426.28,2026-08-05 21:59:40
WD-002257,CMP-002430,ACC-000073,ATM-00051,230781.77,2026-07-21 01:02:37
WD-002258,CMP-002431,ACC-000115,ATM-00047,853.75,2026-06-13 06:17:44
WD-002259,CMP-002432,ACC-000049,ATM-00068,1100.94,2026-08-12 12:02:11
WD-002260,CMP-002433,ACC-000111,ATM-00007,5910.6,2026-07-04 02:45:34
WD-002261,CMP-002434,ACC-000159,ATM-00034,191144.4,2026-08-19 21:14:56
WD-002262,CMP-002436,ACC-000103,ATM-00371,2770.46,2026-08-04 17:14:38
WD-002263,CMP-002437,ACC-000430,ATM-00063,103694.85,2026-06-18 06:17:47
WD-002264,CMP-002438,ACC-000387,ATM-00063,15981.88,2026-06-06 03:34:51
WD-002265,CMP-002439,ACC-000128,ATM-00046,8766.94,2026-06-11 21:52:59
WD-002267,CMP-002441,ACC-000163,ATM-00048,9517.24,2026-06-29 17:29:58
WD-002268,CMP-002442,ACC-000177,ATM-00003,6745.38,2026-07-09 07:26:28
WD-002269,CMP-002443,ACC-000037,ATM-00001,1585.19,2026-08-02 20:08:25
WD-002270,CMP-002444,ACC-000155,ATM-00035,4828.09,2026-08-26 14:06:53
WD-002271,CMP-002445,ACC-000099,ATM-00042,5079.32,2026-07-30 17:27:33
WD-002272,CMP-002446,ACC-000062,ATM-00122,22553.84,2026-07-04 09:57:02
WD-002273,CMP-002447,ACC-000559,ATM-00043,5261.75,2026-06-10 22:22:14
WD-002276,CMP-002450,ACC-000596,ATM-00015,2094.48,2026-07-07 22:29:15
WD-002277,CMP-002451,ACC-000803,ATM-00035,5492.04,2026-08-19 01:25:39
WD-002278,CMP-002452,ACC-000103,ATM-00007,73186.64,2026-07-13 21:39:07
WD-002279,CMP-002453,ACC-000115,ATM-00057,1412.93,2026-07-06 01:08:44
WD-002280,CMP-002454,ACC-000347,ATM-00033,23658.82,2026-06-28 16:04:16
WD-002281,CMP-002455,ACC-000152,ATM-00294,5237.28,2026-08-27 12:14:37
WD-002283,CMP-002457,ACC-000350,ATM-00093,738.23,2026-07-19 01:16:22
WD-002284,CMP-002458,ACC-000840,ATM-00038,177081.39,2026-08-14 09:02:02
WD-002285,CMP-002459,ACC-000528,ATM-00064,4561.34,2026-08-11 21:20:59
WD-002286,CMP-002460,ACC-000066,ATM-00063,20931.71,2026-06-11 18:28:51
WD-002287,CMP-002461,ACC-000009,ATM-00039,2896.7,2026-06-02 23:56:03
WD-002288,CMP-002462,ACC-000040,ATM-00035,1266.24,2026-07-04 04:00:22
WD-002289,CMP-002463,ACC-001176,ATM-00061,17397.63,2026-07-17 21:25:50
WD-002290,CMP-002464,ACC-000155,ATM-00389,3680.35,2026-06-25 02:23:34
WD-002291,CMP-002465,ACC-000027,ATM-00039,43626.54,2026-06-28 09:08:39
WD-002292,CMP-002466,ACC-000085,ATM-00054,870.98,2026-06-24 04:25:38
WD-002293,CMP-002467,ACC-000025,ATM-00038,2304.6,2026-08-15 18:14:09
WD-002295,CMP-002469,ACC-001190,ATM-00010,6485.76,2026-06-15 09:34:48
WD-002296,CMP-002470,ACC-000024,ATM-00035,952.86,2026-06-19 23:56:20
WD-002297,CMP-002471,ACC-000138,ATM-00019,1303.82,2026-06-10 01:32:05
WD-002298,CMP-002472,ACC-001020,ATM-00059,13329.4,2026-08-07 15:26:42
WD-002299,CMP-002473,ACC-000086,ATM-00067,2550.52,2026-07-17 21:28:57
WD-002300,CMP-002474,ACC-000120,ATM-00036,8292.67,2026-06-12 00:04:23
WD-002301,CMP-002475,ACC-000139,ATM-00020,341.67,2026-07-11 11:35:24
WD-002302,CMP-002476,ACC-000137,ATM-00063,3094.4,2026-05-31 14:44:43
WD-002304,CMP-002478,ACC-000579,ATM-00042,2237.44,2026-06-25 13:50:19
WD-002306,CMP-002480,ACC-000022,ATM-00017,3467787.69,2026-06-13 19:09:47
WD-002307,CMP-002481,ACC-000208,ATM-00055,245548.0,2026-08-15 18:37:17
WD-002308,CMP-002482,ACC-000135,ATM-00021,337.96,2026-06-27 23:54:10
WD-002309,CMP-002483,ACC-000192,ATM-00256,3368.99,2026-06-13 21:41:58
WD-002311,CMP-002485,ACC-001171,ATM-00036,41767.46,2026-07-14 18:42:20
WD-002312,CMP-002486,ACC-000187,ATM-00039,4299.63,2026-07-04 14:38:48
WD-002313,CMP-002487,ACC-000198,ATM-00001,559.51,2026-07-22 23:22:57
WD-002314,CMP-002488,ACC-000118,ATM-00057,4403.23,2026-07-24 16:10:04
WD-002315,CMP-002489,ACC-000727,ATM-00064,896.86,2026-08-22 08:01:28
WD-002316,CMP-002490,ACC-000194,ATM-00052,9183.17,2026-07-14 23:19:45
WD-002317,CMP-002491,ACC-000337,ATM-00019,1330.51,2026-07-18 00:54:12
WD-002318,CMP-002493,ACC-000145,ATM-00067,1850.79,2026-06-13 09:04:42
WD-002319,CMP-002495,ACC-000949,ATM-00043,4777.93,2026-07-19 05:33:02
WD-002320,CMP-002496,ACC-000763,ATM-00010,3911.64,2026-06-17 11:53:19
WD-002321,CMP-002497,ACC-000483,ATM-00005,19800.03,2026-07-09 11:34:16
WD-002322,CMP-002498,ACC-000148,ATM-00059,5102.39,2026-06-16 18:46:02
WD-002323,CMP-002499,ACC-000087,ATM-00039,5031.99,2026-08-16 20:37:02
WD-002324,CMP-002500,ACC-000046,ATM-00050,2623.31,2026-06-26 04:27:06
WD-002325,CMP-002501,ACC-000170,ATM-00026,2397.69,2026-07-24 17:21:53
WD-002326,CMP-002502,ACC-000184,ATM-00032,2770.53,2026-06-29 09:43:51
WD-002327,CMP-002503,ACC-000025,ATM-00047,6301.84,2026-06-14 07:06:32
WD-002328,CMP-002504,ACC-000994,ATM-00039,246433.3,2026-06-25 09:43:03
WD-002329,CMP-002505,ACC-000046,ATM-00022,4466.52,2026-08-03 00:38:24
WD-002331,CMP-002507,ACC-000057,ATM-00067,2329.25,2026-06-14 02:46:15
WD-002332,CMP-002508,ACC-000043,ATM-00270,4674.21,2026-06-07 04:24:00
WD-002333,CMP-002509,ACC-000078,ATM-00015,1307.25,2026-08-10 23:08:26
WD-002334,CMP-002510,ACC-000069,ATM-00066,5092.54,2026-07-23 04:43:35
WD-002336,CMP-002512,ACC-000142,ATM-00037,5680.63,2026-08-03 13:59:07
WD-002337,CMP-002513,ACC-000123,ATM-00055,1024.84,2026-06-21 01:57:55
WD-002338,CMP-002514,ACC-000487,ATM-00023,244.8,2026-07-23 23:35:17
WD-002339,CMP-002515,ACC-000151,ATM-00011,5252.36,2026-07-14 10:23:32
WD-002340,CMP-002516,ACC-000002,ATM-00053,342596.73,2026-08-24 23:42:02
WD-002342,CMP-002518,ACC-000192,ATM-00062,3209.38,2026-08-10 23:08:53
WD-002343,CMP-002519,ACC-000202,ATM-00029,1822.89,2026-08-26 06:59:44
WD-002344,CMP-002520,ACC-000060,ATM-00054,2279.28,2026-06-07 20:08:59
WD-002345,CMP-002521,ACC-001197,ATM-00004,3809.73,2026-08-03 00:59:44
WD-002347,CMP-002523,ACC-000078,ATM-00136,3032.79,2026-07-08 15:17:46
WD-002348,CMP-002524,ACC-000104,ATM-00187,1944107.76,2026-08-01 20:50:55
WD-002349,CMP-002525,ACC-000459,ATM-00153,915.71,2026-06-27 04:46:17
WD-002350,CMP-002526,ACC-000037,ATM-00029,1042.79,2026-06-02 06:33:52
WD-002351,CMP-002527,ACC-000060,ATM-00011,831.7,2026-07-03 16:38:32
WD-002352,CMP-002528,ACC-000061,ATM-00055,1347.54,2026-08-13 14:55:36
WD-002354,CMP-002530,ACC-000441,ATM-00026,1293.4,2026-06-27 01:37:20
WD-002355,CMP-002531,ACC-000172,ATM-00038,5017.02,2026-06-11 04:11:13
WD-002356,CMP-002532,ACC-000197,ATM-00055,1394.09,2026-07-10 05:00:48
WD-002358,CMP-002535,ACC-000682,ATM-00047,1059.18,2026-08-26 00:36:51
WD-002359,CMP-002537,ACC-000955,ATM-00003,949.47,2026-06-28 20:37:41
WD-002361,CMP-002539,ACC-000084,ATM-00025,3126.29,2026-07-22 12:05:34
WD-002362,CMP-002540,ACC-000226,ATM-00022,2016.29,2026-08-26 23:41:41
WD-002363,CMP-002541,ACC-000093,ATM-00042,1046.86,2026-07-05 07:37:14
WD-002364,CMP-002542,ACC-000090,ATM-00083,4669.96,2026-07-06 14:15:40
WD-002365,CMP-002543,ACC-000128,ATM-00062,27920.94,2026-06-08 23:59:01
WD-002366,CMP-002544,ACC-000008,ATM-00039,3863.82,2026-08-16 06:01:53
WD-002368,CMP-002546,ACC-000017,ATM-00090,30635.67,2026-06-12 03:56:16
WD-002369,CMP-002548,ACC-000093,ATM-00303,3099.74,2026-08-14 02:27:49
WD-002370,CMP-002549,ACC-001197,ATM-00042,1845.03,2026-08-06 21:42:27
WD-002372,CMP-002551,ACC-000049,ATM-00067,2081.02,2026-07-11 19:49:39
WD-002374,CMP-002553,ACC-000158,ATM-00049,2801.06,2026-07-11 22:36:24
WD-002375,CMP-002554,ACC-000054,ATM-00030,114049.83,2026-06-22 13:46:06
WD-002377,CMP-002556,ACC-000050,ATM-00385,692.25,2026-06-10 18:08:22
WD-002378,CMP-002557,ACC-000110,ATM-00004,7417.14,2026-08-24 03:58:46
WD-002379,CMP-002558,ACC-000105,ATM-00032,4737.24,2026-08-21 03:14:44
WD-002381,CMP-002560,ACC-000029,ATM-00051,770.2,2026-06-12 01:42:33
WD-002382,CMP-002561,ACC-000185,ATM-00036,65041.34,2026-06-03 11:59:33
WD-002383,CMP-002562,ACC-000110,ATM-00016,2221.74,2026-06-10 01:32:02
WD-002386,CMP-002565,ACC-000188,ATM-00066,9886.03,2026-06-15 13:00:11
WD-002387,CMP-002566,ACC-000137,ATM-00315,15600.6,2026-07-22 00:26:15
WD-002388,CMP-002567,ACC-000173,ATM-00047,6684.27,2026-07-03 17:47:19
WD-002389,CMP-002568,ACC-000999,ATM-00035,634.46,2026-06-11 17:20:48
WD-002390,CMP-002569,ACC-000028,ATM-00026,8719.8,2026-08-13 02:26:23
WD-002391,CMP-002570,ACC-000179,ATM-00007,4395.56,2026-07-12 02:00:52
WD-002392,CMP-002571,ACC-000003,ATM-00207,1345.09,2026-08-20 11:14:51
WD-002393,CMP-002572,ACC-000056,ATM-00028,8814.39,2026-06-23 04:27:31
WD-002394,CMP-002573,ACC-000199,ATM-00019,2317.78,2026-07-21 17:28:07
WD-002395,CMP-002575,ACC-000678,ATM-00043,1414.98,2026-06-18 00:38:03
WD-002396,CMP-002576,ACC-000132,ATM-00037,62677.04,2026-06-08 17:09:26
WD-002397,CMP-002577,ACC-000037,ATM-00043,1546.06,2026-08-02 16:12:38
WD-002398,CMP-002578,ACC-000165,ATM-00059,1046.24,2026-07-07 09:00:48
WD-002399,CMP-002579,ACC-000185,ATM-00203,9730.44,2026-06-08 13:55:25
WD-002400,CMP-002580,ACC-000002,ATM-00222,148846.23,2026-06-24 13:40:06
WD-002402,CMP-002583,ACC-001147,ATM-00001,1564.65,2026-06-26 23:22:36
WD-002403,CMP-002584,ACC-000593,ATM-00038,29152.2,2026-08-17 01:17:09
WD-002404,CMP-002585,ACC-000030,ATM-00351,2923.29,2026-07-01 00:17:05
WD-002405,CMP-002586,ACC-000925,ATM-00019,47537.14,2026-07-09 21:29:54
WD-002407,CMP-002588,ACC-000018,ATM-00022,181282.08,2026-07-10 18:40:23
WD-002408,CMP-002589,ACC-000310,ATM-00009,5279.27,2026-08-15 09:27:04
WD-002409,CMP-002590,ACC-000133,ATM-00012,134226.96,2026-07-27 17:14:37
WD-002410,CMP-002591,ACC-000589,ATM-00040,1219.23,2026-08-06 10:42:47
WD-002411,CMP-002592,ACC-000825,ATM-00026,2181.83,2026-08-10 01:24:10
WD-002412,CMP-002593,ACC-000924,ATM-00007,1982.26,2026-06-14 09:43:01
WD-002413,CMP-002594,ACC-000041,ATM-00063,856.57,2026-07-21 03:35:52
WD-002415,CMP-002596,ACC-000055,ATM-00041,74256.77,2026-07-05 04:20:16
WD-002416,CMP-002598,ACC-000235,ATM-00067,93079.64,2026-06-21 12:51:02
WD-002417,CMP-002599,ACC-000029,ATM-00266,2008.15,2026-07-26 00:59:41
WD-002419,CMP-002601,ACC-000160,ATM-00286,2788.42,2026-08-17 13:21:25
WD-002421,CMP-002603,ACC-000017,ATM-00040,2157.77,2026-07-27 15:26:34
WD-002422,CMP-002604,ACC-000009,ATM-00066,20210.03,2026-08-15 06:58:54
WD-002424,CMP-002606,ACC-000167,ATM-00063,5173.18,2026-06-13 04:18:08
WD-002426,CMP-002608,ACC-000298,ATM-00090,6617.94,2026-06-13 11:18:18
WD-002427,CMP-002609,ACC-000153,ATM-00056,12201.5,2026-06-28 10:59:48
WD-002429,CMP-002611,ACC-000132,ATM-00204,71279.97,2026-08-02 13:28:06
WD-002431,CMP-002613,ACC-000707,ATM-00393,2720.99,2026-06-16 17:05:22
WD-002432,CMP-002614,ACC-000424,ATM-00049,6735.48,2026-08-24 14:56:16
WD-002433,CMP-002615,ACC-000098,ATM-00058,419.8,2026-08-02 10:15:14
WD-002435,CMP-002618,ACC-000083,ATM-00213,6182.3,2026-06-07 09:12:46
WD-002436,CMP-002619,ACC-000037,ATM-00020,8313.97,2026-08-08 18:18:58
WD-002437,CMP-002620,ACC-000099,ATM-00220,1019.22,2026-07-23 17:50:52
WD-002438,CMP-002621,ACC-000106,ATM-00002,4748.04,2026-07-02 05:03:20
WD-002439,CMP-002622,ACC-000189,ATM-00009,7015.58,2026-06-07 09:11:35
WD-002440,CMP-002623,ACC-000054,ATM-00167,12626.87,2026-07-17 02:17:27
WD-002441,CMP-002624,ACC-000135,ATM-00063,865.12,2026-08-13 09:51:51
WD-002442,CMP-002625,ACC-000446,ATM-00061,2244.17,2026-06-09 03:44:54
WD-002443,CMP-002626,ACC-000732,ATM-00012,10359.98,2026-08-25 01:25:31
WD-002445,CMP-002628,ACC-000495,ATM-00027,2293.53,2026-08-26 15:33:23
WD-002446,CMP-002629,ACC-000065,ATM-00043,628.21,2026-06-16 22:58:25
WD-002447,CMP-002631,ACC-000202,ATM-00025,98172.2,2026-08-07 04:00:44
WD-002450,CMP-002635,ACC-000013,ATM-00018,3886.32,2026-08-11 17:47:50
WD-002451,CMP-002636,ACC-000150,ATM-00009,1736247.41,2026-08-27 08:23:32
WD-002452,CMP-002637,ACC-000186,ATM-00043,4570.84,2026-06-12 01:32:47
WD-002453,CMP-002638,ACC-000534,ATM-00039,1026.52,2026-08-10 10:56:54
WD-002454,CMP-002639,ACC-000180,ATM-00057,2031.95,2026-06-13 16:28:08
WD-002455,CMP-002640,ACC-000566,ATM-00137,6728.65,2026-06-04 18:54:06
WD-002456,CMP-002641,ACC-000085,ATM-00296,7324.52,2026-07-23 22:30:35
WD-002458,CMP-002643,ACC-000096,ATM-00032,13451.35,2026-06-02 01:46:12
WD-002459,CMP-002644,ACC-000172,ATM-00048,7040.83,2026-06-30 22:31:28
WD-002461,CMP-002646,ACC-000181,ATM-00051,5350.15,2026-08-20 19:40:46
WD-002462,CMP-002647,ACC-000311,ATM-00029,6407.56,2026-06-12 00:31:16
WD-002463,CMP-002648,ACC-000893,ATM-00057,4921.02,2026-07-24 23:25:21
WD-002464,CMP-002649,ACC-000152,ATM-00256,74413.56,2026-08-22 04:01:10
WD-002465,CMP-002650,ACC-000523,ATM-00048,13614.7,2026-08-08 14:56:27
WD-002466,CMP-002652,ACC-000204,ATM-00063,430407.88,2026-08-03 06:21:30
WD-002468,CMP-002655,ACC-000209,ATM-00303,3348.13,2026-08-05 15:12:14
WD-002469,CMP-002656,ACC-000114,ATM-00340,3938.45,2026-07-15 01:50:51
WD-002470,CMP-002657,ACC-000031,ATM-00042,1344.4,2026-06-13 05:56:15
WD-002471,CMP-002658,ACC-000205,ATM-00038,89537.85,2026-08-28 00:41:06
WD-002472,CMP-002659,ACC-000201,ATM-00068,95893.77,2026-06-01 20:39:40
WD-002473,CMP-002660,ACC-001035,ATM-00036,277900.88,2026-06-26 21:12:40
WD-002474,CMP-002661,ACC-000037,ATM-00056,3961.1,2026-08-17 14:23:10
WD-002475,CMP-002662,ACC-000141,ATM-00011,1760.13,2026-08-28 08:04:28
WD-002476,CMP-002663,ACC-000167,ATM-00040,5322.12,2026-07-07 15:21:42
WD-002477,CMP-002664,ACC-000190,ATM-00028,2789.53,2026-07-02 03:41:39
WD-002478,CMP-002666,ACC-000599,ATM-00056,16039.56,2026-07-31 01:45:29
WD-002480,CMP-002669,ACC-000043,ATM-00177,2032.26,2026-07-21 00:15:46
WD-002481,CMP-002670,ACC-000037,ATM-00041,3457.37,2026-06-10 21:54:51
WD-002482,CMP-002671,ACC-000172,ATM-00067,874.7,2026-08-21 22:48:14
WD-002484,CMP-002675,ACC-000213,ATM-00019,37030.94,2026-06-08 20:02:47
WD-002485,CMP-002676,ACC-000129,ATM-00045,1000.27,2026-07-14 21:28:31
WD-002486,CMP-002677,ACC-000163,ATM-00019,5919.59,2026-08-03 13:44:41
WD-002489,CMP-002680,ACC-000138,ATM-00005,2188.41,2026-07-31 23:26:47
WD-002490,CMP-002681,ACC-000209,ATM-00085,3792.84,2026-06-11 17:49:21
WD-002491,CMP-002682,ACC-000255,ATM-00019,1829.03,2026-06-28 09:57:59
WD-002493,CMP-002684,ACC-001103,ATM-00251,430482.43,2026-07-19 01:47:32
WD-002494,CMP-002685,ACC-000210,ATM-00208,726.19,2026-07-31 18:14:11
WD-002497,CMP-002688,ACC-000072,ATM-00037,3413.07,2026-07-29 19:57:17
WD-002498,CMP-002689,ACC-000750,ATM-00023,467.85,2026-07-04 18:42:04
WD-002499,CMP-002690,ACC-000186,ATM-00022,2147.21,2026-06-16 16:16:53
WD-002500,CMP-002691,ACC-000158,ATM-00296,12712.38,2026-07-30 01:11:01
WD-002501,CMP-002692,ACC-000781,ATM-00054,2570.61,2026-06-15 18:59:43
WD-002503,CMP-002694,ACC-000146,ATM-00005,1806.42,2026-06-12 21:31:36
WD-002504,CMP-002695,ACC-000081,ATM-00017,3017.32,2026-07-05 05:41:05
WD-002505,CMP-002696,ACC-000100,ATM-00004,3824.48,2026-08-18 15:30:26
WD-002506,CMP-002697,ACC-000005,ATM-00052,3777.69,2026-06-19 16:53:20
WD-002507,CMP-002698,ACC-000854,ATM-00015,5532.47,2026-08-06 12:10:38
WD-002508,CMP-002699,ACC-000048,ATM-00052,10363.64,2026-08-13 18:16:31
WD-002509,CMP-002700,ACC-000103,ATM-00029,1621.47,2026-08-10 11:34:45
WD-002510,CMP-002701,ACC-000061,ATM-00132,3331.64,2026-08-12 10:23:15
WD-002511,CMP-002702,ACC-000145,ATM-00033,899.4,2026-07-08 08:17:53
WD-002514,CMP-002705,ACC-000834,ATM-00208,2818.71,2026-08-25 12:03:31
WD-002516,CMP-002708,ACC-000156,ATM-00380,3428.56,2026-08-04 03:24:42
WD-002518,CMP-002710,ACC-000169,ATM-00023,1758.33,2026-07-16 06:23:34
WD-002519,CMP-002711,ACC-000471,ATM-00354,4362.58,2026-06-07 13:34:20
WD-002520,CMP-002712,ACC-000024,ATM-00008,6997.8,2026-06-11 03:58:29
WD-002521,CMP-002713,ACC-000085,ATM-00005,23228.06,2026-08-18 17:19:00
WD-002522,CMP-002714,ACC-000182,ATM-00020,3706.12,2026-07-09 22:28:44
WD-002524,CMP-002716,ACC-000146,ATM-00054,64707.59,2026-06-27 11:29:03
WD-002525,CMP-002717,ACC-000961,ATM-00060,2150.05,2026-07-03 10:13:36
WD-002526,CMP-002718,ACC-000013,ATM-00061,5423.55,2026-06-02 16:51:53
WD-002527,CMP-002719,ACC-000931,ATM-00058,8026.86,2026-08-28 16:20:20
WD-002529,CMP-002722,ACC-000021,ATM-00020,3593.93,2026-08-20 23:32:52
WD-002530,CMP-002723,ACC-001011,ATM-00038,43105.49,2026-08-13 14:39:13
WD-002531,CMP-002724,ACC-000018,ATM-00015,665.26,2026-07-19 09:43:02
WD-002532,CMP-002725,ACC-000047,ATM-00037,1500.35,2026-07-15 03:44:20
WD-002533,CMP-002726,ACC-000001,ATM-00014,981.46,2026-08-22 05:38:07
WD-002535,CMP-002728,ACC-000684,ATM-00041,1285.42,2026-08-23 22:26:16
WD-002536,CMP-002729,ACC-000105,ATM-00107,7296.68,2026-06-18 22:51:27
WD-002537,CMP-002730,ACC-000114,ATM-00050,19378.38,2026-07-22 19:28:54
WD-002538,CMP-002732,ACC-000958,ATM-00049,933.29,2026-06-05 13:50:57
WD-002540,CMP-002734,ACC-000268,ATM-00030,1340.73,2026-06-14 04:40:30
WD-002541,CMP-002735,ACC-000004,ATM-00012,1809.11,2026-06-15 08:54:54
WD-002542,CMP-002736,ACC-000017,ATM-00348,881.12,2026-07-11 14:13:52
WD-002543,CMP-002737,ACC-000038,ATM-00036,891.85,2026-06-24 11:45:48
WD-002544,CMP-002738,ACC-000421,ATM-00123,1056.96,2026-07-02 02:00:40
WD-002545,CMP-002739,ACC-000869,ATM-00047,12788.03,2026-08-14 11:32:48
WD-002547,CMP-002741,ACC-000309,ATM-00047,693.84,2026-08-07 03:05:33
WD-002548,CMP-002742,ACC-000679,ATM-00025,6193.94,2026-06-01 22:23:50
WD-002551,CMP-002745,ACC-001143,ATM-00021,8927.52,2026-08-08 21:22:36
WD-002552,CMP-002746,ACC-000209,ATM-00044,3004.44,2026-08-28 18:51:34
WD-002554,CMP-002749,ACC-000656,ATM-00311,2088.47,2026-08-06 10:47:56
WD-002555,CMP-002750,ACC-000039,ATM-00268,5221.54,2026-06-15 09:18:11
WD-002556,CMP-002751,ACC-000073,ATM-00150,7072.23,2026-06-02 22:22:45
WD-002557,CMP-002752,ACC-000130,ATM-00006,1237.76,2026-08-04 12:27:18
WD-002558,CMP-002753,ACC-000128,ATM-00035,1623.56,2026-07-24 21:53:18
WD-002559,CMP-002754,ACC-000209,ATM-00012,15432.27,2026-07-20 04:19:42
WD-002560,CMP-002755,ACC-000212,ATM-00029,3176.95,2026-07-07 07:32:41
WD-002561,CMP-002756,ACC-000061,ATM-00159,1353.8,2026-07-12 14:51:20
WD-002562,CMP-002757,ACC-000099,ATM-00046,2112.59,2026-06-28 01:48:12
WD-002563,CMP-002758,ACC-000024,ATM-00055,7234.88,2026-08-06 06:51:32
WD-002564,CMP-002759,ACC-000874,ATM-00002,896.42,2026-06-11 17:58:50
WD-002568,CMP-002763,ACC-000127,ATM-00285,8339.63,2026-06-17 22:38:36
WD-002569,CMP-002764,ACC-000164,ATM-00058,2015.6,2026-07-28 22:34:15
WD-002571,CMP-002766,ACC-000123,ATM-00228,2866.42,2026-08-28 01:56:08
WD-002572,CMP-002767,ACC-000002,ATM-00207,1312.61,2026-06-17 08:02:43
WD-002573,CMP-002768,ACC-000938,ATM-00077,6204.45,2026-06-02 11:55:15
WD-002574,CMP-002769,ACC-000035,ATM-00159,7049.7,2026-06-27 01:08:36
WD-002575,CMP-002770,ACC-000891,ATM-00005,1509.37,2026-06-02 08:50:41
WD-002576,CMP-002772,ACC-000030,ATM-00022,2691.66,2026-06-05 19:40:56
WD-002577,CMP-002773,ACC-000297,ATM-00042,738.88,2026-08-21 02:28:27
WD-002578,CMP-002774,ACC-000191,ATM-00033,11405.29,2026-08-15 05:16:55
WD-002579,CMP-002775,ACC-000069,ATM-00338,3005.92,2026-07-14 12:32:33
WD-002580,CMP-002776,ACC-000063,ATM-00034,2268.01,2026-08-04 10:51:02
WD-002583,CMP-002780,ACC-000977,ATM-00304,2896.06,2026-08-02 10:44:46
WD-002585,CMP-002782,ACC-000503,ATM-00002,976.92,2026-07-26 06:31:31
WD-002586,CMP-002783,ACC-000110,ATM-00035,8205.79,2026-08-12 12:29:23
WD-002587,CMP-002786,ACC-000165,ATM-00062,1868.62,2026-08-25 04:52:39
WD-002588,CMP-002787,ACC-000139,ATM-00078,2454.94,2026-08-26 06:28:29
WD-002590,CMP-002789,ACC-000078,ATM-00262,321.47,2026-07-04 13:08:14
WD-002591,CMP-002790,ACC-000089,ATM-00050,1676.22,2026-07-26 04:14:56
WD-002592,CMP-002791,ACC-000059,ATM-00059,38851.45,2026-06-02 13:27:42
WD-002593,CMP-002792,ACC-000162,ATM-00067,763274.25,2026-06-15 09:10:45
WD-002594,CMP-002793,ACC-000150,ATM-00033,2905.83,2026-06-16 05:31:52
WD-002595,CMP-002794,ACC-000107,ATM-00123,720.33,2026-06-02 13:29:22
WD-002596,CMP-002795,ACC-000161,ATM-00024,374.08,2026-06-13 08:00:10
WD-002597,CMP-002796,ACC-000948,ATM-00309,3097.61,2026-08-04 09:04:54
WD-002599,CMP-002798,ACC-000016,ATM-00026,6619.61,2026-08-14 16:47:46
WD-002601,CMP-002801,ACC-000069,ATM-00385,842.02,2026-07-05 22:19:22
WD-002602,CMP-002802,ACC-000166,ATM-00065,2816.76,2026-07-09 18:27:07
WD-002603,CMP-002803,ACC-000210,ATM-00048,1199.56,2026-06-30 14:00:37
WD-002604,CMP-002804,ACC-000195,ATM-00062,687.22,2026-08-24 22:25:01
WD-002605,CMP-002805,ACC-000036,ATM-00062,4989.27,2026-06-19 21:55:03
WD-002606,CMP-002806,ACC-001052,ATM-00321,2559.83,2026-07-01 00:41:08
WD-002607,CMP-002807,ACC-000646,ATM-00046,2843.02,2026-07-23 16:32:51
WD-002609,CMP-002809,ACC-000137,ATM-00025,3117.74,2026-08-06 23:20:34
WD-002610,CMP-002810,ACC-000107,ATM-00366,2619.05,2026-07-12 05:08:33
WD-002611,CMP-002811,ACC-000175,ATM-00040,4901.68,2026-06-03 18:33:52
WD-002612,CMP-002812,ACC-000487,ATM-00003,10926.58,2026-07-30 21:54:11
WD-002613,CMP-002813,ACC-001160,ATM-00018,68850.69,2026-07-07 11:52:43
WD-002615,CMP-002815,ACC-000135,ATM-00068,23289.48,2026-08-05 07:04:04
WD-002616,CMP-002816,ACC-000105,ATM-00061,25384.45,2026-07-15 21:49:07
WD-002617,CMP-002817,ACC-000041,ATM-00295,3027.06,2026-08-03 03:04:12
WD-002620,CMP-002820,ACC-000042,ATM-00001,7851.38,2026-08-08 05:52:46
WD-002621,CMP-002821,ACC-000928,ATM-00212,1344.3,2026-07-19 14:56:36
WD-002622,CMP-002822,ACC-000190,ATM-00170,1396.03,2026-06-16 18:29:46
WD-002623,CMP-002823,ACC-000119,ATM-00056,5200.17,2026-06-01 18:46:05
WD-002624,CMP-002824,ACC-000465,ATM-00039,614.74,2026-06-06 07:02:08
WD-002625,CMP-002825,ACC-000145,ATM-00030,2309.83,2026-06-10 18:40:43
WD-002626,CMP-002826,ACC-000173,ATM-00265,1833.42,2026-07-20 06:17:23
WD-002627,CMP-002827,ACC-000016,ATM-00060,11073.73,2026-07-11 02:26:48
WD-002629,CMP-002829,ACC-000333,ATM-00042,23578.61,2026-08-23 18:32:11
WD-002631,CMP-002831,ACC-000154,ATM-00005,52912.92,2026-06-17 15:42:44
WD-002632,CMP-002832,ACC-000175,ATM-00155,384994.4,2026-07-17 20:09:16
WD-002634,CMP-002834,ACC-000440,ATM-00013,3449.56,2026-08-17 13:28:51
WD-002635,CMP-002835,ACC-000183,ATM-00060,3021.04,2026-06-03 22:26:58
WD-002636,CMP-002836,ACC-001089,ATM-00258,11238.46,2026-07-27 03:27:42
WD-002637,CMP-002837,ACC-000094,ATM-00008,1260.0,2026-07-31 13:44:24
WD-002638,CMP-002839,ACC-000179,ATM-00044,22716.7,2026-06-28 00:41:59
WD-002639,CMP-002840,ACC-000193,ATM-00298,2810.67,2026-08-23 17:16:01
WD-002640,CMP-002841,ACC-000584,ATM-00023,7313.38,2026-07-07 06:36:26
WD-002641,CMP-002842,ACC-000010,ATM-00202,3897.66,2026-08-03 18:06:08
WD-002642,CMP-002843,ACC-000052,ATM-00028,2781.68,2026-08-16 14:26:35
WD-002643,CMP-002844,ACC-000095,ATM-00364,234270.6,2026-07-09 09:19:37
WD-002644,CMP-002845,ACC-000926,ATM-00018,80126.42,2026-07-16 23:34:09
WD-002645,CMP-002846,ACC-000149,ATM-00016,1765.63,2026-07-20 09:32:34
WD-002646,CMP-002847,ACC-000060,ATM-00063,17436.04,2026-07-02 17:48:47
WD-002647,CMP-002848,ACC-000020,ATM-00052,48250.4,2026-08-20 11:55:18
WD-002648,CMP-002849,ACC-000054,ATM-00054,788.89,2026-06-16 16:21:31
WD-002649,CMP-002850,ACC-000747,ATM-00062,1086.51,2026-08-06 02:59:56
WD-002650,CMP-002851,ACC-000087,ATM-00063,706584.63,2026-08-18 09:05:02
WD-002651,CMP-002852,ACC-000146,ATM-00048,168741.62,2026-08-25 19:25:19
WD-002653,CMP-002854,ACC-000198,ATM-00056,5966.37,2026-06-04 21:02:15
WD-002655,CMP-002856,ACC-000196,ATM-00042,2431.52,2026-06-11 16:43:53
WD-002656,CMP-002857,ACC-000980,ATM-00311,8297.75,2026-07-27 01:39:24
WD-002660,CMP-002861,ACC-001098,ATM-00027,546.81,2026-08-18 20:42:38
WD-002661,CMP-002862,ACC-000085,ATM-00007,1573.11,2026-07-25 17:45:12
WD-002662,CMP-002863,ACC-001088,ATM-00050,1503.14,2026-08-11 03:55:11
WD-002663,CMP-002864,ACC-000054,ATM-00395,38565.11,2026-06-19 00:49:27
WD-002664,CMP-002865,ACC-000269,ATM-00214,5767.23,2026-07-05 11:40:23
WD-002665,CMP-002866,ACC-000169,ATM-00063,3048.47,2026-08-17 01:31:25
WD-002666,CMP-002867,ACC-000199,ATM-00008,1813.54,2026-06-07 10:56:12
WD-002667,CMP-002868,ACC-000593,ATM-00025,2958.45,2026-06-10 19:29:39
WD-002668,CMP-002869,ACC-000193,ATM-00041,24756.06,2026-07-03 09:45:20
WD-002669,CMP-002870,ACC-000201,ATM-00324,34415.85,2026-08-20 20:09:21
WD-002670,CMP-002871,ACC-000159,ATM-00017,314769.03,2026-08-23 10:41:36
WD-002671,CMP-002872,ACC-000084,ATM-00071,12491.21,2026-06-23 21:05:44
WD-002672,CMP-002874,ACC-000560,ATM-00008,1298.26,2026-08-26 23:24:50
WD-002673,CMP-002875,ACC-000097,ATM-00017,30783.31,2026-06-26 18:39:17
WD-002674,CMP-002876,ACC-000206,ATM-00021,1846.83,2026-06-19 14:19:54
WD-002675,CMP-002877,ACC-000077,ATM-00051,24751.79,2026-07-24 02:56:21
WD-002676,CMP-002878,ACC-000380,ATM-00028,2401.3,2026-08-28 08:57:06
WD-002677,CMP-002879,ACC-000158,ATM-00015,2306.63,2026-07-26 11:56:24
WD-002679,CMP-002881,ACC-000177,ATM-00388,2727.36,2026-08-11 11:59:32
WD-002680,CMP-002882,ACC-000625,ATM-00052,1016.97,2026-06-13 21:48:03
WD-002681,CMP-002883,ACC-000085,ATM-00025,1493.28,2026-07-20 04:20:25
WD-002684,CMP-002886,ACC-000178,ATM-00079,114277.32,2026-07-30 20:10:58
WD-002685,CMP-002887,ACC-001037,ATM-00033,95645.02,2026-07-24 19:29:56
WD-002686,CMP-002888,ACC-000010,ATM-00026,3135.09,2026-06-13 10:07:51
WD-002687,CMP-002889,ACC-000039,ATM-00039,1537.82,2026-07-13 18:30:26
WD-002688,CMP-002890,ACC-000012,ATM-00029,1095.65,2026-07-04 23:11:40
WD-002689,CMP-002891,ACC-000046,ATM-00138,1177.35,2026-06-23 18:10:25
WD-002690,CMP-002892,ACC-000216,ATM-00216,14486.61,2026-08-12 16:27:46
WD-002691,CMP-002893,ACC-001012,ATM-00007,794568.11,2026-08-17 15:46:57
WD-002692,CMP-002894,ACC-000004,ATM-00324,417853.81,2026-06-08 13:24:17
WD-002694,CMP-002896,ACC-000027,ATM-00030,4919.72,2026-06-28 08:12:39
WD-002695,CMP-002897,ACC-000197,ATM-00340,2655.07,2026-08-03 21:25:58
WD-002696,CMP-002898,ACC-000147,ATM-00057,1378.36,2026-07-19 02:43:43
WD-002697,CMP-002899,ACC-000078,ATM-00016,209238.94,2026-08-23 17:29:22
WD-002700,CMP-002902,ACC-000122,ATM-00031,68672.22,2026-06-06 07:01:48
WD-002702,CMP-002904,ACC-000055,ATM-00230,3577.65,2026-07-22 00:42:58
WD-002703,CMP-002905,ACC-001189,ATM-00014,16940.92,2026-07-07 09:31:53
WD-002705,CMP-002907,ACC-000003,ATM-00396,2916.33,2026-06-10 23:43:55
WD-002706,CMP-002908,ACC-000143,ATM-00013,182406.22,2026-07-28 08:29:20
WD-002707,CMP-002909,ACC-000005,ATM-00071,28561.43,2026-06-28 06:58:21
WD-002708,CMP-002910,ACC-000203,ATM-00063,3831.1,2026-07-08 03:17:54
WD-002709,CMP-002911,ACC-000139,ATM-00005,3708.66,2026-06-19 05:19:56
WD-002711,CMP-002913,ACC-001003,ATM-00053,1194.91,2026-07-30 03:51:31
WD-002712,CMP-002914,ACC-000113,ATM-00038,11895.36,2026-06-26 19:04:20
WD-002713,CMP-002915,ACC-000149,ATM-00056,8248.87,2026-07-03 19:22:28
WD-002714,CMP-002916,ACC-000170,ATM-00065,851.95,2026-08-16 05:28:34
WD-002715,CMP-002917,ACC-000528,ATM-00049,30217.02,2026-06-11 17:52:41
WD-002716,CMP-002919,ACC-000376,ATM-00049,4249.9,2026-07-16 00:55:21
WD-002717,CMP-002920,ACC-000150,ATM-00031,221576.53,2026-06-24 03:46:18
WD-002718,CMP-002921,ACC-000141,ATM-00062,1599.23,2026-06-24 10:45:44
WD-002719,CMP-002922,ACC-000200,ATM-00022,3341.95,2026-06-27 10:57:41
WD-002720,CMP-002923,ACC-000340,ATM-00055,1738.35,2026-07-03 23:08:26
WD-002722,CMP-002925,ACC-000043,ATM-00022,9181.74,2026-07-30 09:05:50
WD-002723,CMP-002926,ACC-000212,ATM-00031,11333.23,2026-08-20 11:11:02
WD-002724,CMP-002927,ACC-000253,ATM-00029,6037.66,2026-07-13 15:32:58
WD-002725,CMP-002928,ACC-000046,ATM-00045,3022.67,2026-08-02 04:38:08
WD-002726,CMP-002929,ACC-000204,ATM-00020,7813.93,2026-06-09 01:00:15
WD-002727,CMP-002930,ACC-000085,ATM-00097,1002.31,2026-06-06 20:15:19
WD-002728,CMP-002931,ACC-000029,ATM-00007,2535.79,2026-06-25 20:13:38
WD-002729,CMP-002932,ACC-000642,ATM-00040,1419.59,2026-06-15 16:01:21
WD-002731,CMP-002934,ACC-000016,ATM-00112,13925.23,2026-07-27 07:21:35
WD-002732,CMP-002935,ACC-000144,ATM-00025,1454.22,2026-08-09 06:49:40
WD-002734,CMP-002937,ACC-000033,ATM-00044,16783.37,2026-07-25 19:16:36
WD-002735,CMP-002938,ACC-001155,ATM-00129,2916.44,2026-06-12 03:40:16
WD-002736,CMP-002939,ACC-000010,ATM-00031,33231.95,2026-07-07 13:04:36
WD-002738,CMP-002941,ACC-000979,ATM-00361,9306.31,2026-08-16 13:08:22
WD-002739,CMP-002942,ACC-000110,ATM-00284,6936.56,2026-07-07 13:56:14
WD-002740,CMP-002943,ACC-000183,ATM-00065,8781.89,2026-06-16 15:47:57
WD-002741,CMP-002944,ACC-000915,ATM-00048,2936.59,2026-07-28 13:20:47
WD-002742,CMP-002945,ACC-000181,ATM-00383,588.22,2026-07-19 21:47:52
WD-002744,CMP-002947,ACC-000043,ATM-00352,2255.04,2026-06-04 05:51:08
WD-002745,CMP-002948,ACC-000566,ATM-00045,552.79,2026-08-03 00:51:13
WD-002746,CMP-002949,ACC-000099,ATM-00043,990.95,2026-06-21 14:24:54
WD-002747,CMP-002950,ACC-000140,ATM-00060,21528.96,2026-08-11 11:29:37
WD-002748,CMP-002951,ACC-000206,ATM-00379,33108.0,2026-07-22 11:49:41
WD-002749,CMP-002952,ACC-000062,ATM-00123,3139.74,2026-07-21 15:27:14
WD-002750,CMP-002953,ACC-000852,ATM-00055,2042.69,2026-06-29 14:20:53
WD-002751,CMP-002954,ACC-000147,ATM-00047,1602.04,2026-07-06 07:32:10
WD-002752,CMP-002955,ACC-000139,ATM-00058,409.92,2026-08-07 01:15:26
WD-002753,CMP-002956,ACC-000163,ATM-00026,128161.29,2026-07-06 17:00:27
WD-002754,CMP-002957,ACC-000002,ATM-00004,40043.17,2026-07-06 14:34:35
WD-002755,CMP-002958,ACC-000140,ATM-00210,772.47,2026-07-11 10:00:42
WD-002756,CMP-002959,ACC-000065,ATM-00186,91971.32,2026-07-23 03:29:09
WD-002758,CMP-002962,ACC-000209,ATM-00323,4271.35,2026-07-20 08:09:08
WD-002759,CMP-002963,ACC-000062,ATM-00027,4065.49,2026-08-13 18:01:35
WD-002760,CMP-002964,ACC-000171,ATM-00017,1347.75,2026-06-17 07:41:04
WD-002761,CMP-002965,ACC-000034,ATM-00011,1650.35,2026-07-17 08:05:49
WD-002762,CMP-002966,ACC-000106,ATM-00343,344.54,2026-07-13 05:54:52
WD-002763,CMP-002967,ACC-000034,ATM-00041,3223.12,2026-07-21 00:49:13
WD-002764,CMP-002969,ACC-000202,ATM-00025,2689.45,2026-06-24 07:38:38
WD-002765,CMP-002970,ACC-000091,ATM-00049,2296.24,2026-08-27 12:46:58
WD-002766,CMP-002971,ACC-000080,ATM-00016,1432.21,2026-08-10 00:53:13
WD-002768,CMP-002973,ACC-000151,ATM-00061,1731.49,2026-07-13 18:40:05
WD-002769,CMP-002974,ACC-000055,ATM-00054,1628.0,2026-06-19 03:52:52
WD-002770,CMP-002975,ACC-000145,ATM-00041,1407.67,2026-07-20 17:02:14
WD-002772,CMP-002977,ACC-000189,ATM-00064,5524.39,2026-06-18 09:24:09
WD-002774,CMP-002979,ACC-000058,ATM-00217,1237.01,2026-07-20 14:12:10
WD-002775,CMP-002980,ACC-000112,ATM-00012,1525.76,2026-07-12 21:51:07
WD-002776,CMP-002981,ACC-000183,ATM-00355,1378.33,2026-06-15 02:07:55
WD-002777,CMP-002983,ACC-000109,ATM-00041,1585.98,2026-07-26 15:42:17
WD-002778,CMP-002984,ACC-000075,ATM-00044,2673.33,2026-06-17 06:33:42
WD-002779,CMP-002985,ACC-000048,ATM-00010,1188.25,2026-08-26 02:47:59
WD-002781,CMP-002988,ACC-000809,ATM-00005,2610.74,2026-07-20 11:58:21
WD-002782,CMP-002989,ACC-000837,ATM-00048,611.61,2026-08-24 23:02:31
WD-002783,CMP-002990,ACC-000161,ATM-00026,65140.23,2026-08-20 23:25:33
WD-002785,CMP-002992,ACC-000894,ATM-00197,1292.99,2026-07-15 00:41:08
WD-002786,CMP-002993,ACC-000200,ATM-00063,2073.28,2026-08-22 00:37:23
WD-002787,CMP-002994,ACC-000211,ATM-00018,5924.78,2026-06-09 13:57:14
WD-002789,CMP-002996,ACC-000191,ATM-00058,687027.34,2026-06-22 19:05:36
WD-002791,CMP-002998,ACC-000159,ATM-00007,1153730.73,2026-06-08 08:10:19
WD-002792,CMP-002999,ACC-000836,ATM-00049,2915.58,2026-07-13 06:42:11
WD-002793,CMP-003000,ACC-000056,ATM-00012,3362.73,2026-06-19 19:49:39
